# Blender 5.0.1
# www.blender.org
mtllib standford_dragon_10k.mtl
o dragon
v 0.416534 0.025057 -0.468553
v 0.460382 0.064237 -0.469017
v 0.466186 0.094094 -0.466320
v 0.440731 0.106551 -0.454311
v 0.483006 0.072377 -0.443548
v 0.401669 0.012619 -0.454594
v 0.387837 0.041670 -0.442622
v 0.430349 0.114329 -0.435345
v 0.375798 0.176085 -0.444661
v 0.400259 0.078349 -0.418068
v 0.322181 0.135589 -0.436679
v 0.291386 0.106109 -0.424739
v 0.294424 0.099723 -0.408682
v 0.371539 0.183538 -0.422047
v 0.392499 0.093284 -0.418934
v 0.299733 0.129762 -0.412440
v 0.436529 0.130028 -0.399743
v 0.286353 0.100109 -0.400258
v -0.177533 1.168094 -0.412930
v 0.313027 0.132842 -0.393666
v -0.184476 1.195653 -0.401203
v -0.186373 1.294518 -0.403992
v 0.378687 0.185811 -0.390938
v -0.156102 1.156163 -0.389579
v -0.193361 1.302493 -0.394278
v 0.320407 0.141882 -0.393883
v 0.341582 0.170002 -0.371846
v 0.384502 0.192024 -0.382416
v 0.348754 0.224916 -0.385720
v 0.372583 0.251127 -0.377709
v -0.244052 1.209573 -0.372279
v -0.278523 0.023565 -0.380459
v -0.314046 0.067889 -0.376115
v -0.182221 1.271233 -0.382046
v -0.343465 0.088702 -0.366916
v -0.230185 1.214841 -0.360686
v -0.276065 1.110799 -0.376230
v -0.296972 1.233262 -0.360536
v 0.344948 0.148497 -0.364743
v -0.264699 1.236175 -0.363839
v 0.464815 0.078633 -0.346331
v -0.300158 1.081569 -0.353665
v -0.310664 1.217209 -0.375147
v -0.204319 1.265528 -0.364779
v -0.760825 0.085467 -0.359536
v -0.254443 1.022137 -0.367185
v -0.328061 1.090737 -0.358935
v -0.252347 1.289774 -0.346447
v -0.373618 -0.000565 -0.355868
v -0.379354 -0.006784 -0.339384
v -0.754185 0.066745 -0.348418
v -0.233395 1.076225 -0.335256
v -0.265588 1.146585 -0.356088
v 0.398465 0.122761 -0.335299
v 0.272583 0.206544 -0.356194
v 0.381757 0.244907 -0.308758
v -0.270349 1.078550 -0.347986
v -0.301413 1.154582 -0.350569
v -0.327272 1.169768 -0.346597
v -0.443797 0.116426 -0.339899
v -0.830470 0.083745 -0.341987
v 0.506056 0.182422 -0.343943
v -0.375499 1.178399 -0.347657
v 0.257023 0.192168 -0.343146
v -0.233722 1.224559 -0.335884
v -0.464274 0.035950 -0.334154
v -0.739412 0.066121 -0.308052
v -0.475776 0.079192 -0.343405
v -0.401931 0.138791 -0.328087
v 0.251827 0.192836 -0.323050
v 0.519375 0.202420 -0.324839
v -0.322418 1.036872 -0.337278
v -0.203572 1.184486 -0.341623
v -0.373982 1.255663 -0.342038
v -0.373477 1.394300 -0.341149
v -0.535626 0.112345 -0.329379
v 0.479677 0.204835 -0.321988
v -0.374470 1.157252 -0.328078
v -0.427326 1.193415 -0.311080
v -0.856338 0.083945 -0.316130
v 0.269734 0.207615 -0.310761
v -0.320834 1.283071 -0.330059
v -0.254726 -0.008031 -0.290938
v -0.710077 0.135692 -0.326716
v -0.228633 0.207377 -0.303913
v -0.241322 1.027450 -0.311732
v -0.465330 1.315519 -0.324703
v -0.484452 0.155461 -0.308631
v -0.471749 0.189755 -0.323218
v -0.195192 0.206210 -0.322000
v -0.207260 0.329120 -0.321246
v -0.644158 0.104063 -0.288765
v -0.584767 0.130865 -0.312393
v -0.763689 0.142772 -0.321669
v 0.541674 0.199773 -0.317171
v -0.534122 0.214937 -0.319259
v -0.426883 1.364055 -0.299225
v -0.839702 0.050739 -0.305144
v -0.838130 0.098200 -0.311082
v -0.380409 0.185261 -0.308264
v 0.409035 0.231539 -0.325611
v 0.452130 0.271358 -0.312417
v -0.625338 0.338700 -0.310668
v 0.271564 0.870986 -0.309692
v 0.426548 0.933753 -0.313756
v 0.379018 0.988072 -0.313792
v 0.515269 0.103845 -0.288201
v 0.335651 0.240653 -0.308199
v 0.290426 0.911233 -0.315347
v 0.327784 1.019132 -0.302011
v -0.234263 1.020020 -0.310353
v -0.246946 1.024044 -0.296130
v 0.417143 0.396352 -0.309649
v 0.362710 0.414926 -0.304643
v 0.466920 0.476391 -0.307409
v 0.175334 0.761241 -0.302134
v 0.351593 0.899445 -0.308761
v 0.458870 0.929102 -0.306704
v 0.217923 1.002754 -0.294225
v -0.253697 1.012779 -0.310227
v -0.436975 1.246315 -0.316224
v -0.265970 1.242356 -0.303263
v -0.638580 0.135788 -0.299291
v 0.518034 0.352421 -0.294452
v -0.221086 0.340423 -0.276761
v 0.485910 0.355950 -0.306838
v 0.491487 0.555651 -0.305656
v 0.023521 0.700228 -0.302281
v 0.519252 0.764267 -0.306229
v 0.523853 0.863584 -0.302081
v -0.481329 1.295192 -0.313154
v -0.835284 0.062188 -0.289838
v 0.318840 0.191102 -0.291469
v -0.449466 0.293781 -0.272597
v 0.484860 0.383628 -0.287028
v 0.022902 0.511362 -0.293790
v 0.082500 0.591873 -0.294705
v 0.515500 0.728064 -0.301350
v 0.226009 0.770851 -0.286494
v 0.055852 0.826146 -0.297535
v 0.045958 0.856185 -0.285311
v 0.413654 0.853880 -0.295812
v -0.408221 1.107695 -0.320442
v -0.443253 1.296078 -0.286220
v -0.130926 0.308707 -0.281057
v 0.313023 0.352569 -0.296944
v -0.144609 0.357343 -0.279095
v -0.026569 0.550233 -0.298372
v -0.031633 0.604797 -0.295031
v 0.123239 0.640056 -0.290389
v 0.616870 0.696981 -0.293005
v -0.346483 0.970757 -0.287603
v 0.452567 1.011141 -0.295196
v -0.394352 1.048304 -0.315339
v 0.363089 0.157102 -0.294236
v 0.296481 0.841298 -0.297164
v 0.369860 0.828972 -0.277562
v -0.777927 0.138233 -0.284773
v -0.122523 0.241367 -0.282084
v -0.071869 0.432224 -0.291811
v 0.638639 0.775016 -0.284304
v 0.635663 0.845204 -0.276521
v -0.272984 1.015428 -0.286605
v -0.461259 1.240121 -0.282240
v -0.514586 1.279382 -0.279869
v 0.340302 0.161729 -0.283187
v -0.623138 0.198674 -0.269532
v 0.035319 0.433351 -0.268693
v 0.427559 0.565197 -0.287281
v 0.628593 0.653920 -0.281542
v -0.257828 1.028368 -0.284137
v -0.511597 1.183481 -0.258117
v 0.612284 0.568598 -0.272720
v -0.043894 0.668448 -0.284800
v -0.255692 1.036836 -0.263271
v -0.483317 1.142709 -0.280994
v -0.494056 1.172966 -0.270330
v -0.468310 1.273098 -0.276938
v 0.383584 0.146694 -0.280435
v -0.568161 0.169490 -0.289447
v -0.253737 0.211881 -0.270848
v -0.101838 0.608571 -0.264292
v -0.383001 0.980009 -0.279664
v 0.167180 0.999928 -0.274242
v -0.270056 1.013573 -0.265129
v -0.463528 1.125387 -0.255646
v -0.027151 1.454187 -0.277369
v 0.040466 1.493784 -0.277473
v -0.248643 0.313017 -0.263796
v -0.491682 0.346904 -0.255769
v -0.138504 0.511031 -0.267372
v -0.038817 0.712552 -0.281106
v 0.446403 0.773474 -0.267733
v -0.396717 0.937625 -0.277508
v -0.430595 1.011158 -0.270142
v 0.573577 0.092620 -0.279980
v -0.125147 0.174325 -0.247465
v 0.563285 0.319402 -0.245593
v -0.657228 0.401956 -0.271381
v -0.050809 0.752299 -0.257111
v 0.093325 0.953076 -0.270641
v -0.253872 1.134558 -0.268742
v -0.403732 1.294654 -0.252158
v -0.420347 1.351261 -0.275645
v 0.031927 1.477356 -0.261986
v -0.540344 1.239058 -0.243403
v -0.417520 0.274389 -0.243966
v -0.152949 0.427110 -0.274929
v 0.630628 0.534004 -0.235975
v 0.435086 0.668055 -0.254901
v 0.433096 0.738189 -0.256640
v 0.338431 0.117174 -0.255989
v 0.251000 0.275535 -0.266120
v -0.107721 0.226530 -0.255242
v 0.008539 0.361920 -0.256799
v -0.264354 0.962286 -0.249728
v -0.420055 1.308038 -0.239943
v -0.076055 1.412101 -0.261841
v -0.416922 0.016175 -0.229090
v -0.158287 0.502409 -0.251762
v 0.402232 0.607043 -0.246335
v 0.667497 0.621391 -0.246063
v -0.516981 1.136521 -0.240421
v -0.052950 1.411055 -0.249847
v -0.648438 0.204196 -0.241949
v 0.607034 0.971477 -0.242617
v -0.470734 0.977878 -0.254374
v -0.244279 1.068591 -0.256280
v -0.358963 0.265345 -0.243561
v 0.545153 0.368638 -0.217544
v 0.559279 1.020102 -0.242225
v -0.096251 1.387653 -0.239220
v -0.893475 0.081926 -0.241625
v -0.728776 0.170486 -0.230030
v 0.228405 0.269554 -0.233138
v 0.267126 0.762354 -0.250475
v -0.126169 1.384145 -0.246381
v -0.151659 1.429614 -0.234819
v 0.640338 0.054857 -0.241301
v 0.635775 0.036292 -0.218695
v -0.612309 0.091019 -0.226540
v -0.885469 0.095866 -0.229685
v 0.420603 0.094567 -0.231702
v 0.602669 0.234272 -0.228703
v -0.719252 0.347712 -0.244663
v 0.412576 0.658823 -0.230965
v 0.203598 0.661834 -0.227778
v -0.403913 0.267439 -0.239072
v 0.323723 0.516883 -0.224302
v 0.688089 0.661593 -0.233325
v -0.424191 0.843454 -0.231933
v 0.696522 0.869615 -0.206270
v -0.483373 0.939376 -0.235469
v -0.569418 1.130474 -0.217279
v 0.341047 0.077483 -0.233970
v -0.774244 0.161715 -0.226889
v 0.599314 0.453644 -0.209167
v -0.508682 0.956271 -0.238824
v 0.007801 1.457570 -0.247307
v -0.278794 0.030871 -0.222470
v 0.610716 0.234796 -0.209657
v -0.592003 0.434029 -0.214730
v 0.394488 0.760277 -0.218233
v 0.657170 0.914433 -0.229385
v -0.204858 1.083130 -0.216951
v 0.494198 0.094637 -0.219651
v -0.394802 0.727810 -0.216862
v -0.260083 0.885339 -0.236630
v -0.336757 0.018109 -0.207351
v -0.845455 0.141776 -0.209739
v -0.832303 0.163086 -0.213278
v -0.222134 0.873616 -0.200653
v -0.750719 0.144198 -0.207817
v 0.053341 0.345261 -0.212598
v -0.455809 0.721218 -0.212620
v -0.618174 1.211473 -0.206797
v -0.543902 1.279570 -0.222562
v -0.454312 0.042876 -0.209762
v -0.140927 0.607003 -0.222741
v -0.173748 1.048048 -0.206022
v 0.172323 1.080236 -0.183182
v -0.578150 1.102844 -0.206044
v -0.155863 1.360803 -0.201653
v -0.402150 0.025853 -0.208246
v -0.267849 0.036055 -0.208200
v -0.745938 0.344131 -0.178036
v 0.377044 0.603833 -0.217912
v -0.554534 0.937806 -0.209157
v 0.653045 0.943684 -0.226406
v -0.154202 1.074996 -0.213230
v -0.203065 1.124242 -0.205620
v -0.252470 1.213732 -0.203667
v -0.419429 1.305002 -0.220096
v -0.650616 0.190409 -0.198990
v 0.195404 0.624135 -0.196698
v 0.388997 0.699846 -0.144112
v 0.717522 0.730097 -0.207154
v -0.200218 0.897514 -0.197916
v 0.689629 0.891258 -0.210958
v -0.157681 1.110026 -0.202085
v -0.640062 1.131584 -0.207485
v 0.645226 0.146609 -0.194276
v -0.020153 0.215434 -0.191994
v 0.141874 0.475448 -0.158683
v -0.288845 0.788725 -0.204016
v -0.247033 0.814362 -0.184179
v -0.559324 0.932751 -0.191339
v -0.149644 0.988655 -0.192197
v 0.112170 1.022857 -0.214999
v -0.699260 1.139002 -0.175268
v -0.225253 1.185264 -0.200531
v -0.078764 1.430251 -0.197988
v 0.701141 0.018111 -0.192443
v -0.663156 1.184519 -0.182970
v -0.629487 1.236124 -0.193311
v -0.308415 1.373832 -0.201510
v -0.315460 1.405732 -0.180530
v -0.546534 0.080080 -0.201833
v 0.648246 0.195135 -0.172300
v -0.457267 0.614507 -0.188366
v -0.516658 0.951384 -0.190840
v -0.182581 1.206814 -0.193706
v -0.197480 1.226582 -0.188672
v -0.666571 1.251220 -0.187002
v -0.535530 0.044535 -0.180870
v 0.544188 0.325546 -0.166184
v -0.539615 0.654643 -0.190688
v -0.256561 0.792598 -0.171943
v -0.163436 0.894464 -0.195926
v 0.108720 1.048591 -0.178960
v -0.645726 1.114875 -0.183154
v -0.185309 1.178329 -0.177665
v -0.214810 1.339358 -0.184928
v -0.309163 -0.000035 -0.173758
v 0.559427 0.062373 -0.172224
v 0.646487 0.511519 -0.186907
v -0.561745 0.597419 -0.184715
v -0.386017 0.656802 -0.181460
v -0.154146 0.924602 -0.178991
v 0.147380 1.065423 -0.191048
v -0.498474 0.055234 -0.197279
v -0.584010 0.075251 -0.178902
v -0.239353 0.487083 -0.168475
v -0.521043 0.592162 -0.185911
v -0.599927 0.920556 -0.195680
v 0.085418 1.027306 -0.188951
v 0.536452 1.084063 -0.176868
v -0.163832 1.142580 -0.175903
v 0.109243 0.409286 -0.168411
v -0.355427 0.689184 -0.186072
v -0.481803 0.935287 -0.175876
v -0.579597 0.939829 -0.166873
v 0.037797 0.985514 -0.183981
v 0.227910 1.144560 -0.180265
v -0.628177 1.291760 -0.168272
v -0.345801 1.421244 -0.178047
v 0.314013 0.020120 -0.158049
v -0.866741 0.062164 -0.175561
v -0.845796 0.066909 -0.181810
v 0.550846 0.050911 -0.152518
v -0.699995 0.235798 -0.178708
v -0.568216 0.437655 -0.181104
v -0.596845 0.481749 -0.173215
v -0.217638 0.522429 -0.161804
v 0.312777 0.742624 -0.151173
v 0.342701 0.747883 -0.145376
v -0.502483 0.901645 -0.170343
v -0.574561 0.925920 -0.170318
v -0.567522 0.925457 -0.170964
v -0.765834 1.131513 -0.145740
v 0.329630 1.144148 -0.171418
v -0.321834 1.458634 -0.168923
v -0.356870 1.494329 -0.168914
v -0.736967 0.293188 -0.172271
v 0.170364 0.532248 -0.148795
v -0.498271 0.522140 -0.159803
v -0.633915 0.913552 -0.167913
v -0.158990 0.906405 -0.160879
v -0.497207 0.960177 -0.172703
v 0.047545 1.010446 -0.171611
v -0.212306 1.338957 -0.164834
v -0.415368 1.340014 -0.171319
v -0.304137 0.406260 -0.170722
v -0.625751 0.601089 -0.174205
v -0.140478 0.696983 -0.153075
v 0.748672 0.816289 -0.153252
v -0.627148 0.914489 -0.157475
v 0.047243 1.054520 -0.162384
v 0.566423 1.105227 -0.157835
v 0.237846 1.154119 -0.168406
v -0.166647 0.861686 -0.167169
v -0.600637 0.915154 -0.172796
v -0.004181 1.019579 -0.156754
v 0.483220 1.150351 -0.154603
v -0.287707 1.290000 -0.164921
v -0.171832 1.414346 -0.161539
v -0.839227 0.055497 -0.165666
v 0.190746 0.249677 -0.122763
v -0.445373 0.573696 -0.163819
v -0.597238 0.961048 -0.145532
v 0.624123 1.064632 -0.143574
v -0.202183 1.386267 -0.145580
v -0.468161 0.396645 -0.144721
v 0.112733 0.409042 -0.156401
v 0.112989 0.411141 -0.158874
v 0.118323 0.413327 -0.148147
v 0.113718 0.411524 -0.157008
v 0.228857 0.661577 -0.143727
v -0.281250 0.749470 -0.163623
v 0.498748 1.130896 -0.159425
v -0.435808 1.356596 -0.141505
v -0.399912 0.006217 -0.165457
v -0.147152 0.017850 -0.116580
v -0.820623 0.128225 -0.135462
v 0.250157 0.690099 -0.160005
v -0.204913 0.762994 -0.143507
v 0.830273 0.786716 -0.157029
v 0.885209 0.796142 -0.148697
v 0.611333 1.087370 -0.161908
v -0.689384 1.091927 -0.145455
v -0.360391 1.492731 -0.147100
v 0.458586 0.005881 -0.155054
v -0.138538 0.030482 -0.120729
v -0.819760 0.351749 -0.115252
v 0.132764 0.435970 -0.125586
v -0.230280 0.752348 -0.144701
v 0.820070 0.860841 -0.149280
v -0.077148 0.906519 -0.148522
v 0.675341 1.020088 -0.142305
v 0.038283 1.009110 -0.137831
v -0.191863 1.072749 -0.117915
v 0.401989 1.141101 -0.152335
v 0.221969 1.148558 -0.151807
v -0.676899 1.198854 -0.132060
v -0.875075 0.054520 -0.144515
v -0.273099 0.462198 -0.121429
v -0.708298 0.941862 -0.136298
v 0.152312 1.120620 -0.145583
v -0.262779 1.260539 -0.130707
v -0.269702 0.703876 -0.130294
v 0.797198 0.789593 -0.137982
v 0.740027 0.924666 -0.129252
v -0.654469 0.930867 -0.130148
v -0.025288 0.967741 -0.144131
v 0.661346 1.049977 -0.127175
v 0.384333 1.113653 -0.134616
v 0.491940 -0.008457 -0.087680
v 0.530729 0.024312 -0.132474
v -0.633026 0.024000 -0.111275
v -0.811087 0.312339 -0.127311
v 0.153519 0.501931 -0.105747
v -0.455579 0.513437 -0.128346
v -0.762726 0.571119 -0.121942
v 0.190649 0.590629 -0.137886
v 0.273213 0.719996 -0.141334
v 0.779782 0.765763 -0.138896
v -0.143740 0.816125 -0.131216
v -0.429839 1.361761 -0.107335
v -0.247718 1.401589 -0.137898
v -0.325081 1.439834 -0.129758
v -0.383677 1.445064 -0.122614
v -0.282036 0.669650 -0.123542
v 0.815999 0.735704 -0.146759
v -0.152043 0.760615 -0.128246
v -0.136689 0.832000 -0.126802
v 0.784189 0.853373 -0.125577
v -0.781097 0.135811 -0.130601
v -0.360908 0.622025 -0.125218
v -0.556406 0.856319 -0.116206
v 0.787334 0.870948 -0.125363
v -0.691152 0.910562 -0.133462
v 0.743165 0.940593 -0.126882
v -0.020207 0.937290 -0.125381
v -0.622019 0.970615 -0.116208
v -0.518295 0.964838 -0.107164
v -0.341167 1.494923 -0.135054
v 0.229110 0.410531 -0.105245
v 0.915451 0.772747 -0.104835
v 0.135540 1.057585 -0.117025
v -0.278496 1.326365 -0.119807
v 0.775562 0.690006 -0.120209
v -0.153592 0.761781 -0.114933
v -0.079357 0.902285 -0.138528
v 0.783259 0.892548 -0.113113
v 0.891362 0.933214 -0.116307
v -0.740942 0.917714 -0.099326
v -0.191497 0.935788 -0.095073
v 0.709541 0.971722 -0.124968
v -0.189430 1.050587 -0.084388
v -0.612650 1.131814 -0.113069
v -0.771787 0.115509 -0.113535
v 0.005750 0.191449 -0.122315
v -0.183640 0.716439 -0.118585
v -0.251133 0.780942 -0.094586
v -0.592863 0.808341 -0.114972
v 0.739710 0.921720 -0.121755
v -0.553204 1.135409 -0.104778
v -0.601699 1.132297 -0.115269
v -0.600454 1.135352 -0.115562
v -0.311341 1.323153 -0.099522
v -0.373584 1.414958 -0.097914
v -0.458609 0.421781 -0.118272
v -0.327545 0.620957 -0.113760
v 0.766931 0.896562 -0.116003
v 0.931185 0.920518 -0.114723
v -0.225163 1.194666 -0.085594
v -0.331796 1.404911 -0.105955
v -0.523011 -0.001410 -0.062738
v -0.834435 0.243200 -0.082553
v 0.144236 0.466729 -0.095803
v 0.193531 0.616070 -0.097502
v -0.263246 0.695778 -0.111761
v -0.186069 0.714102 -0.104608
v -0.080051 0.843150 -0.101145
v 0.740139 0.902522 -0.108228
v 0.657119 0.981603 -0.098607
v -0.572662 0.974758 -0.104784
v -0.693112 1.024121 -0.123137
v -0.626394 1.053200 -0.118216
v 0.554475 1.060513 -0.111085
v 0.523058 1.075044 -0.121348
v -0.615700 1.131001 -0.110866
v -0.853539 1.156399 -0.108389
v 0.208118 0.358849 -0.090535
v -0.430262 0.491138 -0.088914
v 0.775150 0.866830 -0.102482
v 0.615565 1.019644 -0.103487
v 0.809591 0.076822 -0.069809
v -0.756426 0.094950 -0.100817
v 0.681157 0.499694 -0.082718
v -0.251310 0.563053 -0.085104
v 0.746613 0.601039 -0.077053
v -0.530917 0.958447 -0.096719
v -0.660268 0.961200 -0.098980
v 0.688070 0.943029 -0.099383
v -0.760701 0.990577 -0.081203
v -0.667970 1.313098 -0.094045
v 0.563395 0.000942 -0.092341
v -0.422072 0.530881 -0.107359
v 0.340896 0.581636 -0.089082
v 0.396157 0.673533 -0.067454
v -0.632448 0.763371 -0.114874
v 0.153457 1.053078 -0.077705
v -0.764692 1.105806 -0.087341
v 0.596053 0.213405 -0.077500
v 0.155356 0.498276 -0.092068
v -0.282705 0.678124 -0.087040
v 0.276589 0.730837 -0.128347
v -0.699551 0.709223 -0.077424
v -0.353157 0.445674 -0.074953
v 0.354368 0.589576 -0.068095
v -0.726636 0.681792 -0.079722
v 0.738428 0.850550 -0.099234
v -0.215553 0.874825 -0.072913
v -0.501427 0.942948 -0.056224
v -0.304856 1.303874 -0.094257
v 0.827855 0.026278 -0.070296
v 0.621317 0.407172 -0.059199
v -0.431032 0.447611 -0.084381
v -0.172333 0.666000 -0.083587
v 0.883951 0.676645 -0.078264
v -0.530150 0.962426 -0.090253
v -0.202909 1.135666 -0.088024
v -0.393012 1.357242 -0.076841
v -0.578949 -0.004124 -0.062991
v 0.553774 0.286455 -0.065781
v -0.265012 0.531485 -0.085773
v -0.094543 0.796084 -0.067126
v 0.973727 0.803607 -0.078804
v -0.660939 1.025371 -0.077257
v -0.190436 0.597420 -0.068774
v 0.748042 0.726619 -0.077047
v 0.761050 0.754344 -0.080190
v 0.725531 0.805338 -0.077987
v -0.197123 1.106441 -0.079420
v -0.641854 1.336540 -0.078967
v 0.342154 -0.009127 -0.055514
v -0.350980 0.030795 -0.061420
v 0.194470 0.248477 -0.073260
v -0.343257 0.587488 -0.074278
v -0.328529 0.628790 -0.064754
v 0.751674 0.717011 -0.074264
v 0.351239 0.774074 -0.070185
v -0.849091 1.134703 -0.069945
v -0.590780 1.149339 -0.081820
v -0.218033 -0.005441 -0.026844
v -0.656880 0.010019 -0.046938
v 0.715664 0.146711 -0.069418
v -0.392642 0.481778 -0.070330
v -0.287856 0.728359 -0.074739
v 1.032183 0.855359 -0.066008
v 1.045389 0.904585 -0.069139
v 0.042368 0.945067 -0.031167
v -0.499241 0.954388 -0.047756
v 0.046811 0.979182 -0.085353
v 0.194457 0.245383 -0.071566
v 0.855725 0.568937 -0.072992
v 0.726403 0.566481 -0.055560
v 0.750347 0.703719 -0.067437
v 0.725760 0.693550 -0.063791
v 0.750718 0.715137 -0.072994
v 0.751064 0.716841 -0.072976
v 0.405091 0.719533 -0.064623
v -0.800372 0.937605 -0.073642
v -0.724943 0.945481 -0.059795
v -0.817682 0.526444 -0.052570
v 0.890935 0.693930 -0.042771
v -0.560677 0.968009 -0.055494
v -0.691799 1.014426 -0.051206
v -0.137594 1.118701 -0.056962
v -0.100153 0.056619 -0.110216
v 0.215656 0.301975 -0.048390
v 0.701908 0.501715 -0.052283
v -0.737587 0.693691 -0.020752
v 0.750667 0.702419 -0.066472
v 1.029486 0.798263 -0.064215
v 1.068447 0.868087 -0.056258
v -0.511823 0.924873 -0.048475
v -0.846590 0.942146 -0.052621
v 0.081412 0.976926 -0.035930
v -0.060162 1.140200 -0.061704
v -0.538743 1.153599 -0.043867
v -0.034156 1.167908 -0.060569
v -0.709670 1.288160 -0.040560
v -0.553973 1.358923 -0.041164
v 0.571858 0.313257 -0.025233
v -0.244679 0.485358 -0.041572
v 0.729015 0.670868 -0.060367
v 0.942357 0.751289 -0.056553
v -0.269869 0.782119 -0.042566
v -0.767242 0.923299 -0.069570
v -0.508106 0.961208 -0.057171
v -0.276759 1.280543 -0.059115
v 0.392139 0.768363 -0.048663
v 0.875848 0.751981 -0.052725
v -0.005406 0.903842 -0.047740
v -0.640977 1.059471 -0.046401
v -0.133647 1.106493 -0.047190
v -0.850984 1.136399 -0.046060
v -0.135547 1.205408 -0.058188
v -0.139513 1.217326 -0.053536
v 0.794619 0.000686 0.032131
v 0.737473 0.563335 -0.037457
v -0.780202 0.614878 -0.059137
v 0.924523 0.804268 -0.052418
v 1.009002 0.798531 -0.041739
v -0.127106 1.013380 -0.049398
v 0.926896 1.044289 -0.031516
v 0.443012 0.021849 -0.017660
v 0.749921 0.141780 -0.046597
v 0.654798 0.169503 -0.036017
v -0.330801 0.465945 -0.051991
v -0.372528 0.498995 -0.048942
v 0.698904 0.699019 -0.024141
v 0.281633 0.782677 -0.034169
v -0.535322 0.881264 -0.029966
v -0.229524 0.917212 -0.025592
v 0.834021 1.008987 -0.032581
v -0.070055 1.032057 -0.048785
v -0.568602 1.086391 -0.043727
v -0.155483 1.282753 -0.027389
v -0.439406 0.035368 -0.019641
v 0.210294 0.234770 -0.039413
v 0.725402 0.610717 -0.046178
v 0.838392 0.855047 -0.040770
v -0.683765 0.948956 -0.011788
v 0.869963 0.971825 -0.032845
v 1.026771 1.004931 -0.034114
v -0.605382 1.077186 -0.036310
v -0.930935 1.230453 -0.042370
v -0.152134 0.002838 -0.041665
v -0.860598 0.374581 -0.026333
v 0.863107 0.516009 -0.045801
v 0.866388 0.860408 -0.031478
v 1.057719 0.825354 -0.037355
v -0.737355 0.937683 -0.047554
v -0.653980 0.950688 -0.025795
v -0.608684 1.078264 -0.033162
v -0.133870 1.203995 -0.032317
v 0.037119 0.224221 -0.034684
v 0.593650 0.246827 -0.005838
v 0.917543 0.582648 -0.028079
v 0.737506 0.568035 -0.014609
v -0.098860 1.251174 -0.018710
v -0.584121 1.351789 0.000265
v -0.402728 0.025784 -0.039351
v 0.588887 0.358046 -0.030550
v -0.272312 0.466888 -0.052136
v -0.387753 0.594864 -0.032188
v -0.051995 0.799594 -0.001254
v -0.586944 0.832813 -0.028164
v 1.028437 0.858354 -0.034774
v 1.017514 0.918845 -0.026097
v -0.052196 1.289108 -0.030929
v -0.513986 0.015120 -0.027789
v 0.845282 0.474248 -0.021088
v -0.382032 0.526355 -0.030419
v -0.824164 0.548420 -0.008716
v 0.688042 0.778693 -0.013499
v 0.990870 0.877088 -0.019562
v -0.814713 1.163467 -0.011707
v 0.509107 0.025131 -0.015735
v -0.303840 0.028549 -0.025602
v 0.812299 0.154458 -0.004683
v 0.031150 0.236273 0.019484
v 0.098133 0.382068 -0.010489
v 0.105637 0.403540 -0.024925
v 0.312949 0.482566 -0.039035
v -0.375149 0.486545 -0.039333
v 0.397748 0.572995 0.002644
v 0.860462 0.739949 -0.026557
v 0.817403 0.731189 -0.003202
v 1.083559 0.879550 -0.019782
v -0.918871 0.943717 -0.017787
v -0.741610 1.011782 -0.013495
v -0.658146 1.342574 -0.001928
v -0.057241 0.086782 -0.009114
v 0.544632 0.367665 -0.026242
v 0.535381 0.338271 -0.021157
v 0.566867 0.345079 -0.013562
v 0.325316 0.800409 -0.032953
v -0.887644 0.910917 -0.015919
v -0.817765 0.917794 -0.005517
v 1.064049 0.996354 -0.024581
v -0.845842 0.998367 -0.028655
v 1.062833 1.018175 -0.017167
v 0.927109 1.039478 -0.011961
v -0.876704 1.125624 -0.010360
v -0.781109 1.253816 -0.012751
v -0.410293 1.329916 -0.011687
v -0.906095 0.918925 -0.019516
v -0.168017 1.001514 0.003070
v -0.825827 1.010517 -0.008341
v 0.497153 1.000981 0.005928
v -0.570892 1.087813 -0.002746
v -0.175993 1.298644 -0.014496
v -0.330076 1.312250 -0.024873
v 0.515039 0.066384 -0.007980
v -0.859295 0.292403 -0.018379
v 0.825286 0.429973 0.021707
v 0.993212 0.905881 -0.015515
v 1.038284 0.901774 -0.015916
v -0.954991 0.904688 -0.017281
v 0.961337 0.980101 -0.016330
v -0.704076 1.171236 -0.005919
v -0.056869 1.175869 -0.022789
v -0.157599 1.217580 -0.010062
v -0.247676 1.373027 -0.014303
v 0.080189 0.400889 0.023533
v -0.251478 0.461224 -0.013806
v 0.925082 0.480066 -0.000304
v 0.741237 0.541141 -0.008789
v -0.953867 0.898129 -0.010687
v 0.164056 0.986539 0.000662
v -0.096656 1.155812 -0.009376
v -0.814021 1.270493 -0.014083
v -0.164375 1.278486 -0.004722
v 0.495849 0.017044 -0.002943
v -0.301206 0.036636 -0.007726
v 0.452427 0.737186 0.013368
v -0.997293 0.943687 0.000303
v -0.144956 1.191077 0.007546
v 0.550099 0.305337 0.000113
v -0.226191 0.495615 0.003991
v 0.771086 0.652833 0.011557
v -0.316996 0.765542 0.021294
v -0.626888 0.795419 0.002596
v -0.282985 0.809160 -0.000523
v 0.262797 0.815762 0.001312
v 0.007882 0.879055 -0.004348
v 0.943618 0.962940 -0.004285
v 0.554129 0.986249 -0.002333
v 0.992403 0.991951 0.003452
v -0.147718 1.106706 0.002385
v -0.837631 1.174423 0.002810
v -0.176368 1.298516 0.002141
v -0.253345 1.340878 0.002141
v -0.711360 0.024753 0.004954
v 0.285960 0.022921 0.012476
v 0.840273 0.021994 0.019720
v 0.751578 0.511656 -0.004289
v 0.575845 0.514100 0.007603
v 0.841446 0.677191 0.041971
v -0.985531 0.901468 0.006158
v -0.148600 1.025826 -0.006612
v -0.159206 1.142903 -0.000255
v -0.278301 1.306240 0.005819
v 0.459728 0.074020 0.014683
v -0.836052 1.020421 0.008976
v -0.953171 1.310168 0.015034
v -0.551113 1.348595 0.009868
v -0.669413 0.003875 0.031524
v -0.418587 0.036665 0.033201
v 0.229913 0.201259 0.016366
v 0.230519 0.224670 0.014589
v 0.518585 0.286426 0.010904
v 0.339352 0.361969 0.029128
v 0.788695 0.469597 0.019344
v 0.132206 0.625381 0.024608
v -0.724371 0.700453 0.033563
v 0.292686 0.849076 0.015697
v 0.569661 0.924240 0.020498
v -0.920330 1.041399 0.008859
v 0.374539 1.025303 0.013515
v -0.911714 1.154961 0.015866
v -0.473324 1.335273 0.016093
v -0.304806 0.034591 0.032616
v 0.529975 0.546114 0.034547
v 0.625788 0.859982 0.018586
v -0.569090 0.977156 0.046816
v -0.878606 1.164050 0.008233
v -0.881723 1.314381 0.011682
v 0.734931 0.006903 0.035691
v 0.544676 0.021872 0.024181
v 0.779193 0.209944 0.034156
v 0.551563 0.234475 0.023836
v 0.487883 0.303680 0.032918
v 0.861290 0.413432 0.010977
v 0.944099 0.457267 0.034997
v -0.252784 0.450139 0.040744
v -0.815088 0.574045 0.016956
v -0.158107 0.561893 0.034577
v 1.053363 1.011663 0.016072
v -0.836580 1.021238 0.013662
v 0.436186 0.022172 0.008154
v 0.426278 0.025775 0.028452
v -0.443194 0.025298 0.020587
v 0.460517 0.079867 0.018641
v 0.459423 0.078836 0.018505
v 0.501864 0.154224 0.024865
v -0.002305 0.190266 0.046879
v 0.230611 0.230366 0.018300
v -0.872005 0.315900 0.050725
v 0.748630 0.495982 0.016281
v 0.235324 0.808047 0.018880
v -0.508355 0.855759 0.037435
v -0.939475 1.030917 0.024451
v -0.844752 1.030584 0.023776
v -0.919100 1.043612 0.016274
v 0.431102 0.008685 0.025251
v 0.452563 0.076037 0.026943
v 0.453087 0.077069 0.027272
v 0.457902 0.085860 0.032434
v 0.463878 0.092795 0.024801
v 0.539468 0.120427 0.010894
v 0.533124 0.202999 0.026644
v 0.545549 0.197699 0.025296
v 0.732305 0.196248 0.042192
v 0.228240 0.233795 0.020208
v 0.408848 0.456258 0.025831
v 0.744817 0.517046 0.012831
v -0.439541 0.538750 0.066484
v 0.185323 0.925926 0.029016
v 0.252893 0.977367 0.023052
v -0.825471 1.017522 0.030821
v -0.924239 1.030763 0.024979
v -0.501787 1.094114 0.032305
v -0.498227 1.138623 0.016798
v -0.528731 1.336426 0.026369
v -0.299140 0.018336 0.044436
v 0.444956 0.063548 0.031982
v 0.455468 0.374084 0.030323
v 0.481555 0.752981 0.033211
v -0.293289 0.846643 0.023769
v 0.475371 1.005405 0.013414
v -0.172071 1.109098 0.028001
v -0.763468 1.290890 0.038196
v 0.449612 0.072787 0.029694
v 0.452040 0.075239 0.031619
v 0.464261 0.094960 0.029102
v 0.480555 0.105349 0.031603
v 0.575853 0.194584 0.029409
v 0.592816 0.233332 0.038470
v 0.546071 0.230835 0.040811
v 0.458562 0.384099 0.031038
v 0.099127 0.531259 0.035550
v 0.624646 0.678872 0.032573
v -0.370511 0.742093 0.059984
v 0.356361 0.893096 0.028665
v -0.325576 0.944918 0.035219
v 0.255039 0.926290 0.033968
v -0.377397 0.951432 0.053251
v -0.605112 1.073029 0.051298
v -0.236185 1.227035 0.024233
v -0.278557 1.292366 0.029802
v -0.866531 1.347170 0.023715
v -0.866066 0.402342 0.059472
v 0.930734 0.405983 0.039930
v 0.068686 0.447365 0.049813
v -0.171917 0.563472 0.019609
v -0.056945 0.681869 0.051914
v 0.637676 0.809595 0.021254
v 0.599859 0.815467 0.033325
v 0.543426 0.849297 0.042908
v 0.423886 0.917512 0.035623
v -0.916555 1.018796 0.041885
v -0.275454 1.063252 0.052027
v -0.547327 1.075863 0.046937
v -0.927957 1.192515 0.037763
v -0.955872 1.331541 0.044850
v 0.771782 0.015719 0.056516
v 0.439445 0.342970 0.040381
v -0.264003 1.147129 0.046509
v -0.741565 1.288339 0.027309
v -0.584305 1.331118 0.033266
v 0.449569 0.074022 0.046051
v 0.837974 0.181775 0.054495
v 0.784031 0.410832 0.057604
v -0.882048 1.013620 0.039166
v -0.542411 1.072649 0.072433
v -0.265622 1.103360 0.050183
v -0.944824 1.229668 0.038200
v -0.552561 1.325487 0.036462
v -0.189469 -0.003765 0.059350
v 0.432117 0.033729 0.066966
v 0.772779 0.574681 0.049735
v 0.491969 0.633084 0.042932
v 0.552705 0.708853 0.045429
v 0.106758 0.798288 0.049514
v -0.302206 0.957921 0.053986
v -1.009767 1.013879 0.055808
v -0.881552 1.020095 0.042363
v -0.306761 1.280028 0.047284
v -0.352186 1.356109 0.057669
v 0.494659 0.134897 0.051418
v 0.637463 0.253436 0.059308
v 0.243901 0.289118 0.055518
v 0.272187 0.311603 0.064957
v 0.919211 0.581202 0.094099
v 0.779027 0.626295 0.045273
v -0.459028 0.824093 0.075254
v -0.385019 0.946106 0.045402
v -0.865347 1.016848 0.050790
v -0.304763 1.012676 0.049525
v -0.721509 1.187891 0.062804
v -0.327394 1.253016 0.046741
v 0.352108 -0.004286 0.083757
v 0.431126 0.008575 0.050088
v -0.425839 0.024014 0.052200
v 0.549335 0.031594 0.076835
v 0.416557 0.058001 0.057187
v 0.457534 0.073576 0.059797
v 0.421387 0.092450 0.055855
v 0.470271 0.096014 0.055598
v 0.627902 0.275638 0.075758
v -1.057199 0.961397 0.068842
v -0.275032 1.128477 0.057790
v -0.284862 1.224104 0.058433
v 0.859789 0.151415 0.063190
v 0.636858 0.270588 0.063889
v -0.430655 0.977163 0.044296
v -0.652042 1.064863 0.059482
v -0.341117 1.198120 0.064977
v -0.939953 1.230270 0.064307
v 0.418549 0.028868 0.067604
v 0.441758 0.045815 0.057331
v 0.419672 0.060013 0.066169
v 0.419995 0.081293 0.057413
v 0.425153 0.089630 0.069944
v 0.531083 0.218657 0.063019
v 0.381366 0.315991 0.063553
v 0.758587 0.399494 0.057832
v 0.055065 0.523522 0.074465
v 0.058732 0.716552 0.064216
v -0.852012 1.043491 0.071713
v -0.458085 1.112032 0.062578
v -0.768102 1.197161 0.059365
v -0.939371 1.271694 0.070759
v -0.642245 1.272089 0.070260
v -0.368863 1.290170 0.062153
v -0.333391 1.289311 0.061623
v 0.356510 0.322698 0.064592
v -0.104716 0.560020 0.075224
v 0.010247 0.690132 0.064628
v -0.388886 0.868294 0.059293
v -0.715671 1.050936 0.099078
v -0.339815 1.082291 0.062988
v -0.356476 1.123958 0.079488
v -0.332200 1.162784 0.074694
v -0.722465 1.184756 0.092013
v -0.356707 1.239195 0.066435
v -0.660452 1.259603 0.059460
v -0.783661 1.322971 0.078567
v -0.318371 1.347171 0.071821
v 0.819684 0.203211 0.064363
v 0.550303 0.236742 0.062273
v 0.865033 0.618716 0.091944
v 0.066981 0.660575 0.068805
v -1.031966 0.971983 0.108447
v -0.644803 0.970545 0.116554
v -0.483487 0.993835 0.069495
v -0.918777 1.023026 0.070071
v -0.674274 1.250223 0.068626
v -0.623540 1.327320 0.047498
v -0.909352 1.347663 0.107348
v 0.405333 0.009058 0.070730
v 0.251785 0.118677 0.083566
v 0.489539 0.279244 0.071645
v -0.098113 0.597494 0.061874
v 0.081081 0.595183 0.061395
v -0.329986 0.931462 0.074806
v -0.693052 0.949010 0.094894
v -0.370128 1.161458 0.073993
v -0.372512 1.297080 0.065266
v 0.686391 0.008985 0.136118
v 0.161235 0.042755 0.078663
v 0.219123 0.073616 0.078251
v -0.414487 0.445780 0.098971
v 0.013516 0.636216 0.078178
v -0.407322 0.734153 0.084428
v -0.424257 1.152311 0.097614
v -0.853886 1.252060 0.077898
v -0.374773 1.270550 0.076761
v -0.413325 1.295683 0.070909
v -0.643075 0.010233 0.111727
v -0.519845 -0.001514 0.104264
v -0.373138 0.028558 0.079140
v -0.332612 0.029393 0.072234
v 0.419076 0.023910 0.083561
v 0.417489 0.027318 0.075842
v 0.411608 0.299900 0.079453
v -0.324096 0.939396 0.082331
v -0.618619 1.052406 0.077748
v -0.866078 1.258675 0.114103
v -0.374362 0.018905 0.081747
v -0.144865 0.035801 0.092556
v 0.747398 0.375970 0.079439
v -0.081039 0.533385 0.090239
v -0.744189 0.934239 0.107026
v -0.662214 0.952608 0.080534
v -0.424261 1.259863 0.083815
v -0.540893 1.318780 0.069450
v 0.306451 0.063535 0.089563
v 0.210272 0.105892 0.084299
v 0.748368 0.336990 0.082034
v 0.960923 0.377677 0.160925
v 0.026498 0.484217 0.087623
v 0.448565 0.021721 0.101920
v 0.193632 0.067958 0.089379
v -0.470928 0.986383 0.073013
v -0.389544 1.110503 0.083340
v -0.646733 1.304378 0.091462
v -0.213098 0.005913 0.109643
v 0.194506 0.060057 0.098821
v 0.692216 0.316136 0.093766
v 0.735369 0.371394 0.102519
v -0.317670 0.419378 0.087872
v -0.077394 0.505138 0.095000
v -0.588836 1.056620 0.081738
v -0.364471 1.099000 0.084828
v -0.891999 1.341678 0.111098
v 0.523423 0.077061 0.104045
v 0.241187 0.075347 0.109541
v 0.319465 0.101050 0.129631
v -0.009375 0.411203 0.102663
v 0.776676 0.554701 0.088778
v -0.413526 0.962582 0.082131
v -0.467616 1.243510 0.107596
v -0.925614 1.250553 0.095039
v 0.135450 0.038882 0.102690
v -0.013962 0.444080 0.097952
v -0.039265 0.481821 0.102263
v 0.828001 0.583767 0.122857
v -0.718631 1.165950 0.167223
v -0.092079 0.119804 0.121192
v -0.127000 0.460431 0.103868
v -0.765285 1.044480 0.121513
v -0.709418 1.249381 0.117256
v -0.636563 1.240575 0.117451
v 0.234387 0.066445 0.126678
v 0.455689 0.748564 0.110373
v -0.924245 0.947250 0.092714
v -0.472884 1.065616 0.110668
v -0.828524 1.048228 0.121165
v -0.600144 1.268620 0.111069
v 0.467486 -0.007150 0.166015
v 0.515392 0.050852 0.116828
v 0.533177 0.051629 0.111886
v 0.472769 0.263124 0.116372
v 0.775483 0.525826 0.101409
v -0.325399 -0.004118 0.132955
v 0.480923 0.017234 0.126134
v 0.360022 0.041694 0.142021
v 0.507250 0.025971 0.118480
v 0.523135 0.029769 0.110151
v -0.042248 0.320569 0.121360
v 0.467006 0.723159 0.116388
v -0.465183 0.962053 0.117980
v -0.972525 1.082614 0.107970
v -0.574311 1.285553 0.124187
v 0.512438 0.037524 0.121538
v -0.100021 0.096150 0.132360
v 0.899370 0.179786 0.150121
v -1.001536 1.081846 0.118086
v -0.561547 1.244592 0.103905
v -0.895235 1.248393 0.123416
v 0.510234 0.083031 0.149841
v 0.492029 0.719230 0.143648
v -0.175375 0.039173 0.122633
v 0.768679 0.007403 0.148747
v 0.282865 0.071800 0.132091
v 0.272176 0.075667 0.130722
v -0.063578 0.373355 0.124366
v 0.464856 0.641572 0.127074
v -0.487929 0.949090 0.129437
v 0.273983 0.079622 0.130978
v 0.272702 0.082676 0.130524
v -0.762315 0.100981 0.143568
v 0.437643 0.727931 0.127772
v -0.978445 1.104604 0.138502
v -0.915309 1.263130 0.134117
v -0.861334 1.320508 0.147105
v -0.927211 1.344829 0.156317
v 0.749948 -0.003836 0.126377
v 0.305698 0.064687 0.146786
v -0.541667 0.948573 0.143984
v -0.497447 1.022305 0.139483
v -0.892484 1.066580 0.138112
v 0.585315 0.249217 0.174361
v -0.058435 0.304872 0.138707
v 0.430958 0.645637 0.149071
v 0.437822 0.686380 0.142322
v -0.782002 1.033345 0.141169
v -0.358462 0.376872 0.169399
v 0.444442 0.744900 0.138124
v 0.473316 0.741427 0.137397
v -1.022544 0.997402 0.172813
v -1.016568 1.112327 0.138695
v -0.552400 0.017279 0.164243
v 0.746945 0.387619 0.197290
v -0.607436 0.944200 0.168428
v -0.500827 0.981180 0.155614
v -0.808947 1.022619 0.162449
v -0.537830 1.051146 0.131796
v -0.213629 0.033278 0.144823
v -0.119450 0.053162 0.151537
v 0.351721 0.051891 0.150131
v 0.152234 0.113962 0.158762
v -0.065807 0.168617 0.118717
v 0.452279 0.256131 0.125998
v -0.071803 0.439078 0.133297
v 0.494947 0.550784 0.159078
v -0.855086 0.940847 0.158934
v -1.066980 1.125214 0.171508
v -0.263478 0.041043 0.175891
v -0.151083 0.037158 0.152755
v -0.122034 0.039919 0.149857
v -0.100830 0.059130 0.150861
v -0.101543 0.048716 0.156942
v -0.140547 0.361821 0.146443
v 0.418206 0.358767 0.158525
v 0.944140 0.418625 0.190655
v 0.816980 0.536401 0.157709
v -0.890155 0.952115 0.144867
v -1.020955 1.027623 0.148038
v -0.591495 1.063314 0.139927
v -0.997246 1.052689 0.174264
v -0.133036 0.017945 0.157041
v -0.120978 0.021372 0.159371
v -0.114082 0.035663 0.152909
v -0.108646 0.039127 0.158848
v -0.085638 0.060756 0.159276
v 0.217487 0.111672 0.176537
v 0.258346 0.143157 0.146042
v 0.476827 0.537957 0.159799
v -1.012348 1.119188 0.166343
v -0.871799 1.234287 0.166134
v -0.126155 0.022555 0.156394
v -0.123404 0.024290 0.161375
v -0.135828 0.019052 0.161421
v -0.120819 0.031778 0.156272
v -0.156243 0.339672 0.149789
v -0.208014 0.340834 0.158824
v -0.514241 0.558615 0.158436
v -0.898342 1.246122 0.171034
v -0.197632 -0.004712 0.180235
v 0.586255 0.013141 0.178488
v -0.052097 0.069600 0.171402
v 0.152962 0.107923 0.172217
v 0.271501 0.225974 0.180691
v 0.910962 0.504772 0.177801
v -0.556363 0.525194 0.179977
v 0.451315 0.671544 0.171680
v -0.837793 1.030662 0.158980
v -0.642510 1.234173 0.164300
v -0.906243 1.283668 0.163408
v 0.665530 0.013198 0.187164
v 0.289525 0.055492 0.169987
v 0.260093 0.111914 0.188420
v -0.027247 0.164744 0.177449
v -0.210369 0.306793 0.169342
v 0.920540 0.458942 0.201680
v -0.578743 1.008618 0.168827
v -0.095382 0.003636 0.174851
v -0.115349 0.376617 0.163914
v 0.515468 0.584772 0.181607
v -0.538262 0.971388 0.170806
v -0.810161 1.028282 0.184166
v -0.778573 1.062675 0.175754
v -0.911461 1.345034 0.177170
v -0.367500 0.031558 0.179589
v -0.795025 0.253589 0.187141
v -0.808402 0.317774 0.176396
v -0.942533 0.969594 0.178524
v -0.790641 1.068908 0.182577
v -1.084460 1.104219 0.190728
v -0.598981 1.195515 0.185521
v -0.248767 0.036250 0.178137
v -0.053770 0.041960 0.197332
v 0.461370 0.237895 0.164324
v 0.499772 0.271733 0.183720
v -0.670556 1.001231 0.181696
v -0.957385 1.098119 0.184738
v -1.054128 1.099388 0.192445
v -0.803114 1.145926 0.190313
v 0.099834 0.042925 0.185004
v 0.091361 0.035559 0.186794
v 0.297807 0.107814 0.203696
v -0.034317 0.129412 0.183937
v -0.159029 0.207349 0.181638
v 0.487523 0.220616 0.203240
v 0.500750 0.272117 0.186219
v -0.255867 0.289295 0.186491
v 0.642537 0.269290 0.229596
v -0.613209 0.514705 0.189042
v 0.497968 0.130667 0.199773
v 0.486157 0.254124 0.197027
v -0.507517 0.463524 0.192366
v -0.628474 0.949506 0.192188
v -0.770249 0.239600 0.193506
v 0.459607 0.402734 0.190859
v 0.518599 0.487978 0.192992
v 0.502379 0.621049 0.218474
v -0.627305 0.969475 0.190129
v -0.782903 1.062733 0.192315
v -0.681984 1.196023 0.216359
v -0.884325 1.250244 0.193492
v -0.525068 0.047934 0.216466
v -0.414442 0.065825 0.205248
v -0.178491 0.203269 0.210914
v -0.130235 0.320814 0.195709
v 0.470311 0.383938 0.195345
v 0.455197 0.391478 0.193008
v 0.472329 0.408977 0.194987
v 0.472611 0.410162 0.194663
v 0.482401 0.421573 0.196106
v 0.481580 0.511598 0.186644
v -0.888036 1.058640 0.209607
v -0.795557 1.149103 0.199138
v -0.437604 0.045702 0.193835
v 0.199107 0.051189 0.206248
v 0.129214 0.095938 0.198895
v -0.293542 0.326212 0.186705
v -0.660029 0.953848 0.198210
v -0.681418 0.976521 0.204935
v -0.934371 1.069250 0.199177
v -0.955802 1.070428 0.198879
v -0.841692 1.188491 0.203187
v -0.655874 1.205999 0.208263
v 0.825401 0.066491 0.213401
v 0.204759 0.121116 0.219449
v 0.149045 0.129023 0.226928
v 0.904442 0.414848 0.235952
v 0.464976 0.467340 0.197406
v 0.446474 0.517913 0.202887
v -0.790042 1.021726 0.209113
v -0.867392 1.057951 0.223724
v -0.776900 1.266704 0.212330
v 0.118838 0.089500 0.208245
v 0.449732 0.208860 0.209275
v 0.475262 0.224058 0.205023
v 0.530036 0.210861 0.239915
v 0.477979 0.245129 0.207163
v 0.502467 0.293385 0.212291
v -0.753241 0.367465 0.207420
v 0.942955 0.373996 0.208145
v 0.401215 0.392611 0.206488
v -0.385588 0.385777 0.224691
v 0.439950 0.434968 0.217990
v 0.847862 0.498236 0.200576
v 0.487442 0.148740 0.212356
v -0.083859 0.278457 0.209171
v 0.680228 0.299105 0.219302
v 0.475930 0.389901 0.202863
v 0.437857 0.489066 0.208085
v -0.723673 0.943935 0.204224
v 0.686173 -0.001599 0.220758
v -0.455826 0.067444 0.210067
v -0.372553 0.113714 0.222120
v 0.487479 0.221095 0.212331
v 0.503091 0.297881 0.214373
v -0.590661 0.442221 0.215589
v 0.533379 0.474490 0.212993
v 0.134874 0.047081 0.220531
v -0.339069 0.090433 0.215870
v 0.371811 0.143936 0.201015
v 0.495402 0.147850 0.224949
v 0.515211 0.303418 0.218626
v 0.515910 0.307094 0.217573
v 0.365757 0.367673 0.221279
v 0.440888 0.446578 0.214907
v -0.999711 0.996783 0.214921
v -0.831140 1.278255 0.198508
v -0.070421 0.010029 0.237755
v 0.250733 0.114182 0.229924
v 0.463071 0.224137 0.219804
v 0.314301 0.264339 0.219687
v 0.495346 0.273008 0.220953
v 0.523466 0.320680 0.227361
v 0.427574 0.446162 0.245384
v 0.765360 0.040624 0.258744
v 0.723282 0.345187 0.229609
v 0.923472 0.362564 0.242889
v 0.504873 0.403341 0.228443
v -0.419232 0.405417 0.238998
v 0.555929 0.475167 0.228035
v 0.184026 0.047169 0.250710
v 0.435092 0.077651 0.222852
v -0.657513 0.152126 0.232056
v 0.451880 0.149724 0.231274
v 0.497328 0.224056 0.232228
v -0.088822 0.233773 0.224517
v 0.508047 0.312102 0.237768
v 0.516219 0.311828 0.230448
v 0.524772 0.320843 0.230622
v -0.655670 0.362941 0.226865
v -0.620490 0.374590 0.235672
v 0.550398 0.429302 0.236804
v -0.860275 1.255566 0.238199
v 0.381887 0.022027 0.229347
v -0.391981 0.131769 0.244226
v 0.464812 0.151161 0.235067
v 0.356611 0.159549 0.256656
v 0.568975 0.481251 0.242738
v -0.971375 1.011304 0.274013
v -0.851835 1.021688 0.238719
v -0.639110 0.116534 0.240141
v 0.330612 0.115109 0.241035
v -0.663481 0.181369 0.238871
v 0.493390 0.272013 0.235540
v -0.654861 0.273889 0.236707
v 0.494735 0.274037 0.235223
v 0.495692 0.275472 0.235013
v 0.497177 0.277696 0.234772
v 0.501204 0.283726 0.234415
v 0.508931 0.295718 0.234254
v 0.515789 0.310173 0.233812
v 0.519449 0.312325 0.232613
v 0.517424 0.312248 0.234511
v 0.540487 0.405527 0.234809
v -0.830374 1.242694 0.241592
v 0.423700 0.083953 0.239252
v 0.456925 0.172111 0.241404
v -0.155272 0.175951 0.249934
v 0.467234 0.232250 0.238294
v 0.474460 0.243554 0.238031
v 0.479746 0.251499 0.237940
v 0.482262 0.255268 0.237822
v 0.479832 0.251628 0.237938
v 0.539580 0.351463 0.236430
v 0.538648 0.399444 0.247215
v -0.438447 0.394596 0.265682
v 0.426755 0.537347 0.250586
v -0.235132 -0.004547 0.239833
v 0.153921 0.098510 0.248228
v 0.914970 0.235183 0.251249
v -0.344433 0.323757 0.274348
v -0.886142 1.292021 0.240959
v 0.169423 0.047845 0.263105
v -0.246447 0.255938 0.251201
v 0.390412 0.249329 0.258338
v 0.541332 0.359387 0.240887
v 0.425239 0.102655 0.252054
v 0.309020 0.100654 0.268207
v -0.033727 0.120500 0.267302
v 0.879037 0.158029 0.265727
v 0.353734 0.299674 0.248871
v 0.526310 0.370769 0.252902
v 0.538491 0.388363 0.249115
v -0.817069 0.917189 0.263566
v -0.347579 0.094006 0.273715
v -0.599892 0.016303 0.274690
v 0.504791 0.262046 0.261245
v 0.517389 0.274235 0.256197
v 0.521598 0.283407 0.256424
v 0.534079 0.306030 0.251640
v -0.800806 0.920578 0.262345
v -0.820692 0.960936 0.264018
v -0.872281 1.015440 0.265048
v -0.494019 0.012299 0.270682
v -0.665705 0.242368 0.267292
v 0.624461 0.247116 0.264702
v -0.532987 0.003744 0.269583
v 0.427386 0.030060 0.282672
v 0.488225 0.198357 0.277403
v -0.061600 0.034072 0.300966
v -0.242392 0.238523 0.266262
v 0.145087 0.034587 0.297115
v -0.080892 0.141008 0.270184
v -0.648471 0.166854 0.284845
v -0.664455 0.200745 0.268705
v 0.530443 0.274396 0.273259
v -0.306699 0.296850 0.271711
v 0.761992 0.355463 0.279550
v 0.548903 0.119083 0.292505
v 0.364184 0.159962 0.288186
v 0.609260 0.011242 0.265859
v 0.566016 0.058126 0.290156
v 0.144810 0.071343 0.270361
v 0.865553 0.168660 0.291385
v -0.074384 0.181733 0.275310
v -0.587394 0.246114 0.284784
v 0.528532 0.274778 0.278549
v 0.535789 0.314978 0.269595
v -0.374002 0.305162 0.288292
v -0.500778 0.390661 0.275863
v 0.813544 0.361925 0.288213
v 0.421049 0.513415 0.271798
v 0.304705 0.022468 0.276630
v -0.092881 0.114754 0.300403
v -0.260967 0.227645 0.280326
v 0.565361 0.495497 0.322864
v -0.618447 0.202465 0.297789
v -0.336838 0.283654 0.288466
v -0.498270 0.329503 0.283747
v 0.620245 0.067795 0.308365
v 0.619522 0.201293 0.302829
v -0.338581 0.226773 0.296008
v -0.603962 0.212544 0.303344
v 0.433894 0.474242 0.301765
v 0.217838 0.044149 0.318716
v 0.709597 0.090397 0.321549
v 0.358661 0.114300 0.294277
v -0.160850 0.110818 0.306884
v 0.521015 0.252079 0.319856
v 0.390216 0.252386 0.307496
v 0.455703 0.451109 0.305980
v -0.204678 -0.002372 0.307290
v 0.366466 0.032988 0.302168
v 0.315615 0.071395 0.295339
v -0.331402 0.099777 0.306890
v -0.385689 0.258114 0.294043
v 0.851343 0.273880 0.310492
v 0.867089 0.314872 0.294848
v 0.420698 0.328379 0.315255
v 0.106253 0.016409 0.304010
v 0.409418 0.116199 0.301865
v 0.722715 0.298638 0.297535
v -0.904432 0.951120 0.311532
v 0.101983 0.042171 0.305919
v -0.650622 0.053938 0.334380
v 0.383544 0.103962 0.301780
v 0.808807 0.320101 0.305866
v 0.085629 0.016680 0.307706
v 0.389808 0.075092 0.309918
v -0.180489 0.103670 0.321083
v 0.748909 0.106937 0.328155
v -0.251834 0.151691 0.329817
v -0.396290 0.256000 0.362621
v 0.434366 0.312979 0.350269
v 0.581890 0.442492 0.322079
v 0.489626 0.537745 0.336081
v 0.137736 0.041328 0.330643
v 0.693976 0.122085 0.331962
v -0.156874 0.095186 0.327885
v -0.414882 0.124248 0.337414
v -0.141491 0.008521 0.339026
v 0.449733 0.009813 0.345003
v 0.425729 0.056165 0.340335
v 0.494709 0.513362 0.360576
v 0.740630 0.159472 0.331489
v -0.455317 0.015553 0.329054
v 0.147075 0.058969 0.333178
v -0.187360 0.073191 0.336033
v 0.180721 0.083690 0.347397
v 0.738234 0.197134 0.335288
v -0.366562 0.162418 0.343664
v -0.399975 0.118235 0.357970
v 0.549479 0.408715 0.372096
v 0.467720 0.472435 0.351622
v -0.601694 0.002592 0.387160
v -0.472994 0.002592 0.378876
v -0.398611 0.045113 0.359621
v -0.390705 0.147980 0.367714
v -0.387783 0.189989 0.365090
v -0.362214 0.200682 0.359595
v -0.422673 0.032602 0.376955
v -0.367458 0.077281 0.387477
v -0.425718 0.011726 0.389372
v -0.372549 0.037923 0.403073
v 0.486994 0.413890 0.395054
v -0.602607 0.037598 0.428493
v -0.516592 0.238675 0.438390
v -0.419600 0.053089 0.430767
v -0.440618 0.086110 0.420484
v -0.496936 0.183922 0.427083
v -0.396797 0.036319 0.430964
v -0.381488 0.073920 0.429319
v -0.622942 0.188975 0.469567
v -0.519548 0.063131 0.456357
v -0.509143 0.215340 0.446761
v -0.577737 0.135659 0.464300
v -0.558603 0.148536 0.462904
v -0.563663 0.181174 0.488829
v -0.572051 0.201990 0.495590
v -0.602307 0.205709 0.499262
v 0.431412 0.026106 -0.439637
v 0.493682 0.135780 -0.387263
v -0.157570 1.159859 -0.408304
v 0.477239 0.060343 -0.394809
v -0.226586 1.150422 -0.396137
v 0.450368 0.060609 -0.379091
v -0.201949 1.039453 -0.387433
v -0.376386 0.040343 -0.362838
v -0.257376 1.093665 -0.347263
v -0.775171 0.054238 -0.347458
v -0.352526 1.231016 -0.325311
v 0.539656 0.179567 -0.344039
v -0.364781 1.386638 -0.332216
v -0.438023 0.189218 -0.322921
v -0.410528 0.199476 -0.314868
v -0.588126 0.306952 -0.319083
v 0.343267 0.951864 -0.317966
v -0.396177 1.292954 -0.309958
v 0.440644 0.478438 -0.310560
v 0.359529 0.364124 -0.309118
v 0.083848 0.675676 -0.305940
v 0.463775 0.865512 -0.304722
v 0.514906 0.887015 -0.306870
v 0.108640 0.890687 -0.300220
v -0.409422 0.231621 -0.287296
v 0.570702 0.652307 -0.298738
v 0.579608 0.724840 -0.298752
v -0.829537 0.108713 -0.298269
v 0.337587 0.251428 -0.297817
v -0.147326 0.406728 -0.282638
v 0.029173 0.603551 -0.302391
v 0.406238 0.236639 -0.306137
v 0.520478 0.505183 -0.300637
v 0.279329 1.041177 -0.282538
v -0.340664 0.169900 -0.297655
v -0.669256 0.350151 -0.286560
v -0.827221 0.062891 -0.271760
v 0.140435 0.959262 -0.288046
v 0.021168 1.472410 -0.278599
v -0.629511 0.189147 -0.266452
v -0.500273 0.033785 -0.286604
v 0.028707 1.505830 -0.268860
v -0.253407 0.368845 -0.248008
v 0.671987 0.712764 -0.261077
v 0.394750 0.801641 -0.250724
v -0.202809 0.426341 -0.255505
v 0.656386 0.074605 -0.240845
v 0.323485 0.483134 -0.257620
v -0.310907 0.912293 -0.256158
v 0.231685 1.074659 -0.228100
v -0.034199 1.425447 -0.229974
v -0.459610 0.956226 -0.242933
v -0.003140 1.486929 -0.244206
v -0.652724 0.091500 -0.254685
v -0.068420 1.400137 -0.228188
v -0.380672 0.316286 -0.227165
v 0.331757 0.050097 -0.209747
v -0.874546 0.065808 -0.218567
v 0.270037 0.448328 -0.210042
v 0.003739 0.908180 -0.214671
v -0.178030 0.098128 -0.227898
v -0.124911 0.693672 -0.187514
v 0.012942 0.285280 -0.211156
v -0.144398 1.086073 -0.205698
v -0.020293 0.926659 -0.173084
v 0.032853 0.973134 -0.192469
v -0.420447 0.023808 -0.190371
v -0.540786 0.392707 -0.196127
v -0.283667 0.418837 -0.175240
v 0.284611 0.054131 -0.184394
v -0.434581 0.637839 -0.190596
v -0.651099 1.259603 -0.195482
v 0.387248 0.659775 -0.172499
v -0.742466 0.391403 -0.176301
v -0.569143 0.924158 -0.177959
v 0.465506 1.106185 -0.183438
v -0.311477 1.309296 -0.189905
v 0.616282 0.230743 -0.156664
v -0.151530 0.887063 -0.177476
v 0.023379 1.041521 -0.173392
v -0.164745 1.055220 -0.171950
v -0.322060 1.474448 -0.180853
v -0.288359 1.495936 -0.175576
v -0.599936 0.553298 -0.178121
v -0.225309 0.836836 -0.182541
v -0.361977 1.459765 -0.177251
v -0.640404 0.081893 -0.167684
v 0.742833 0.717086 -0.143268
v 0.066103 1.079771 -0.168878
v 0.666684 0.170392 -0.167028
v 0.081441 1.095193 -0.163499
v 0.729100 0.095443 -0.145528
v -0.762394 0.147555 -0.177078
v 0.198460 0.612670 -0.145660
v 0.255894 0.703099 -0.156011
v 0.406972 1.141886 -0.166520
v 0.710270 0.645771 -0.183464
v -0.510951 0.923463 -0.132966
v 0.098290 1.085374 -0.161064
v 0.202002 0.136244 -0.112284
v -0.177890 0.818520 -0.168822
v -0.207540 0.763042 -0.153625
v 0.386223 0.740281 -0.177120
v -0.525422 0.897198 -0.124868
v -0.170856 0.652186 -0.135627
v -0.587177 0.791620 -0.151777
v 0.385318 1.160052 -0.149784
v 0.042378 0.264258 -0.148239
v -0.777882 0.404756 -0.152683
v 0.617316 1.094523 -0.142404
v -0.261316 -0.006171 -0.126791
v -0.194077 0.593096 -0.135694
v 0.142182 1.068749 -0.124925
v -0.554935 0.005693 -0.118266
v 0.615455 0.017968 -0.074977
v -0.720621 0.068082 -0.110004
v -0.250257 0.703021 -0.114459
v -0.643847 1.321827 -0.099779
v 0.776672 0.062858 -0.100208
v 0.702591 0.147180 -0.127386
v -0.217210 0.620836 -0.116597
v 0.317052 1.110379 -0.136606
v -0.593828 1.135472 -0.111565
v -0.293593 1.378504 -0.109634
v 0.953662 0.826159 -0.107849
v -0.834319 1.167784 -0.116499
v -0.704494 1.253703 -0.118253
v -0.830968 0.452314 -0.089219
v -0.557841 1.340148 -0.128587
v -0.601004 0.010735 -0.085448
v 0.577356 0.398742 -0.103413
v 0.188020 1.072911 -0.091717
v 0.397430 -0.007040 -0.104232
v -0.889031 1.184111 -0.096323
v 0.628680 0.432419 -0.085184
v 0.700178 0.511820 -0.079143
v -0.238597 0.580651 -0.091112
v -0.416794 0.412753 -0.090750
v 0.909038 0.760382 -0.084821
v -0.694258 1.318538 -0.049048
v -0.813519 0.166321 -0.078033
v -0.202194 0.684636 -0.090998
v -0.802119 1.114928 -0.079995
v -0.412143 1.364134 -0.084882
v 0.668107 0.159416 -0.043740
v -0.394206 0.454142 -0.076607
v -0.370333 0.037129 -0.072496
v 0.755078 0.704968 -0.061693
v 0.751756 0.717429 -0.075053
v -0.664906 1.335811 -0.054870
v -0.354659 0.559104 -0.069496
v 0.161655 0.593470 -0.030385
v -0.819385 0.948940 -0.067588
v 0.538511 1.049688 -0.071406
v -0.553468 1.093126 -0.077080
v 0.224433 0.358383 -0.071314
v 0.821744 0.939954 -0.071550
v -0.373495 0.483753 -0.053020
v -0.152194 1.228343 -0.060955
v -0.107697 1.117803 -0.045139
v -0.074072 1.292165 -0.054293
v 0.644925 0.442364 -0.050779
v 0.828088 0.538759 -0.055548
v 0.695149 0.511459 -0.042895
v -0.432503 0.022114 -0.053950
v 0.753956 0.619011 -0.027810
v -0.812480 1.151683 -0.037369
v -0.047013 1.181173 -0.034356
v 0.367299 0.009037 -0.005730
v 0.800095 0.118755 -0.041802
v 0.653263 0.457160 -0.038068
v 0.656345 0.192696 -0.010622
v 0.827072 0.971607 -0.023132
v -0.050953 1.269876 -0.039938
v 0.429053 0.708084 -0.011744
v -0.820905 1.001548 -0.018785
v -0.900994 1.173610 -0.022997
v -0.987290 1.231110 -0.025363
v 0.143296 1.019278 -0.032386
v -0.413193 0.507320 -0.012638
v -0.607366 1.079184 -0.026930
v -0.847423 1.252292 -0.018258
v -0.301926 1.297003 -0.012094
v -0.303655 0.037531 -0.019370
v 0.046560 0.288422 0.019888
v 0.391921 0.802591 -0.024054
v 0.434667 0.029921 0.002294
v -0.203360 0.516876 0.012929
v 0.786020 0.509798 -0.006863
v -0.123656 0.659356 0.010325
v -0.965932 0.941798 -0.003263
v -0.750311 1.155122 -0.038394
v -0.472372 0.961220 0.008365
v -0.277671 1.368306 -0.010424
v 0.238725 0.168906 0.018937
v -0.621216 1.163061 0.019074
v -0.089364 0.043464 -0.030067
v 0.410210 0.018854 0.009664
v -0.847198 0.205918 0.010893
v -0.163006 0.614843 -0.020229
v -0.903807 1.018945 0.005619
v -0.494672 1.127863 0.019085
v -0.865624 1.149631 0.007235
v 0.443270 0.011216 0.010294
v 0.627072 0.229419 0.019686
v 0.786284 0.685119 0.016483
v 0.784799 0.208018 -0.006139
v -0.798174 0.091439 0.018316
v 0.673455 0.204451 0.026708
v -0.632925 0.955940 0.030645
v -0.820190 1.344030 0.030727
v 0.230737 0.224666 0.015794
v 0.328043 0.918729 0.030390
v -0.423869 1.316618 0.034739
v 0.453654 0.077770 0.029476
v 0.511267 0.169108 0.025705
v 0.051962 0.846845 0.037480
v -0.936047 1.187585 0.031373
v 0.861425 0.379010 0.028966
v 0.487752 0.533815 0.038294
v 0.913758 0.626566 0.039627
v -0.947585 1.037773 0.052124
v -0.242981 0.441284 0.069386
v 0.493715 0.784060 0.040802
v -0.907723 1.018724 0.048613
v -0.201549 1.057735 0.038665
v -1.004183 0.980428 0.032618
v -0.279173 1.198148 0.043291
v 0.514292 0.183533 0.043101
v 0.900278 0.309484 0.046988
v 0.442714 0.317760 0.052490
v -0.623756 1.070336 0.037188
v -0.906351 1.333595 0.058961
v -0.545854 0.807406 0.059240
v 0.481695 0.112587 0.057291
v -0.016868 0.164153 0.044204
v -0.970093 1.067824 0.063477
v -0.744434 1.192249 0.074779
v 0.746949 0.417403 0.088382
v -0.137119 0.508671 0.080089
v -0.376115 1.215029 0.070239
v -0.484895 0.014057 0.082148
v -0.406025 0.790046 0.079609
v 0.196781 0.121019 0.081874
v 0.734536 0.357866 0.084418
v -0.001585 0.572897 0.086035
v -0.664717 1.234082 0.100122
v -0.344098 1.337760 0.080546
v -0.763373 0.929242 0.117224
v -0.375866 1.084029 0.092039
v -0.701502 0.041616 0.132986
v -0.592897 0.984075 0.088158
v 0.301370 0.094140 0.095617
v -0.638436 0.723031 0.096989
v -0.415232 0.983454 0.105534
v -0.395115 1.219834 0.082251
v 0.225913 0.069403 0.083859
v -0.795496 0.135673 0.115192
v -0.463908 0.721296 0.109029
v -1.045532 1.001303 0.103880
v -0.468971 1.270489 0.093913
v -0.170003 0.407512 0.124085
v -0.429833 0.956118 0.105344
v -0.913555 1.267116 0.112485
v 0.233725 0.242379 0.105198
v -0.062456 0.458254 0.108317
v -0.603963 0.691642 0.126367
v -0.563704 1.299068 0.123782
v 0.233226 0.135291 0.116682
v -0.051785 0.434565 0.112323
v -0.613560 1.297107 0.114970
v 0.625822 0.264995 0.146731
v -0.431824 0.971900 0.125414
v -0.531920 1.081281 0.125611
v -0.842763 1.356374 0.115508
v 0.779327 0.505395 0.133967
v 0.799959 0.549228 0.133903
v -0.476622 0.635146 0.127679
v -0.827699 1.046427 0.138657
v -0.630308 1.233196 0.126263
v -0.504943 1.146979 0.130338
v -0.752706 1.185827 0.131720
v 0.274141 0.088732 0.129964
v 0.497521 0.655745 0.158175
v -0.481339 1.190046 0.134147
v -0.789190 1.203383 0.140751
v -0.189913 0.027259 0.146530
v -0.688441 0.028682 0.109347
v -0.490538 0.526677 0.152626
v 0.177442 0.124802 0.155657
v -0.880798 1.238857 0.160941
v 0.674148 0.298294 0.097204
v -0.584836 1.162390 0.168003
v -0.126347 0.038299 0.148617
v -0.092528 0.082561 0.148661
v 0.319771 0.098102 0.147830
v 0.428385 0.615493 0.146124
v -0.135815 0.044355 0.151469
v -0.136557 0.049419 0.148998
v -0.518885 0.006192 0.149263
v -0.116897 0.038945 0.154423
v 0.434744 0.558595 0.164665
v -0.174655 0.308160 0.156209
v -0.793802 0.413183 0.174390
v -0.836537 1.227279 0.155418
v -0.556675 0.040075 0.185804
v 0.382926 0.040005 0.167395
v -0.593949 0.577584 0.170361
v -0.913156 1.317901 0.216564
v -0.603368 0.946709 0.177273
v -0.072914 0.300197 0.182552
v 0.500920 0.273345 0.183790
v -0.883644 1.339565 0.176620
v 0.495243 0.265380 0.183043
v -0.704505 0.486842 0.190199
v -0.847998 1.033340 0.184333
v -0.906809 1.291229 0.213213
v 0.740383 0.000718 0.211722
v 0.344630 0.122775 0.195025
v 0.501751 0.261296 0.192450
v -0.796125 1.136521 0.183351
v -0.563560 0.460223 0.208603
v -0.747515 1.173618 0.196465
v -0.747447 1.011072 0.198373
v -1.081753 1.124494 0.195870
v 0.302872 0.221032 0.209078
v 0.489227 0.273240 0.205742
v 0.498661 0.179298 0.215028
v -0.697121 0.973369 0.215476
v -0.954468 0.980104 0.227702
v 0.492847 0.269626 0.220607
v 0.482392 0.255464 0.219545
v 0.818583 0.468547 0.219711
v -0.121285 0.212152 0.261538
v 0.465708 0.228617 0.220026
v 0.463114 0.060520 0.232753
v 0.497184 0.277706 0.234786
v 0.501122 0.283606 0.234429
v 0.517865 0.269913 0.253121
v 0.516270 0.308388 0.233665
v 0.524423 0.317081 0.233476
v 0.524493 0.338870 0.248854
v -0.749473 1.230713 0.236665
v -0.366555 0.118640 0.240982
v 0.472236 0.240168 0.238062
v 0.476926 0.247266 0.238001
v 0.489716 0.266470 0.236520
v 0.489626 0.266333 0.236554
v 0.701781 0.006434 0.255742
v -0.419160 0.132264 0.251290
v 0.479887 0.251710 0.237937
v 0.465545 0.563260 0.240092
v -0.796262 0.934720 0.241652
v 0.812479 0.074617 0.271123
v 0.375449 0.207103 0.274612
v 0.487898 0.134774 0.253244
v 0.397681 0.352167 0.279672
v 0.853233 0.384145 0.273728
v -0.424857 0.351047 0.284582
v 0.529923 0.277168 0.278105
v 0.141187 0.045781 0.285652
v 0.258362 0.110710 0.298848
v 0.423609 0.467304 0.289284
v 0.432909 0.021188 0.307713
v 0.265006 0.037168 0.303699
v 0.777747 0.083281 0.304989
v 0.816052 0.125158 0.309206
v 0.555376 0.523014 0.297347
v -0.540315 -0.000764 0.389919
v 0.871523 0.259916 0.304069
v 0.686974 0.227392 0.317436
v 0.703954 0.252731 0.316415
v 0.831438 0.179846 0.320523
v -0.091130 0.025187 0.324819
v 0.430256 0.066169 0.329617
v 0.386889 0.165490 0.320468
v 0.106229 0.057172 0.319779
v 0.404612 0.030714 0.330975
v 0.502961 0.325526 0.383582
v -0.401020 0.156169 0.405832
v -0.371877 0.051755 0.419946
v -0.500264 0.030519 0.435554
v -0.411855 0.078134 0.434065
v -0.475128 0.084224 0.445633
v -0.595479 0.223356 0.452869
v -0.537675 0.167269 0.452943
v -0.558714 0.223434 0.452660
v -0.508847 0.104517 0.460760
v 0.388058 0.152972 -0.448433
v 0.396357 0.060687 -0.433319
v 0.462786 0.025379 -0.425726
v -0.182634 1.153488 -0.406197
v 0.509366 0.104238 -0.378062
v -0.225771 1.139741 -0.393300
v -0.351837 0.024805 -0.375517
v 0.498610 0.082104 -0.363592
v -0.195197 1.019019 -0.371384
v -0.226979 0.030406 -0.361941
v -0.214842 0.162956 -0.363726
v -0.240349 1.234467 -0.355249
v -0.430165 0.065268 -0.354771
v -0.234851 1.244275 -0.354128
v -0.246091 -0.004083 -0.326616
v -0.825634 0.056369 -0.337955
v -0.285532 0.183765 -0.344539
v 0.549774 0.117222 -0.325226
v -0.387665 0.162437 -0.322757
v -0.305515 1.003250 -0.323848
v -0.458234 1.339346 -0.328252
v -0.282715 1.279755 -0.308628
v -0.213394 0.248937 -0.318919
v -0.178904 0.390264 -0.309653
v -0.487450 1.307486 -0.307940
v -0.871868 0.051157 -0.314097
v 0.464623 0.337543 -0.314926
v 0.195455 0.814537 -0.310792
v -0.376815 1.292125 -0.307221
v -0.216721 0.212769 -0.307024
v 0.069864 0.713894 -0.306541
v 0.387681 0.910408 -0.311817
v 0.134521 0.727777 -0.305965
v 0.513470 0.631753 -0.300660
v 0.546512 0.840141 -0.299357
v -0.456109 1.140695 -0.294112
v -0.774751 0.142981 -0.289364
v 0.343365 0.436524 -0.292446
v 0.600588 0.615245 -0.289438
v 0.051536 0.885368 -0.279012
v 0.486594 0.216404 -0.293438
v -0.627873 0.267251 -0.300305
v 0.551085 0.293121 -0.279472
v -0.027109 0.636737 -0.296823
v 0.473729 0.658429 -0.283504
v 0.594802 0.833271 -0.291699
v 0.286090 0.260945 -0.285268
v -0.029363 0.431620 -0.286611
v 0.464546 0.794487 -0.290953
v 0.310622 0.811409 -0.271889
v 0.582145 0.162008 -0.288012
v 0.140341 0.631842 -0.278850
v 0.582629 0.536990 -0.282612
v -0.348639 0.199859 -0.252041
v 0.622410 0.731014 -0.288838
v -0.404131 1.341750 -0.272519
v -0.836079 0.071336 -0.271621
v -0.342755 0.917355 -0.260992
v 0.569768 0.970732 -0.271528
v 0.549704 0.092749 -0.271116
v 0.457610 0.127345 -0.256313
v -0.113331 0.281809 -0.273574
v 0.080040 0.516450 -0.274122
v -0.542466 0.389652 -0.235188
v -0.668221 0.237863 -0.255308
v 0.363973 1.068504 -0.261718
v -0.896917 0.048076 -0.246804
v 0.582872 0.281967 -0.240495
v -0.466452 0.033710 -0.238584
v -0.829316 0.168784 -0.232433
v -0.194208 0.498929 -0.222202
v -0.497233 0.978302 -0.237643
v -0.499878 1.080600 -0.245900
v -0.549712 1.250620 -0.238672
v -0.228533 0.063639 -0.232973
v 0.077036 0.422864 -0.227723
v 0.155857 0.562860 -0.211356
v 0.303727 0.749150 -0.196325
v -0.439411 0.771462 -0.226106
v 0.611616 0.166595 -0.220963
v -0.632144 0.464150 -0.185448
v -0.208049 0.979918 -0.215200
v -0.220356 0.063828 -0.221328
v -0.158849 1.359537 -0.218940
v 0.333854 0.557867 -0.178952
v 0.707351 0.832747 -0.211491
v -0.546346 1.082727 -0.185438
v 0.683101 0.936040 -0.185165
v 0.357866 0.030971 -0.201099
v -0.566520 1.062439 -0.209393
v -0.360564 0.020864 -0.196346
v -0.824124 0.140848 -0.200157
v -0.480365 1.313378 -0.198474
v -0.333063 0.735942 -0.199019
v -0.080419 0.811502 -0.173292
v -0.582225 0.914402 -0.188257
v 0.570620 0.285760 -0.155168
v -0.067192 0.855304 -0.166654
v -0.178166 1.210721 -0.184360
v -0.625886 0.090725 -0.179076
v -0.081669 1.443810 -0.201720
v -0.668130 0.187163 -0.178865
v -0.664269 0.969846 -0.158262
v 0.085458 1.089071 -0.173355
v 0.256251 1.139615 -0.172218
v -0.723341 0.165059 -0.159984
v 0.540209 1.121866 -0.170955
v 0.710954 0.123707 -0.134674
v 0.177348 1.115705 -0.168940
v -0.234346 1.327192 -0.172651
v -0.868318 0.082669 -0.163497
v -0.819936 0.144528 -0.145712
v -0.249420 1.409829 -0.148205
v 0.113515 0.411380 -0.157685
v -0.505449 0.492245 -0.153286
v -0.207058 1.147318 -0.142311
v -0.883777 0.055196 -0.160420
v 0.256843 0.703505 -0.155467
v 0.728179 0.953152 -0.145019
v 0.623718 1.071464 -0.147569
v 0.708967 0.003801 -0.170241
v -0.872419 0.046952 -0.154945
v -0.562259 0.967952 -0.150012
v -0.712306 1.266304 -0.151052
v -0.785527 0.057150 -0.143203
v -0.790313 0.479292 -0.126870
v 0.178644 0.564103 -0.142046
v -0.662426 1.306663 -0.150671
v -0.833336 0.087273 -0.141948
v -0.241362 0.716908 -0.135798
v -0.602699 1.062435 -0.161470
v -0.723750 1.285250 -0.130352
v 0.282635 0.500252 -0.121464
v -0.192745 0.801466 -0.151378
v 0.708057 0.974587 -0.139875
v -0.717335 1.169417 -0.142168
v 0.640382 0.011851 -0.138001
v -0.469601 0.463696 -0.123623
v 0.173548 0.550020 -0.104643
v 0.788603 0.813793 -0.126601
v 0.864749 0.932025 -0.122989
v 0.861050 0.745268 -0.141343
v -0.597760 0.014144 -0.114327
v 0.884534 0.748357 -0.110866
v -0.740959 0.939908 -0.120407
v 0.428076 1.105572 -0.121529
v -0.051375 0.107930 -0.106074
v 0.179175 0.575916 -0.101621
v 0.774940 0.879607 -0.120618
v -0.792106 1.171016 -0.112749
v -0.767882 0.093487 -0.118666
v -0.096657 0.872355 -0.119136
v 0.738667 0.951598 -0.119121
v -0.787569 0.522345 -0.115183
v -0.500514 0.947484 -0.115897
v -0.610427 1.136435 -0.108227
v 0.526692 -0.008761 -0.098278
v -0.173338 0.749865 -0.110872
v -0.603403 1.137454 -0.107745
v -0.520791 0.919426 -0.081840
v -0.368334 0.023924 -0.078155
v 0.683456 0.169807 -0.115982
v 0.566173 0.266440 -0.042249
v 0.877331 0.622608 -0.080372
v -0.227264 0.613336 -0.084175
v -0.558882 1.082928 -0.095829
v -0.812195 1.233617 -0.032821
v -0.707198 1.253572 -0.046991
v -0.538747 0.968687 -0.069791
v 0.582966 0.349884 -0.054721
v -0.717465 1.019670 -0.081340
v -0.423822 1.356788 -0.074584
v 0.196084 0.246041 -0.069637
v -0.846591 0.282680 -0.076428
v 0.953738 0.979941 -0.069324
v 0.279430 0.019848 -0.078314
v 0.667026 0.456367 -0.050566
v -0.182961 0.631416 -0.069915
v -0.095863 0.775957 -0.043454
v 0.942251 0.989115 -0.076035
v -0.182400 1.056478 -0.065723
v -0.758408 1.130928 -0.066526
v -0.927221 1.203357 -0.056295
v -0.256040 1.252205 -0.078830
v -0.326273 1.307315 -0.031875
v 0.603894 0.369170 -0.039786
v 0.228495 0.345963 -0.050586
v 0.896869 1.016300 -0.056504
v -0.231830 0.508776 -0.046237
v 0.977787 0.800949 -0.056697
v 0.839781 0.792452 -0.046024
v -0.543297 0.861416 -0.019418
v 1.029547 0.964919 -0.057603
v 0.999259 0.999870 -0.034190
v -0.751930 0.051113 -0.029729
v 0.856679 0.777418 -0.045159
v -0.820730 0.986922 -0.046700
v 0.618586 0.417295 -0.037820
v -0.038766 0.850502 -0.037182
v -0.861821 0.928246 -0.044528
v -0.149550 1.011706 -0.035342
v -0.075644 1.049526 -0.027140
v -0.253609 0.854641 -0.016223
v -0.129734 1.112502 -0.031874
v -0.904380 1.251314 -0.051076
v -0.292603 0.437783 -0.014960
v 0.893410 0.921089 -0.009661
v -0.860868 0.408827 -0.035528
v 0.702818 0.828599 -0.047560
v -0.301249 0.038138 -0.016159
v -0.891719 1.013933 -0.007827
v -0.793755 1.005143 -0.028948
v -0.754326 1.277878 -0.003076
v -0.303610 0.037550 -0.018641
v 0.117952 0.974440 -0.003831
v -0.978818 1.288302 -0.017536
v 0.873370 0.447696 -0.008873
v -0.605146 1.078948 -0.026652
v -0.133093 0.639538 0.018440
v -0.503960 0.901527 -0.011251
v -0.857127 1.305081 -0.004075
v 0.471440 0.015965 0.000383
v -0.300828 0.037040 -0.006618
v 0.519833 0.307084 -0.007863
v -0.206093 0.992906 0.003132
v 0.861731 0.081826 0.032157
v -0.408204 0.466243 0.006728
v 1.057245 1.020439 0.008269
v -0.565516 -0.001410 -0.022923
v -0.576831 0.812525 0.025404
v -0.776410 1.281582 0.009974
v -0.191210 1.269552 0.009703
v -0.678020 1.337705 0.025646
v -0.783682 1.007691 0.007533
v -0.183435 0.519203 0.034260
v 0.766762 0.560308 0.020001
v 0.620730 0.891010 0.009838
v -0.622506 0.963759 0.009748
v -0.204134 1.298078 0.020601
v 0.367728 0.408823 0.018734
v -0.216532 0.974019 0.016235
v -0.557515 1.150574 0.032563
v -0.953710 0.939366 0.028838
v 0.563827 0.171233 0.020168
v 0.529968 0.270321 0.036105
v -0.736101 1.042968 0.007108
v -0.720577 1.184796 0.028747
v 0.048359 0.898827 0.015693
v -0.273149 1.388135 0.043770
v -0.987455 1.017257 0.043636
v -0.846755 1.030760 0.026060
v 0.572483 0.019665 0.051452
v -0.636781 1.061986 0.033388
v 0.560516 0.234146 0.035929
v 0.776872 0.529249 0.066884
v -0.731085 0.672300 0.056475
v 0.591629 0.726867 0.041559
v 0.012992 0.826262 0.028895
v 0.182324 0.858042 0.040916
v -0.888080 1.313300 0.037948
v 0.491588 0.661465 0.044969
v 0.145601 0.743899 0.044425
v 0.492927 0.707932 0.039375
v 0.061501 0.790143 0.049037
v -0.343095 0.939245 0.047118
v -0.301555 0.985765 0.064193
v -0.855152 1.005632 0.034437
v -0.320363 0.956487 0.056329
v -0.768007 1.043116 0.049845
v -0.764672 1.189279 0.061464
v -0.606857 0.792620 0.041118
v -0.840934 1.009522 0.034443
v -0.888565 1.352876 0.048986
v 0.217596 0.240644 0.053471
v -0.424002 0.976397 0.071092
v -0.955151 1.066649 0.062447
v -0.311307 1.069289 0.060435
v 0.785365 0.369290 0.072557
v -0.330589 0.942996 0.055055
v 0.655371 0.231113 0.053501
v -0.328999 1.359655 0.076395
v -0.790237 0.099222 0.086729
v 0.545533 0.044741 0.080197
v 0.219301 0.071675 0.077748
v 0.816829 0.638149 0.071162
v -0.462489 1.137776 0.070376
v -0.930318 1.255800 0.075299
v 0.214576 0.120148 0.081230
v -0.909355 1.244847 0.074093
v 0.147147 0.037880 0.079114
v 0.041110 0.573099 0.080866
v -0.874919 0.926802 0.055737
v -0.603244 0.978300 0.122565
v -0.445268 1.302049 0.066374
v -0.188692 0.028326 0.115563
v -0.794603 0.564047 0.097622
v 0.509740 0.044155 0.109974
v 0.174894 0.054007 0.082694
v 0.939792 0.338473 0.086725
v -0.353702 0.946828 0.091741
v 0.737250 0.279986 0.099821
v -0.419366 0.962535 0.110308
v -0.894185 1.254732 0.106025
v -0.522132 1.287159 0.115568
v 0.197310 0.138399 0.110394
v -0.956065 1.090272 0.119801
v 0.525239 0.107612 0.160492
v 0.444305 0.022276 0.111447
v -0.592265 1.225428 0.123565
v 0.460274 0.026140 0.119688
v -0.762776 0.528923 0.149401
v -0.480712 1.217694 0.122546
v -0.702468 0.632602 0.132612
v -0.506641 0.701980 0.124654
v -1.003387 0.974917 0.106559
v -0.792597 1.214737 0.125642
v 0.267370 0.074746 0.128270
v 0.160002 0.116937 0.145973
v -0.705132 1.015391 0.142401
v 0.437744 0.594908 0.139930
v 0.522652 0.106450 0.136707
v -0.752050 0.562651 0.143736
v -0.229353 0.360931 0.145892
v -0.135547 0.035322 0.148462
v -0.072876 0.056961 0.155998
v -0.834952 0.318739 0.149480
v 0.481855 0.719012 0.166057
v 0.341434 0.091769 0.144395
v -0.036391 0.198165 0.161170
v -0.117977 0.033167 0.152863
v 0.451884 0.247358 0.170795
v -0.780112 1.266608 0.171351
v 0.305788 0.325575 0.174801
v -0.575706 0.941092 0.161901
v 0.349134 0.029408 0.179328
v -0.254741 0.363639 0.152597
v -0.891203 1.066760 0.161680
v -0.402875 0.036456 0.183848
v -0.313345 0.348128 0.178620
v -0.781766 0.168190 0.175034
v -0.676105 0.568533 0.167949
v 0.281155 0.275784 0.173529
v -0.604709 1.147937 0.169636
v -0.919022 0.972910 0.232728
v 0.160758 0.060071 0.176040
v 0.453283 0.411647 0.195756
v -0.641257 0.503989 0.191725
v -0.861520 1.033724 0.188537
v 0.588804 -0.005998 0.223867
v 0.383334 0.045001 0.198574
v 0.436480 0.398541 0.192276
v -0.602682 1.182394 0.187865
v 0.342082 0.355847 0.167011
v 0.465051 0.400598 0.204144
v -0.308689 0.068683 0.207448
v 0.935972 0.319745 0.233149
v -0.160793 0.199232 0.217404
v -0.874407 1.256780 0.209127
v 0.508447 0.306469 0.214920
v -0.832067 1.044663 0.211583
v -0.231938 -0.000336 0.204972
v -0.105989 0.231879 0.220894
v 0.524090 0.288161 0.247658
v -0.712002 0.382123 0.218409
v -0.677059 0.426531 0.210618
v -0.490897 0.434349 0.244692
v -0.814571 1.208989 0.211033
v -0.716612 1.227166 0.227170
v 0.519355 0.383994 0.239259
v -0.430600 0.100091 0.223368
v 0.503126 0.287659 0.218023
v -0.476467 0.070321 0.229543
v 0.500216 0.281430 0.219512
v 0.450526 0.432141 0.219535
v 0.499319 0.228152 0.233053
v -0.765354 0.937079 0.229321
v -0.789377 0.999985 0.226802
v 0.492447 0.225962 0.240207
v -0.549753 0.041824 0.230428
v -0.674164 0.232886 0.235791
v 0.507641 0.248890 0.234094
v 0.523242 0.314140 0.234514
v 0.527342 0.323144 0.236075
v -0.894552 1.047904 0.238114
v -0.833910 1.268116 0.235668
v 0.498951 0.225091 0.234426
v 0.469962 0.236633 0.238132
v 0.459217 0.114739 0.244002
v 0.554792 0.421230 0.240325
v -0.443475 0.102316 0.241669
v -0.532111 0.419169 0.259755
v -0.141148 0.167545 0.260504
v 0.388899 0.228408 0.252842
v 0.512277 0.557069 0.279848
v -0.102508 0.219303 0.263454
v 0.529571 0.295498 0.256073
v 0.401429 0.288234 0.275243
v 0.250556 0.102788 0.256265
v -0.209046 0.178908 0.275375
v 0.527398 0.274737 0.277655
v 0.531321 0.545481 0.287643
v -0.936641 0.953660 0.285097
v 0.321384 0.093253 0.284878
v 0.898765 0.304934 0.280883
v 0.534112 0.282197 0.287714
v -0.958249 0.970262 0.290365
v -0.319420 0.217332 0.290493
v -0.423107 0.304812 0.289080
v 0.453075 0.423201 0.314685
v -0.246705 0.027673 0.308843
v 0.327065 0.031098 0.290642
v 0.406953 0.352141 0.315432
v 0.447242 0.022866 0.317765
v 0.233372 0.050852 0.321484
v -0.561419 0.230563 0.316447
v 0.092499 0.032922 0.316629
v 0.565401 0.357220 0.298956
v 0.171393 0.124022 0.321077
v -0.327201 0.201409 0.343307
v -0.132348 0.059009 0.332575
v -0.163284 0.028932 0.337260
v -0.241126 0.116951 0.338467
v -0.479863 0.248729 0.395101
v 0.448017 0.331212 0.388123
v -0.598582 0.196324 0.406925
v -0.372951 0.085979 0.401940
v -0.443822 0.070188 0.420198
v -0.553002 0.035198 0.443159
v -0.626358 0.121126 0.435302
v -0.609903 0.216251 0.472682
v 0.431288 0.069522 -0.469425
v 0.384636 0.020545 -0.446637
v 0.399977 0.167942 -0.437072
v -0.223751 1.296218 -0.393911
v -0.276578 1.245754 -0.368611
v -0.184910 1.025015 -0.383588
v -0.223496 1.167030 -0.386468
v -0.267346 1.040508 -0.368337
v -0.197353 0.109534 -0.367143
v 0.412569 0.215622 -0.351444
v -0.354795 0.062133 -0.361269
v -0.806392 0.110468 -0.362470
v -0.295768 1.069347 -0.351937
v -0.298976 0.142809 -0.350185
v -0.401679 0.020015 -0.351920
v -0.794872 0.142090 -0.333696
v 0.469153 0.188723 -0.333868
v -0.397004 1.396044 -0.341536
v -0.867410 0.039462 -0.318113
v -0.156935 0.164205 -0.321082
v -0.167340 0.253593 -0.325952
v -0.548623 0.252912 -0.323783
v -0.304181 1.017817 -0.325078
v 0.215755 0.883287 -0.315833
v -0.326732 0.976424 -0.332014
v 0.234331 0.806219 -0.301556
v 0.294520 0.211975 -0.298300
v -0.463423 0.265028 -0.305759
v -0.260646 1.174511 -0.281475
v 0.582914 0.129766 -0.301186
v 0.049613 0.637723 -0.308469
v 0.477295 0.816012 -0.299764
v -0.726437 0.153171 -0.307723
v -0.590720 0.217765 -0.301324
v 0.480977 0.736519 -0.287233
v -0.009448 0.485405 -0.297304
v -0.373066 1.289749 -0.292664
v 0.534871 0.246876 -0.289216
v -0.140498 0.457213 -0.278765
v -0.101421 0.328751 -0.276260
v -0.030288 0.360240 -0.271864
v 0.286477 0.425602 -0.258518
v 0.649653 0.661154 -0.268521
v -0.276776 0.002377 -0.243319
v 0.627503 0.901544 -0.266619
v -0.510508 1.292586 -0.264254
v 0.279638 0.380904 -0.271245
v 0.533027 0.384181 -0.250811
v -0.380768 0.920754 -0.252855
v -0.850687 0.069287 -0.262506
v 0.549617 0.199548 -0.267928
v 0.129532 0.596520 -0.265074
v -0.046529 0.259595 -0.240753
v -0.865828 0.118437 -0.241499
v -0.508964 1.108329 -0.248480
v -0.853797 0.153270 -0.239598
v -0.259780 0.396079 -0.230015
v -0.566009 1.158972 -0.246803
v -0.093448 0.744718 -0.196945
v 0.347365 0.784852 -0.229315
v -0.225840 1.001607 -0.234553
v -0.530213 1.104861 -0.233719
v -0.583309 1.178588 -0.219747
v -0.027057 1.469710 -0.228373
v -0.242414 0.455328 -0.189621
v 0.546501 0.351236 -0.220337
v -0.649593 0.186396 -0.218031
v -0.498690 0.813975 -0.204346
v -0.424057 0.937783 -0.230776
v -0.595037 0.947482 -0.194487
v 0.650374 0.983094 -0.186408
v -0.835271 0.066400 -0.198894
v 0.215147 0.214981 -0.206350
v 0.261162 0.714257 -0.183361
v -0.578980 1.306426 -0.205814
v -0.471938 0.924221 -0.197564
v -0.703256 0.065368 -0.202835
v -0.661150 0.202120 -0.186245
v -0.153246 1.042242 -0.194947
v -0.156224 1.141167 -0.207161
v 0.281132 1.097586 -0.201618
v 0.447976 0.055235 -0.198564
v -0.034494 0.881854 -0.185191
v -0.154694 1.116513 -0.194905
v -0.189523 0.832739 -0.181105
v 0.502913 1.087067 -0.192602
v -0.149785 1.084701 -0.184742
v -0.568735 0.927847 -0.194789
v -0.250720 1.317783 -0.183632
v 0.380086 1.155228 -0.180883
v -0.277092 1.305788 -0.164877
v 0.732649 0.679708 -0.144808
v -0.638079 1.276776 -0.175013
v 0.104895 1.080806 -0.160531
v -0.105867 0.157078 -0.222646
v 0.025504 1.050262 -0.167434
v -0.671212 0.553191 -0.169422
v 0.306100 0.534488 -0.137397
v -0.570520 0.925138 -0.167083
v 0.712617 0.928760 -0.158239
v -0.518110 0.974212 -0.165168
v -0.253294 1.317250 -0.149672
v -0.513348 0.440848 -0.154970
v -0.023378 0.971189 -0.157698
v -0.755281 1.115163 -0.132083
v 0.175776 1.117053 -0.156629
v 0.144465 1.122272 -0.158763
v -0.433977 1.344360 -0.157287
v -0.320722 1.524149 -0.161172
v 0.113178 0.411231 -0.158095
v -0.693115 1.244918 -0.132955
v -0.308768 1.477818 -0.152895
v -0.590666 0.047845 -0.158902
v -0.706367 0.578099 -0.153960
v -0.178772 0.832646 -0.152354
v -0.632904 1.090120 -0.143376
v 0.705212 0.585801 -0.126190
v -0.250809 0.722238 -0.146363
v -0.089852 0.903486 -0.142509
v -0.556955 0.022902 -0.147332
v 0.615747 0.023755 -0.097845
v 0.546016 0.298524 -0.140993
v 0.373516 0.649703 -0.132758
v 0.773907 0.830322 -0.143325
v -0.385268 1.457031 -0.159130
v -0.770206 0.149633 -0.143403
v -0.785982 0.259432 -0.138349
v 0.834415 0.709498 -0.138633
v -0.117486 0.847661 -0.131786
v 0.769275 0.870786 -0.136801
v 0.139598 1.112577 -0.142862
v 0.212901 1.093556 -0.129018
v 0.660487 0.506062 -0.113801
v -0.715843 1.297523 -0.136484
v 0.202351 0.629978 -0.122122
v 0.385953 0.724076 -0.129762
v -0.195784 0.690713 -0.121243
v 0.364500 0.742078 -0.123282
v 0.077581 1.022237 -0.119102
v -0.602295 1.128864 -0.120607
v -0.250654 0.544254 -0.102287
v -0.629284 0.785058 -0.092520
v -0.217375 1.166860 -0.102897
v 0.607962 0.226386 -0.120464
v -0.213360 0.651365 -0.104455
v 1.008488 0.876383 -0.095529
v -0.613384 1.131285 -0.111325
v -0.777236 0.130738 -0.104173
v -0.335053 0.605065 -0.108568
v -0.300731 1.306795 -0.111449
v -0.602054 1.326765 -0.127369
v -0.792369 0.549452 -0.095636
v 0.834331 0.959050 -0.102563
v -0.336886 1.339640 -0.086862
v 0.579443 0.030605 -0.108510
v -0.325652 0.411742 -0.109153
v 0.816724 0.928440 -0.083112
v -0.677682 0.734194 -0.089380
v -0.805984 1.115433 -0.091204
v 0.859305 0.990749 -0.081041
v 0.310620 0.511139 -0.065245
v 0.731188 0.579203 -0.093095
v 0.390290 0.007444 -0.065290
v 0.461092 0.007428 -0.066671
v -0.367711 0.564022 -0.093589
v 0.744409 0.777077 -0.086513
v 0.389184 0.746059 -0.078603
v 0.789106 0.893451 -0.074191
v 0.616528 0.980761 -0.040010
v -0.318920 0.609019 -0.087167
v -0.606703 0.972470 -0.073580
v -0.398315 0.022575 -0.074163
v 0.665740 0.468812 -0.079689
v 0.750019 0.702472 -0.067124
v 0.783824 0.789331 -0.057945
v -0.071379 1.189362 -0.058096
v 0.302240 -0.004005 -0.060470
v 0.651801 0.010890 -0.049900
v 0.893575 0.554328 -0.046853
v 1.058867 0.823937 -0.053248
v -0.702734 0.950259 -0.077332
v -0.084819 1.253746 -0.062561
v 0.681049 0.003826 -0.046710
v -0.412067 0.032685 -0.058397
v 0.003148 0.164183 -0.041232
v 0.977621 0.794443 -0.063179
v -0.159479 1.263512 -0.056788
v 0.268692 0.037766 -0.020046
v 0.677340 0.755868 -0.003115
v 0.942083 1.030839 -0.029303
v 0.706865 0.556702 -0.047043
v 1.052100 0.801746 -0.040012
v -0.584851 0.975849 -0.020254
v -0.087575 1.013438 -0.043200
v 0.670511 0.565428 -0.043698
v -0.597125 0.814442 -0.020273
v 0.933220 0.833610 -0.043709
v 0.266377 1.051109 -0.014471
v -0.086801 1.131359 -0.023101
v 0.855815 0.062234 -0.011137
v 0.899047 0.640835 -0.056408
v -0.181676 1.016335 -0.048662
v -0.308271 0.037413 -0.029883
v -0.771600 1.002795 -0.022693
v -0.827436 1.137352 -0.040819
v -0.653235 0.767486 -0.054469
v -0.923542 0.991062 -0.001603
v 0.915545 0.641861 -0.011019
v -0.968873 1.200900 -0.028174
v 0.604842 0.959309 -0.011247
v -0.607583 1.078238 -0.027208
v -0.109985 0.035671 0.010304
v 0.867721 0.952452 -0.020416
v -0.170627 0.990803 -0.023665
v 0.887387 0.978901 -0.010682
v -0.871782 1.266026 -0.012648
v -0.962004 1.269845 -0.020859
v 0.598674 0.468429 -0.036616
v -0.637934 0.775426 0.004147
v 0.483313 1.048862 -0.028269
v 0.537652 0.019736 0.000320
v -0.386016 0.446990 0.001456
v -0.332339 0.669718 -0.052237
v -0.890339 1.020661 -0.000722
v -0.734869 1.274673 -0.004594
v -0.288328 1.384718 -0.003063
v 0.549250 0.015012 -0.003767
v -0.846264 0.457035 0.041936
v 0.760525 0.590275 -0.004292
v 0.664621 0.720247 0.014811
v -0.936961 0.912340 -0.000890
v 0.188482 1.004785 -0.002340
v 0.284896 1.032885 0.001295
v 0.689973 0.158910 -0.010263
v 0.337988 1.052905 -0.006033
v 0.254353 0.092385 0.009824
v 0.010285 0.182879 0.008222
v 0.517684 0.335610 -0.013723
v 0.096147 0.960547 -0.000056
v 0.071888 0.346496 0.007607
v -0.779861 0.633925 0.008019
v -0.835727 1.024279 0.012774
v -0.140683 1.126226 0.013920
v -0.659175 1.165877 0.015315
v -0.919165 1.167429 0.009229
v -0.610106 -0.002835 -0.024205
v 0.443800 0.673882 0.016620
v 0.669865 0.839649 -0.005600
v -0.469267 0.906718 0.028026
v -0.903188 1.158100 0.019617
v 0.708327 0.173898 0.010972
v 0.233864 0.231071 0.017803
v -0.076604 0.723734 0.015598
v 0.256914 0.856962 0.027857
v -0.885363 0.927551 0.013111
v 1.063278 1.008316 0.015104
v -0.274755 1.300591 0.018606
v -0.537973 1.090096 0.024292
v -0.201009 1.284807 0.026393
v 0.427348 0.035433 0.034296
v 0.106599 0.587186 0.044868
v -0.276353 0.972076 0.015682
v -0.222120 0.991972 0.035041
v -0.962110 1.033194 0.029106
v -0.845654 1.031268 0.024552
v -0.653672 1.325610 0.039454
v -0.777641 0.611707 0.046295
v -0.339240 0.888274 0.044593
v -0.228529 0.979587 0.033295
v -0.951349 1.041972 0.033239
v -0.493223 1.141675 0.028467
v -0.864752 0.372530 0.040290
v 0.585643 0.240153 0.046571
v 0.469157 0.096730 0.028168
v -0.353531 0.819695 0.056556
v -0.923114 1.216619 0.044884
v 0.351866 -0.006344 0.029207
v 0.837999 0.256121 0.047408
v 0.393268 0.333573 0.055217
v -0.022874 0.708732 0.058111
v -0.010639 0.761177 0.044301
v -0.346866 1.319503 0.045833
v -0.265771 1.016758 0.052936
v -0.668588 1.312082 0.045583
v 0.414811 0.035034 0.058999
v 0.537297 0.237664 0.056885
v -0.429676 0.038978 0.048449
v 0.513558 0.165221 0.050353
v 0.091921 0.731927 0.058072
v -0.796795 1.337754 0.048550
v -0.290090 1.384584 0.058288
v -0.397886 0.028892 0.064874
v 0.306485 0.020957 0.051234
v -0.380904 0.026642 0.071977
v 0.875982 0.194076 0.058786
v 0.888302 0.195652 0.073294
v -0.883694 1.251814 0.063683
v -0.473314 1.323306 0.067616
v 0.428428 0.021279 0.071402
v -0.982114 0.959421 0.061928
v -0.818025 1.045866 0.078869
v 0.219046 0.072409 0.078415
v -0.908302 1.243769 0.089689
v -0.433570 1.285050 0.084210
v -0.536449 1.300794 0.093003
v -0.304026 0.412266 0.111872
v -0.838339 1.042381 0.090340
v -0.496962 0.989668 0.090955
v -0.950937 1.338309 0.098121
v 0.129359 0.055002 0.095242
v -0.557932 1.259357 0.100981
v -0.513179 1.261365 0.107829
v 0.540453 0.031767 0.096144
v 0.174143 0.060501 0.122273
v -0.552884 1.135733 0.101450
v -0.936722 1.323770 0.128080
v 0.442019 0.020268 0.111712
v 0.442281 0.021834 0.110491
v 0.909333 0.559722 0.128188
v -0.855764 1.328556 0.120150
v 0.365752 0.349307 0.125777
v 0.465501 0.677926 0.124418
v 0.437802 0.261793 0.137512
v 0.198818 0.139348 0.137577
v -0.742743 1.012658 0.144857
v -0.077515 0.365664 0.154030
v -0.401126 0.000826 0.144533
v -0.141170 0.031809 0.148354
v -0.533445 1.192850 0.156721
v -0.139583 0.031298 0.149777
v -0.115714 0.042074 0.148289
v -0.119461 0.042570 0.150929
v -0.813405 0.221814 0.158228
v -0.902058 1.265232 0.157295
v -0.828935 1.286366 0.156886
v -0.137893 -0.001791 0.165337
v -0.120632 0.021340 0.164540
v -0.109162 0.352262 0.176772
v -0.808274 1.283577 0.191167
v -0.334288 0.031820 0.174509
v -0.174532 0.216796 0.167254
v 0.432893 0.554025 0.190552
v -0.841531 1.028338 0.186021
v -0.881514 1.037574 0.179302
v 0.135212 0.029855 0.177011
v 0.372273 0.035950 0.179372
v 0.500839 0.155959 0.193358
v -0.592610 0.981592 0.180194
v -0.841799 1.180848 0.184165
v 0.498190 0.268521 0.186598
v 0.514134 0.528642 0.180000
v 0.139728 0.032744 0.202606
v 0.527121 0.507430 0.190660
v 0.442664 0.527273 0.204109
v 0.475769 0.410971 0.196044
v -0.663771 0.944419 0.190297
v 0.500083 0.293026 0.213617
v 0.514413 0.304856 0.206262
v -0.764388 0.946739 0.193426
v 0.278453 0.038306 0.248259
v 0.390205 0.052963 0.208409
v 0.480502 0.277045 0.205347
v 0.511587 0.306912 0.212472
v 0.484799 0.420496 0.206289
v -0.046570 0.210238 0.198519
v -0.581024 0.054515 0.222447
v 0.497358 0.276195 0.220642
v 0.871196 0.444664 0.237697
v -0.731594 0.969535 0.221204
v -0.724739 1.193085 0.217668
v 0.550455 -0.000431 0.237153
v -0.453865 0.081780 0.214208
v -0.682170 0.322784 0.229849
v -0.416151 0.119686 0.229240
v -0.595004 0.057785 0.232903
v 0.498005 0.278934 0.234663
v 0.499399 0.281023 0.234536
v -0.615350 0.081048 0.230848
v -0.049071 0.193106 0.239457
v 0.497494 0.278170 0.234731
v -0.550614 0.021068 0.242428
v 0.477007 0.247391 0.238002
v 0.541209 0.424529 0.243193
v 0.377255 0.169067 0.225155
v 0.532188 0.334231 0.252949
v 0.529765 0.296827 0.255783
v 0.163285 0.103492 0.262683
v 0.565193 0.430731 0.259701
v -0.392468 0.360989 0.272322
v -0.533514 0.283715 0.275568
v 0.763978 0.375478 0.261641
v -0.984870 0.988006 0.257808
v 0.843323 0.119688 0.278574
v -0.133930 0.115162 0.280760
v 0.336404 0.113625 0.276209
v 0.130819 0.066704 0.290685
v -0.259921 0.182430 0.288205
v 0.154175 0.118650 0.293203
v 0.509146 0.226546 0.284627
v -0.850523 0.930397 0.286231
v -0.095304 -0.003666 0.269470
v 0.428261 0.080264 0.297388
v -0.426600 0.273890 0.289092
v 0.766879 0.312985 0.304425
v -0.880489 0.966864 0.306385
v -0.657379 0.099079 0.317838
v -0.227955 0.151884 0.311802
v 0.139658 0.097469 0.308920
v 0.653008 0.221004 0.310430
v 0.579338 0.389626 0.333394
v -0.626350 0.017661 0.310603
v 0.547364 0.307081 0.330869
v -0.126547 -0.001359 0.318184
v 0.156582 0.115054 0.324056
v -0.521331 0.250924 0.333005
v -0.624194 0.004687 0.366911
v -0.351452 0.231653 0.331385
v -0.134538 0.029916 0.342496
v 0.184181 0.041352 0.338155
v -0.207517 0.047015 0.336078
v 0.457916 0.016492 0.341350
v 0.521849 0.278522 0.347118
v -0.419184 0.068776 0.347278
v 0.555172 0.340117 0.353259
v 0.492947 0.472948 0.382289
v -0.379760 0.098333 0.372052
v 0.446869 0.362295 0.367356
v -0.512177 0.247853 0.369450
v -0.426727 0.259632 0.383703
v -0.403852 0.210573 0.380448
v -0.444691 0.037287 0.409520
v -0.436279 0.106839 0.409905
v 0.409034 0.038508 -0.476113
v 0.360792 0.100981 -0.416102
v 0.340081 0.103387 -0.405692
v 0.426608 0.159415 -0.398286
v 0.361880 0.183746 -0.384309
v 0.356245 0.250252 -0.382606
v -0.178959 1.149705 -0.372572
v 0.423469 0.176332 -0.374796
v -0.186891 1.156606 -0.354295
v -0.307905 1.192637 -0.374479
v 0.322188 0.243943 -0.355198
v -0.213787 1.064984 -0.340457
v -0.290070 1.124217 -0.367962
v -0.226996 1.256382 -0.342295
v -0.191162 1.035400 -0.366664
v 0.243634 0.203423 -0.329730
v -0.231541 1.087905 -0.327228
v -0.861309 0.044117 -0.331892
v -0.308642 0.982996 -0.332837
v -0.525785 0.134323 -0.321969
v 0.288415 0.232608 -0.344772
v -0.333327 0.989953 -0.338196
v -0.870730 0.051446 -0.331300
v -0.472447 0.225005 -0.324980
v 0.413936 0.243071 -0.301038
v 0.453848 0.985091 -0.304342
v -0.404565 1.272834 -0.310348
v -0.559447 0.370280 -0.282985
v 0.177980 0.945625 -0.304133
v -0.811910 0.134830 -0.287237
v -0.222112 1.024159 -0.297006
v 0.486996 0.374159 -0.289592
v -0.615522 0.410235 -0.270376
v 0.549478 0.576547 -0.299592
v -0.086466 0.519407 -0.291649
v 0.504770 0.966810 -0.295173
v -0.469765 1.216490 -0.295683
v 0.628492 0.102412 -0.261368
v -0.823915 0.130138 -0.283292
v -0.773739 0.137914 -0.274747
v 0.506483 0.224014 -0.287512
v 0.528208 0.997653 -0.278190
v -0.318268 1.261551 -0.259923
v -0.234711 0.230600 -0.271150
v -0.441273 0.312581 -0.233271
v 0.677882 0.771517 -0.257692
v -0.297423 0.304502 -0.252364
v 0.168587 0.627468 -0.238177
v -0.235974 1.091853 -0.238544
v -0.462477 1.069372 -0.255159
v -0.513654 1.221031 -0.264537
v -0.078179 1.455256 -0.251459
v 0.098302 0.991721 -0.241509
v 0.451054 1.083174 -0.224146
v -0.556689 1.215932 -0.232770
v -0.145006 0.134038 -0.230241
v 0.418843 0.706254 -0.227878
v 0.708376 0.774149 -0.221382
v -0.316177 -0.004217 -0.232056
v -0.290623 0.336756 -0.244507
v 0.615180 0.508818 -0.243081
v -0.482322 1.018494 -0.242425
v -0.502887 1.304013 -0.222549
v -0.080327 0.203303 -0.234390
v -0.186243 1.405029 -0.236183
v 0.564015 0.422583 -0.235087
v -0.094617 0.657249 -0.256249
v -0.522387 1.085852 -0.224500
v -0.316389 1.258802 -0.229029
v -0.165194 0.541897 -0.227672
v -0.620385 0.099899 -0.198658
v 0.589713 0.275733 -0.200319
v 0.412391 1.093028 -0.213598
v -0.607391 1.244399 -0.213192
v -0.269996 1.399969 -0.199292
v -0.498680 0.366936 -0.199403
v -0.475475 0.876106 -0.203429
v 0.355415 1.106738 -0.197782
v -0.263874 1.340762 -0.208121
v -0.203677 1.337198 -0.200806
v -0.605858 0.452821 -0.187844
v -0.202706 0.935419 -0.212112
v -0.617275 1.009991 -0.170029
v -0.801855 0.048027 -0.204342
v -0.495610 0.942121 -0.191651
v -0.537682 1.318203 -0.196284
v 0.227849 1.095532 -0.189406
v 0.430747 0.028083 -0.189721
v -0.240324 0.017259 -0.187810
v 0.302699 1.149047 -0.184975
v -0.165035 1.355194 -0.184141
v -0.713766 0.440365 -0.178155
v -0.168186 0.619801 -0.166590
v -0.807215 0.142823 -0.189818
v -0.234029 1.327622 -0.173395
v -0.126138 1.438486 -0.193973
v -0.322913 1.521982 -0.176547
v 0.326895 0.570937 -0.122432
v 0.173891 0.571656 -0.181249
v -0.568234 0.492079 -0.175401
v 0.149661 1.113242 -0.176617
v -0.231069 1.250918 -0.172367
v -0.236217 1.325636 -0.172967
v 0.727676 0.856102 -0.168184
v 0.257500 0.704706 -0.157366
v -0.107597 0.774829 -0.157154
v -0.058216 0.957538 -0.151102
v -0.018814 0.981062 -0.152157
v -0.777209 0.338339 -0.157877
v 0.255149 0.703607 -0.153841
v -0.551124 1.085330 -0.147737
v 0.456597 -0.007391 -0.130459
v -0.457976 0.005272 -0.153662
v -0.326377 0.679477 -0.145781
v 0.067210 1.063728 -0.140133
v -0.235170 1.222415 -0.134040
v -0.186710 0.618808 -0.124378
v 0.269469 0.027445 -0.106093
v 0.671763 1.042412 -0.130073
v 0.165548 1.081150 -0.141172
v -0.180586 0.925738 -0.144776
v 0.833598 0.908222 -0.127824
v -0.583955 0.828394 -0.109559
v -0.141050 0.814415 -0.120520
v 0.994792 0.904432 -0.100902
v 0.802332 0.914975 -0.112350
v 0.828013 0.919838 -0.115315
v 0.220838 1.077164 -0.065534
v 0.485128 1.093752 -0.118397
v 0.355322 0.759766 -0.104302
v 0.752564 0.875766 -0.115660
v -0.686179 1.092003 -0.123803
v -0.277506 0.011522 -0.099234
v 0.778448 0.641777 -0.100366
v -0.032585 0.908868 -0.103397
v 0.135206 0.444004 -0.087472
v -0.098780 0.803372 -0.099903
v -0.361621 0.396397 -0.103512
v -0.310856 0.642579 -0.093077
v -0.531489 0.963560 -0.093780
v -0.624044 1.039045 -0.076390
v -0.835420 1.201269 -0.083547
v -0.285075 0.508866 -0.089746
v -0.139428 0.732344 -0.087520
v -0.067367 0.865672 -0.112380
v -0.531464 1.113891 -0.058558
v 0.114015 0.394452 -0.091382
v -0.242446 0.568064 -0.082911
v -0.537233 0.964737 -0.083527
v -0.533274 1.355958 -0.067744
v 0.973533 0.770582 -0.071646
v 0.799789 0.839317 -0.067440
v 0.999996 0.951862 -0.081261
v -0.634035 0.004968 -0.059087
v 0.645601 0.457081 -0.078010
v -0.673625 1.331258 -0.043191
v 0.749487 0.711999 -0.071943
v -0.749093 0.923375 -0.069220
v 0.828546 1.014297 -0.055516
v -0.844076 0.485520 -0.040437
v 0.881784 0.732716 -0.059888
v -0.523403 1.132776 -0.044661
v 0.287708 0.005642 -0.037316
v -0.365469 0.478494 -0.048515
v -0.297919 0.489612 -0.063372
v -0.252083 0.535374 -0.061966
v 0.254219 1.077058 -0.057467
v 0.868031 0.986144 -0.056125
v 0.875696 0.986564 -0.046036
v -0.079569 1.048413 -0.052566
v -0.028985 1.157846 -0.053247
v 0.748296 0.134320 -0.061209
v -0.060893 0.829543 -0.056089
v -0.113590 1.082209 -0.045809
v 0.773594 0.169195 -0.048073
v -0.637239 0.791374 -0.037244
v 0.176582 1.043946 -0.040726
v -0.683662 0.011168 -0.030378
v -0.236358 1.288702 -0.024824
v -0.374352 0.559035 -0.044794
v -0.792862 0.598407 -0.008996
v -0.329699 0.713568 0.004567
v -0.145762 1.220220 -0.024098
v -0.235402 0.008792 0.031186
v -0.133187 0.687449 -0.026169
v -0.134859 1.093078 -0.016494
v -0.882856 1.158859 -0.035193
v 0.270313 0.398315 -0.031121
v -0.856034 0.910429 -0.027959
v 0.578172 1.016836 -0.041802
v -0.444441 0.025897 -0.020536
v -0.610721 1.161966 -0.020720
v 0.584966 0.237884 -0.051692
v 0.625155 0.550799 -0.008789
v 0.895780 0.499629 -0.027049
v 0.570672 -0.006324 -0.031522
v 0.831793 0.005163 -0.007381
v -0.846488 0.449455 -0.041107
v -0.646380 1.063037 -0.002688
v 0.670094 0.911874 -0.040099
v -0.720060 1.039362 -0.010863
v -0.805802 1.184070 0.006116
v -0.482789 1.347387 -0.013883
v 0.935102 0.524395 0.003865
v -0.300277 0.036870 -0.006281
v 0.241024 0.257771 -0.000441
v 0.583589 0.277187 -0.000298
v -0.827553 1.020638 -0.010454
v -0.852809 1.044868 0.000954
v -0.099917 1.277068 -0.012066
v -0.880776 1.299683 -0.004762
v 0.817588 0.191088 0.013620
v -0.393397 0.631175 0.026162
v -0.513789 1.103698 0.012626
v -1.004407 1.266290 -0.004246
v 0.570973 0.279541 0.011435
v -0.863114 0.291361 0.037214
v -0.865079 1.032958 0.011898
v -0.957865 1.300811 -0.003672
v -0.809099 1.318591 0.013042
v -0.123064 0.022746 0.040510
v -0.441457 0.044581 0.026590
v -0.776495 1.190641 0.015855
v -0.952223 1.236472 0.019400
v 0.251557 0.134627 0.036219
v 0.166763 0.709274 0.019982
v -0.985274 0.905524 -0.009343
v 0.523421 0.944008 0.025777
v -0.187049 1.017852 0.019640
v 0.542518 0.025870 0.030321
v -0.326565 0.028929 0.058086
v 0.468512 0.092245 0.021290
v 0.229946 0.227567 0.017560
v 0.564376 0.569374 0.033029
v -0.915461 1.303542 0.029236
v -0.840491 1.033282 0.014205
v 0.226851 0.254729 0.029565
v -0.990306 0.991399 0.026528
v -0.823907 0.530242 0.011966
v -0.990390 1.285729 0.046910
v 0.479549 0.117529 0.022323
v 0.390552 0.360093 0.038847
v 0.290663 0.958999 0.027702
v -0.848899 1.028969 0.031345
v -0.749677 1.189890 0.023965
v -0.217471 1.093935 0.032525
v -0.703104 1.276607 0.051634
v 0.496649 0.149900 0.037051
v 0.551320 0.200509 0.049700
v 0.341738 0.325892 0.051546
v 0.500586 0.897084 0.040774
v 0.754494 0.434271 0.053271
v -0.204797 0.482058 0.057329
v -0.824418 1.041521 0.053628
v -0.567946 1.064327 0.059096
v -0.760054 0.599867 0.098757
v -0.989886 1.040305 0.079849
v -0.963020 1.339670 0.070363
v -0.403498 0.031665 0.067039
v 0.812442 0.265166 0.072079
v 0.797538 0.597013 0.091135
v -0.447124 1.136330 0.066781
v 0.416179 0.028139 0.071873
v -0.336326 1.122790 0.057255
v -0.340955 1.272102 0.067711
v -0.310376 1.360532 0.073379
v -0.342875 1.327183 0.076393
v 0.274039 0.107792 0.068629
v -0.821126 1.359396 0.087642
v 0.415269 0.041021 0.063822
v 0.222062 0.077283 0.079352
v 0.201210 0.108351 0.077852
v 0.851390 0.608900 0.104868
v -0.354731 0.974238 0.084510
v -0.224491 -0.000992 0.059584
v 0.823737 0.062258 0.118631
v -0.819084 0.161095 0.113504
v 0.222152 0.180438 0.087712
v 0.774662 0.323301 0.090694
v -0.008959 0.519855 0.092150
v -0.446640 0.667148 0.106821
v 0.230256 0.147172 0.098552
v -0.824930 0.211551 0.118651
v -0.573853 0.704190 0.129818
v -0.571833 1.327658 0.077130
v -0.186521 0.002238 0.080076
v 0.134159 0.039169 0.087758
v 0.194691 0.106761 0.088631
v 0.589167 0.256211 0.121245
v 0.725591 0.321638 0.090858
v 0.401958 0.299751 0.088569
v 0.767212 0.351949 0.086435
v -0.697863 0.674145 0.101509
v 0.395644 -0.007795 0.122234
v -0.921274 1.072962 0.106088
v 0.177616 0.112171 0.099359
v 0.418763 0.278422 0.105470
v -0.649114 1.035522 0.107709
v -0.391214 0.437319 0.067377
v 0.446276 0.746885 0.112027
v -0.526761 1.253892 0.109592
v 0.443550 0.021680 0.111653
v -0.047039 0.219802 0.123465
v -0.825270 0.397612 0.148576
v 0.340567 0.068193 0.126839
v -0.847637 0.240891 0.105107
v 0.438658 0.328102 0.145598
v -0.831135 1.325384 0.150203
v 0.273490 0.081021 0.130795
v -0.545531 1.136018 0.132495
v -0.440893 0.433222 0.163036
v -0.731926 1.247935 0.135112
v 0.320947 0.077249 0.144167
v -0.048411 0.129932 0.156576
v -0.137660 0.034572 0.150802
v -0.088863 0.077712 0.152119
v -0.474306 0.965409 0.148362
v -0.623222 1.021585 0.163028
v -0.412717 0.410787 0.164500
v -0.699549 1.024337 0.163442
v 0.467051 -0.004162 0.145436
v -0.112159 0.029400 0.163038
v -0.114818 0.030794 0.161928
v 0.312981 0.129565 0.168322
v 0.500640 0.685858 0.154208
v -0.742048 1.016708 0.176888
v 0.500333 0.686336 0.170355
v -0.574569 0.946702 0.173106
v 0.419096 0.376969 0.171772
v 0.114843 0.015656 0.189070
v 0.360986 0.130942 0.181713
v -0.708759 0.537643 0.176295
v -0.816399 1.182202 0.171190
v -0.854656 1.302874 0.161184
v 0.422901 0.044382 0.192761
v 0.803060 0.470982 0.207667
v -0.662749 1.218343 0.181566
v -0.186581 0.210225 0.179962
v -0.140876 0.269426 0.197597
v -0.758204 1.030038 0.180790
v 0.499905 0.270940 0.188139
v 0.471924 0.392427 0.194831
v -0.818561 1.035391 0.196137
v -0.835025 1.041956 0.190821
v -0.765110 1.157309 0.188727
v 0.354441 0.149860 0.195961
v 0.466539 0.384569 0.194207
v 0.462321 0.411548 0.195688
v -0.678007 1.161273 0.193354
v -0.805245 1.032530 0.201667
v 0.866966 0.120333 0.228797
v 0.474341 0.653117 0.211132
v -0.872520 1.304187 0.232462
v -0.093354 -0.004486 0.192137
v 0.420832 0.061966 0.208044
v 0.514043 0.302599 0.217320
v 0.497749 0.310244 0.218227
v -0.682063 0.950212 0.210986
v 0.464194 0.218250 0.213031
v 0.485501 0.260441 0.218399
v -0.814788 1.218905 0.232133
v -0.779445 1.262241 0.227107
v -0.265599 0.017883 0.249120
v 0.421092 0.069683 0.225965
v -0.699203 0.168681 0.220053
v 0.379219 0.193567 0.229948
v 0.482063 0.259031 0.215200
v -0.316340 0.332172 0.229910
v 0.562256 0.446928 0.235056
v -0.331413 0.089753 0.225970
v 0.503832 0.287700 0.234336
v 0.507047 0.292673 0.234284
v 0.506839 0.292353 0.234287
v 0.462382 0.223638 0.239041
v 0.484937 0.259274 0.237626
v -0.784906 0.963837 0.242062
v 0.194751 0.105553 0.243396
v 0.418574 0.116404 0.245821
v 0.342922 0.263507 0.241431
v 0.770378 0.415442 0.229122
v 0.539401 0.337173 0.248264
v -0.083073 0.202998 0.262325
v 0.426672 0.437190 0.267569
v 0.541078 0.351753 0.265978
v 0.895345 0.353966 0.268751
v -0.179170 0.186889 0.249978
v 0.677025 0.286743 0.262994
v 0.484198 0.566940 0.261051
v -0.124463 0.137369 0.267928
v 0.723320 0.328245 0.267782
v 0.763511 0.061049 0.284530
v 0.468316 0.163661 0.280800
v 0.514034 0.247777 0.281443
v -0.910959 1.003506 0.276902
v 0.722885 0.045045 0.288072
v 0.584094 0.461754 0.286137
v -0.812942 0.923326 0.277339
v 0.266871 0.112044 0.282781
v -0.651872 0.123473 0.276094
v -0.407512 0.128500 0.299530
v -0.047188 0.062064 0.294582
v -0.196879 0.005841 0.322329
v 0.462864 0.193528 0.333765
v 0.489377 0.273837 0.367119
v 0.430625 0.215725 0.351448
v -0.410731 0.249633 0.382728
v -0.381883 0.105209 0.374474
v -0.628832 0.012662 0.390526
v -0.559717 0.218749 0.400453
v -0.465901 0.013092 0.398808
v -0.434425 0.012768 0.405470
v 0.407286 0.084488 -0.430796
v 0.401373 0.129817 -0.438258
v 0.417203 0.122776 -0.432218
v 0.306932 0.103873 -0.430679
v 0.444868 0.118140 -0.405069
v 0.396341 0.085676 -0.403636
v -0.164848 1.193773 -0.389585
v -0.180631 1.282213 -0.401214
v -0.284172 1.214090 -0.381865
v -0.165193 1.189657 -0.379941
v -0.197680 0.136364 -0.367500
v -0.796720 0.120826 -0.357602
v -0.378523 0.104674 -0.350615
v -0.785329 0.066099 -0.359318
v 0.310653 0.177023 -0.347940
v -0.253580 0.198029 -0.345514
v -0.313810 0.158852 -0.342839
v -0.224146 1.103802 -0.327335
v -0.426284 1.360970 -0.340410
v -0.838769 0.103646 -0.331565
v -0.356041 1.286864 -0.340064
v -0.438827 1.336846 -0.334678
v -0.399109 1.394094 -0.325751
v -0.211273 0.029433 -0.314397
v -0.376362 1.079876 -0.324174
v -0.532139 0.270414 -0.325570
v -0.214667 0.292376 -0.322452
v -0.179346 0.370066 -0.319124
v -0.290332 1.011235 -0.310512
v -0.596521 0.112799 -0.309084
v 0.228376 0.935386 -0.314481
v -0.366515 1.327301 -0.317024
v -0.388698 1.349150 -0.321252
v 0.313536 0.199356 -0.311028
v -0.542272 0.311475 -0.317147
v 0.399208 0.276656 -0.302796
v 0.438420 0.339861 -0.301236
v 0.527630 0.813056 -0.305419
v 0.583489 0.785770 -0.298049
v -0.605542 0.090775 -0.288431
v -0.643310 0.151283 -0.297595
v 0.578368 0.848515 -0.297971
v 0.299094 0.220971 -0.288932
v -0.233640 0.287602 -0.275835
v -0.277100 1.013209 -0.291781
v -0.323231 0.177237 -0.285382
v 0.298775 0.206692 -0.285678
v 0.087812 0.546592 -0.283377
v 0.166892 0.675577 -0.275195
v 0.351031 1.027469 -0.294116
v -0.843988 0.131237 -0.272571
v -0.010613 0.399834 -0.280439
v -0.349738 0.963159 -0.273835
v -0.466258 1.256868 -0.281745
v -0.839164 0.087427 -0.266904
v 0.526336 0.373258 -0.259085
v -0.018762 1.441135 -0.273006
v -0.171300 0.095521 -0.274148
v 0.296180 0.118689 -0.246588
v -0.724417 0.157406 -0.269811
v 0.655089 0.772055 -0.270467
v -0.275790 1.194312 -0.251629
v -0.389770 0.237052 -0.247379
v -0.784762 0.163890 -0.246684
v 0.296345 1.076250 -0.244702
v -0.360776 1.277384 -0.244954
v -0.869075 0.060528 -0.253035
v 0.612899 0.076192 -0.258782
v -0.332122 0.205173 -0.246438
v 0.595266 0.996148 -0.240678
v -0.107575 1.420345 -0.258344
v 0.227789 0.341896 -0.211402
v 0.646778 0.589598 -0.251779
v -0.551868 1.150154 -0.248889
v 0.262685 0.157930 -0.245005
v -0.333391 0.330131 -0.231340
v 0.699508 0.715927 -0.229460
v -0.314088 0.828537 -0.236954
v 0.692113 0.747763 -0.232611
v -0.890680 0.042148 -0.233148
v -0.235508 1.334108 -0.205453
v -0.223375 1.153920 -0.211712
v -0.472511 0.345966 -0.216637
v 0.615864 0.468796 -0.203527
v 0.707450 0.806139 -0.210646
v -0.362310 -0.003019 -0.227356
v 0.415791 0.061012 -0.213434
v -0.574513 1.241939 -0.235426
v -0.858721 0.116229 -0.221263
v -0.696206 0.164157 -0.223791
v 0.103919 0.456226 -0.215997
v -0.314512 0.370057 -0.207213
v 0.556011 0.371731 -0.178756
v 0.685414 0.588367 -0.197123
v -0.411320 0.702090 -0.212799
v -0.478398 0.823860 -0.215159
v -0.309560 0.022625 -0.203109
v -0.145708 0.055859 -0.172754
v -0.135431 0.641961 -0.210107
v -0.275776 1.261353 -0.184692
v 0.677266 0.108070 -0.204669
v -0.669380 0.174712 -0.189176
v -0.478615 0.684054 -0.205241
v -0.663489 1.154042 -0.186239
v 0.223019 0.669374 -0.198620
v -0.839588 0.082784 -0.202090
v -0.584010 0.667805 -0.182859
v -0.618193 0.928451 -0.189134
v 0.208506 1.088652 -0.193046
v -0.157948 0.968067 -0.176699
v 0.381045 1.109935 -0.193769
v -0.644516 1.095978 -0.173139
v 0.217617 0.125080 -0.158717
v -0.574054 0.732569 -0.183187
v -0.169948 0.855615 -0.173097
v -0.703134 1.277146 -0.167397
v 0.623161 0.029892 -0.192076
v 0.660699 0.971425 -0.182694
v -0.174942 1.020275 -0.141837
v -0.374682 1.315559 -0.193310
v -0.635130 1.040186 -0.169920
v 0.747966 0.008884 -0.158256
v 0.200371 0.279293 -0.159840
v -0.186665 1.090788 -0.148228
v -0.283215 1.519589 -0.167128
v -0.057358 0.147256 -0.172671
v 0.021157 1.048769 -0.155870
v 0.557887 1.123800 -0.152055
v 0.252061 1.141025 -0.163220
v 0.233447 1.148850 -0.153159
v -0.279627 1.288408 -0.149761
v -0.301287 1.412969 -0.137339
v -0.712270 0.063101 -0.134264
v -0.013253 1.001521 -0.154477
v -0.602778 1.317829 -0.175411
v -0.318294 1.480887 -0.139197
v 0.111392 0.383118 -0.122898
v -0.674141 1.230648 -0.138592
v -0.753396 1.144691 -0.150199
v -0.033745 0.140526 -0.116540
v -0.604818 1.125641 -0.122167
v -0.766544 0.160467 -0.127505
v 0.458300 1.145820 -0.137463
v 0.766943 0.738031 -0.129562
v -0.205744 0.864396 -0.127856
v 0.095081 1.038034 -0.131367
v 0.078662 1.093145 -0.151877
v 0.455808 1.103291 -0.128239
v -0.285128 1.304059 -0.132891
v 0.951884 0.878466 -0.122262
v -0.548988 1.106553 -0.115749
v 0.355497 1.110291 -0.124719
v -0.734149 0.630212 -0.113163
v -0.600271 1.127659 -0.122314
v 0.810841 0.642546 -0.111939
v 0.619355 0.450308 -0.107328
v -0.718322 1.201837 -0.109311
v -0.078375 0.087388 -0.113369
v 0.101953 0.358911 -0.099082
v 0.713523 0.557858 -0.086373
v -0.239403 0.719097 -0.117682
v -0.124408 0.758579 -0.085766
v -0.601977 0.972013 -0.103755
v -0.761064 1.198198 -0.113140
v 0.559335 0.262224 -0.113354
v -0.267321 0.720507 -0.104603
v 0.001812 0.952064 -0.112163
v -0.246458 0.741867 -0.100732
v -0.877065 1.198691 -0.097847
v 0.048054 0.247554 -0.100777
v -0.692227 1.030992 -0.098848
v 0.363161 1.084683 -0.052532
v -0.852282 0.340838 -0.065595
v 0.283112 0.470117 -0.069689
v 0.881328 0.981409 -0.078522
v -0.579546 1.352039 -0.084687
v -0.539050 0.963516 -0.078465
v -0.535716 0.963395 -0.080281
v -0.569831 1.144688 -0.079061
v 0.193268 0.244458 -0.074503
v 0.766117 0.770205 -0.081001
v -0.563694 0.852865 -0.074620
v 1.041196 0.868588 -0.072716
v -0.626725 0.962416 -0.068999
v -0.205454 1.174224 -0.077545
v 0.194899 0.248795 -0.074707
v 1.007010 0.933609 -0.078065
v 0.980044 0.982750 -0.067083
v 0.197770 0.279689 -0.074422
v 0.554697 0.315820 -0.073727
v -0.879392 1.235428 -0.055916
v 0.225062 0.089661 -0.058550
v 0.770503 0.759013 -0.048491
v -0.604837 0.809181 -0.059389
v 0.802775 0.913562 -0.072010
v -0.761157 0.082697 -0.068883
v -0.203159 0.572932 -0.061311
v 1.081635 0.887606 -0.058808
v 0.811907 0.829970 -0.053200
v -0.951878 1.193468 -0.045720
v -0.133442 1.227413 -0.055675
v -0.142260 1.087831 -0.060994
v -0.242967 1.260605 -0.059982
v -0.360074 0.580317 -0.047011
v 1.027340 0.921816 -0.041541
v -0.171482 1.272819 -0.050350
v -0.128436 0.015621 -0.027535
v 0.208510 0.697942 -0.037710
v -0.034222 1.153957 -0.034579
v -0.789473 1.228725 -0.032277
v 0.184342 0.646665 -0.039285
v -0.190982 0.996466 -0.040923
v -0.177948 0.998853 -0.035649
v -0.637170 1.346736 -0.031276
v -0.838224 0.168096 -0.014502
v -0.187246 1.000483 -0.032185
v 0.530925 1.021348 -0.020577
v -0.982987 1.248274 -0.029886
v 0.765729 0.188210 -0.034670
v 0.597031 0.375666 -0.027681
v -0.144836 1.014592 -0.019857
v 0.611940 0.010534 -0.059147
v -0.410965 0.547428 -0.013176
v -0.205170 0.983760 -0.035864
v -0.291829 0.021614 -0.002777
v 0.445769 1.020105 0.011508
v -0.841174 1.125549 -0.011658
v -0.617962 0.807252 -0.018054
v 1.072696 1.009011 -0.000247
v -0.865890 1.055442 -0.008870
v -0.136664 1.119571 0.010901
v -0.884619 1.156316 -0.008460
v -0.937287 1.204160 -0.009411
v -0.152478 1.256526 0.004068
v -0.853417 0.468327 0.011230
v -0.501367 0.881909 0.022921
v -0.250379 1.412051 0.008680
v 0.229304 0.230285 0.017000
v -0.274815 0.900686 0.011991
v -0.090146 1.138233 -0.005908
v -0.245670 1.363714 0.002512
v 0.612565 0.245609 0.024783
v -1.033974 0.950356 0.026283
v -0.701154 1.332864 -0.002723
v 0.421072 0.856965 0.025216
v -0.504545 0.979605 0.024022
v 1.029338 0.969408 0.009784
v -0.016018 0.826911 0.015262
v 0.409385 0.027944 0.030105
v 0.134479 0.671329 0.038369
v -0.789759 1.038373 0.030667
v -0.845403 1.030307 0.023088
v -0.923668 1.187850 0.011780
v -0.991622 1.251273 0.019869
v 0.721114 0.195345 0.045769
v 0.478949 0.464645 0.028612
v 0.532767 0.472316 0.016328
v -0.816957 0.567336 0.040990
v 0.457353 0.835771 0.032080
v 0.108641 0.916061 0.025452
v -0.216841 1.005900 0.024426
v -0.990352 1.322452 0.043751
v 0.287025 0.309053 0.031872
v 0.168894 0.803157 0.041733
v -0.288275 0.961414 0.045028
v 0.540805 0.026993 0.041796
v 0.505650 0.152934 0.049850
v 0.912699 0.358926 0.044900
v -0.350394 0.931896 0.040922
v 0.813360 0.672566 0.042667
v -0.237968 1.173364 0.038650
v -0.997440 1.302153 0.045023
v 0.215122 0.205185 0.065883
v 0.840877 0.227841 0.045751
v -0.845588 1.029143 0.047958
v 0.756877 0.207280 0.060711
v 0.019909 0.773012 0.049587
v -0.669162 1.168185 0.061287
v -0.800956 0.537809 0.086760
v -0.490022 1.100350 0.047484
v -0.867735 1.365617 0.057470
v 0.803546 0.038595 0.067473
v 0.447739 0.056642 0.064094
v 0.902745 0.617577 0.069326
v -0.023930 0.636202 0.073318
v -0.328168 1.020517 0.072929
v 0.235877 0.135604 0.094418
v -0.723142 0.933858 0.049388
v -0.325496 0.958279 0.060365
v -0.652323 1.313464 0.080552
v 0.958440 0.500802 0.094424
v -0.333343 0.998957 0.077696
v -0.611816 1.149309 0.097539
v -0.861303 0.325714 0.092741
v -0.883446 1.042153 0.070881
v -0.746457 1.279894 0.072357
v -1.047657 0.996398 0.078194
v 0.425175 0.285235 0.083817
v -0.735086 1.263250 0.105023
v 0.425947 0.001197 0.103860
v -0.050064 0.167080 0.080926
v -0.845116 0.205709 0.054824
v 0.018854 0.363707 0.085140
v -1.004333 1.040336 0.087742
v -0.216370 0.434010 0.099339
v -1.051667 0.972197 0.104759
v 0.717705 0.336698 0.094571
v -0.602008 1.275708 0.111377
v 0.138056 0.086025 0.099838
v -0.422447 0.000891 0.117147
v -0.089917 0.120584 0.104730
v -0.025453 0.365896 0.114871
v 0.442362 0.022492 0.109951
v -0.568099 -0.003888 0.104598
v -0.977070 0.966756 0.122690
v 0.484376 0.038610 0.124368
v -0.659964 0.687461 0.113428
v -1.050358 1.095017 0.149197
v 0.339219 0.072834 0.144343
v 0.711269 -0.002153 0.172620
v -0.644723 0.951028 0.170354
v -0.139631 0.027098 0.152605
v -0.144979 0.046265 0.148520
v -0.532710 0.591066 0.152972
v -0.552871 0.945962 0.155831
v -0.768781 1.021323 0.144819
v -0.709394 1.233804 0.165903
v -0.796986 1.284386 0.152686
v 0.943997 0.500408 0.138536
v 0.427691 0.582858 0.161200
v 0.144266 0.115189 0.166114
v 0.300341 0.125713 0.167509
v -0.786149 1.044329 0.156308
v -0.667261 0.066993 0.185088
v 0.795275 0.496540 0.177933
v 0.511570 0.631402 0.185198
v -0.625023 0.938918 0.180074
v -1.036007 1.121491 0.197997
v 0.511308 0.158099 0.201008
v 0.454825 0.218449 0.201548
v -0.855190 1.209537 0.177138
v -0.494775 0.044997 0.198545
v 0.359075 0.139269 0.195079
v 0.502722 0.275214 0.189424
v -0.972184 1.076284 0.195781
v -0.893623 1.271922 0.194253
v 0.106289 0.073713 0.195994
v 0.441433 0.380259 0.190159
v 0.462725 0.388964 0.191675
v 0.462702 0.403897 0.192342
v 0.105784 0.056515 0.205113
v 0.614558 0.252406 0.218287
v 0.505796 0.300908 0.206205
v -0.990049 1.027668 0.227240
v 0.467046 0.228196 0.213673
v 0.468771 0.366008 0.196076
v 0.130354 0.062832 0.224262
v 0.515193 0.307202 0.217608
v 0.551269 0.482725 0.216170
v -1.004632 1.004715 0.214776
v -0.845568 1.234035 0.214913
v -0.771272 1.198508 0.223852
v 0.428912 0.103808 0.225954
v 0.503506 0.288783 0.217723
v -0.810955 1.260237 0.225593
v 0.413046 0.056761 0.218830
v -0.024124 0.141967 0.239250
v 0.449519 0.147235 0.230196
v 0.449423 0.148195 0.230158
v 0.521520 0.309060 0.234378
v 0.494522 0.273720 0.235254
v 0.505539 0.290306 0.234303
v 0.470080 0.236832 0.238120
v 0.486201 0.261174 0.237314
v 0.492021 0.269953 0.235880
v 0.500055 0.282005 0.234495
v 0.502063 0.285022 0.234388
v 0.519461 0.033309 0.250765
v -0.581337 0.351923 0.260778
v -0.954735 1.031856 0.250804
v 0.513839 0.084842 0.269780
v 0.413100 0.400255 0.263388
v -0.301667 0.054923 0.268118
v 0.527624 0.287068 0.258954
v -0.642739 0.256938 0.270519
v -0.561478 0.312110 0.266731
v 0.511903 0.155148 0.266834
v 0.650279 0.246494 0.292388
v 0.576429 0.404298 0.286376
v -0.854937 0.929072 0.272722
v -0.176090 0.135415 0.279483
v 0.598434 0.227031 0.277649
v 0.400084 0.332840 0.279661
v 0.427993 0.103601 0.283105
v 0.898936 0.243073 0.281931
v -0.290800 0.250468 0.285929
v 0.420622 0.110524 0.293319
v 0.208520 0.114068 0.285051
v 0.108564 0.030707 0.302493
v -0.422673 0.120463 0.287246
v 0.412965 0.086538 0.307764
v 0.218089 0.075355 0.328774
v 0.824984 0.272566 0.312055
v -0.437378 0.269178 0.368128
v 0.451787 0.424620 0.346912
v 0.419585 0.356507 0.337359
v -0.426998 0.051196 0.351365
v -0.642370 0.024123 0.372004
v -0.639596 0.034692 0.395197
v -0.380839 0.035944 0.383993
v -0.435107 0.214626 0.400676
v -0.465427 0.228570 0.407948
v -0.458543 0.197221 0.410358
v -0.560277 0.227059 0.435241
v -0.388795 0.024438 0.415008
v -0.610207 0.206093 0.427244
v -0.472277 0.142948 0.432289
v -0.610920 0.174893 0.496281
v 0.452935 0.107959 -0.462359
v 0.380383 0.019227 -0.460537
v 0.469510 0.136702 -0.375935
v -0.178620 1.292020 -0.388011
v -0.213589 1.026306 -0.390350
v -0.253018 1.132550 -0.384732
v -0.259066 1.055998 -0.367804
v -0.209960 0.076540 -0.373829
v 0.357365 0.259512 -0.350248
v 0.318354 0.224202 -0.367107
v -0.223314 1.283605 -0.351278
v -0.216639 0.184243 -0.355511
v 0.288705 0.228345 -0.359909
v -0.730757 0.096903 -0.338747
v -0.238271 1.015592 -0.328107
v 0.267016 0.187785 -0.333822
v -0.333598 0.134665 -0.329183
v -0.820631 0.138397 -0.330722
v -0.353773 1.021386 -0.325742
v -0.436589 1.154190 -0.293034
v -0.371542 1.400503 -0.326544
v -0.328962 0.158543 -0.315415
v -0.306276 0.973685 -0.314813
v 0.530141 0.100263 -0.303056
v -0.419630 1.100058 -0.299269
v -0.163566 0.396026 -0.309655
v 0.168751 0.877430 -0.313649
v 0.499235 0.255651 -0.306947
v 0.394732 0.462306 -0.304537
v 0.102013 0.841704 -0.306350
v -0.370056 1.285602 -0.311747
v 0.471113 0.976982 -0.299434
v 0.409476 1.032670 -0.292981
v 0.380446 1.014411 -0.303622
v 0.469634 0.602677 -0.293421
v 0.544849 0.690542 -0.303303
v 0.040325 0.561715 -0.301252
v -0.674247 0.161259 -0.288872
v -0.161847 0.414157 -0.279647
v 0.566674 0.929531 -0.289439
v -0.077882 0.476475 -0.291021
v -0.076548 0.641777 -0.274436
v -0.287697 1.009773 -0.295913
v -0.271934 1.014735 -0.288011
v -0.456360 1.168865 -0.283065
v -0.099004 0.382760 -0.286726
v -0.085741 0.564133 -0.286350
v 0.076723 0.909901 -0.277415
v 0.222934 1.041724 -0.266772
v 0.002673 1.488425 -0.278244
v -0.316771 0.953659 -0.259838
v -0.491131 1.251012 -0.265710
v 0.573581 0.486766 -0.267816
v -0.092293 0.698885 -0.236278
v -0.447282 0.974800 -0.262194
v -0.240644 0.001365 -0.283556
v -0.650388 0.192863 -0.240310
v -0.014081 0.823781 -0.257546
v 0.046796 0.936176 -0.242284
v -0.537942 0.066201 -0.227543
v 0.251401 0.388580 -0.234997
v 0.659712 0.887325 -0.247468
v -0.609458 0.085180 -0.260195
v 0.566141 0.242163 -0.267328
v -0.184384 0.470330 -0.245351
v -0.468651 1.118761 -0.246093
v -0.843170 0.056455 -0.237282
v -0.181707 0.103124 -0.241610
v 0.127879 0.514193 -0.217615
v -0.377546 0.853094 -0.242617
v -0.429592 0.894412 -0.228112
v -0.247880 1.133920 -0.248307
v -0.871142 0.052129 -0.243195
v 0.244659 0.722017 -0.233352
v 0.700376 0.675114 -0.219550
v 0.514455 1.060544 -0.224896
v 0.361955 0.545699 -0.248398
v -0.183587 0.565512 -0.188243
v -0.519616 0.934439 -0.202590
v -0.158894 1.014091 -0.203986
v -0.508851 0.755115 -0.205529
v -0.140380 1.065482 -0.202339
v 0.717019 0.047220 -0.190493
v 0.436519 1.109465 -0.193624
v -0.370352 1.383015 -0.186064
v -0.821851 0.130906 -0.189558
v 0.307682 1.112770 -0.187034
v -0.654478 1.219251 -0.162466
v -0.320110 1.295508 -0.190133
v -0.465775 0.566755 -0.166809
v -0.528586 0.854792 -0.167547
v 0.567481 1.061774 -0.182817
v -0.601614 1.092577 -0.161275
v -0.319871 1.510944 -0.182896
v 0.397246 0.000767 -0.167652
v -0.855368 0.072713 -0.176093
v -0.602437 0.513983 -0.180528
v -0.583804 0.626260 -0.177646
v -0.546650 0.816615 -0.171928
v -0.534979 0.532224 -0.173140
v 0.723554 0.771828 -0.190720
v -0.298857 1.527722 -0.158762
v -0.724304 0.183121 -0.155224
v -0.751993 0.245154 -0.160320
v 0.712089 0.899655 -0.174811
v 0.313526 1.160944 -0.169541
v -0.836835 0.117108 -0.157220
v 0.205698 0.349270 -0.128686
v -0.729202 0.525501 -0.152855
v -0.628724 0.707634 -0.158766
v -0.565050 0.925929 -0.169456
v -0.674245 0.998623 -0.143720
v 0.588663 1.048905 -0.175461
v -0.691066 1.164461 -0.145479
v 0.164183 1.127798 -0.161329
v 0.301322 1.158391 -0.151096
v 0.255162 0.706870 -0.151855
v -0.541853 1.091668 -0.186173
v -0.690562 1.297429 -0.137134
v 0.816419 0.812905 -0.152888
v 0.663031 1.043380 -0.153508
v -0.114427 0.844186 -0.143988
v 0.560470 1.105261 -0.144526
v -0.367066 -0.003483 -0.129473
v -0.871541 0.077838 -0.151052
v -0.424129 0.379604 -0.138551
v -0.657530 0.713262 -0.136008
v 0.893093 0.848104 -0.149649
v -0.201272 0.005747 -0.154972
v -0.821068 0.070910 -0.141320
v 0.559782 0.368753 -0.120430
v 0.082223 0.354652 -0.166445
v 0.736570 0.656997 -0.126590
v 0.280248 1.105611 -0.126047
v 0.593087 1.089812 -0.127307
v 0.794189 0.007354 -0.105520
v -0.744772 1.100195 -0.123163
v -0.707517 1.222902 -0.123580
v -0.314578 0.655286 -0.118331
v 0.025594 0.976619 -0.118295
v -0.387179 0.536156 -0.085529
v 0.603910 1.060316 -0.130502
v -0.805631 0.214019 -0.111242
v 0.769991 0.878265 -0.116481
v -0.615604 1.131330 -0.107859
v -0.601654 1.136394 -0.107864
v 0.083196 0.327158 -0.094063
v -0.584861 1.052286 -0.095053
v -0.729690 1.097612 -0.104417
v -0.725854 1.231983 -0.093234
v -0.299799 0.655673 -0.098794
v -0.663484 1.121473 -0.103172
v -0.767562 0.953805 -0.094122
v 0.307379 1.081371 -0.048009
v -0.302584 0.452736 -0.096065
v -0.149657 0.702335 -0.073746
v -0.555610 0.976929 -0.098511
v 0.704387 0.893130 -0.086006
v -0.203982 1.153098 -0.081769
v -0.523995 0.900800 -0.063381
v 0.899416 0.992047 -0.080851
v -0.733581 1.210712 -0.067152
v 0.751382 0.717242 -0.074189
v 0.941109 0.752456 -0.076898
v 0.104074 0.363131 -0.063381
v 0.768689 0.588370 -0.064636
v 0.755437 0.724883 -0.072325
v 0.903936 0.765182 -0.066525
v -0.211214 0.959525 -0.041970
v -0.143281 1.183913 -0.069867
v 0.112621 0.389980 -0.067687
v 0.257093 0.420318 -0.063419
v -0.270461 0.521255 -0.076323
v 0.749874 0.703491 -0.067609
v -0.654322 1.034671 -0.054134
v -0.911734 1.212748 -0.080004
v -0.389988 0.504191 -0.078700
v -0.895518 1.159697 -0.057406
v -0.843523 0.417671 -0.063761
v 0.683441 0.489078 -0.053257
v 0.965669 0.756505 -0.062414
v 1.024716 0.933486 -0.036505
v -0.038283 1.144106 -0.054169
v -0.159770 1.034469 -0.052306
v 0.725369 0.571320 -0.044637
v -0.077946 1.247438 -0.056811
v 0.661949 0.528429 -0.046219
v 0.340495 0.534894 -0.038547
v 1.087306 0.896181 -0.044546
v 0.836963 0.910953 -0.026914
v -0.066546 1.027900 -0.038576
v 0.851081 0.035779 -0.024640
v 0.250034 0.060904 -0.022812
v 0.227250 0.276154 -0.028972
v 0.608395 0.405158 -0.040017
v -0.097114 0.752047 -0.030062
v 0.802098 0.150092 -0.030969
v 0.052982 0.255653 -0.023703
v -0.353468 0.632723 -0.051111
v 0.246464 0.744110 -0.044124
v 1.056106 0.809703 -0.030853
v 1.088671 0.874319 -0.030417
v 0.994070 0.851660 -0.032304
v -0.641210 0.962389 -0.031261
v -0.732410 1.274688 -0.011654
v 0.481681 0.016791 -0.032942
v 0.578179 0.331375 -0.017127
v -0.704933 1.327567 -0.026439
v -0.413694 0.023164 0.001853
v -0.302613 0.037752 -0.018671
v -0.068957 1.292233 -0.029185
v 0.565111 0.319114 -0.014366
v 0.666264 0.629392 -0.002929
v 0.849008 0.966163 -0.015445
v -0.389507 1.330589 -0.005601
v -0.314701 1.341471 -0.013890
v -0.238148 1.386247 -0.012096
v -0.245619 1.407014 -0.007743
v -0.300122 0.037330 -0.006523
v 0.507331 0.379862 0.006811
v 1.036893 0.960448 0.000189
v -0.839431 1.036971 -0.007608
v 0.227652 0.228887 -0.008622
v -0.870848 0.398960 0.027648
v 0.940245 0.918891 -0.009276
v -0.812603 1.005034 0.003577
v 0.531525 0.024131 0.002412
v -0.300994 0.036847 -0.006017
v 0.533182 0.108957 0.002687
v 0.332729 0.853067 0.015426
v 0.317155 1.009495 0.018059
v -0.572184 -0.000601 0.030709
v 0.476667 0.045099 -0.014869
v -0.934498 1.206193 -0.000045
v -0.628184 0.008933 0.091501
v 0.398903 0.012925 0.041614
v 0.380683 0.847363 0.010896
v 0.066223 0.909084 0.014806
v -0.244621 0.963122 -0.000641
v -0.915079 1.291186 0.014505
v 0.900202 0.433052 0.006750
v -0.321032 1.380855 0.022446
v -0.910771 1.191440 0.023382
v 0.700077 -0.005831 0.107337
v -0.241665 0.469069 0.012478
v 0.155718 0.920980 0.030934
v 0.211655 0.986052 0.014373
v -0.943741 1.199950 0.033821
v -0.244616 1.399871 0.012771
v 0.492928 0.138227 0.024436
v 0.230768 0.238574 0.018295
v 0.870329 0.690206 0.011800
v -1.011249 0.921333 0.020867
v -0.187316 1.132026 0.025220
v 0.464808 0.093695 0.026738
v 0.520572 0.183640 0.027981
v 0.809916 0.200666 0.038820
v 0.450667 0.454185 0.031078
v 0.113243 0.862678 0.040893
v 0.362616 0.964174 0.030382
v -0.887076 1.218693 0.027390
v 0.262767 0.098522 0.037741
v 0.107782 0.483275 0.009978
v 0.439700 0.566571 0.028782
v 0.555671 0.882690 0.035118
v -0.794163 0.923492 0.088021
v -0.844153 1.031582 0.026254
v -0.686517 1.325438 0.034645
v 0.402667 0.989778 0.027479
v -0.850453 1.030886 0.025888
v -0.860748 1.229113 0.037928
v 0.574533 0.642906 0.042793
v -0.058507 0.101574 0.044230
v -0.239160 1.285567 0.036850
v 0.845002 0.163379 0.046769
v -0.950549 1.266755 0.054004
v -0.735869 0.035051 0.026100
v 0.520420 0.179595 0.048739
v -0.315105 1.183608 0.048669
v -0.712755 0.936695 0.097506
v -0.548042 0.985298 0.047815
v -0.520028 0.977946 0.033089
v -0.289450 1.371886 0.035251
v 0.077234 0.499015 0.057264
v -0.916360 1.230235 0.062118
v 0.843391 0.091192 0.071834
v 0.425975 0.114602 0.060413
v 0.824493 0.194053 0.058584
v 0.552987 0.208669 0.062484
v 0.822176 0.299994 0.066374
v 0.949772 0.393352 0.070878
v -0.349415 1.064067 0.063921
v -0.349594 0.759455 0.054533
v -0.112315 0.056429 0.071175
v -0.577444 0.784792 0.070402
v -0.353927 0.937262 0.080791
v -0.414635 1.310739 0.059420
v 0.533806 0.056858 0.079637
v 0.932550 0.543616 0.116525
v -0.721350 1.280727 0.062568
v 0.219455 0.073004 0.078041
v 0.248969 0.283515 0.103223
v 0.375080 0.335476 0.103487
v -0.173435 0.475322 0.081392
v 0.422039 0.022989 0.096841
v -0.041950 0.230897 0.107615
v -0.150729 0.475143 0.093617
v -0.460782 0.781048 0.093537
v -0.403686 0.966241 0.094975
v -0.657099 1.252446 0.066753
v 0.685109 -0.008806 0.052352
v 0.679931 0.296109 0.087139
v 0.757668 0.466496 0.077249
v 0.140906 0.063445 0.086976
v 0.741114 0.396809 0.093586
v -0.820582 0.480443 0.115227
v -0.951037 0.961283 0.118268
v 0.164609 0.126204 0.111326
v 0.230820 0.130920 0.098789
v -0.848646 0.403710 0.107600
v -0.996422 1.057949 0.111408
v 0.714363 0.336747 0.099862
v 0.272267 0.098594 0.119729
v 0.951747 0.338161 0.116476
v -0.820473 0.453058 0.116112
v 0.328722 0.343426 0.120191
v -0.956633 1.314836 0.085827
v -0.224393 0.420944 0.114161
v -0.470511 1.021361 0.124626
v -0.614854 1.311307 0.106172
v -0.457255 0.968240 0.125893
v -0.922262 1.287662 0.111385
v -1.035228 1.001693 0.147466
v -0.455304 1.029641 0.118194
v -0.065306 0.153581 0.130455
v 0.292162 0.321391 0.144017
v -0.552559 1.083597 0.115072
v 0.184344 0.068406 0.154159
v -0.835753 1.340160 0.133295
v -0.155252 0.052065 0.130668
v -0.042240 0.213408 0.148285
v 0.249675 0.229325 0.148470
v -0.275878 0.392936 0.130650
v -0.577949 1.210730 0.145281
v -0.483196 0.577916 0.138580
v -0.699697 0.956869 0.156932
v -0.643643 0.627178 0.152659
v -0.466456 0.952411 0.131066
v -1.001221 1.042752 0.172222
v -0.132530 0.048251 0.148319
v 0.532914 0.240723 0.174635
v -0.104453 0.406518 0.145831
v -0.564231 1.019884 0.154564
v -0.791199 1.027656 0.159373
v -0.144116 0.029806 0.156432
v -0.109038 0.027805 0.163424
v 0.468401 0.316944 0.179598
v -0.609611 1.136964 0.137206
v 0.460467 0.237132 0.205719
v 0.104150 0.026339 0.179152
v 0.145200 0.057066 0.180916
v -1.085690 1.114393 0.175972
v 0.155394 0.039666 0.189856
v 0.118222 0.066832 0.182105
v -0.625983 0.035882 0.175982
v -0.454587 0.028882 0.186350
v -0.611399 0.058343 0.200763
v -0.735390 0.115173 0.183570
v -0.757365 0.207610 0.198856
v 0.520745 0.604681 0.205956
v -0.681868 1.021908 0.176116
v 0.465304 -0.003162 0.181363
v -0.891663 0.958556 0.199451
v 0.551221 0.223504 0.242613
v -0.061643 0.220916 0.218558
v 0.512932 0.292494 0.194287
v -0.035270 0.080911 0.221964
v -0.736435 0.445569 0.197579
v -0.759523 0.986318 0.215176
v -0.722100 1.175419 0.208664
v 0.166731 0.128848 0.228805
v -0.118340 0.281991 0.212898
v -0.127731 0.226027 0.205536
v 0.350373 0.207549 0.227580
v 0.491283 0.267442 0.220560
v 0.492670 0.269384 0.220734
v 0.518439 0.312396 0.222283
v 0.443015 0.128497 0.229178
v 0.372404 0.351749 0.250755
v -0.503796 0.051776 0.231205
v 0.126894 0.109177 0.221566
v 0.493175 0.163574 0.227058
v 0.508760 0.295441 0.234256
v 0.404431 0.401132 0.229917
v -0.301993 0.067899 0.220329
v 0.461534 0.161207 0.233604
v 0.474811 0.244082 0.238027
v 0.475400 0.244970 0.238021
v 0.490507 0.267665 0.236299
v 0.506882 0.292417 0.234286
v 0.440901 0.129911 0.243704
v 0.486675 0.261885 0.237257
v -0.286255 0.043119 0.240806
v -0.361452 0.358518 0.249386
v -0.964855 0.964677 0.274948
v 0.445627 0.146782 0.266087
v -0.582676 0.264916 0.257236
v 0.484198 0.617252 0.234752
v -0.816054 0.947930 0.216533
v -0.616856 0.287402 0.238575
v 0.524919 0.288256 0.255613
v -0.040431 0.058156 0.271946
v -0.062325 0.152489 0.262364
v 0.524768 0.289188 0.269640
v 0.444149 0.556312 0.265815
v -0.854479 0.988891 0.263608
v 0.576098 0.493825 0.264972
v -0.062421 0.130654 0.278213
v 0.439742 0.547345 0.277634
v -0.107510 0.165189 0.286511
v 0.532979 0.280422 0.276077
v -0.490566 0.292866 0.281927
v 0.468109 0.166250 0.295523
v -0.123370 0.183624 0.281090
v 0.581823 0.211246 0.275224
v -0.549591 0.263193 0.300420
v -0.958841 0.994383 0.287281
v -0.912178 0.979565 0.302309
v 0.434210 0.065244 0.288137
v -0.486222 -0.003302 0.326725
v 0.107454 0.013743 0.313619
v 0.212391 0.109064 0.316560
v -0.491161 0.269004 0.329038
v -0.581351 -0.001795 0.299638
v -0.102481 0.070582 0.329598
v 0.768612 0.272754 0.322341
v -0.384411 0.144238 0.326533
v 0.665411 0.172035 0.330399
v 0.779283 0.154132 0.333529
v 0.632029 0.119365 0.323727
v 0.448726 0.041202 0.335240
v -0.536208 0.232421 0.349649
v 0.529455 0.366303 0.382798
v -0.425857 0.008976 0.400823
v -0.638949 0.165523 0.384922
v -0.418278 0.146949 0.412536
v -0.550342 0.200584 0.467236
v 0.392698 0.044954 -0.462904
v 0.414871 0.030965 -0.437997
v 0.354196 0.134486 -0.440449
v 0.469615 0.119976 -0.422531
v 0.419652 0.047240 -0.409620
v 0.361453 0.099751 -0.396145
v -0.233949 1.283433 -0.396104
v -0.204457 1.015356 -0.382579
v -0.264080 1.197111 -0.375507
v 0.318920 0.181609 -0.362163
v 0.335980 0.163827 -0.360750
v -0.276377 0.101952 -0.362685
v -0.218871 1.012102 -0.359153
v -0.262423 0.144214 -0.346595
v -0.180475 0.140453 -0.334861
v -0.200177 0.186461 -0.328586
v -0.704825 0.114584 -0.331519
v -0.408790 1.139415 -0.307202
v -0.398293 1.207990 -0.326914
v -0.541809 0.071694 -0.316319
v -0.714576 0.080322 -0.304788
v -0.363242 1.046700 -0.332593
v 0.430945 0.125150 -0.300207
v -0.493529 0.259235 -0.321056
v -0.330584 1.136790 -0.355102
v -0.591153 0.260321 -0.315081
v -0.398905 1.009625 -0.302182
v -0.406899 1.213789 -0.320762
v -0.821178 0.132330 -0.308692
v -0.537533 0.173995 -0.297579
v 0.122044 0.799972 -0.312102
v 0.285537 0.977821 -0.315148
v 0.297143 0.988409 -0.309947
v -0.401169 -0.004127 -0.306773
v 0.588973 0.107690 -0.287832
v 0.329933 0.287437 -0.302451
v -0.138914 0.255532 -0.303289
v -0.579838 0.356371 -0.304174
v 0.470189 0.418272 -0.304123
v 0.183475 0.724597 -0.288107
v -0.359833 1.340754 -0.307591
v 0.552102 0.517816 -0.290808
v 0.423459 0.830548 -0.285266
v -0.440229 1.255516 -0.286609
v -0.518769 0.362793 -0.263127
v 0.014313 0.756086 -0.291400
v 0.581626 0.886274 -0.292776
v -0.082088 0.406256 -0.284341
v 0.040817 0.481417 -0.286077
v -0.299501 0.987236 -0.271213
v -0.489867 1.211840 -0.273261
v 0.246115 0.210545 -0.251757
v 0.463194 1.053397 -0.256788
v -0.202078 0.379028 -0.271589
v -0.377675 1.293580 -0.284477
v -0.136217 0.155946 -0.252468
v -0.415404 0.946987 -0.252958
v -0.440051 0.987576 -0.273766
v 0.000761 1.445672 -0.261559
v -0.049067 0.288013 -0.255634
v -0.754756 0.165763 -0.257517
v 0.435118 1.054452 -0.269169
v 0.038960 1.495541 -0.259016
v -0.468270 1.322382 -0.248986
v 0.479144 0.124488 -0.259402
v -0.677694 0.226805 -0.230055
v -0.149495 0.546738 -0.248700
v -0.187020 1.379880 -0.236686
v 0.674728 0.827329 -0.253161
v 0.614764 0.944983 -0.258509
v -0.905807 0.050991 -0.229093
v -0.454804 1.313889 -0.220176
v -0.691624 0.174165 -0.246641
v -0.719057 0.299653 -0.225516
v 0.636140 0.133639 -0.239346
v -0.521901 1.029938 -0.226424
v -0.081609 1.455453 -0.222036
v -0.048775 0.813521 -0.220706
v -0.260083 1.390707 -0.211302
v -0.232212 1.414200 -0.197913
v 0.346939 0.761452 -0.189166
v 0.255826 0.105572 -0.204707
v -0.597786 0.094269 -0.185435
v -0.577489 0.430785 -0.187719
v -0.223810 1.331005 -0.191504
v -0.114614 1.380379 -0.195734
v -0.841357 0.089534 -0.185162
v 0.644980 1.007632 -0.168036
v -0.699362 1.122776 -0.173948
v -0.636234 0.478261 -0.180645
v -0.669313 0.510240 -0.177022
v -0.291109 1.524802 -0.185102
v -0.498261 0.015360 -0.163956
v -0.557047 0.562731 -0.174805
v -0.202962 0.806988 -0.165962
v -0.044529 0.958505 -0.164180
v -0.236100 1.325896 -0.172176
v 0.372856 -0.006482 -0.146862
v -0.220754 0.551165 -0.120903
v -0.142858 1.382046 -0.171547
v -0.396827 1.412200 -0.164165
v 0.620864 0.459196 -0.128711
v -0.413934 0.591948 -0.147927
v 0.257033 0.703408 -0.157080
v -0.098142 0.886510 -0.152294
v -0.516482 0.978035 -0.146337
v -0.662024 0.644058 -0.160201
v -0.393900 0.619278 -0.157433
v 0.156420 0.510224 -0.152169
v 0.747330 0.755101 -0.150353
v -0.248894 -0.007998 -0.151127
v -0.208168 1.363667 -0.148409
v -0.047967 0.970857 -0.141321
v 0.238210 1.106334 -0.143123
v 0.533156 1.126303 -0.133732
v 0.515013 0.024476 -0.147542
v 0.709278 0.994795 -0.136923
v 0.010637 1.015328 -0.135742
v -0.619619 1.310403 -0.139157
v -0.218480 1.182689 -0.146095
v -0.103173 0.891941 -0.136227
v -0.592161 0.978435 -0.128609
v 0.673192 1.018296 -0.131523
v -0.564406 1.061935 -0.112767
v -0.456239 1.353190 -0.131170
v -0.520144 0.001601 -0.124903
v 0.770236 0.099353 -0.103246
v 0.794670 0.893981 -0.128174
v 0.785660 0.023777 -0.122724
v -0.220462 0.820920 -0.118176
v -0.042176 0.919840 -0.113833
v -0.603414 1.130117 -0.119245
v -0.739846 0.075114 -0.117523
v -0.259890 0.486719 -0.115944
v -0.395235 0.406007 -0.088691
v -0.639409 1.038297 -0.093415
v -0.226958 0.633165 -0.101644
v -0.607352 1.137086 -0.103930
v 0.758204 0.794164 -0.087887
v -0.744294 0.649210 -0.080241
v -0.215079 0.646299 -0.094093
v -0.727989 0.914941 -0.089902
v 0.090178 1.003027 -0.061714
v 0.129334 0.420745 -0.082989
v 0.803131 -0.000709 -0.052122
v -0.289009 0.509599 -0.077212
v -0.348659 0.579120 -0.078953
v 0.888363 0.749607 -0.073656
v -0.746104 1.008690 -0.059059
v -0.722698 1.216198 -0.056980
v 0.193788 0.246804 -0.072179
v -0.338801 0.467807 -0.061699
v -0.310343 0.695152 -0.070347
v 1.006438 0.855757 -0.088175
v -0.314915 0.022199 -0.064180
v -0.222287 0.530407 -0.058918
v 0.824565 0.904299 -0.050016
v -0.187780 1.010671 -0.073881
v -0.345167 1.328858 -0.074516
v 0.087821 0.339397 -0.059974
v 0.613002 0.395519 -0.046902
v 0.903184 0.777747 -0.056166
v -0.045393 1.280113 -0.062486
v -0.718330 0.048834 -0.062490
v 0.252380 0.043989 -0.055890
v 1.063532 0.810360 -0.044171
v -0.852103 0.269933 -0.045675
v 1.039060 0.856847 -0.047970
v 1.095251 0.881327 -0.038465
v 0.710699 0.146835 -0.033407
v 0.692558 0.609902 -0.045051
v -0.748948 0.662455 -0.020248
v 0.713404 0.150917 -0.019370
v 0.642575 0.447708 -0.045518
v -0.833802 0.910983 -0.043972
v 0.392139 0.627982 -0.026974
v 0.751953 0.663734 -0.045879
v -0.040467 1.281553 -0.044554
v 0.229487 0.121653 -0.024443
v -0.814017 0.144294 -0.038733
v -0.429023 0.035239 -0.015223
v 0.236800 0.300346 -0.020877
v 1.083685 0.896010 -0.027344
v -0.367956 1.324441 -0.024673
v -0.606146 1.078483 -0.029234
v -0.606055 1.078881 -0.028471
v -0.624962 1.344232 0.009663
v -0.305132 0.037521 -0.020401
v 0.442672 0.786295 0.011457
v 1.021502 0.932220 -0.024340
v 0.952071 0.985386 -0.020192
v 0.632454 -0.004939 -0.016475
v -0.311110 0.038682 -0.002274
v -0.012599 0.143989 -0.023396
v -0.697015 0.726257 -0.015973
v -0.817270 1.023757 -0.018100
v -0.900120 1.266752 0.001204
v -0.864464 0.251914 -0.014115
v -0.157605 1.203620 -0.001641
v 0.364555 0.496863 -0.002349
v -0.938873 0.915021 -0.009015
v -0.859740 0.231532 -0.008487
v 0.545459 0.437866 -0.000631
v 0.146487 0.974278 0.008517
v -0.237591 1.403767 -0.002811
v -0.313757 0.428777 0.022075
v 1.000010 0.933771 -0.000994
v 0.205581 0.775985 0.015004
v -0.173076 1.052393 0.009656
v 0.750473 0.206142 0.013571
v 0.886195 0.669866 0.017886
v -0.683210 0.938146 0.032384
v -0.865190 1.123482 0.003611
v 0.447779 0.048121 0.009458
v -0.771370 0.070189 0.023107
v -0.837156 0.156244 0.035056
v -0.426994 0.586979 0.057890
v 0.938338 0.572454 0.043803
v -0.044152 0.762156 0.028348
v 0.985595 0.978024 0.008154
v 0.861098 0.100708 0.024852
v 0.593235 0.267926 0.024089
v 0.280663 0.346340 0.003007
v -0.454453 0.956219 0.017161
v -0.177144 1.086137 0.007986
v 0.256433 0.287565 0.019910
v -0.567788 0.835128 0.006564
v -0.092101 0.677419 0.035202
v -0.292314 0.953507 0.019287
v 0.747311 0.467809 0.030834
v -0.840945 0.489921 0.058435
v -1.000004 1.301491 0.016226
v -0.275181 1.402808 0.035301
v -0.409728 0.020252 0.030357
v 0.546061 0.022130 0.027564
v 0.545194 0.022252 0.027228
v -0.096983 0.069860 0.075562
v 0.456853 0.081351 0.032569
v 0.789770 0.431787 0.038903
v -0.663852 0.747561 0.050006
v -0.662616 0.954029 0.042034
v -0.899088 1.029634 0.027271
v -0.695526 1.305996 0.032292
v -0.614766 0.769838 0.054594
v 0.507531 0.843772 0.040902
v 0.226247 0.860536 0.037594
v 0.476357 0.961392 0.029800
v -1.036197 0.967980 0.038338
v -0.841902 1.368728 0.066257
v 0.537756 0.620046 0.043596
v -0.770270 0.636918 0.051344
v -0.342823 1.305293 0.037730
v 0.540358 0.811141 0.043326
v -0.838569 1.031869 0.042408
v 0.831600 0.359000 0.048550
v -0.410215 0.907366 0.049744
v -0.895062 1.025792 0.061562
v -0.327873 1.134750 0.052758
v -0.669340 1.288851 0.054146
v -0.047356 0.125982 0.060935
v 0.523776 0.038978 0.070720
v -0.861212 0.228212 0.058958
v 0.952984 0.438226 0.065963
v -0.674961 0.015611 0.095268
v 0.747980 0.396727 0.068267
v -1.040362 0.940889 0.064836
v 0.661170 0.283344 0.073968
v -0.158812 0.527707 0.058347
v -0.874269 1.363309 0.091065
v -0.341789 0.000375 0.099676
v -0.454222 1.122211 0.054904
v -0.331647 0.017735 0.072766
v -0.366481 1.054855 0.078926
v -0.511796 1.099060 0.089381
v 0.913922 0.282267 0.085995
v -0.752062 0.631668 0.090913
v -0.361957 1.003740 0.080650
v -0.889039 1.056215 0.090901
v 0.150023 0.034628 0.091324
v 0.215336 0.072276 0.081615
v -0.470595 0.538407 0.126980
v -0.402319 1.032032 0.098603
v -0.936320 1.055243 0.085856
v -0.634558 1.276363 0.087034
v 0.550257 0.023805 0.109700
v -0.513515 0.765114 0.099882
v -0.965526 1.058588 0.090340
v -0.434703 1.179591 0.101442
v -0.498956 1.294263 0.093694
v 0.408874 0.299312 0.102900
v -0.006434 0.297868 0.096426
v -0.446508 0.629028 0.101728
v -0.394684 1.190989 0.099113
v -0.844166 1.251059 0.125845
v 0.171675 0.121342 0.098738
v 0.929753 0.263226 0.128090
v -0.581135 1.304420 0.121329
v 0.143178 0.064324 0.122778
v 0.761871 0.015481 0.101400
v -0.752200 1.017098 0.131843
v -0.899224 1.063384 0.115506
v -0.883128 1.336383 0.113654
v -1.040450 0.984294 0.126140
v 0.263665 0.090212 0.126933
v -0.803615 0.477690 0.144293
v -0.573734 0.982993 0.119189
v -0.424381 1.210264 0.110681
v 0.484693 0.028525 0.129470
v -0.696499 1.020319 0.122065
v -0.131443 0.393893 0.124057
v -0.797559 1.310563 0.132829
v -0.103270 0.416514 0.122898
v -0.376641 0.420549 0.119800
v 0.880942 0.536317 0.167568
v 0.366568 0.365503 0.169541
v -0.512716 0.643705 0.136448
v 0.451056 0.752064 0.133131
v 0.467209 0.560593 0.143483
v -0.637061 0.969939 0.135752
v -0.994116 1.052589 0.145064
v 0.153066 0.089692 0.134469
v 0.235841 0.125689 0.152425
v -0.113661 0.062013 0.148237
v -0.507542 0.946031 0.152548
v -0.777745 1.161108 0.158861
v -0.129624 0.038391 0.152702
v -0.782166 0.455077 0.165578
v -0.596424 0.630324 0.155412
v -1.042690 1.108069 0.139609
v 0.446519 0.022186 0.197377
v -0.774373 0.492620 0.162991
v -0.118160 0.024398 0.163677
v 0.711071 0.332430 0.175908
v -0.973541 0.986417 0.175163
v 0.832612 0.530161 0.172942
v 0.172476 0.124900 0.170491
v 0.941169 0.274722 0.205970
v -0.748318 1.164604 0.167426
v -0.163412 0.276866 0.169922
v -0.777699 0.391127 0.185690
v 0.135447 0.125993 0.196297
v -0.913099 1.066963 0.185342
v 0.505808 0.133019 0.201871
v 0.113253 0.055056 0.184288
v 0.114092 0.068237 0.189226
v 0.128696 0.111172 0.197459
v -1.003514 1.069089 0.180325
v -0.809211 1.183847 0.196894
v 0.389156 0.029792 0.218302
v 0.481008 0.388423 0.201048
v 0.475404 0.409722 0.195937
v 0.486325 0.430350 0.206379
v -0.852989 1.041090 0.208091
v -1.080994 1.109210 0.202122
v -0.878303 1.214785 0.197598
v -0.909797 1.326544 0.214981
v 0.489785 0.166560 0.202861
v -0.907726 1.074002 0.216391
v -1.024983 1.111046 0.204746
v -0.779525 1.188226 0.205895
v -0.922742 1.047376 0.243488
v 0.910567 0.191009 0.220985
v 0.478619 0.251924 0.213931
v 0.462269 0.224150 0.215430
v 0.502771 0.287673 0.217795
v 0.512626 0.305299 0.219351
v 0.431325 0.175755 0.225794
v 0.473547 0.241104 0.220848
v 0.412102 0.082152 0.240646
v 0.447924 0.146880 0.229365
v 0.505621 0.163540 0.233021
v -0.024351 0.112960 0.256095
v 0.449052 0.147303 0.231160
v 0.554646 0.533541 0.245202
v -0.790412 1.234580 0.232773
v 0.430977 0.111746 0.244606
v 0.500113 0.181578 0.246016
v 0.493132 0.271628 0.235589
v -0.079636 0.222137 0.250665
v 0.578515 0.234647 0.231324
v 0.471650 0.239269 0.238075
v 0.474545 0.243677 0.238030
v 0.478587 0.249760 0.237973
v 0.518254 0.311104 0.234066
v 0.452661 0.154358 0.239446
v -0.667156 0.256051 0.240084
v -0.795415 0.941270 0.248370
v 0.503693 0.060858 0.260076
v 0.141960 0.073790 0.255854
v 0.518998 0.279070 0.256575
v 0.421987 0.091515 0.257232
v 0.528875 0.288159 0.258906
v 0.432461 0.112919 0.272587
v 0.913750 0.276181 0.268210
v -0.652213 0.147144 0.287305
v 0.511534 0.248911 0.271353
v 0.526978 0.272643 0.278750
v -0.827137 0.951130 0.281433
v -0.629045 0.047313 0.278862
v -0.643085 0.233707 0.287183
v 0.682441 0.279113 0.285133
v 0.529687 0.278999 0.277212
v -0.386858 0.129290 0.303053
v 0.443876 0.516994 0.287426
v -0.465355 0.026865 0.282863
v -0.455181 0.278523 0.289431
v -0.860539 0.961829 0.290919
v -0.931230 0.971726 0.296423
v 0.125058 0.038469 0.295940
v 0.139921 0.032653 0.322947
v -0.642933 0.175166 0.342743
v 0.475700 0.555374 0.307719
v -0.248679 0.050833 0.325080
v -0.282151 0.186173 0.318959
v -0.438288 0.059684 0.301748
v 0.394165 0.237412 0.324683
v 0.088700 0.019350 0.320860
v 0.818150 0.217385 0.327275
v 0.784566 0.213323 0.326644
v 0.177072 0.049206 0.348153
v 0.416937 0.229102 0.350321
v 0.166108 0.078372 0.347839
v 0.440224 0.018117 0.362502
v -0.302186 0.154054 0.345207
v 0.452025 0.022724 0.358826
v 0.439124 0.318142 0.379060
v -0.653481 0.076903 0.382081
v -0.456873 0.160325 0.410747
v -0.625556 0.090094 0.435311
v -0.627012 0.126197 0.458233
v -0.617939 0.136272 0.470717
v -0.591102 0.220710 0.484629
v 0.391593 0.020536 -0.472425
v 0.440588 0.030934 -0.453886
v 0.471533 0.031222 -0.439455
v 0.498807 0.112161 -0.400433
v 0.345407 0.158941 -0.431240
v 0.382470 0.183986 -0.433167
v 0.301693 0.116181 -0.397976
v 0.335146 0.156599 -0.380910
v 0.372083 0.224963 -0.388289
v -0.207390 1.271587 -0.399273
v -0.207935 1.132319 -0.368620
v -0.240950 0.104380 -0.366852
v 0.468243 0.173031 -0.359788
v 0.342799 0.254729 -0.370808
v -0.202976 1.208754 -0.357552
v -0.211827 1.254736 -0.371326
v 0.528404 0.127421 -0.361542
v -0.192378 1.142560 -0.358551
v -0.242518 0.141968 -0.358841
v 0.416116 0.182486 -0.353773
v -0.283842 1.280713 -0.363182
v -0.314147 0.117154 -0.345124
v 0.509708 0.151098 -0.356814
v -0.294639 -0.005717 -0.360615
v -0.332476 1.271932 -0.340276
v -0.215273 1.029614 -0.349382
v -0.357737 1.281368 -0.343754
v -0.223251 1.066936 -0.319521
v -0.215585 1.120914 -0.321443
v -0.752769 0.120539 -0.340805
v -0.416504 1.342937 -0.317833
v -0.481887 0.030860 -0.317568
v -0.182128 0.082782 -0.318081
v -0.371960 1.234253 -0.320787
v -0.299272 0.190319 -0.325310
v 0.319008 0.180031 -0.329648
v -0.226148 1.104163 -0.313558
v -0.363966 1.369320 -0.310814
v -0.495849 0.308523 -0.301230
v -0.169187 0.341966 -0.313822
v 0.505443 0.295436 -0.310474
v 0.444730 0.541052 -0.301107
v 0.063104 0.765891 -0.306952
v 0.452587 0.892662 -0.312687
v 0.522041 0.919410 -0.302224
v 0.524919 0.209264 -0.281494
v -0.677074 0.302159 -0.279704
v -0.243385 1.074167 -0.284043
v -0.437838 1.209249 -0.316149
v -0.795911 0.053403 -0.279264
v -0.316352 0.973928 -0.277188
v -0.432599 1.064910 -0.287613
v -0.287981 1.223522 -0.267041
v -0.139306 0.149140 -0.292875
v 0.518798 0.440184 -0.285502
v -0.379369 0.934288 -0.281751
v 0.277933 0.347352 -0.274977
v -0.495018 1.254290 -0.265549
v 0.259064 0.325503 -0.266453
v -0.002717 0.802458 -0.274299
v 0.501764 1.017750 -0.272644
v 0.584103 0.941068 -0.273520
v -0.513153 1.260380 -0.274401
v -0.318444 0.189030 -0.257395
v -0.839283 0.160952 -0.250522
v -0.003857 0.865715 -0.243121
v 0.580350 0.177245 -0.246541
v -0.281599 0.229392 -0.256095
v 0.660140 0.858425 -0.251284
v 0.170024 1.037613 -0.240994
v -0.715060 0.385809 -0.238862
v -0.304567 1.241791 -0.245506
v 0.369258 0.101199 -0.240880
v -0.262652 1.181345 -0.234462
v -0.533362 1.051485 -0.233720
v 0.391311 0.089213 -0.236189
v -0.651968 0.428604 -0.249401
v -0.364695 0.802054 -0.237659
v 0.381765 1.087382 -0.236203
v -0.245862 0.425866 -0.219438
v -0.769699 0.051640 -0.162340
v -0.454622 0.931104 -0.218546
v 0.067550 0.377825 -0.212257
v 0.232013 0.159126 -0.213354
v -0.530545 0.944093 -0.219551
v -0.519629 1.304081 -0.213618
v 0.197830 0.188310 -0.158080
v -0.333936 0.754637 -0.213500
v -0.604717 1.297536 -0.196991
v 0.634346 0.189066 -0.201441
v -0.407242 0.357912 -0.184230
v -0.124785 0.735083 -0.153130
v -0.165877 0.969315 -0.194392
v -0.186662 1.177950 -0.194176
v -0.150279 1.144045 -0.198411
v -0.607168 1.263179 -0.201929
v -0.712717 0.421596 -0.213423
v -0.149739 1.048246 -0.191564
v -0.478204 0.932701 -0.198655
v -0.145089 1.010218 -0.186575
v -0.185525 1.190376 -0.189941
v -0.347532 1.316567 -0.192826
v 0.502468 0.056787 -0.178406
v -0.546874 1.098973 -0.190342
v -0.295280 1.279190 -0.176835
v -0.682718 0.458994 -0.180605
v -0.563459 0.926982 -0.179228
v 0.619016 1.021126 -0.186278
v 0.465770 1.143730 -0.177109
v -0.330996 1.424473 -0.169636
v -0.220436 0.779394 -0.169661
v 0.393179 1.160527 -0.165296
v -0.614432 1.036266 -0.186634
v -0.198048 1.123762 -0.152597
v -0.347635 0.375807 -0.168401
v 0.255505 0.463584 -0.126757
v 0.259493 0.707692 -0.153912
v 0.753229 0.899695 -0.150727
v 0.690729 0.995815 -0.160080
v -0.486769 0.943571 -0.155947
v 0.323551 1.143434 -0.159447
v 0.250861 0.702606 -0.146746
v -0.045499 0.972479 -0.152136
v 0.766653 0.010315 -0.139767
v -0.133115 0.830611 -0.144155
v 0.485123 1.128315 -0.146311
v -0.553869 1.101624 -0.151799
v -0.568835 1.118140 -0.139545
v 0.233355 0.076362 -0.121569
v -0.167829 0.745269 -0.133046
v -0.667556 0.911249 -0.136146
v -0.626127 0.049734 -0.136754
v -0.683712 0.065759 -0.135058
v -0.715003 1.006104 -0.114491
v 0.230629 0.409710 -0.155378
v -0.224572 0.749989 -0.132562
v -0.502975 0.958742 -0.117003
v -0.704453 0.654080 -0.132763
v 0.316480 0.751461 -0.123561
v -0.699104 1.184298 -0.123238
v -0.827971 0.381489 -0.110161
v -0.111123 0.802206 -0.112589
v -0.695133 0.912136 -0.120856
v 0.502177 1.085072 -0.118753
v -0.771821 0.148460 -0.124643
v 0.926977 0.799627 -0.109251
v -0.747594 1.201112 -0.110144
v -0.609172 1.129857 -0.116405
v -0.719301 1.299627 -0.112311
v -0.319768 1.428173 -0.135092
v 0.707021 0.995650 -0.124637
v 0.873510 0.691883 -0.106807
v 0.302985 0.768217 -0.070453
v -0.119257 0.780015 -0.097678
v -0.618230 1.136583 -0.108688
v -0.283660 0.658935 -0.103299
v 0.786042 0.835171 -0.097760
v -0.758012 0.933967 -0.099269
v 0.325945 -0.004650 -0.100219
v -0.837904 0.409803 -0.087947
v 0.846028 0.658743 -0.115078
v -0.203937 0.699997 -0.107093
v -0.194560 1.098044 -0.119081
v -0.604246 1.137211 -0.105552
v -0.584800 1.139731 -0.102873
v -0.708998 1.259506 -0.095756
v 0.191024 0.192559 -0.091117
v -0.729390 1.206530 -0.092084
v 0.125426 0.415772 -0.086268
v 0.414490 1.062410 -0.022919
v -0.431012 0.000051 -0.096750
v -0.171507 0.734155 -0.097057
v 0.207323 0.329864 -0.084044
v 0.598002 0.376330 -0.068350
v -0.330104 0.592790 -0.080651
v 0.772807 0.793941 -0.082829
v 0.450915 1.081378 -0.069974
v -0.305996 0.483264 -0.071571
v 0.953984 0.764587 -0.086937
v -0.700601 1.140246 -0.072412
v 0.816243 0.584694 -0.083960
v 1.020223 0.922281 -0.071018
v -0.761060 1.000896 -0.070250
v -0.799343 1.216187 -0.054866
v -0.849737 1.231843 -0.059750
v -0.029970 0.112959 -0.010770
v 0.062506 0.275573 -0.062476
v -0.368631 0.533127 -0.060816
v -0.403048 0.037164 -0.066553
v 0.197206 0.187799 -0.064711
v 0.122244 0.452861 -0.023224
v -0.809484 0.561664 -0.048465
v 0.750973 0.689596 -0.060525
v 1.042485 0.841337 -0.052937
v -0.817997 1.131112 -0.060143
v 0.767962 0.132224 -0.055527
v -0.042955 1.292722 -0.053773
v -0.289499 0.456061 -0.042557
v 0.967365 0.770425 -0.049856
v 0.816832 0.988265 -0.058109
v 0.712215 0.547199 -0.054352
v -0.811759 0.916141 -0.048096
v -0.934258 1.176234 -0.040835
v -0.332933 0.451165 -0.039124
v -0.194584 0.551124 -0.022027
v 0.911074 1.041143 -0.021105
v -0.120590 1.119700 -0.042108
v -0.308083 0.034485 -0.028133
v -0.870896 0.332037 -0.025758
v -0.729493 1.006052 -0.033545
v 0.216211 1.041898 -0.023865
v -0.516734 1.144829 -0.014083
v 0.624601 0.479619 -0.043793
v 0.766587 0.699710 -0.020758
v 0.414550 0.734695 -0.042324
v 0.797446 0.795000 -0.049641
v 1.030864 0.844068 -0.039767
v 0.825559 1.003626 -0.026759
v -0.853757 1.118497 -0.021006
v -0.923103 1.252463 -0.025026
v -0.841249 0.221390 -0.040005
v 0.579804 0.419730 -0.037923
v -0.714496 1.296695 -0.017730
v 0.554440 0.390157 -0.033227
v -0.528355 1.099672 -0.015043
v 0.827356 0.121104 -0.011964
v -0.482747 0.948266 -0.010741
v 0.501344 0.033610 -0.017494
v -0.797967 0.100742 -0.021468
v -0.096891 0.722979 0.000226
v -0.167251 1.287025 -0.022630
v 0.427870 1.051702 -0.015796
v -0.082378 1.026306 -0.017903
v -0.150163 1.089398 0.001399
v 0.327763 -0.007269 0.039807
v 0.312649 0.438052 -0.015106
v -0.343857 0.434851 -0.011172
v -0.233697 0.959635 -0.014582
v -0.875491 1.039515 -0.016235
v -0.686541 0.748605 -0.026327
v -0.334236 1.361085 -0.007346
v -0.818265 0.132337 0.030902
v 0.253434 0.283715 0.006998
v -0.719354 1.281857 0.024679
v -0.267231 1.296274 0.002467
v 0.356844 0.447588 0.007572
v 0.492127 0.036295 -0.003391
v 0.485557 0.333090 0.020005
v -0.873769 1.018742 0.025993
v -0.196353 1.216430 0.009116
v -0.435737 1.325889 0.005976
v 0.717246 0.001318 0.047180
v 0.231756 0.236683 0.019342
v -0.931890 1.028139 0.012786
v -0.236499 1.246324 0.024391
v 0.605772 0.597286 0.024405
v 0.904426 0.370398 0.037897
v -0.190591 1.163726 0.014268
v 0.544311 0.022290 0.024446
v 0.417672 0.418231 0.026695
v -0.677357 0.722011 0.058560
v 0.625959 0.763041 0.030250
v -0.288535 0.996728 0.038233
v -0.252397 1.201197 0.027565
v -0.129527 0.595286 0.046970
v 0.290845 0.900581 0.031010
v -0.991156 0.931324 0.035764
v -0.270584 1.322794 0.025346
v -0.313439 1.343534 0.035052
v 0.546922 0.022568 0.031757
v 0.755047 0.459563 0.023859
v -0.073075 0.627396 0.065441
v -0.958034 0.947767 0.043548
v -0.269806 1.246862 0.040847
v -0.315186 1.302242 0.038385
v -0.261643 1.402866 0.032592
v 0.455288 0.319545 0.037709
v 0.876411 0.340503 0.042213
v -0.265548 1.222663 0.048690
v -0.569839 1.150275 0.063703
v 0.800713 0.202228 0.055456
v 0.409933 0.029650 0.059820
v 0.852786 0.117258 0.063295
v -0.956826 1.043712 0.050849
v 0.526121 0.204927 0.051930
v -0.791094 1.213996 0.066815
v -0.903714 1.342019 0.076773
v 0.747497 0.417003 0.059862
v 0.031765 0.416065 0.083497
v -0.408834 0.662562 0.072551
v -0.340364 1.181353 0.077818
v 0.416260 0.025337 0.071795
v -0.758606 0.079661 0.104579
v 0.773890 0.239687 0.076866
v -0.826195 0.928963 0.124596
v -0.535833 0.992305 0.092382
v 0.682850 0.249023 0.080528
v -0.509351 1.328821 0.069937
v 0.218622 0.087052 0.083013
v -0.829554 0.291652 0.135919
v -0.260280 0.423894 0.096960
v -0.037691 0.564162 0.089274
v 0.544612 0.265923 0.067951
v 0.748923 0.393885 0.088045
v -0.950366 1.061787 0.083680
v -0.389000 1.144681 0.087241
v 0.707411 0.251253 0.087525
v 0.241546 0.105005 0.100321
v -0.440649 0.484815 0.088462
v -0.825869 0.369517 0.140559
v -0.470398 1.097499 0.106800
v -0.435075 1.228003 0.087678
v -0.820429 1.338489 0.131833
v -0.732253 0.603032 0.130051
v -0.126878 0.078556 0.114225
v -0.477149 0.969422 0.109184
v -0.522802 0.981868 0.112577
v -1.018312 1.013590 0.080947
v 0.409206 0.335380 0.125403
v -0.466430 0.474265 0.151288
v 0.507845 0.015268 0.133867
v 0.244613 0.181710 0.141249
v -0.286616 0.016850 0.150573
v 0.512673 0.107172 0.139713
v 0.312328 0.104398 0.140508
v -0.065933 0.436693 0.131362
v -1.002906 1.065380 0.123987
v -0.589821 0.021677 0.154116
v 0.450019 0.291431 0.148372
v 0.442594 0.689253 0.132008
v -0.644026 1.045554 0.138213
v 0.396553 0.359648 0.146163
v -0.493628 0.999776 0.143976
v 0.163339 0.077427 0.149962
v -0.763424 0.143521 0.171049
v -0.668197 1.243946 0.155865
v -0.889789 1.255157 0.141532
v 0.156740 0.089722 0.169216
v 0.259875 0.129527 0.152257
v -0.793079 1.031313 0.148243
v -0.133661 0.035558 0.149515
v -0.136427 0.036598 0.151504
v -0.129033 0.044541 0.151187
v 0.768876 0.449444 0.174713
v -0.543571 0.628320 0.150372
v -1.015484 1.021868 0.190391
v -0.131425 0.025784 0.155295
v -0.108319 0.036810 0.152714
v -0.721678 0.088314 0.167234
v -0.510182 0.952040 0.160382
v -0.496568 0.496968 0.167590
v -0.790385 0.206965 0.173148
v -0.553758 0.959993 0.168100
v -0.783015 1.049002 0.166507
v -0.637186 1.044197 0.152687
v 0.279313 0.170745 0.176650
v 0.116080 0.022753 0.170485
v 0.346348 0.122040 0.176310
v -0.160056 0.224662 0.169903
v -0.217574 0.251519 0.177270
v 0.126918 0.072229 0.188787
v -1.092131 1.115756 0.191730
v -0.790407 0.305767 0.184333
v -1.021683 1.098322 0.202973
v -0.851656 1.214918 0.200995
v 0.324042 0.327809 0.206430
v -0.678193 0.121226 0.214697
v 0.504236 0.235133 0.227765
v 0.102308 0.021382 0.197127
v -0.230194 0.255394 0.186272
v 0.504514 0.298582 0.205777
v -0.748875 0.297547 0.210904
v -0.717132 0.949995 0.215827
v -0.874270 0.959465 0.235866
v -0.725609 0.237298 0.218215
v 0.507437 0.310716 0.205616
v 0.523389 0.454119 0.214074
v 0.400860 0.064153 0.226273
v 0.499336 0.279823 0.219807
v -0.849206 1.036462 0.223995
v 0.486800 0.198171 0.231056
v 0.506511 0.293519 0.217110
v 0.442810 0.537483 0.219647
v 0.155343 0.057082 0.260378
v 0.509035 0.295879 0.234252
v 0.531675 0.333620 0.240375
v 0.420835 0.513019 0.239982
v 0.468222 0.233922 0.238190
v 0.503610 0.287353 0.234337
v 0.521627 0.314735 0.234869
v -0.573231 0.415802 0.247274
v 0.472132 0.240016 0.238061
v 0.795410 0.422316 0.245897
v 0.516001 0.261073 0.261265
v 0.419164 0.467205 0.256464
v -0.929851 1.038735 0.256463
v -0.666148 0.167967 0.263506
v 0.639918 -0.001153 0.256260
v 0.558331 0.192068 0.277616
v 0.410269 0.317490 0.282403
v 0.658510 0.039569 0.293611
v -0.867569 0.931793 0.299091
v 0.171997 0.122056 0.287816
v -0.899062 0.935638 0.297589
v 0.405173 0.022878 0.318037
v 0.592252 0.157406 0.307607
v 0.465860 0.494238 0.315666
v 0.114183 0.069046 0.308250
v 0.857463 0.220496 0.314633
v 0.606820 0.107197 0.317389
v -0.297789 0.107999 0.332554
v 0.561328 0.452542 0.349539
v 0.440355 0.280786 0.368886
v 0.441468 0.342121 0.348938
v -0.655496 0.123983 0.378265
v -0.445856 0.022687 0.367291
v -0.389252 0.155633 0.351139
v -0.590450 0.215165 0.366368
v -0.392419 0.112832 0.401205
v -0.409073 0.107134 0.412150
v -0.611983 0.172509 0.422894
v -0.566760 0.077271 0.462704
v -0.609348 0.100359 0.453625
v -0.582134 0.175488 0.498079
v 0.139147 0.517726 -0.022902
v -0.541486 0.014668 0.033272
v -0.968586 1.056121 0.200800
v 0.494725 0.274022 0.235218
vn -0.3580 -0.4307 -0.8285
vn -0.0201 0.0727 -0.9972
vn 0.3726 -0.6161 -0.6940
vn -0.2747 0.2950 -0.9152
vn 0.4256 -0.1864 -0.8855
vn -0.7182 0.4719 -0.5114
vn 0.4923 0.3036 -0.8158
vn 0.0093 0.6980 -0.7160
vn 0.6829 -0.6686 -0.2942
vn 0.3783 -0.7974 -0.4702
vn 0.0658 -0.9934 0.0940
vn -0.8770 -0.4165 -0.2396
vn -0.8262 0.1217 0.5500
vn -0.7317 0.2856 -0.6189
vn 0.2064 0.8928 -0.4004
vn -0.6039 -0.4752 0.6399
vn 0.0415 -0.9722 0.2306
vn 0.7860 0.2870 -0.5475
vn 0.9071 -0.1574 -0.3903
vn -0.9564 0.0462 0.2883
vn -0.5585 0.5610 -0.6110
vn -0.1739 0.7732 -0.6098
vn 0.1850 -0.0035 -0.9827
vn -0.1004 -0.2083 -0.9729
vn -0.1610 0.5755 -0.8018
vn 0.2963 -0.9215 0.2512
vn -0.5652 0.6126 -0.5525
vn -0.9488 -0.3062 -0.0780
vn -0.1767 -0.6346 -0.7524
vn -0.4225 0.3553 -0.8338
vn 0.3663 0.1686 -0.9151
vn 0.0988 -0.4027 -0.9100
vn -0.4959 -0.5433 -0.6775
vn -0.4180 0.8976 -0.1399
vn 0.1436 0.9017 -0.4078
vn -0.4189 -0.8902 0.1791
vn -0.7789 -0.2692 -0.5665
vn -0.1147 -0.8669 -0.4851
vn 0.2725 0.7875 -0.5528
vn 0.1668 0.8857 -0.4334
vn -0.7930 0.6088 -0.0219
vn 0.6219 -0.7325 0.2769
vn -0.5108 -0.6390 0.5751
vn -0.8623 0.4859 0.1425
vn -0.5811 -0.7746 0.2494
vn -0.0266 -0.9894 0.1426
vn -0.6112 -0.5227 0.5944
vn 0.6505 0.5058 -0.5666
vn 0.6052 0.4393 -0.6639
vn -0.5115 0.8301 -0.2222
vn -0.4029 -0.0286 0.9148
vn -0.1022 -0.9520 0.2885
vn 0.2002 0.7025 -0.6830
vn -0.6208 0.1902 0.7605
vn -0.7234 0.3137 0.6151
vn 0.7090 -0.3045 -0.6361
vn -0.0095 0.0934 -0.9956
vn 0.0283 0.6770 -0.7354
vn 0.3708 0.4396 -0.8181
vn 0.0437 -0.5560 -0.8300
vn -0.3788 0.1058 -0.9194
vn -0.4727 0.1820 -0.8622
vn 0.7062 0.6829 -0.1871
vn 0.1798 0.9772 -0.1126
vn -0.3019 0.7874 -0.5374
vn -0.1717 -0.7758 0.6072
vn 0.5694 -0.8213 0.0339
vn -0.3490 -0.8660 0.3581
vn 0.8416 -0.5166 0.1576
vn 0.0725 -0.7379 -0.6710
vn 0.8555 0.4398 0.2733
vn 0.6811 -0.3087 -0.6639
vn 0.3458 0.8838 -0.3152
vn 0.3555 0.6126 -0.7060
vn -0.1611 -0.2112 -0.9641
vn 0.3228 0.5638 -0.7602
vn 0.9021 -0.1763 -0.3938
vn 0.7969 -0.5536 0.2417
vn 0.8029 0.3832 0.4567
vn -0.1133 -0.1507 -0.9821
vn 0.1052 0.5914 -0.7995
vn -0.3078 0.8742 -0.3756
vn -0.1323 -0.8783 0.4595
vn -0.3367 0.1401 -0.9311
vn -0.7449 0.1696 -0.6452
vn 0.0117 -0.5874 -0.8092
vn -0.0976 -0.3843 -0.9180
vn -0.4621 0.2665 -0.8458
vn 0.5435 -0.8150 0.2011
vn 0.4585 -0.8292 -0.3198
vn 0.0192 0.9761 0.2164
vn -0.1017 0.2076 -0.9729
vn 0.1350 -0.3162 -0.9390
vn -0.2319 -0.1516 -0.9609
vn -0.4401 -0.7944 0.4186
vn -0.6967 -0.5742 0.4301
vn -0.1338 0.6113 -0.7800
vn -0.3517 0.0630 -0.9340
vn -0.4097 0.7971 -0.4435
vn 0.4482 0.7221 -0.5270
vn -0.3625 -0.6776 -0.6399
vn -0.4145 -0.0793 -0.9066
vn -0.4140 0.1160 -0.9029
vn -0.4418 0.1560 -0.8835
vn -0.2317 0.0342 -0.9722
vn -0.0007 0.2134 -0.9770
vn -0.1369 -0.4660 -0.8741
vn 0.5016 0.8341 0.2295
vn -0.3296 0.4137 -0.8487
vn 0.4934 0.5178 0.6989
vn 0.5972 -0.5492 -0.5845
vn 0.5027 -0.1511 -0.8511
vn -0.0600 0.2169 -0.9744
vn 0.2423 0.4811 -0.8425
vn 0.2434 0.6821 -0.6896
vn -0.8449 -0.4730 -0.2499
vn 0.4567 0.6328 -0.6253
vn 0.3031 0.1287 -0.9442
vn 0.6209 0.4362 -0.6513
vn 0.7684 -0.1484 0.6226
vn 0.1410 -0.1001 -0.9849
vn -0.3628 0.3903 -0.8462
vn 0.3886 -0.9155 -0.1043
vn 0.6693 -0.6558 -0.3492
vn 0.0826 -0.8560 -0.5104
vn -0.3007 -0.6965 -0.6516
vn 0.5284 0.1866 -0.8283
vn 0.0361 0.2622 -0.9643
vn -0.4613 -0.4341 -0.7738
vn -0.3933 0.1863 -0.9003
vn 0.1274 -0.8666 -0.4826
vn 0.6138 -0.7082 0.3489
vn 0.1467 -0.9863 0.0754
vn -0.3047 0.3546 -0.8840
vn 0.6540 0.1186 -0.7472
vn -0.2657 0.1092 -0.9579
vn -0.3668 -0.4151 -0.8326
vn -0.1620 0.4512 -0.8776
vn -0.3337 0.2972 -0.8946
vn 0.7561 -0.0886 -0.6484
vn 0.7107 0.0444 -0.7021
vn 0.8381 -0.3895 -0.3819
vn 0.0438 0.9971 0.0628
vn 0.0135 -0.6173 -0.7866
vn -0.3985 -0.2915 -0.8696
vn 0.4201 0.7276 -0.5423
vn -0.2849 0.1681 -0.9437
vn 0.4264 0.8724 -0.2389
vn -0.2954 -0.4390 -0.8485
vn 0.8049 -0.1630 0.5706
vn 0.6794 -0.3110 0.6646
vn -0.0942 0.4066 -0.9087
vn -0.3154 0.2128 -0.9248
vn 0.3663 -0.0177 -0.9303
vn -0.0602 -0.4396 -0.8962
vn 0.0370 0.5662 -0.8234
vn -0.2251 0.3003 -0.9269
vn 0.3284 0.6228 -0.7101
vn -0.0449 -0.4609 -0.8863
vn 0.4074 -0.5873 -0.6994
vn -0.2013 -0.5106 -0.8359
vn 0.0047 -0.5898 -0.8075
vn 0.4488 -0.8688 -0.2094
vn -0.2066 0.0006 -0.9784
vn 0.8781 -0.3897 -0.2775
vn 0.5396 -0.6003 -0.5903
vn 0.1944 -0.8843 -0.4246
vn -0.4624 -0.0199 -0.8865
vn 0.0644 0.5920 -0.8034
vn -0.2743 -0.3520 -0.8949
vn -0.2060 0.0182 -0.9784
vn -0.1456 0.5637 -0.8130
vn -0.3022 0.3089 -0.9018
vn -0.4392 0.3277 -0.8365
vn -0.3861 0.3154 -0.8669
vn -0.1530 0.2320 -0.9606
vn -0.1073 0.4061 -0.9075
vn 0.2529 0.5012 -0.8276
vn 0.5513 -0.1698 -0.8169
vn -0.2728 0.1860 -0.9439
vn -0.1991 0.4397 -0.8758
vn 0.4743 0.4466 -0.7587
vn -0.1012 0.7748 -0.6241
vn -0.4271 0.5427 -0.7233
vn -0.4853 -0.0053 -0.8743
vn -0.9810 0.1838 0.0618
vn 0.2764 -0.2304 -0.9330
vn 0.6752 0.2490 0.6944
vn -0.1389 -0.7199 -0.6801
vn -0.2692 -0.0384 -0.9623
vn 0.7686 0.0435 -0.6383
vn -0.0612 0.1047 -0.9926
vn 0.3629 0.5452 -0.7557
vn -0.3394 0.4421 -0.8303
vn -0.3318 -0.9394 -0.0863
vn 0.1929 0.9755 -0.1055
vn -0.4559 0.7936 -0.4029
vn 0.4406 -0.8672 0.2320
vn 0.1924 0.6496 -0.7356
vn -0.5741 -0.1941 -0.7954
vn -0.4150 0.1782 -0.8922
vn 0.8617 0.3186 0.3950
vn 0.2764 -0.9543 0.1139
vn -0.2450 -0.9324 -0.2658
vn -0.8147 0.4450 -0.3718
vn -0.3571 -0.8266 0.4350
vn -0.5781 0.7726 -0.2625
vn -0.5325 0.3457 -0.7727
vn -0.6091 -0.5706 -0.5508
vn -0.4676 0.8828 0.0446
vn -0.4508 -0.2231 -0.8643
vn -0.0273 0.9686 -0.2473
vn -0.3771 -0.4959 -0.7822
vn 0.3876 -0.9149 -0.1126
vn -0.7901 -0.0744 -0.6085
vn -0.2908 0.4955 -0.8185
vn 0.0996 0.6795 -0.7269
vn 0.6916 -0.2759 0.6674
vn 0.7659 0.1069 -0.6340
vn -0.4033 -0.3164 -0.8586
vn -0.0488 -0.2669 -0.9625
vn -0.1143 0.3412 -0.9330
vn -0.1025 -0.0710 -0.9922
vn -0.3129 0.6911 -0.6515
vn 0.4477 0.2908 -0.8456
vn 0.7991 -0.5979 -0.0635
vn 0.2113 -0.9754 -0.0633
vn 0.4005 -0.1504 -0.9039
vn 0.0296 0.9092 -0.4153
vn -0.0192 0.9207 -0.3899
vn -0.5197 0.7973 -0.3069
vn -0.1932 -0.9530 0.2332
vn -0.5143 -0.6655 0.5410
vn 0.1572 0.7656 -0.6238
vn 0.9205 0.2130 0.3275
vn 0.7383 0.6742 -0.0178
vn 0.9039 0.0139 0.4276
vn 0.7972 -0.5878 -0.1376
vn 0.7470 -0.6421 0.1723
vn 0.7098 -0.1407 0.6902
vn -0.5821 0.4225 -0.6947
vn 0.4405 0.8733 0.2081
vn -0.0463 -0.7372 -0.6741
vn 0.5000 -0.7759 -0.3847
vn -0.4606 -0.8875 -0.0168
vn -0.4487 -0.8024 0.3935
vn 0.5507 -0.3022 -0.7781
vn -0.1194 -0.7840 -0.6092
vn -0.1555 -0.0810 -0.9845
vn -0.4337 -0.2778 -0.8572
vn 0.0603 -0.2121 -0.9754
vn -0.0544 0.8425 -0.5360
vn 0.3078 -0.5905 -0.7460
vn 0.1772 -0.4281 -0.8862
vn 0.8727 0.0265 -0.4875
vn -0.2176 0.0851 -0.9723
vn -0.4064 -0.4690 -0.7841
vn -0.0957 0.4838 -0.8699
vn 0.5690 -0.6851 -0.4548
vn 0.7208 -0.0152 -0.6929
vn -0.0943 0.9181 -0.3849
vn -0.4815 -0.8111 0.3321
vn 0.5060 0.7954 -0.3336
vn 0.1360 0.8546 -0.5011
vn 0.4138 0.1767 -0.8930
vn -0.2839 -0.1489 -0.9472
vn -0.2898 -0.0878 -0.9531
vn -0.6723 0.4453 -0.5913
vn -0.2634 -0.2860 -0.9213
vn -0.4149 0.8653 0.2811
vn -0.3793 -0.8970 0.2270
vn -0.7876 0.6045 0.1194
vn -0.8088 0.4492 0.3795
vn 0.0445 0.4926 -0.8691
vn 0.0408 -0.0622 -0.9972
vn 0.1643 0.5470 -0.8209
vn -0.4264 0.1057 0.8984
vn 0.9213 0.2557 0.2928
vn -0.3626 -0.2418 -0.9000
vn -0.2292 -0.1209 -0.9658
vn 0.6911 0.2843 0.6644
vn -0.4286 -0.8041 -0.4120
vn 0.0398 0.0398 -0.9984
vn -0.0286 0.3609 -0.9322
vn -0.1591 0.1920 -0.9684
vn 0.1858 0.3403 -0.9218
vn -0.6355 0.5773 -0.5126
vn 0.5981 -0.0689 -0.7984
vn -0.1988 0.8749 -0.4416
vn -0.2136 0.0964 -0.9721
vn -0.0831 -0.2347 -0.9685
vn 0.1079 0.1459 -0.9834
vn -0.6439 0.2324 -0.7289
vn -0.1885 -0.2599 -0.9471
vn -0.1421 -0.1042 -0.9843
vn 0.0241 0.1209 -0.9924
vn -0.3940 0.9076 -0.1447
vn 0.1983 0.2180 -0.9556
vn 0.2903 0.0329 -0.9564
vn -0.6783 -0.0954 -0.7285
vn -0.6018 0.0659 -0.7959
vn 0.1869 0.3384 -0.9223
vn -0.5648 0.2352 -0.7910
vn 0.5172 -0.7585 -0.3965
vn 0.1639 -0.9804 0.1089
vn 0.9079 -0.0889 0.4097
vn -0.3391 0.8735 -0.3493
vn -0.5215 0.5640 -0.6403
vn 0.5890 -0.3028 -0.7493
vn -0.0877 -0.2620 -0.9611
vn 0.7905 0.3172 0.5240
vn 0.1492 -0.8707 0.4685
vn -0.2582 -0.9661 -0.0004
vn -0.7838 0.5126 0.3506
vn -0.3856 0.6779 -0.6259
vn 0.2956 0.7527 -0.5883
vn -0.1365 0.0843 -0.9870
vn -0.5656 -0.4336 -0.7015
vn -0.3333 0.2506 -0.9089
vn -0.1822 -0.0864 -0.9794
vn -0.8610 -0.0690 0.5039
vn -0.3315 -0.2641 -0.9058
vn 0.8880 -0.3282 -0.3222
vn -0.2624 0.9341 0.2421
vn -0.0285 0.8953 0.4446
vn 0.1652 0.7852 -0.5968
vn 0.3400 0.4229 -0.8400
vn 0.4517 0.5477 -0.7043
vn 0.7268 0.0733 -0.6829
vn -0.8988 -0.0092 0.4382
vn 0.2498 0.6438 -0.7233
vn -0.4704 -0.2427 -0.8484
vn -0.3130 -0.1797 -0.9326
vn -0.2548 0.1914 -0.9479
vn 0.7129 0.1072 -0.6930
vn -0.0004 0.2320 -0.9727
vn 0.3625 0.5113 -0.7792
vn -0.5110 0.6124 -0.6032
vn -0.1028 0.1038 -0.9893
vn 0.0450 -0.0937 -0.9946
vn 0.1236 -0.1725 -0.9772
vn -0.0354 0.2397 -0.9702
vn 0.0307 -0.0382 -0.9988
vn 0.0320 -0.2194 -0.9751
vn -0.0047 0.3699 -0.9291
vn 0.5599 -0.8078 -0.1842
vn -0.1633 -0.9136 -0.3724
vn 0.3592 0.7898 0.4972
vn -0.1825 -0.4942 -0.8500
vn -0.0280 -0.4412 -0.8970
vn 0.5333 0.1475 -0.8329
vn -0.5116 0.8003 0.3127
vn -0.0515 -0.9490 0.3112
vn 0.0400 -0.9992 0.0059
vn 0.0894 -0.7418 -0.6646
vn -0.3328 0.8942 -0.2994
vn 0.4265 0.5025 -0.7521
vn 0.1909 -0.3071 -0.9323
vn -0.0573 -0.1632 -0.9849
vn 0.3349 0.0101 -0.9422
vn -0.1047 0.3240 -0.9402
vn -0.0758 0.0618 -0.9952
vn 0.1681 -0.1097 -0.9796
vn -0.0471 -0.0126 -0.9988
vn -0.0022 -0.0451 -0.9990
vn 0.2043 -0.3861 -0.8996
vn -0.0014 -0.1513 -0.9885
vn 0.0400 0.1940 -0.9802
vn 0.0798 -0.0091 -0.9968
vn 0.2547 0.2251 -0.9404
vn 0.6875 -0.6661 -0.2893
vn -0.0429 0.4753 -0.8788
vn 0.8453 0.2437 0.4755
vn 0.6142 -0.7332 0.2917
vn -0.3863 -0.7770 -0.4971
vn -0.2341 -0.9401 0.2478
vn -0.0861 0.8483 -0.5225
vn 0.7543 0.5073 -0.4167
vn -0.3908 -0.4020 -0.8281
vn 0.4566 0.4352 -0.7760
vn 0.5544 0.4261 -0.7149
vn 0.1076 0.4478 -0.8876
vn 0.1607 0.4929 -0.8551
vn 0.2797 0.3625 -0.8890
vn 0.2496 -0.1515 -0.9564
vn 0.0856 -0.0233 -0.9961
vn -0.1940 0.1499 -0.9695
vn -0.2459 0.1359 -0.9597
vn 0.1247 -0.0517 -0.9908
vn -0.0816 -0.0089 -0.9966
vn 0.1765 -0.1402 -0.9743
vn 0.2351 -0.2121 -0.9486
vn 0.2341 -0.3554 -0.9049
vn -0.2171 0.1127 -0.9696
vn -0.2900 0.2345 -0.9279
vn -0.2099 0.2653 -0.9410
vn 0.2043 -0.1023 -0.9736
vn -0.0622 -0.3751 -0.9249
vn -0.0500 -0.1628 -0.9854
vn 0.1855 0.0715 -0.9800
vn -0.2412 0.4422 -0.8639
vn 0.1104 0.5439 -0.8319
vn 0.8348 -0.3834 -0.3950
vn 0.8970 0.0976 0.4311
vn -0.4158 0.0905 -0.9049
vn -0.8772 -0.1236 0.4639
vn -0.2719 -0.2629 -0.9257
vn 0.5968 0.5839 -0.5503
vn -0.0942 0.1748 -0.9801
vn -0.1151 0.0155 -0.9932
vn -0.7812 0.3607 -0.5095
vn -0.2887 0.1525 -0.9452
vn -0.0149 -0.1225 -0.9924
vn 0.2902 -0.1084 -0.9508
vn -0.0072 0.0553 -0.9984
vn 0.0974 -0.0775 -0.9922
vn 0.0286 -0.0737 -0.9969
vn -0.1809 0.1036 -0.9780
vn 0.4542 -0.3456 -0.8211
vn -0.3162 0.1754 -0.9323
vn -0.2238 0.0463 -0.9735
vn 0.1040 -0.0088 -0.9945
vn 0.1035 -0.0198 -0.9944
vn -0.1853 -0.1326 -0.9737
vn 0.1791 0.0212 -0.9836
vn 0.1853 0.1159 -0.9758
vn 0.2713 0.2297 -0.9347
vn 0.0355 0.4362 -0.8991
vn -0.5385 -0.1345 -0.8318
vn -0.7045 -0.2296 -0.6715
vn 0.7139 0.6698 0.2042
vn 0.4263 0.5183 0.7414
vn -0.0095 0.7749 0.6320
vn -0.9644 0.2556 -0.0673
vn -0.4136 0.7772 -0.4742
vn 0.4648 0.7305 -0.5003
vn -0.7487 0.2041 -0.6307
vn 0.0658 0.1528 -0.9861
vn -0.2333 0.2510 -0.9394
vn -0.0807 -0.0545 -0.9953
vn 0.4716 -0.3051 -0.8274
vn -0.1945 -0.0822 -0.9775
vn -0.6247 -0.1936 -0.7565
vn -0.4027 0.1062 -0.9091
vn 0.3837 0.6743 -0.6309
vn 0.2433 0.5062 -0.8274
vn -0.2279 0.6085 -0.7601
vn -0.4485 0.2611 -0.8548
vn 0.1372 -0.1334 -0.9815
vn -0.0264 -0.0682 -0.9973
vn 0.3329 -0.1731 -0.9269
vn -0.0903 -0.0001 -0.9959
vn 0.2105 -0.0522 -0.9762
vn -0.1070 0.0435 -0.9933
vn -0.2810 0.0448 -0.9587
vn 0.0385 0.0005 -0.9993
vn 0.1502 -0.0943 -0.9842
vn -0.1331 -0.0677 -0.9888
vn 0.1457 0.0054 -0.9893
vn -0.1952 0.0151 -0.9807
vn -0.3412 0.1683 -0.9248
vn 0.1861 0.0310 -0.9820
vn 0.4368 -0.4009 -0.8053
vn 0.1145 0.0145 -0.9933
vn 0.2370 0.0603 -0.9696
vn -0.2437 -0.4274 -0.8706
vn 0.2381 0.2884 -0.9274
vn 0.4264 -0.8433 -0.3271
vn -0.1249 0.6265 -0.7693
vn -0.0012 0.6273 -0.7787
vn 0.9785 -0.0090 0.2061
vn -0.1452 -0.8652 0.4800
vn -0.4320 -0.8991 -0.0702
vn -0.4058 -0.9135 0.0275
vn 0.7997 -0.5715 0.1838
vn -0.2671 -0.9205 -0.2851
vn 0.0258 -0.8041 -0.5940
vn 0.8220 -0.0669 -0.5655
vn 0.2815 -0.2164 -0.9349
vn 0.6230 0.5696 -0.5361
vn -0.6448 0.1983 -0.7382
vn -0.8037 0.0375 -0.5938
vn 0.4116 -0.0260 -0.9110
vn 0.4859 -0.2550 -0.8360
vn -0.4749 0.2992 -0.8276
vn 0.1060 -0.1465 -0.9835
vn -0.1544 -0.0191 -0.9878
vn 0.1868 -0.1460 -0.9715
vn 0.3829 -0.2194 -0.8974
vn -0.3739 0.1544 -0.9145
vn -0.2181 0.0488 -0.9747
vn -0.2011 0.1719 -0.9644
vn 0.3597 -0.1278 -0.9243
vn 0.3655 -0.2595 -0.8939
vn 0.4132 -0.0279 -0.9102
vn 0.3725 0.0005 -0.9280
vn -0.5264 0.2366 -0.8166
vn -0.4358 -0.2514 -0.8642
vn -0.4794 -0.0500 -0.8762
vn -0.4436 0.2676 -0.8554
vn 0.3670 0.2299 -0.9014
vn 0.3014 0.1705 -0.9381
vn 0.2514 0.4431 -0.8605
vn 0.6080 -0.0522 0.7922
vn 0.7935 -0.4996 0.3474
vn -0.5228 0.4146 -0.7449
vn -0.1117 -0.5607 -0.8204
vn -0.7782 0.3054 -0.5487
vn -0.7857 0.1545 -0.5989
vn -0.6709 0.7172 -0.1887
vn 0.7705 -0.1646 0.6158
vn -0.1895 0.4223 -0.8864
vn -0.4237 -0.0629 -0.9036
vn -0.6504 0.4308 -0.6256
vn -0.6110 0.2314 -0.7570
vn 0.1186 -0.1598 -0.9800
vn -0.2861 0.0180 -0.9580
vn 0.4913 -0.3480 -0.7985
vn 0.5461 -0.2580 -0.7970
vn -0.4665 0.1047 -0.8783
vn 0.4615 -0.1397 -0.8760
vn -0.4904 0.2007 -0.8481
vn -0.4879 0.3740 -0.7887
vn -0.3216 0.4232 -0.8470
vn -0.6919 -0.2953 -0.6589
vn -0.5662 -0.6560 -0.4990
vn -0.4236 -0.6666 -0.6134
vn 0.9483 -0.0759 0.3081
vn -0.3830 -0.1438 -0.9125
vn 0.8025 0.4277 0.4160
vn 0.6069 0.6984 0.3794
vn -0.6597 0.3913 -0.6416
vn 0.3274 0.6288 -0.7053
vn -0.7177 -0.4209 -0.5547
vn 0.4433 0.0160 -0.8962
vn 0.5056 0.0820 -0.8588
vn -0.0251 -0.1334 -0.9908
vn -0.4876 0.2143 -0.8464
vn 0.4839 0.0086 -0.8751
vn 0.3424 0.0674 -0.9371
vn 0.4853 0.1654 -0.8585
vn 0.0146 -0.5990 -0.8006
vn 0.2981 0.4747 -0.8281
vn -0.3630 0.5376 -0.7611
vn 0.6225 -0.5919 -0.5120
vn 0.8366 0.1929 -0.5127
vn 0.4579 -0.4864 0.7441
vn -0.4960 -0.8409 0.2166
vn -0.5829 0.1253 -0.8028
vn -0.5207 0.3340 -0.7857
vn 0.6279 -0.0111 -0.7783
vn 0.4345 -0.4842 -0.7595
vn -0.0649 -0.7550 -0.6525
vn -0.3422 -0.5366 -0.7714
vn 0.4807 0.7331 -0.4810
vn 0.1465 0.7043 -0.6946
vn -0.3263 0.5164 -0.7918
vn -0.0101 -0.0957 -0.9954
vn -0.4417 0.1881 -0.8772
vn -0.4409 0.3907 -0.8080
vn -0.2169 -0.3630 -0.9062
vn 0.2958 0.5574 -0.7758
vn -0.3872 -0.0455 -0.9209
vn -0.3217 -0.5951 -0.7365
vn 0.6000 0.6471 0.4703
vn -0.8262 -0.2572 -0.5012
vn -0.1773 0.9240 -0.3387
vn -0.1714 0.9072 -0.3841
vn -0.4120 0.5101 -0.7550
vn -0.6700 -0.4353 -0.6014
vn 0.6977 0.1446 -0.7017
vn 0.6399 -0.1003 -0.7619
vn -0.6799 0.0051 -0.7333
vn 0.5719 0.7066 -0.4167
vn 0.0267 -0.0368 -0.9990
vn 0.2498 -0.2147 -0.9442
vn -0.2479 0.2469 -0.9368
vn -0.3698 0.0903 -0.9247
vn 0.4757 -0.3004 -0.8267
vn -0.5162 0.1871 -0.8358
vn 0.5600 -0.3767 -0.7379
vn 0.6401 -0.3702 -0.6732
vn -0.6525 0.3256 -0.6843
vn 0.2523 -0.6309 -0.7337
vn 0.4716 -0.6072 -0.6395
vn -0.2952 -0.5888 -0.7524
vn 0.4809 0.3281 -0.8131
vn -0.4641 0.4562 -0.7593
vn -0.4027 -0.0786 -0.9119
vn -0.0319 -0.5252 -0.8504
vn -0.4448 -0.6156 -0.6505
vn 0.6721 -0.4985 -0.5475
vn -0.5031 -0.0461 -0.8630
vn 0.9738 0.2107 -0.0857
vn -0.3306 0.1376 -0.9337
vn -0.4438 0.1620 -0.8814
vn -0.0835 -0.9964 0.0114
vn -0.3028 -0.9521 -0.0431
vn 0.1631 -0.9756 -0.1471
vn 0.7945 -0.3797 -0.4739
vn 0.4243 -0.0965 -0.9004
vn -0.5286 0.1091 -0.8418
vn 0.1477 -0.1335 -0.9800
vn -0.5237 0.1624 -0.8363
vn -0.8127 0.0042 -0.5827
vn 0.2326 -0.2626 -0.9364
vn 0.5491 0.0251 -0.8354
vn 0.5353 0.2861 -0.7948
vn 0.1679 -0.5069 -0.8455
vn -0.2704 0.6832 -0.6783
vn 0.0077 0.7440 -0.6682
vn 0.2397 0.6604 -0.7116
vn 0.8585 -0.3010 -0.4152
vn -0.4646 0.0765 -0.8822
vn -0.1449 -0.0319 -0.9889
vn 0.4278 -0.4272 -0.7966
vn 0.2529 -0.5958 -0.7623
vn 0.7638 0.1634 -0.6244
vn -0.2747 0.5172 -0.8106
vn 0.2685 -0.9592 -0.0890
vn -0.2815 -0.9511 -0.1271
vn 0.8460 -0.5312 -0.0469
vn -0.5415 -0.2434 -0.8047
vn 0.6845 0.3995 -0.6098
vn -0.6334 0.4326 -0.6417
vn 0.4954 -0.3075 -0.8124
vn 0.4904 0.4316 -0.7571
vn 0.0856 -0.2786 -0.9566
vn 0.2943 0.6879 -0.6634
vn -0.4240 0.1787 -0.8879
vn -0.4543 0.0926 -0.8860
vn -0.6692 0.1132 -0.7345
vn -0.5031 0.0127 -0.8641
vn -0.4277 0.8690 0.2489
vn 0.1136 0.9852 -0.1285
vn 0.3931 -0.7287 0.5607
vn -0.3703 0.7961 -0.4788
vn 0.5753 -0.3054 -0.7588
vn -0.4045 0.1481 -0.9025
vn 0.3393 -0.3377 -0.8780
vn -0.6575 0.4726 -0.5868
vn 0.6627 -0.3068 -0.6831
vn -0.6578 0.3080 -0.6873
vn -0.6130 0.4704 -0.6348
vn -0.4873 0.6056 -0.6291
vn -0.1125 0.8155 -0.5677
vn 0.9083 -0.0191 -0.4179
vn 0.6163 0.7364 0.2793
vn 0.8071 -0.5586 0.1913
vn 0.2472 -0.5258 -0.8139
vn -0.0396 0.9396 -0.3401
vn -0.1776 0.7258 -0.6646
vn -0.6994 -0.1802 -0.6916
vn 0.6246 0.5402 -0.5639
vn 0.8649 0.3317 -0.3767
vn 0.8611 0.4294 -0.2723
vn 0.7567 0.3221 -0.5689
vn -0.5124 0.3355 -0.7905
vn -0.6541 0.3561 -0.6673
vn 0.6331 -0.0698 -0.7709
vn 0.5984 -0.1550 -0.7861
vn -0.6716 0.1207 -0.7310
vn -0.6446 -0.1421 -0.7512
vn 0.6638 0.0415 -0.7468
vn -0.6685 0.2861 -0.6864
vn 0.6589 0.2425 -0.7121
vn -0.3782 -0.5283 -0.7602
vn -0.5150 -0.7706 -0.3755
vn -0.4992 -0.4226 -0.7564
vn 0.8819 0.4490 -0.1437
vn -0.4761 -0.2093 -0.8541
vn -0.5233 0.1691 -0.8352
vn 0.0603 -0.5187 -0.8528
vn -0.2756 0.1158 -0.9543
vn 0.7740 0.3101 0.5520
vn -0.7837 -0.0467 -0.6193
vn -0.4688 -0.0274 -0.8829
vn -0.8900 0.3805 -0.2514
vn -0.3988 -0.4821 -0.7801
vn -0.5797 -0.3562 -0.7329
vn -0.2668 0.1247 -0.9557
vn 0.7562 -0.2403 -0.6087
vn 0.4969 -0.3480 -0.7950
vn -0.1732 0.7742 -0.6088
vn 0.2475 -0.2922 -0.9238
vn 0.6586 -0.3559 -0.6630
vn 0.5456 -0.3201 -0.7745
vn -0.6677 0.3328 -0.6659
vn -0.5866 0.3328 -0.7383
vn -0.6988 0.2675 -0.6634
vn -0.6329 0.2428 -0.7352
vn -0.7342 0.3292 -0.5937
vn 0.6720 0.1835 -0.7174
vn 0.2640 -0.3062 -0.9146
vn -0.4042 -0.2068 -0.8910
vn -0.4416 0.7915 -0.4224
vn -0.1671 -0.4056 -0.8986
vn 0.7078 0.4994 -0.4996
vn -0.2554 0.6955 -0.6716
vn -0.2538 0.9642 -0.0769
vn -0.4178 0.3497 -0.8386
vn 0.7131 -0.2535 -0.6536
vn 0.7092 -0.4333 -0.5562
vn 0.6353 -0.5788 -0.5112
vn 0.6079 -0.4006 -0.6856
vn -0.5152 -0.2375 -0.8235
vn 0.6547 0.2668 -0.7073
vn 0.4140 -0.1744 -0.8934
vn 0.2170 0.8083 -0.5473
vn 0.8664 0.2229 -0.4468
vn -0.3066 -0.6490 -0.6963
vn 0.3457 0.9307 -0.1199
vn 0.4472 -0.8444 -0.2949
vn 0.6484 -0.4422 0.6197
vn 0.6104 -0.7785 -0.1458
vn 0.1159 -0.5529 -0.8251
vn -0.1101 -0.5324 -0.8393
vn 0.1585 -0.5686 -0.8072
vn -0.0590 -0.8480 -0.5266
vn -0.7604 0.6184 -0.1987
vn -0.7316 -0.5921 -0.3378
vn 0.4642 -0.3974 -0.7915
vn 0.7263 -0.3745 -0.5764
vn 0.6914 -0.3359 -0.6396
vn -0.6539 0.4325 -0.6208
vn 0.1895 -0.1531 -0.9699
vn 0.4636 0.3923 -0.7945
vn 0.5492 0.5183 -0.6555
vn 0.4187 0.6476 -0.6366
vn -0.4364 0.0484 -0.8985
vn -0.3844 0.7013 -0.6004
vn -0.3355 -0.5232 -0.7834
vn 0.8301 0.5508 0.0870
vn 0.0454 -0.6013 -0.7977
vn 0.6254 -0.7687 0.1341
vn 0.5825 -0.0485 -0.8114
vn 0.7015 -0.7124 -0.0216
vn -0.0652 0.3116 -0.9480
vn -0.8193 -0.3857 -0.4243
vn 0.4322 0.6250 -0.6501
vn -0.8419 -0.3019 -0.4473
vn -0.6808 0.1272 -0.7213
vn -0.8244 0.3043 -0.4772
vn -0.6411 0.3806 -0.6664
vn 0.5853 -0.3360 -0.7379
vn 0.7776 -0.1932 -0.5984
vn -0.6017 -0.5619 -0.5676
vn -0.7450 0.3631 -0.5596
vn 0.2519 -0.3049 -0.9185
vn -0.1524 -0.1418 -0.9781
vn 0.6871 0.3482 -0.6377
vn 0.5933 0.4383 -0.6752
vn -0.3977 -0.2273 -0.8889
vn 0.6024 -0.1851 -0.7765
vn -0.2354 0.8036 -0.5466
vn -0.4013 -0.1106 -0.9092
vn -0.2876 0.0140 -0.9577
vn -0.5053 0.1174 -0.8549
vn -0.3971 -0.0196 -0.9176
vn 0.3432 -0.8850 -0.3145
vn 0.6211 -0.6120 0.4896
vn -0.3416 0.7540 -0.5610
vn -0.1072 0.8076 0.5799
vn -0.3317 -0.8900 0.3129
vn -0.4861 -0.4916 -0.7225
vn 0.3034 -0.9373 -0.1714
vn -0.7573 0.3862 -0.5266
vn -0.1196 -0.9924 0.0280
vn 0.0540 -0.9903 0.1279
vn -0.1663 -0.8549 -0.4914
vn 0.1547 -0.5741 -0.8041
vn -0.1459 0.1109 -0.9831
vn -0.2640 0.1739 -0.9487
vn 0.9386 0.3411 -0.0517
vn 0.5334 0.7916 -0.2980
vn -0.6232 0.4966 -0.6042
vn 0.4543 0.8055 -0.3805
vn 0.7372 -0.4244 -0.5258
vn -0.7460 0.5357 -0.3957
vn 0.7793 -0.3955 -0.4861
vn -0.7859 0.3611 -0.5020
vn -0.6716 0.4639 -0.5777
vn 0.4376 -0.2754 -0.8559
vn -0.4210 -0.4990 -0.7575
vn -0.1718 -0.5798 -0.7965
vn -0.4080 -0.1321 -0.9033
vn 0.7883 0.3502 -0.5058
vn -0.4563 0.2258 -0.8607
vn 0.2027 0.4542 0.8676
vn -0.2895 0.9523 0.0966
vn -0.3576 -0.8744 0.3279
vn -0.3247 -0.9101 -0.2576
vn -0.2629 -0.8989 -0.3505
vn 0.5802 -0.5850 -0.5666
vn 0.2407 0.3344 -0.9112
vn 0.4830 0.5402 -0.6891
vn -0.8735 0.0416 -0.4850
vn -0.9002 0.1950 -0.3895
vn -0.3522 0.3706 -0.8594
vn -0.2729 0.4494 -0.8506
vn 0.7296 -0.3559 -0.5840
vn -0.6552 0.5793 -0.4848
vn -0.7469 0.3491 -0.5660
vn -0.7869 0.3359 -0.5176
vn -0.4295 -0.0164 -0.9029
vn 0.6800 0.3920 -0.6196
vn 0.1074 0.8180 -0.5651
vn -0.2084 -0.2301 -0.9506
vn -0.3418 0.2962 -0.8918
vn -0.2228 -0.9511 0.2141
vn 0.5290 -0.6386 -0.5589
vn -0.0733 0.8858 0.4582
vn -0.7948 -0.2889 -0.5337
vn 0.7905 0.1413 -0.5959
vn -0.4887 0.5071 -0.7099
vn -0.7279 0.3221 -0.6054
vn 0.7769 -0.3559 -0.5195
vn 0.7473 -0.5434 -0.3824
vn -0.7890 0.4335 -0.4354
vn -0.8151 0.2822 -0.5059
vn 0.0375 -0.2109 -0.9768
vn -0.2750 0.0130 -0.9614
vn -0.2956 -0.2215 -0.9293
vn -0.3052 -0.0145 -0.9522
vn -0.0667 -0.7385 -0.6709
vn 0.4842 -0.0754 -0.8717
vn 0.3824 0.7385 -0.5554
vn 0.1914 0.7658 -0.6139
vn -0.5652 -0.5029 -0.6539
vn 0.6210 0.7066 -0.3392
vn 0.2236 0.9427 -0.2477
vn 0.0617 0.9425 0.3284
vn 0.5246 -0.8432 0.1174
vn -0.2380 -0.7880 -0.5678
vn -0.0790 -0.5648 -0.8214
vn 0.5178 -0.4879 -0.7027
vn 0.6933 0.4380 -0.5722
vn -0.0927 0.4894 -0.8671
vn 0.6333 -0.4535 -0.6271
vn 0.9420 -0.1824 -0.2818
vn -0.7465 0.3263 -0.5799
vn -0.8800 -0.0728 -0.4693
vn 0.7860 -0.0465 -0.6164
vn 0.8251 0.0169 -0.5647
vn 0.7769 0.2176 -0.5909
vn 0.8274 0.1287 -0.5466
vn -0.4339 0.6989 -0.5686
vn -0.3807 -0.1836 -0.9063
vn -0.8714 -0.3113 0.3793
vn -0.7525 0.5041 0.4240
vn 0.1151 -0.7335 -0.6698
vn -0.8338 0.5497 0.0508
vn 0.7085 -0.3816 -0.5936
vn 0.4188 0.7680 -0.4845
vn 0.0565 0.6255 -0.7782
vn -0.7975 0.4892 -0.3532
vn -0.7007 0.3669 -0.6119
vn 0.4374 -0.1086 -0.8927
vn -0.1918 0.5541 -0.8101
vn 0.7129 0.2041 -0.6709
vn 0.4266 0.1066 -0.8982
vn -0.3496 0.1752 -0.9204
vn -0.3432 0.9194 -0.1922
vn -0.2950 -0.8732 0.3881
vn -0.3516 -0.9356 -0.0325
vn -0.2488 -0.6558 -0.7127
vn 0.4445 -0.7314 -0.5172
vn -0.7322 0.2998 0.6116
vn -0.6627 0.2934 0.6891
vn -0.8200 0.5694 -0.0580
vn -0.1958 0.9806 0.0009
vn -0.0137 0.8897 0.4564
vn -0.2567 0.9304 0.2616
vn -0.7160 0.5029 -0.4841
vn 0.8400 -0.3798 -0.3874
vn 0.8436 -0.1838 -0.5045
vn 0.8376 0.0912 -0.5385
vn 0.8104 0.0721 -0.5815
vn -0.0062 -0.9072 -0.4207
vn -0.2250 -0.7376 -0.6367
vn -0.9051 -0.1885 -0.3811
vn -0.2467 0.8868 -0.3909
vn 0.4664 0.2789 -0.8394
vn 0.0935 -0.7328 -0.6740
vn -0.1309 -0.3258 -0.9363
vn 0.3331 -0.9046 -0.2658
vn 0.2379 -0.9006 0.3637
vn 0.0313 -0.9666 0.2544
vn 0.6987 0.4613 -0.5468
vn -0.2804 0.7545 0.5934
vn 0.6514 -0.4910 -0.5785
vn 0.4621 -0.4214 -0.7803
vn 0.7081 -0.5186 -0.4792
vn 0.7930 -0.5405 -0.2811
vn 0.0711 -0.2485 -0.9660
vn -0.1788 -0.1285 -0.9755
vn -0.4433 0.0840 -0.8924
vn -0.5408 0.5684 -0.6200
vn -0.4565 0.5324 -0.7129
vn 0.4358 -0.7831 0.4436
vn 0.0738 -0.8381 0.5406
vn -0.8709 0.1414 0.4707
vn 0.0524 -0.9949 -0.0864
vn -0.6618 -0.5046 -0.5544
vn 0.6905 0.3560 -0.6296
vn -0.5300 0.7835 -0.3245
vn -0.2289 0.4810 -0.8463
vn 0.8251 -0.4829 -0.2933
vn -0.6501 0.3434 -0.6778
vn -0.2953 -0.5465 -0.7837
vn -0.1528 0.7330 -0.6628
vn 0.3256 -0.9409 -0.0930
vn -0.3153 0.4236 -0.8492
vn -0.2492 0.8012 -0.5440
vn -0.1584 -0.9745 0.1589
vn 0.2940 -0.8504 -0.4363
vn -0.6493 -0.7580 0.0621
vn -0.3757 -0.9013 -0.2156
vn 0.7008 0.4573 -0.5475
vn 0.8692 0.4374 -0.2307
vn -0.4628 0.6388 -0.6146
vn -0.7982 0.3846 -0.4637
vn -0.7996 0.5284 -0.2855
vn 0.6569 -0.7186 -0.2283
vn 0.4408 -0.8230 -0.3582
vn 0.8489 -0.0661 -0.5244
vn -0.1282 -0.1571 -0.9792
vn -0.4925 0.1509 -0.8572
vn 0.7518 0.2781 -0.5979
vn 0.5853 0.5039 -0.6352
vn -0.0824 0.9294 -0.3597
vn -0.2412 0.2053 -0.9485
vn 0.4406 0.0131 0.8976
vn 0.1410 -0.9266 -0.3485
vn -0.5505 -0.6566 -0.5156
vn 0.1569 -0.5395 -0.8273
vn -0.9344 0.1191 -0.3356
vn -0.7666 -0.0563 -0.6397
vn 0.8167 -0.4744 -0.3284
vn 0.3777 -0.4232 -0.8236
vn 0.1102 -0.2928 -0.9498
vn 0.5437 -0.4558 -0.7047
vn -0.7398 -0.1607 -0.6534
vn 0.6819 0.3973 -0.6141
vn -0.5282 0.4537 -0.7177
vn -0.3723 0.3598 -0.8555
vn -0.3473 0.0715 -0.9350
vn -0.2050 -0.6327 -0.7468
vn 0.3962 0.5639 -0.7246
vn 0.4840 0.5364 -0.6914
vn -0.5058 -0.0615 -0.8605
vn 0.2774 -0.1375 -0.9509
vn 0.3138 -0.0637 -0.9474
vn -0.0796 0.7032 -0.7066
vn -0.3382 -0.4567 -0.8228
vn -0.5662 0.0398 -0.8233
vn 0.4794 0.4525 -0.7520
vn -0.3685 0.4374 -0.8203
vn -0.4821 0.2180 -0.8485
vn 0.4717 0.3265 -0.8191
vn -0.2778 0.5643 -0.7774
vn -0.2628 0.9480 -0.1796
vn 0.2993 -0.6123 -0.7318
vn -0.1208 -0.6625 -0.7392
vn 0.5176 -0.6368 -0.5714
vn -0.9515 -0.1276 -0.2798
vn 0.7636 0.1319 -0.6321
vn -0.7156 0.2120 -0.6656
vn 0.5690 0.7183 -0.4003
vn 0.8983 -0.4028 -0.1755
vn 0.8745 -0.3918 -0.2859
vn -0.1128 -0.1594 -0.9808
vn 0.0794 -0.7759 -0.6258
vn -0.0101 -0.9214 -0.3884
vn -0.3340 0.0133 -0.9425
vn 0.4087 -0.4106 -0.8151
vn -0.4637 -0.8773 -0.1234
vn -0.0333 -0.9754 0.2180
vn -0.4059 -0.1569 -0.9003
vn -0.2466 -0.7287 -0.6389
vn 0.2746 0.0715 -0.9589
vn 0.4372 0.6124 -0.6587
vn 0.5279 -0.7543 0.3904
vn -0.1067 0.8994 0.4240
vn 0.6884 0.0602 -0.7229
vn 0.1985 -0.7251 -0.6594
vn -0.7006 -0.4122 -0.5825
vn 0.8512 0.5226 0.0488
vn 0.7386 0.6670 0.0981
vn 0.0344 0.8073 -0.5891
vn -0.9966 0.0426 -0.0705
vn -0.5629 0.1639 -0.8101
vn 0.2525 -0.3194 -0.9134
vn 0.4431 -0.3357 -0.8313
vn 0.5190 -0.0228 -0.8545
vn 0.6401 -0.1904 -0.7444
vn -0.4215 0.5205 -0.7426
vn 0.5193 0.5782 -0.6293
vn 0.9237 -0.2096 -0.3208
vn 0.9349 -0.2403 -0.2613
vn 0.8455 0.3404 -0.4115
vn 0.2706 0.5232 -0.8081
vn -0.1131 0.7122 -0.6928
vn 0.1174 0.6458 -0.7544
vn 0.6402 0.1414 -0.7551
vn 0.5167 0.1481 -0.8432
vn -0.3128 0.3671 -0.8760
vn -0.5783 0.3776 -0.7232
vn 0.1007 0.7290 -0.6770
vn 0.4668 -0.3658 0.8051
vn -0.1548 -0.8750 -0.4587
vn 0.2272 -0.6144 -0.7555
vn -0.2746 -0.7274 -0.6289
vn 0.2795 -0.5609 -0.7793
vn 0.3080 -0.6419 -0.7022
vn -0.1492 0.9533 0.2628
vn -0.3483 0.5270 0.7752
vn -0.2513 0.9674 -0.0325
vn 0.6450 -0.5571 -0.5231
vn -0.9612 0.0903 -0.2605
vn -0.8795 -0.1595 -0.4485
vn 0.9006 -0.3430 -0.2671
vn 0.7567 -0.3479 -0.5536
vn -0.7810 0.4649 -0.4170
vn 0.8121 -0.5649 -0.1462
vn 0.5862 -0.4971 -0.6398
vn 0.3107 -0.3920 -0.8659
vn -0.3645 -0.7302 0.5779
vn 0.2750 0.6436 -0.7142
vn -0.2717 0.6238 -0.7328
vn -0.0551 0.5726 -0.8179
vn -0.3789 -0.8965 -0.2295
vn -0.3838 0.5190 -0.7637
vn -0.5593 0.4125 -0.7190
vn -0.5170 -0.5120 -0.6860
vn 0.4999 0.5751 -0.6476
vn -0.0244 0.8779 -0.4783
vn -0.8862 -0.4450 0.1292
vn 0.4271 -0.8727 0.2366
vn -0.0945 -0.9548 -0.2819
vn 0.7551 0.3341 -0.5640
vn -0.3408 0.8182 -0.4630
vn -0.5984 0.6509 -0.4671
vn 0.3309 0.6484 -0.6856
vn 0.8643 0.0686 -0.4984
vn 0.4949 -0.2600 -0.8291
vn 0.4718 -0.8546 0.2170
vn 0.2332 -0.7695 -0.5946
vn 0.0016 -0.6765 0.7365
vn 0.8502 -0.3011 -0.4319
vn 0.1520 0.5326 -0.8326
vn 0.9889 -0.0057 0.1484
vn -0.2840 -0.6294 -0.7233
vn -0.7111 0.2743 -0.6473
vn 0.1998 -0.4402 -0.8754
vn 0.4485 -0.8804 0.1539
vn -0.2314 -0.8226 -0.5194
vn -0.6183 -0.4171 -0.6662
vn -0.6751 -0.2298 -0.7010
vn 0.7030 0.6053 0.3734
vn -0.9002 0.3916 -0.1907
vn 0.4890 0.6361 -0.5969
vn -0.5499 0.4338 -0.7137
vn -0.8434 0.5373 -0.0068
vn 0.0129 -0.2266 -0.9739
vn -0.1749 -0.0507 -0.9833
vn -0.4002 0.1460 -0.9047
vn 0.4930 -0.5078 -0.7064
vn 0.4317 -0.5031 -0.7487
vn -0.7161 -0.6235 -0.3137
vn -0.7025 0.2488 -0.6668
vn -0.6818 0.4014 -0.6116
vn 0.2787 -0.9132 -0.2974
vn -0.1790 -0.4704 -0.8641
vn 0.9986 0.0519 0.0116
vn -0.2005 0.4733 -0.8578
vn 0.8450 0.1639 0.5090
vn 0.7963 -0.4444 0.4103
vn 0.7288 -0.1105 -0.6757
vn 0.3111 0.2614 -0.9137
vn 0.6142 0.0708 -0.7860
vn 0.4586 0.7301 -0.5066
vn 0.5898 0.7839 -0.1939
vn -0.0899 -0.0341 -0.9954
vn 0.0868 0.7324 -0.6753
vn -0.2802 -0.6457 -0.7103
vn 0.7666 0.5764 -0.2831
vn 0.9779 0.1746 0.1148
vn -0.5657 0.7062 -0.4258
vn -0.7914 0.4602 -0.4024
vn -0.2562 0.0296 -0.9662
vn -0.8773 0.3573 -0.3204
vn 0.6918 0.1115 -0.7134
vn -0.5078 0.2909 -0.8109
vn 0.2728 -0.3668 -0.8894
vn 0.7782 -0.3901 -0.4922
vn 0.6598 0.2891 -0.6936
vn -0.2209 -0.8007 -0.5568
vn 0.1626 0.4530 -0.8766
vn -0.0162 -0.9038 -0.4277
vn -0.4095 -0.8124 -0.4152
vn -0.3011 -0.5487 -0.7799
vn -0.2018 0.9686 -0.1450
vn -0.4641 0.6636 -0.5867
vn 0.8350 -0.4332 -0.3393
vn -0.8295 0.3669 -0.4211
vn -0.8086 0.3647 -0.4617
vn -0.6961 0.2497 -0.6731
vn 0.0437 -0.9897 -0.1363
vn -0.5392 0.2968 -0.7882
vn -0.9642 -0.1729 -0.2011
vn 0.9785 -0.1322 0.1581
vn 0.9815 0.0909 -0.1685
vn -0.6221 -0.7210 0.3053
vn 0.6596 0.3520 -0.6641
vn -0.3204 0.5764 -0.7517
vn 0.1136 -0.9756 0.1880
vn 0.3076 0.8301 -0.4651
vn 0.0662 0.5589 -0.8266
vn 0.0964 0.7278 -0.6790
vn 0.9458 0.3137 0.0842
vn -0.6317 -0.3482 -0.6927
vn 0.3975 -0.9157 -0.0596
vn 0.3042 -0.9194 -0.2493
vn -0.2988 0.1545 -0.9417
vn -0.5520 -0.0607 -0.8316
vn -0.0746 -0.9211 -0.3822
vn 0.0245 -0.8512 -0.5243
vn 0.3474 -0.8371 -0.4225
vn -0.0839 -0.9832 -0.1619
vn -0.5850 -0.4776 -0.6554
vn 0.8862 -0.2607 -0.3831
vn -0.2196 -0.0556 -0.9740
vn -0.0958 -0.1099 -0.9893
vn 0.3210 -0.5385 -0.7791
vn 0.4076 -0.4333 -0.8038
vn 0.6602 0.2300 -0.7150
vn -0.7674 0.3585 -0.5316
vn 0.8293 -0.4931 0.2630
vn -0.5725 0.8179 0.0570
vn 0.3754 -0.4729 0.7972
vn 0.8437 0.0147 0.5366
vn -0.0101 0.7507 -0.6605
vn 0.1249 0.8152 -0.5655
vn 0.9521 0.2898 -0.0976
vn 0.8544 0.2769 0.4396
vn 0.7383 0.1052 0.6663
vn -0.5671 0.3111 -0.7627
vn -0.2259 0.6729 -0.7044
vn -0.4444 0.6270 -0.6398
vn -0.4682 0.8048 -0.3648
vn 0.1801 0.1270 -0.9754
vn 0.3179 0.9296 0.1866
vn 0.2313 -0.2570 -0.9383
vn 0.4183 0.5655 -0.7108
vn 0.8440 -0.4372 -0.3105
vn 0.5273 -0.6157 -0.5855
vn -0.4976 0.2220 -0.8385
vn -0.8381 0.3602 -0.4098
vn -0.0886 -0.9369 -0.3381
vn 0.0581 -0.8292 -0.5560
vn -0.7580 0.5391 -0.3672
vn -0.8498 -0.4046 -0.3378
vn 0.6828 0.5397 -0.4925
vn 0.8384 -0.3706 -0.3996
vn 0.0075 0.1588 -0.9873
vn -0.0419 0.0011 -0.9991
vn 0.0067 -0.1579 -0.9874
vn 0.4953 -0.5372 -0.6827
vn 0.9636 -0.2601 -0.0622
vn 0.1890 0.6035 0.7747
vn -0.0143 0.5449 -0.8384
vn -0.2556 0.4164 -0.8725
vn 0.5573 0.4182 -0.7173
vn -0.1098 0.6980 -0.7076
vn -0.2163 0.5458 -0.8095
vn -0.1485 0.6319 -0.7607
vn 0.2053 0.6647 -0.7183
vn 0.5607 -0.7800 -0.2780
vn -0.3784 0.6806 -0.6274
vn 0.6013 -0.7780 0.1820
vn -0.3700 0.1489 -0.9170
vn -0.2494 0.1917 -0.9492
vn 0.9215 0.2925 0.2555
vn -0.4287 0.7676 -0.4764
vn -0.3042 -0.9481 -0.0922
vn -0.0933 -0.8214 0.5627
vn -0.4044 -0.2569 -0.8778
vn 0.7920 -0.5882 -0.1638
vn 0.0912 0.0591 -0.9941
vn 0.3184 0.3103 -0.8957
vn -0.8440 0.5345 0.0445
vn 0.0314 -0.0165 -0.9994
vn 0.1447 -0.0305 -0.9890
vn 0.1650 -0.1723 -0.9711
vn -0.8244 0.5340 -0.1874
vn -0.1884 0.0486 -0.9809
vn 0.5363 -0.4894 -0.6876
vn 0.2317 -0.3499 -0.9077
vn 0.2499 -0.4000 -0.8818
vn 0.4973 -0.5699 -0.6541
vn 0.8904 -0.2000 -0.4088
vn -0.7329 0.2639 -0.6270
vn 0.7451 -0.1985 -0.6367
vn 0.4549 -0.4713 -0.7556
vn 0.2131 -0.4542 -0.8650
vn 0.9378 0.1698 0.3029
vn -0.3372 0.2239 -0.9144
vn -0.4486 -0.1510 -0.8809
vn -0.4782 0.1907 -0.8573
vn -0.0563 -0.8970 0.4385
vn -0.1206 0.3793 -0.9174
vn 0.9328 0.0533 0.3565
vn 0.3666 0.4552 -0.8114
vn 0.5023 0.6992 -0.5088
vn 0.8392 0.1586 0.5202
vn 0.3289 0.9297 -0.1656
vn 0.6682 0.1584 -0.7269
vn 0.4896 -0.7947 0.3589
vn 0.8892 -0.3688 -0.2708
vn -0.6713 0.5589 -0.4868
vn -0.2334 -0.7645 -0.6008
vn -0.4351 -0.4241 -0.7942
vn -0.5657 0.1776 -0.8053
vn -0.4523 -0.0549 -0.8902
vn -0.4695 -0.1750 -0.8654
vn 0.4580 0.6044 -0.6519
vn 0.8788 -0.4260 -0.2151
vn -0.2342 0.1193 -0.9648
vn -0.1688 0.1430 -0.9752
vn -0.7428 0.3342 -0.5801
vn -0.6018 0.1972 -0.7739
vn 0.7619 -0.5403 -0.3571
vn 0.2594 -0.8009 0.5397
vn 0.4238 0.1017 0.9000
vn 0.7530 -0.0404 0.6567
vn -0.6833 0.5191 -0.5135
vn 0.1448 0.6087 -0.7801
vn -0.2777 0.9480 -0.1558
vn 0.3306 0.6545 -0.6799
vn 0.5259 -0.7791 0.3411
vn 0.4367 -0.8948 0.0929
vn -0.6247 0.7799 -0.0396
vn 0.3517 0.0397 0.9353
vn 0.2158 0.4788 0.8510
vn 0.1837 0.5011 0.8457
vn 0.7076 0.2725 -0.6519
vn 0.0439 -0.9462 -0.3207
vn 0.0948 -0.9618 -0.2568
vn -0.0927 -0.9082 -0.4081
vn 0.6191 -0.6979 -0.3600
vn -0.8341 0.5302 0.1522
vn -0.8628 0.4791 0.1614
vn -0.5227 0.7834 0.3364
vn -0.3905 0.2021 -0.8982
vn 0.7086 -0.1588 -0.6875
vn 0.8970 -0.4128 0.1579
vn 0.8703 -0.3064 0.3855
vn -0.3380 0.3950 -0.8542
vn 0.2999 -0.8333 0.4644
vn -0.1984 -0.9003 -0.3874
vn 0.7155 0.3779 -0.5876
vn -0.9629 -0.0860 -0.2558
vn 0.5935 0.3642 -0.7177
vn -0.8792 0.4685 -0.0869
vn -0.3216 0.8233 -0.4677
vn -0.6628 0.7025 -0.2592
vn 0.2045 0.9759 -0.0763
vn -0.3038 0.8119 0.4986
vn 0.3077 0.9053 -0.2929
vn 0.1950 0.8235 0.5327
vn 0.1580 0.9715 -0.1769
vn -0.7902 0.1891 -0.5829
vn -0.3147 0.7437 -0.5898
vn -0.0423 0.4032 -0.9142
vn -0.6349 0.2246 -0.7392
vn 0.2176 0.6186 0.7550
vn 0.0579 0.9228 0.3810
vn 0.2549 0.8169 0.5174
vn -0.3427 0.9067 0.2457
vn 0.2536 -0.7676 -0.5887
vn 0.4021 -0.6637 -0.6307
vn 0.1820 -0.7949 -0.5789
vn 0.0555 -0.9849 0.1643
vn -0.9487 -0.3154 -0.0220
vn -0.5974 -0.0326 -0.8013
vn -0.5958 0.1381 -0.7912
vn -0.4472 0.1929 -0.8734
vn 0.4328 -0.1691 -0.8855
vn 0.3614 -0.3229 -0.8747
vn 0.2678 -0.4266 -0.8639
vn 0.9052 -0.4236 -0.0352
vn 0.9268 -0.3754 -0.0084
vn -0.4810 0.2528 -0.8395
vn 0.7773 -0.5430 0.3176
vn -0.5779 0.3687 -0.7281
vn -0.5235 0.5980 -0.6069
vn 0.7723 0.5276 -0.3539
vn 0.5610 0.3696 -0.7408
vn -0.6947 -0.6583 0.2900
vn -0.5065 0.8567 -0.0972
vn -0.3171 -0.6809 -0.6602
vn -0.4372 -0.3928 -0.8090
vn 0.0424 0.7938 0.6066
vn 0.5081 0.8490 0.1454
vn -0.4083 0.6617 -0.6289
vn 0.2261 0.7211 0.6549
vn -0.1519 0.8830 -0.4441
vn -0.3749 0.8612 -0.3432
vn -0.8387 0.4418 -0.3184
vn -0.1393 -0.9496 -0.2809
vn 0.7088 -0.2585 -0.6564
vn -0.1142 -0.9900 0.0823
vn -0.9331 -0.2835 -0.2214
vn 0.7792 -0.5567 -0.2879
vn 0.3188 -0.9457 0.0633
vn 0.8813 -0.3683 -0.2960
vn 0.9073 -0.3900 -0.1569
vn 0.9897 -0.0102 0.1431
vn 0.5687 -0.7264 -0.3860
vn -0.6505 0.4635 -0.6016
vn -0.8474 0.4717 -0.2438
vn 0.2004 -0.8416 0.5015
vn -0.3220 -0.9467 0.0053
vn -0.5462 0.1045 -0.8311
vn 0.8104 0.3500 -0.4698
vn -0.7880 0.4668 0.4014
vn -0.3976 0.8008 0.4478
vn 0.9453 0.0239 -0.3254
vn 0.5808 0.7817 0.2270
vn -0.0770 0.9824 -0.1704
vn -0.1628 0.8232 0.5439
vn 0.8783 0.2859 0.3833
vn -0.3425 0.3746 -0.8616
vn 0.0548 0.8094 0.5847
vn 0.4381 0.8854 -0.1553
vn 0.2561 0.7025 0.6641
vn -0.1439 0.9421 -0.3029
vn 0.5709 -0.7530 -0.3271
vn 0.4698 -0.5812 -0.6645
vn -0.2639 -0.6369 -0.7244
vn 0.3872 0.8034 -0.4524
vn 0.1590 0.8578 -0.4887
vn 0.8767 0.3046 -0.3722
vn 0.7767 -0.5381 -0.3273
vn 0.8926 -0.3022 -0.3346
vn -0.0563 -0.8333 0.5499
vn 0.9296 -0.3539 -0.1028
vn 0.7544 -0.5724 -0.3214
vn 0.9499 -0.3082 -0.0509
vn 0.4575 -0.4382 -0.7737
vn 0.5963 -0.3754 -0.7095
vn -0.5094 0.8574 -0.0733
vn 0.5431 -0.6109 -0.5761
vn 0.5161 -0.8193 -0.2496
vn 0.3477 -0.9358 0.0579
vn 0.3837 -0.6270 -0.6780
vn 0.6073 -0.0147 -0.7943
vn -0.5107 -0.0149 -0.8596
vn 0.3591 -0.6141 0.7028
vn -0.3522 0.8882 -0.2949
vn -0.8351 0.3665 0.4103
vn 0.6153 0.5130 -0.5985
vn -0.9024 0.4306 0.0158
vn 0.6359 0.7690 0.0648
vn 0.1567 0.8248 0.5433
vn -0.6155 -0.2918 -0.7321
vn -0.6552 -0.4627 -0.5971
vn -0.8335 -0.4076 -0.3731
vn -0.5383 0.7066 -0.4593
vn 0.9035 0.4195 0.0877
vn 0.4598 -0.3811 0.8021
vn 0.8716 0.4288 0.2375
vn -0.6653 0.6858 0.2951
vn 0.5876 0.1165 0.8007
vn 0.0890 -0.9642 -0.2499
vn -0.1319 -0.9394 -0.3164
vn -0.3406 -0.6606 -0.6690
vn -0.6964 0.4852 0.5288
vn 0.6961 -0.6411 -0.3232
vn -0.4301 0.9014 -0.0508
vn 0.8965 -0.4239 -0.1287
vn 0.4903 0.1054 -0.8652
vn -0.7009 0.5033 -0.5054
vn -0.7303 0.3423 -0.5912
vn -0.4381 0.1952 -0.8775
vn 0.8174 -0.5691 0.0897
vn 0.5597 0.8282 -0.0269
vn 0.6783 -0.7171 0.1601
vn 0.5586 -0.6373 -0.5309
vn -0.0906 -0.0879 -0.9920
vn 0.2346 0.1223 -0.9644
vn 0.4199 -0.2568 -0.8705
vn -0.6890 0.5012 -0.5235
vn 0.8440 -0.0849 0.5296
vn -0.8432 0.4343 -0.3169
vn -0.3272 0.4699 0.8199
vn -0.2242 0.5093 0.8309
vn -0.6656 0.6948 -0.2725
vn -0.4042 0.9066 -0.1211
vn -0.2319 -0.9003 -0.3682
vn 0.1739 -0.9348 0.3095
vn -0.4463 0.6177 0.6474
vn 0.0278 0.7026 0.7110
vn -0.0886 0.6926 -0.7159
vn -0.6635 0.6710 -0.3309
vn 0.8637 -0.3498 0.3629
vn -0.0074 -0.9929 0.1190
vn -0.4551 -0.3676 0.8110
vn -0.8124 -0.5469 -0.2020
vn -0.6195 0.4378 -0.6516
vn 0.6005 0.3652 -0.7114
vn -0.4173 -0.8827 0.2162
vn 0.4716 -0.2945 -0.8312
vn -0.1215 -0.2116 -0.9698
vn 0.8079 -0.5204 0.2766
vn -0.5989 0.4216 -0.6809
vn 0.7987 -0.1833 0.5732
vn -0.6567 0.3292 -0.6785
vn -0.2312 0.2317 -0.9449
vn -0.4231 0.0471 -0.9048
vn -0.5282 0.4159 -0.7403
vn 0.8320 -0.2113 0.5130
vn -0.4674 0.8817 0.0639
vn -0.2874 -0.8658 -0.4097
vn 0.1347 -0.9558 0.2615
vn -0.4939 0.4473 0.7456
vn 0.7129 0.7012 0.0118
vn -0.2075 0.6489 0.7320
vn 0.6998 0.6670 0.2558
vn 0.3936 0.6137 0.6844
vn 0.2386 0.5578 0.7949
vn 0.8234 0.2289 0.5192
vn 0.8331 0.4534 0.3169
vn 0.7613 0.6214 0.1853
vn 0.7054 -0.4578 0.5412
vn 0.9808 -0.0044 0.1951
vn -0.1565 -0.7792 -0.6070
vn -0.3506 -0.9288 -0.1203
vn -0.1207 -0.1608 0.9796
vn 0.6857 -0.6514 -0.3249
vn -0.2787 0.1100 0.9541
vn -0.7684 0.1308 -0.6264
vn -0.9947 0.0559 -0.0867
vn -0.6362 -0.1614 -0.7544
vn 0.9122 0.3400 0.2285
vn -0.9674 0.2330 -0.0993
vn -0.6060 0.3314 -0.7232
vn -0.7247 0.1881 -0.6629
vn 0.3026 -0.5056 -0.8080
vn 0.4055 -0.6004 -0.6893
vn 0.1084 -0.3262 -0.9391
vn 0.8490 -0.4837 0.2127
vn -0.4657 0.1185 -0.8770
vn 0.2490 -0.8744 0.4164
vn 0.9419 0.2093 -0.2628
vn 0.7022 0.3753 -0.6050
vn -0.0224 0.7183 0.6954
vn -0.3874 0.7791 0.4928
vn 0.9712 0.1743 0.1627
vn 0.2931 -0.6598 0.6919
vn -0.2319 0.7719 0.5919
vn 0.0038 0.6006 0.7995
vn -0.1136 -0.7654 0.6334
vn 0.2555 0.7218 0.6433
vn -0.0172 0.6479 0.7615
vn -0.0367 0.7704 0.6365
vn -0.1138 0.8143 0.5692
vn -0.1685 0.9554 -0.2425
vn -0.0989 0.5538 0.8267
vn 0.7710 -0.5703 -0.2834
vn 0.7537 0.5675 -0.3314
vn 0.6450 0.7640 0.0165
vn 0.5937 0.7381 0.3205
vn -0.7265 -0.0626 -0.6843
vn -0.7591 -0.0266 -0.6505
vn -0.6705 0.4600 -0.5821
vn -0.7102 0.2550 -0.6562
vn 0.7920 -0.4306 -0.4329
vn 0.6865 -0.3523 -0.6361
vn 0.4818 -0.5311 -0.6969
vn 0.5973 -0.7153 0.3628
vn 0.0913 -0.0522 -0.9945
vn -0.7577 0.3383 -0.5581
vn -0.7365 0.5868 -0.3366
vn -0.7672 0.5842 -0.2648
vn 0.6740 0.2156 -0.7066
vn -0.1601 0.4955 -0.8538
vn 0.4416 -0.5549 0.7051
vn 0.8851 0.4100 -0.2203
vn -0.3200 -0.8837 -0.3417
vn -0.4074 -0.6980 -0.5889
vn 0.3174 0.6442 0.6959
vn 0.1055 0.6984 0.7079
vn -0.0589 0.8155 0.5758
vn -0.0848 -0.9776 0.1927
vn 0.0398 -0.9897 0.1376
vn -0.1200 -0.9792 0.1638
vn -0.2645 -0.8915 -0.3678
vn 0.3347 -0.7619 -0.5545
vn -0.4991 0.4548 0.7376
vn 0.7955 -0.4780 -0.3724
vn 0.8635 -0.4849 -0.1387
vn 0.7914 -0.5183 -0.3241
vn -0.8167 0.5471 0.1838
vn 0.7483 -0.5299 -0.3991
vn 0.5619 -0.5901 -0.5797
vn -0.8771 -0.4695 0.1010
vn -0.0446 0.0721 -0.9964
vn -0.8093 0.5017 0.3055
vn -0.7355 0.6259 0.2594
vn 0.0022 0.4600 -0.8879
vn 0.1530 0.4792 -0.8643
vn 0.9872 0.1139 -0.1114
vn 0.8158 0.4358 0.3802
vn 0.4539 0.7317 0.5085
vn -0.3975 0.7294 0.5567
vn 0.8599 0.2686 0.4341
vn 0.9757 0.1992 0.0910
vn -0.9882 0.0596 0.1412
vn -0.5327 -0.7293 0.4293
vn 0.0712 0.7661 0.6387
vn 0.0895 0.7122 0.6963
vn -0.1691 0.7181 -0.6750
vn -0.7003 0.1890 -0.6883
vn -0.3726 0.8705 -0.3215
vn -0.6528 0.5436 0.5275
vn -0.3115 -0.8207 -0.4789
vn 0.6286 0.3045 -0.7156
vn 0.9240 -0.3470 -0.1605
vn -0.2266 0.7795 -0.5840
vn 0.6411 -0.0820 -0.7631
vn 0.6153 0.3287 -0.7165
vn 0.9282 -0.3573 -0.1044
vn 0.9494 -0.2743 0.1527
vn 0.8837 -0.4068 0.2314
vn 0.6600 -0.6042 -0.4465
vn 0.0007 -0.9507 0.3100
vn 0.1918 -0.2575 -0.9470
vn -0.7021 0.5761 -0.4185
vn -0.9556 0.2492 -0.1574
vn 0.6191 -0.0473 -0.7839
vn 0.3873 0.0644 -0.9197
vn 0.3828 0.0680 -0.9213
vn 0.4004 0.8909 -0.2143
vn 0.7574 0.3528 0.5494
vn -0.9725 0.1555 -0.1736
vn -0.7876 -0.5965 -0.1542
vn -0.3470 0.5821 0.7354
vn -0.5749 0.6932 -0.4347
vn -0.5851 0.5336 -0.6106
vn -0.6339 0.2388 -0.7356
vn 0.6124 0.4588 0.6438
vn 0.9735 0.1362 0.1838
vn -0.4514 0.6439 0.6178
vn 0.2608 0.4991 0.8264
vn -0.1974 0.3705 -0.9076
vn -0.2765 0.7016 -0.6567
vn -0.9263 -0.2208 -0.3053
vn 0.1779 -0.9351 -0.3065
vn -0.3124 -0.7931 0.5228
vn -0.5238 0.2699 0.8079
vn -0.9095 0.4018 0.1063
vn 0.8932 -0.4428 -0.0779
vn -0.9048 0.2747 0.3255
vn -0.5143 0.6657 -0.5407
vn 0.7179 -0.5805 -0.3842
vn 0.4738 -0.6440 -0.6007
vn 0.0889 -0.3019 -0.9492
vn -0.6435 0.6169 0.4531
vn -0.1017 0.2190 -0.9704
vn 0.2270 0.3924 -0.8913
vn 0.7396 0.4718 0.4801
vn -0.5703 -0.0819 -0.8173
vn 0.7376 0.4669 0.4878
vn 0.3518 -0.8834 0.3095
vn 0.6594 0.4850 0.5744
vn -0.4967 0.5864 0.6399
vn -0.3496 0.9323 0.0931
vn 0.3312 0.4075 0.8510
vn 0.3860 0.3519 0.8527
vn 0.2578 0.6730 0.6933
vn 0.1652 0.6096 0.7753
vn -0.2969 0.5442 -0.7847
vn 0.8671 0.2590 0.4255
vn -0.6287 0.7432 0.2287
vn 0.5648 -0.7036 -0.4312
vn -0.1999 -0.9126 -0.3566
vn -0.5249 -0.3664 0.7683
vn 0.6919 0.4427 -0.5704
vn 0.6517 0.4544 -0.6073
vn -0.7154 -0.2025 -0.6687
vn -0.5689 0.1750 -0.8036
vn -0.7850 0.3210 -0.5298
vn -0.1101 -0.4150 -0.9032
vn -0.5754 0.4357 -0.6922
vn 0.3385 -0.3622 -0.8684
vn 0.6884 -0.0933 0.7193
vn -0.7481 0.5586 -0.3581
vn -0.3893 0.4328 0.8131
vn 0.2054 -0.8922 0.4022
vn -0.4639 0.6150 0.6377
vn -0.3967 0.4148 0.8189
vn 0.7092 0.4594 0.5347
vn 0.2700 0.6942 0.6672
vn -0.2964 -0.1744 0.9390
vn 0.2368 -0.9658 -0.1054
vn 0.6317 0.1735 -0.7556
vn 0.3865 -0.7655 -0.5145
vn 0.0289 -0.9468 -0.3205
vn -0.4301 -0.8939 -0.1261
vn -0.8764 0.1315 -0.4632
vn -0.6299 0.1937 -0.7521
vn 0.9466 -0.3225 0.0034
vn 0.9320 -0.3005 0.2027
vn 0.6021 -0.3743 -0.7053
vn 0.8576 -0.4735 0.2006
vn 0.5640 -0.6567 0.5006
vn 0.7954 -0.4406 -0.4163
vn 0.7610 -0.2453 -0.6006
vn -0.7632 0.5241 0.3780
vn -0.4126 0.4497 0.7922
vn -0.8339 0.5073 -0.2172
vn -0.5154 0.7717 -0.3727
vn -0.6270 0.5372 0.5642
vn -0.4202 -0.8577 -0.2962
vn -0.2414 0.9508 0.1942
vn -0.6464 0.7623 -0.0339
vn 0.0767 -0.9203 0.3836
vn 0.0139 -0.9185 0.3951
vn 0.2036 -0.7276 0.6551
vn -0.4968 -0.4779 -0.7244
vn 0.1945 -0.7065 0.6805
vn 0.5347 -0.0480 0.8437
vn -0.6475 -0.0481 -0.7605
vn 0.7330 0.6434 0.2210
vn 0.3449 -0.9375 -0.0469
vn -0.2970 -0.9389 -0.1740
vn -0.9268 -0.2776 0.2530
vn 0.8007 0.5633 0.2037
vn -0.5539 0.2517 -0.7936
vn 0.9299 -0.2842 0.2334
vn -0.0204 -0.5021 -0.8646
vn 0.7916 -0.4269 0.4372
vn -0.6939 0.6813 0.2328
vn 0.4583 -0.5832 -0.6707
vn -0.6204 0.3873 0.6820
vn 0.4949 -0.3541 -0.7935
vn -0.3959 0.6255 -0.6723
vn 0.9349 -0.1837 0.3038
vn -0.6519 0.6705 0.3542
vn -0.0616 -0.9934 -0.0966
vn 0.4215 0.6431 0.6393
vn 0.3106 0.5820 0.7515
vn -0.1397 -0.7166 0.6833
vn -0.0615 -0.9140 0.4009
vn -0.6307 -0.5833 -0.5119
vn 0.4414 -0.5135 0.7358
vn -0.4069 0.6593 -0.6323
vn -0.6363 -0.4129 0.6517
vn -0.7061 -0.5604 0.4329
vn -0.3536 0.8460 -0.3990
vn -0.1507 0.9598 -0.2367
vn 0.6186 0.1312 0.7747
vn 0.5231 -0.4490 0.7245
vn 0.3456 0.3474 0.8717
vn -0.0507 -0.7439 0.6663
vn -0.8724 0.4387 0.2158
vn 0.6108 -0.3999 -0.6833
vn 0.5516 -0.4565 -0.6981
vn -0.8336 0.2625 -0.4859
vn -0.8604 0.5092 -0.0199
vn -0.7172 0.5002 0.4852
vn 0.2912 -0.8706 0.3965
vn 0.4763 -0.1910 0.8583
vn 0.2111 0.3425 0.9155
vn -0.5390 0.4493 -0.7125
vn 0.0710 -0.9930 -0.0939
vn -0.3245 -0.9216 -0.2129
vn -0.7781 0.5959 -0.1986
vn -0.2325 0.8657 0.4432
vn 0.9244 0.3705 -0.0902
vn -0.7747 -0.2637 -0.5747
vn -0.9434 0.2836 -0.1719
vn -0.0654 0.4147 0.9076
vn 0.1361 -0.9611 0.2402
vn 0.1902 -0.8689 0.4569
vn -0.2298 -0.9194 0.3192
vn -0.6367 -0.7507 -0.1762
vn -0.8567 -0.3385 -0.3893
vn -0.7695 0.0594 -0.6359
vn -0.9135 0.3113 -0.2621
vn 0.6085 -0.2253 0.7609
vn -0.7269 0.4253 0.5392
vn -0.7290 0.4545 0.5118
vn -0.5581 0.5466 0.6243
vn -0.6170 0.4315 0.6581
vn 0.4493 0.3592 0.8180
vn 0.3727 -0.8812 0.2909
vn 0.5415 0.5251 0.6566
vn 0.5578 -0.6988 0.4478
vn -0.0630 0.8431 -0.5340
vn -0.9805 0.0363 -0.1932
vn 0.7838 -0.5338 -0.3174
vn 0.0360 -0.7819 -0.6224
vn 0.8466 0.4086 -0.3412
vn 0.3408 0.2245 0.9129
vn -0.7500 -0.6612 0.0175
vn -0.9905 -0.1147 0.0756
vn 0.6685 0.7413 0.0606
vn 0.8887 -0.4523 -0.0754
vn 0.0760 0.6058 -0.7920
vn 0.3450 0.5033 -0.7923
vn -0.8407 0.1814 -0.5103
vn 0.5485 -0.2758 -0.7894
vn -0.9035 0.3977 -0.1596
vn 0.7642 -0.5133 -0.3906
vn 0.5019 -0.5871 -0.6351
vn -0.7146 0.5850 -0.3836
vn 0.8027 -0.2941 0.5189
vn -0.9556 -0.0342 0.2927
vn 0.4839 -0.1338 -0.8648
vn 0.4065 0.2820 -0.8691
vn 0.3897 0.3177 0.8644
vn 0.2429 0.1392 0.9600
vn -0.3959 -0.9109 -0.1164
vn 0.2939 -0.9331 0.2075
vn 0.9659 0.2207 -0.1353
vn -0.5641 0.7384 -0.3695
vn 0.0225 0.8664 -0.4989
vn -0.1632 0.9056 -0.3915
vn 0.7147 0.3664 -0.5958
vn -0.8384 -0.3684 -0.4016
vn -0.8563 -0.2098 -0.4720
vn 0.9221 -0.3868 -0.0028
vn -0.5899 0.4713 -0.6557
vn 0.6847 -0.5487 -0.4796
vn 0.7427 -0.5144 -0.4286
vn 0.8267 -0.4798 -0.2939
vn 0.9230 -0.3605 0.1345
vn 0.5157 -0.7980 0.3120
vn 0.5815 -0.7991 0.1526
vn -0.7448 0.5462 -0.3833
vn -0.6152 0.3622 -0.7002
vn -0.4634 0.4433 0.7673
vn 0.3864 0.2907 0.8753
vn -0.6213 0.1963 0.7586
vn 0.6783 0.3241 0.6594
vn -0.9111 0.4110 0.0317
vn 0.3194 -0.7900 0.5233
vn -0.8217 0.5688 0.0366
vn -0.5579 0.1781 -0.8106
vn -0.6253 -0.4674 -0.6249
vn 0.0437 -0.9979 -0.0478
vn -0.4646 0.8519 -0.2418
vn -0.5831 -0.2204 -0.7820
vn -0.0939 0.4939 -0.8644
vn -0.7952 0.6064 -0.0037
vn -0.6729 0.7029 -0.2305
vn -0.1024 -0.9868 -0.1254
vn -0.2128 -0.9321 -0.2932
vn 0.9456 -0.3071 0.1071
vn 0.8812 -0.4550 -0.1279
vn 0.4883 0.1336 -0.8624
vn 0.9500 -0.3079 0.0523
vn -0.7000 0.3397 -0.6281
vn -0.8125 0.5680 0.1310
vn 0.6537 -0.2088 -0.7274
vn -0.7544 0.3612 0.5480
vn -0.9103 0.4139 -0.0026
vn -0.9131 0.3090 0.2661
vn 0.9405 0.0032 -0.3399
vn -0.7066 0.3834 0.5948
vn -0.6434 0.4517 0.6180
vn -0.2893 -0.8510 0.4383
vn 0.4622 -0.5115 -0.7244
vn 0.5595 -0.4179 -0.7157
vn -0.3089 0.5358 0.7858
vn 0.4795 -0.2601 -0.8381
vn 0.3661 -0.8804 0.3015
vn -0.3690 0.8776 0.3059
vn -0.1483 0.8701 0.4699
vn -0.0371 -0.8949 0.4447
vn -0.4674 -0.8191 -0.3327
vn 0.0469 -0.9602 0.2754
vn 0.3930 -0.8894 0.2334
vn -0.9991 0.0424 -0.0013
vn -0.9801 -0.0093 -0.1984
vn -0.7569 -0.6459 0.0993
vn 0.3437 0.8634 -0.3693
vn 0.3797 0.9248 0.0247
vn -0.9003 -0.1095 -0.4213
vn 0.9364 -0.2313 -0.2639
vn -0.9174 0.2030 0.3423
vn -0.9095 0.0057 -0.4156
vn 0.7910 -0.5613 -0.2435
vn 0.6205 -0.6216 -0.4782
vn -0.6616 0.5090 -0.5506
vn -0.8339 0.4502 -0.3193
vn 0.5704 -0.4915 -0.6580
vn 0.7922 -0.5881 -0.1628
vn 0.3786 -0.6483 -0.6606
vn 0.9080 -0.4162 0.0487
vn -0.7017 0.3894 -0.5966
vn -0.7903 0.4713 -0.3914
vn -0.5191 0.3815 0.7649
vn -0.0281 0.1984 0.9797
vn -0.9928 0.0980 0.0687
vn -0.7700 -0.4816 -0.4185
vn -0.3191 -0.8340 -0.4502
vn 0.1477 -0.9873 -0.0589
vn -0.6255 0.6599 0.4162
vn 0.9876 -0.1464 0.0564
vn -0.2835 0.8868 0.3650
vn -0.4271 0.8216 0.3775
vn 0.3544 0.8435 0.4037
vn 0.1932 0.8906 0.4117
vn -0.0859 0.8729 0.4802
vn 0.0371 0.8916 0.4514
vn 0.9500 0.1361 -0.2809
vn -0.0383 -0.9354 0.3514
vn 0.7510 0.5929 -0.2907
vn 0.4927 0.8451 -0.2077
vn 0.4148 0.3196 0.8519
vn -0.3071 0.6567 0.6888
vn -0.1662 -0.9780 0.1257
vn -0.2205 -0.9744 0.0434
vn -0.6290 -0.7755 -0.0543
vn 0.8312 -0.5554 0.0247
vn 0.7172 -0.6456 -0.2625
vn 0.9640 0.1451 -0.2227
vn 0.8881 0.3473 -0.3011
vn -0.8241 0.5525 -0.1251
vn -0.9459 0.1658 0.2790
vn 0.6171 -0.6095 -0.4977
vn -0.6483 0.3235 -0.6893
vn -0.8734 0.3862 -0.2966
vn 0.5791 -0.3802 0.7211
vn -0.9264 -0.0703 0.3700
vn -0.1841 -0.8820 0.4338
vn -0.6352 0.3364 0.6953
vn 0.6530 0.1662 0.7389
vn 0.8879 -0.3013 0.3475
vn -0.1326 0.6127 -0.7791
vn 0.4387 0.5314 -0.7247
vn -0.1455 0.7711 -0.6198
vn 0.2449 0.8082 -0.5356
vn -0.4287 0.8915 -0.1466
vn -0.8795 -0.2556 0.4014
vn 0.1720 0.7340 -0.6570
vn -0.5962 0.2571 -0.7605
vn -0.3400 0.8735 -0.3484
vn 0.0926 -0.9945 0.0493
vn -0.4183 -0.9021 -0.1063
vn -0.9382 -0.1304 0.3207
vn -0.1567 0.5343 -0.8307
vn 0.9316 -0.3456 -0.1128
vn -0.7592 0.4350 0.4842
vn -0.7723 0.4690 0.4285
vn 0.7213 -0.6587 0.2140
vn -0.1803 -0.6173 -0.7658
vn -0.6523 0.3372 0.6789
vn 0.6842 -0.3944 0.6134
vn -0.7108 -0.5832 0.3933
vn 0.7864 -0.3490 0.5097
vn 0.6095 -0.5905 0.5289
vn -0.7343 0.6788 -0.0030
vn 0.2551 -0.9417 0.2195
vn -0.7519 -0.6096 -0.2511
vn -0.5387 0.7131 0.4486
vn -0.2167 -0.9202 0.3259
vn 0.1618 -0.7672 0.6207
vn 0.2366 0.7586 -0.6071
vn -0.2570 -0.2079 0.9438
vn 0.3741 -0.8079 -0.4553
vn -0.2927 -0.9303 -0.2211
vn -0.6857 -0.6347 -0.3564
vn 0.6290 0.4477 -0.6356
vn 0.9256 -0.3739 0.0588
vn 0.5739 -0.6084 -0.5482
vn -0.7859 0.4540 0.4198
vn 0.2007 0.0955 0.9750
vn -0.6369 0.2864 0.7157
vn 0.4712 -0.5941 -0.6519
vn 0.3156 -0.7842 -0.5343
vn -0.6384 0.6242 0.4504
vn -0.8271 0.2643 0.4961
vn 0.1582 -0.8976 0.4114
vn 0.0122 0.8131 -0.5820
vn 0.4495 0.6931 -0.5636
vn -0.0993 -0.9859 0.1346
vn -0.7987 -0.5609 0.2179
vn -0.0269 -0.9994 0.0230
vn -0.2623 -0.9580 0.1157
vn -0.5265 0.4729 -0.7066
vn -0.4192 0.8007 -0.4279
vn -0.2502 0.9394 0.2342
vn -0.8755 0.4050 0.2638
vn -0.5609 -0.8006 -0.2108
vn 0.4432 0.7442 0.4997
vn 0.2519 -0.6431 0.7231
vn 0.8403 -0.2248 -0.4933
vn 0.8146 -0.5772 -0.0575
vn -0.9851 0.0881 0.1478
vn 0.6942 -0.5171 -0.5006
vn 0.1962 0.2871 -0.9376
vn -0.6794 0.6390 -0.3607
vn 0.6060 -0.2940 -0.7391
vn -0.9208 0.3063 -0.2415
vn -0.8929 0.3182 -0.3185
vn -0.6144 0.7841 0.0873
vn -0.1533 -0.4855 -0.8607
vn -0.6212 0.3647 0.6936
vn -0.6239 0.3979 0.6726
vn -0.6824 0.2805 0.6751
vn 0.7685 -0.6075 0.2008
vn 0.9899 0.0932 0.1072
vn -0.6706 0.7353 -0.0980
vn -0.6886 0.5701 0.4481
vn 0.4832 0.3700 -0.7935
vn 0.6183 0.7853 -0.0313
vn 0.6179 0.2574 -0.7429
vn -0.9732 0.1774 -0.1463
vn 0.4608 0.7127 0.5289
vn 0.1589 0.6792 -0.7166
vn -0.3786 0.9073 -0.1832
vn 0.2076 -0.9385 0.2758
vn -0.0838 -0.9196 0.3837
vn 0.7082 -0.7056 -0.0252
vn -0.0157 0.3099 0.9506
vn 0.9035 -0.4089 0.1286
vn 0.8696 -0.4674 0.1591
vn 0.9321 -0.3403 0.1237
vn -0.1949 0.8782 -0.4369
vn -0.7193 0.6710 0.1797
vn -0.5875 0.5249 0.6160
vn -0.8150 0.3425 -0.4674
vn 0.6618 -0.4796 0.5762
vn -0.8356 0.4503 0.3147
vn 0.2484 -0.4113 -0.8770
vn 0.8378 -0.3327 0.4328
vn -0.6245 0.2455 0.7415
vn -0.0884 0.2315 0.9688
vn 0.0782 -0.9367 -0.3412
vn 0.2199 -0.9684 -0.1179
vn -0.8167 0.0869 0.5705
vn 0.5210 -0.4278 -0.7386
vn 0.7185 0.4003 0.5688
vn -0.2803 0.9351 -0.2166
vn -0.2957 0.9531 0.0641
vn -0.2358 0.9717 0.0150
vn -0.4807 0.6265 -0.6136
vn 0.6250 0.1602 -0.7640
vn -0.4250 -0.8805 0.2102
vn 0.3181 0.2380 -0.9177
vn -0.0809 0.8362 -0.5425
vn -0.6245 0.7005 -0.3454
vn 0.4530 0.8914 -0.0095
vn -0.8087 0.3367 0.4824
vn 0.9129 -0.4077 -0.0180
vn 0.7868 -0.3737 0.4912
vn 0.6699 -0.2233 0.7081
vn -0.1925 0.4158 0.8888
vn -0.8651 0.2159 0.4528
vn -0.1847 0.4876 0.8533
vn 0.9215 0.3358 -0.1951
vn 0.7095 -0.3812 0.5927
vn -0.7628 -0.4025 -0.5060
vn 0.5202 0.0848 0.8498
vn -0.0525 -0.8190 0.5714
vn -0.0889 -0.9937 -0.0683
vn -0.3823 -0.4943 -0.7807
vn -0.1715 -0.9186 0.3560
vn 0.1601 0.7586 -0.6316
vn 0.3217 0.6074 -0.7263
vn -0.9164 0.2592 -0.3049
vn -0.2460 -0.9420 -0.2283
vn 0.3847 -0.8449 0.3717
vn -0.1753 -0.8817 0.4380
vn -0.4166 0.6807 0.6026
vn -0.8641 0.1110 0.4910
vn -0.6501 0.4348 0.6232
vn 0.7971 -0.5155 -0.3143
vn -0.4174 0.4527 0.7880
vn 0.8691 0.0678 -0.4900
vn -0.4666 0.2873 0.8365
vn -0.6905 0.2696 0.6712
vn 0.1472 -0.8162 0.5588
vn 0.6114 -0.7806 0.1299
vn 0.9956 -0.0915 -0.0183
vn 0.8822 -0.3659 -0.2963
vn -0.7165 0.6804 0.1541
vn -0.7369 0.4003 0.5448
vn 0.4251 -0.8986 0.1089
vn 0.2976 -0.9457 -0.1310
vn 0.2825 -0.9471 -0.1523
vn -0.8991 -0.2892 0.3287
vn -0.4494 -0.8831 0.1351
vn 0.1308 -0.7127 0.6892
vn -0.5971 -0.0660 -0.7994
vn 0.3122 -0.8855 -0.3441
vn 0.3260 -0.8971 0.2982
vn -0.1145 -0.9571 0.2663
vn -0.8452 -0.4568 -0.2774
vn -0.8050 0.3090 0.5065
vn -0.9317 0.1257 -0.3407
vn 0.5238 -0.1148 -0.8441
vn 0.6456 0.2391 -0.7253
vn -0.3701 0.6456 0.6680
vn 0.6835 -0.7271 -0.0644
vn -0.2292 -0.5367 -0.8121
vn 0.7534 -0.4471 0.4822
vn -0.6117 0.3498 0.7095
vn -0.6993 0.5306 0.4789
vn 0.8149 -0.0095 0.5795
vn -0.7144 0.2092 0.6677
vn -0.1332 0.2675 0.9543
vn -0.1196 0.5086 0.8527
vn 0.8299 0.2473 -0.5000
vn -0.7270 0.5100 0.4597
vn 0.3443 0.9335 0.1006
vn -0.3379 0.7394 0.5824
vn 0.1621 0.1282 -0.9784
vn 0.5582 -0.1085 -0.8226
vn 0.1445 0.0908 -0.9853
vn -0.9506 0.2138 -0.2249
vn -0.6902 -0.7212 0.0595
vn 0.3391 -0.8404 0.4229
vn 0.5472 -0.8366 -0.0261
vn -0.3713 -0.8964 -0.2423
vn -0.4823 -0.8090 -0.3360
vn 0.8591 -0.4120 0.3037
vn 0.7049 -0.6741 0.2205
vn 0.4917 0.7354 -0.4664
vn 0.7374 -0.6419 0.2102
vn 0.6938 -0.5319 0.4855
vn 0.7649 -0.5823 0.2756
vn 0.8568 -0.3766 0.3523
vn 0.8719 -0.2195 0.4378
vn 0.8583 -0.2558 0.4448
vn 0.9456 0.3254 0.0063
vn 0.7434 0.0676 0.6654
vn -0.7791 0.3793 0.4991
vn 0.2290 -0.7641 0.6031
vn -0.7670 0.4850 0.4200
vn 0.8277 0.2043 0.5226
vn 0.6434 0.0731 -0.7620
vn 0.7833 -0.1721 0.5973
vn -0.9204 0.3551 0.1637
vn -0.8669 0.4164 0.2742
vn -0.3903 -0.0348 -0.9200
vn -0.4689 0.0954 -0.8781
vn -0.4839 0.7217 -0.4950
vn 0.5912 0.5858 0.5544
vn -0.3087 0.9405 -0.1422
vn 0.3941 -0.2844 -0.8739
vn -0.0378 -0.8513 0.5233
vn 0.2196 -0.5375 -0.8142
vn 0.6705 0.3662 -0.6452
vn 0.2711 0.7998 -0.5356
vn -0.0685 0.9510 -0.3014
vn 0.0400 0.7415 -0.6698
vn -0.3093 -0.8913 0.3315
vn 0.2277 -0.9485 0.2204
vn -0.2106 -0.9506 0.2278
vn -0.1319 -0.9790 -0.1553
vn 0.2026 0.0064 -0.9792
vn 0.9937 -0.1106 -0.0202
vn -0.8050 0.2297 0.5470
vn -0.9622 0.1518 -0.2262
vn 0.0533 0.7913 0.6091
vn -0.5751 0.5165 0.6344
vn -0.5120 0.5135 0.6886
vn -0.5034 0.4582 0.7326
vn 0.1482 -0.4279 -0.8916
vn 0.6865 -0.1708 0.7067
vn -0.8186 0.5729 -0.0399
vn -0.8436 0.5344 -0.0531
vn -0.7134 0.6227 -0.3213
vn -0.7453 0.6668 0.0033
vn 0.7222 0.0251 0.6912
vn 0.0773 -0.2944 0.9526
vn 0.8134 0.5760 -0.0811
vn 0.7147 -0.4004 -0.5735
vn -0.7409 0.6072 0.2871
vn -0.8599 0.4915 0.1379
vn -0.7686 0.1414 0.6239
vn 0.8479 -0.2222 0.4814
vn 0.7487 -0.5075 -0.4264
vn -0.6008 0.7847 -0.1524
vn -0.5229 0.8341 0.1758
vn 0.2358 -0.9566 -0.1710
vn 0.5490 0.6117 -0.5696
vn 0.4748 -0.7402 -0.4761
vn 0.1014 -0.2377 -0.9660
vn 0.4501 -0.8319 -0.3246
vn -0.2054 0.9777 -0.0438
vn 0.0392 0.9524 0.3024
vn 0.1616 -0.9820 0.0981
vn -0.1417 -0.9899 0.0049
vn 0.5686 -0.8222 0.0282
vn 0.9372 0.1112 -0.3305
vn 0.7384 -0.6722 0.0546
vn -0.9076 -0.2858 -0.3075
vn -0.8671 0.0767 0.4922
vn 0.8608 -0.4753 0.1819
vn 0.8837 -0.2545 0.3927
vn 0.9984 0.0433 -0.0368
vn 0.9534 -0.2899 -0.0836
vn 0.7122 -0.1098 0.6934
vn 0.9317 0.3584 -0.0597
vn -0.7343 0.2714 0.6222
vn -0.7592 0.5657 0.3220
vn -0.3881 0.3791 0.8400
vn -0.4741 0.0982 0.8750
vn 0.8250 -0.4056 0.3935
vn 0.7616 -0.6276 0.1614
vn 0.0132 -0.9258 -0.3778
vn 0.3517 -0.9357 0.0262
vn 0.6862 0.0625 -0.7248
vn 0.4058 0.3013 -0.8629
vn -0.7189 0.6681 0.1920
vn -0.2412 0.9593 -0.1467
vn 0.5807 0.3352 -0.7419
vn -0.0353 -0.7220 -0.6910
vn 0.2545 0.1057 -0.9613
vn 0.0894 -0.3936 -0.9149
vn 0.2819 0.7643 0.5800
vn -0.3089 0.9497 -0.0503
vn 0.9139 -0.0512 -0.4027
vn -0.5784 -0.4007 -0.7105
vn 0.9553 0.0418 -0.2926
vn -0.3026 0.5392 -0.7860
vn -0.0474 0.3005 -0.9526
vn -0.1005 0.8391 -0.5347
vn 0.5983 -0.0941 -0.7957
vn -0.0022 0.9995 0.0318
vn 0.0050 0.9964 -0.0844
vn -0.8307 -0.1831 0.5257
vn -0.8031 -0.5473 0.2354
vn -0.8010 -0.4607 0.3824
vn -0.9134 -0.3632 0.1837
vn 0.6132 0.7272 -0.3085
vn -0.9478 -0.1304 -0.2910
vn -0.9388 0.0805 -0.3348
vn -0.0918 0.7342 0.6727
vn -0.3041 0.6261 0.7180
vn -0.6930 0.4899 0.5289
vn -0.3029 -0.8955 -0.3262
vn 0.6379 -0.2947 0.7115
vn -0.8254 0.3746 0.4223
vn -0.4768 0.3943 0.7856
vn -0.8362 -0.1689 0.5218
vn 0.5098 -0.2580 0.8207
vn 0.9385 -0.3265 -0.1125
vn 0.3564 -0.9109 0.2077
vn 0.4607 -0.7602 -0.4582
vn -0.7311 0.5264 0.4341
vn 0.0214 0.8174 -0.5757
vn 0.8455 0.5337 0.0137
vn 0.2011 0.9384 -0.2810
vn 0.7309 -0.0710 -0.6788
vn 0.6364 0.7180 -0.2818
vn 0.5963 -0.7260 -0.3426
vn 0.0572 -0.8275 0.5586
vn -0.0460 0.7719 -0.6340
vn -0.2019 0.8012 -0.5634
vn 0.6781 -0.6232 0.3896
vn 0.9581 -0.1528 0.2422
vn 0.6123 0.7255 -0.3142
vn 0.4827 0.8749 -0.0404
vn 0.1919 -0.9087 0.3708
vn -0.1374 -0.9895 0.0442
vn -0.4031 -0.9125 -0.0694
vn 0.1565 0.4212 -0.8934
vn -0.2388 0.6568 -0.7152
vn 0.2513 0.9503 -0.1838
vn -0.7917 0.1789 0.5841
vn -0.9665 -0.0586 -0.2498
vn -0.9698 0.0735 -0.2326
vn 0.9126 -0.2479 0.3251
vn -0.6530 0.3618 0.6654
vn 0.2775 -0.2304 0.9327
vn 0.8687 -0.0118 -0.4953
vn -0.3518 0.1936 0.9159
vn 0.4350 -0.1187 0.8926
vn 0.6757 0.0626 0.7346
vn -0.5263 -0.5788 0.6229
vn -0.7346 0.6784 -0.0153
vn -0.7117 0.6374 -0.2953
vn -0.6961 0.7026 -0.1475
vn -0.5009 0.8621 0.0768
vn -0.7703 0.4364 0.4649
vn -0.1325 -0.8014 0.5832
vn 0.4822 0.2291 0.8456
vn -0.6651 0.6736 0.3223
vn -0.0354 -0.8323 -0.5532
vn -0.3557 -0.3779 -0.8548
vn 0.7407 0.6630 0.1086
vn 0.9856 -0.1579 -0.0606
vn 0.2282 -0.9686 -0.0984
vn 0.3384 -0.9215 -0.1908
vn 0.1481 -0.9883 0.0354
vn 0.7263 -0.6724 0.1428
vn -0.7328 -0.0603 0.6777
vn -0.5161 0.5069 0.6905
vn 0.6751 -0.5827 -0.4524
vn 0.4361 -0.8848 0.1641
vn -0.5609 -0.8059 0.1896
vn 0.6022 0.7292 0.3251
vn 0.5178 0.8375 0.1748
vn 0.0342 0.8824 -0.4693
vn 0.5415 -0.8212 0.1800
vn -0.5819 -0.7778 -0.2377
vn -0.8134 -0.5347 -0.2291
vn 0.6996 -0.2793 0.6577
vn -0.6683 0.3819 0.6384
vn 0.0907 -0.0845 0.9923
vn -0.8119 0.4568 0.3636
vn 0.2235 -0.1440 0.9640
vn -0.4841 -0.4502 0.7504
vn 0.3669 -0.1744 0.9138
vn -0.7985 0.3309 0.5028
vn -0.7533 0.4034 0.5194
vn 0.3547 -0.6541 0.6681
vn 0.0392 0.1966 0.9797
vn 0.3488 0.3133 0.8833
vn -0.3992 -0.0886 0.9126
vn 0.7158 0.6659 -0.2101
vn 0.9833 -0.1742 -0.0520
vn -0.5992 -0.1426 0.7878
vn -0.1060 0.4950 -0.8624
vn -0.3530 0.6378 -0.6845
vn -0.1556 0.7044 0.6925
vn -0.5130 0.7007 0.4957
vn -0.3363 0.9299 -0.1490
vn -0.5454 0.7814 0.3033
vn 0.1511 -0.8765 -0.4570
vn 0.0762 -0.9432 -0.3235
vn -0.2680 -0.9366 -0.2258
vn -0.5142 -0.8570 0.0333
vn -0.6168 -0.7870 0.0093
vn -0.4553 0.1999 -0.8676
vn 0.8354 -0.3751 0.4017
vn 0.0799 0.8850 0.4588
vn 0.4191 -0.9079 -0.0135
vn -0.0029 -0.9986 -0.0531
vn -0.3617 -0.9323 -0.0004
vn 0.7988 -0.5984 0.0621
vn -0.9044 -0.2395 0.3530
vn -0.1219 0.8447 -0.5212
vn 0.7808 0.3514 -0.5166
vn -0.9782 -0.0915 -0.1866
vn 0.1597 -0.3557 0.9209
vn 0.1824 -0.3422 0.9217
vn 0.1476 -0.0759 0.9861
vn 0.4923 -0.2752 0.8258
vn -0.7315 0.3671 0.5746
vn -0.7747 0.2203 0.5927
vn -0.8297 0.1794 0.5286
vn 0.7665 -0.4235 0.4827
vn -0.5854 0.7940 0.1642
vn 0.0350 -0.1819 0.9827
vn -0.1155 -0.2367 0.9647
vn 0.0100 -0.3350 0.9422
vn 0.6745 0.5037 0.5398
vn 0.3282 -0.6834 0.6521
vn 0.8564 -0.1117 -0.5041
vn -0.2171 0.9036 0.3693
vn -0.1164 0.9849 -0.1281
vn 0.0372 0.9172 -0.3966
vn 0.2253 0.8488 0.4783
vn 0.2980 -0.9062 -0.3001
vn -0.3586 0.7118 -0.6039
vn 0.5319 0.1382 -0.8355
vn 0.9519 -0.3035 0.0422
vn 0.7879 0.4655 0.4033
vn -0.2295 0.9427 -0.2423
vn -0.4726 0.7555 -0.4538
vn 0.7186 -0.6879 0.1025
vn 0.9717 -0.0775 -0.2231
vn 0.7930 -0.2622 0.5499
vn 0.5333 0.4257 0.7310
vn 0.2520 -0.8763 0.4106
vn -0.8467 -0.4024 0.3482
vn 0.9287 -0.2883 -0.2333
vn -0.4615 -0.8855 -0.0535
vn 0.7328 0.6245 -0.2701
vn 0.7360 0.5688 -0.3672
vn 0.3602 -0.2152 0.9077
vn 0.3261 -0.1207 0.9376
vn 0.1985 -0.0026 0.9801
vn -0.3267 -0.5265 -0.7849
vn 0.7344 -0.2328 0.6375
vn 0.5710 0.4672 0.6751
vn 0.0823 -0.6967 0.7126
vn 0.4547 -0.2824 0.8447
vn -0.8381 0.2011 0.5072
vn 0.7149 0.5481 0.4343
vn 0.4631 -0.7934 0.3951
vn 0.3114 0.6851 0.6585
vn 0.1208 0.7840 0.6089
vn 0.7872 0.4003 0.4692
vn -0.8618 -0.3354 -0.3805
vn 0.0434 0.5935 -0.8037
vn 0.0823 0.6274 -0.7743
vn -0.5271 0.7345 -0.4275
vn 0.3752 0.8899 -0.2596
vn -0.0652 0.7660 -0.6395
vn -0.0011 0.9954 -0.0962
vn 0.3936 -0.0865 0.9152
vn 0.6921 0.3839 0.6112
vn 0.5835 -0.2511 -0.7723
vn 0.4704 -0.3114 -0.8257
vn -0.9777 0.1868 -0.0955
vn 0.6898 -0.0317 0.7233
vn 0.6502 -0.2508 0.7172
vn -0.8776 0.2339 0.4184
vn -0.7597 0.6480 0.0533
vn -0.7803 0.4202 0.4632
vn -0.6725 0.4394 0.5955
vn 0.7793 -0.2447 0.5769
vn -0.0190 -0.3258 0.9453
vn 0.6195 -0.7264 0.2975
vn 0.4750 -0.2564 0.8418
vn 0.1532 -0.0724 -0.9855
vn -0.0292 0.9985 -0.0466
vn -0.1777 0.9542 -0.2405
vn -0.2912 0.9558 -0.0395
vn 0.3324 -0.7686 0.5466
vn -0.6882 -0.7227 0.0644
vn 0.1818 0.4614 -0.8684
vn -0.0796 0.6183 -0.7819
vn -0.7071 0.6619 -0.2488
vn -0.4329 0.8897 -0.1447
vn -0.2039 -0.9486 0.2422
vn 0.1042 -0.9913 -0.0805
vn 0.5269 -0.8386 0.1387
vn -0.8950 -0.3716 -0.2466
vn -0.8961 -0.3859 -0.2191
vn 0.3640 -0.0246 0.9311
vn -0.2637 0.9132 0.3108
vn -0.2753 -0.5240 -0.8060
vn -0.8296 -0.3940 -0.3957
vn -0.8824 0.0925 0.4613
vn -0.8508 0.5237 0.0438
vn -0.7901 0.4177 -0.4486
vn 0.7942 -0.0462 0.6059
vn -0.2181 -0.1601 0.9627
vn 0.7591 -0.4766 0.4435
vn 0.5007 0.2332 0.8336
vn 0.4237 -0.8974 -0.1228
vn 0.1369 0.6606 0.7382
vn -0.3737 0.9256 -0.0598
vn -0.0214 -0.9707 -0.2392
vn 0.4550 -0.3327 0.8260
vn -0.0903 -0.9453 0.3135
vn -0.1033 -0.9925 0.0651
vn 0.4468 0.3746 0.8124
vn 0.4540 -0.5980 0.6605
vn -0.1127 0.8105 -0.5747
vn 0.0659 0.9484 -0.3102
vn 0.3669 0.6077 -0.7044
vn -0.0605 0.9472 0.3149
vn -0.1024 0.9481 0.3012
vn 0.2728 -0.9469 -0.1701
vn -0.5708 -0.8197 0.0476
vn -0.2972 -0.9539 0.0420
vn 0.3318 0.8257 -0.4563
vn 0.6354 0.3378 -0.6944
vn -0.9973 0.0731 0.0057
vn 0.2052 0.7197 0.6632
vn 0.5846 -0.3793 0.7172
vn 0.8027 -0.0992 0.5881
vn -0.0681 0.5995 0.7974
vn 0.5779 0.6362 0.5112
vn -0.1427 0.0895 0.9857
vn -0.5170 0.2438 0.8205
vn -0.3331 0.5991 0.7281
vn -0.3900 0.6840 0.6165
vn -0.2335 0.9358 -0.2641
vn -0.4441 0.6027 -0.6630
vn 0.9395 0.3154 -0.1340
vn -0.1274 0.9919 0.0026
vn 0.9286 0.3704 -0.0224
vn 0.4193 -0.8535 0.3093
vn 0.5929 -0.6893 0.4163
vn 0.0326 -0.7034 0.7100
vn 0.5857 -0.5961 0.5491
vn 0.6164 -0.0100 0.7874
vn -0.8942 0.4429 -0.0651
vn 0.1122 0.9708 0.2122
vn 0.7094 -0.6898 0.1447
vn -0.6341 -0.6225 0.4588
vn -0.5756 -0.5508 0.6044
vn -0.1328 -0.9911 0.0070
vn -0.8555 -0.3340 0.3957
vn -0.1679 0.6865 -0.7075
vn 0.8376 0.5443 -0.0468
vn -0.9589 -0.1318 -0.2512
vn 0.0206 0.1782 0.9838
vn -0.5296 0.3418 0.7763
vn 0.0269 -0.5029 -0.8639
vn -0.6359 0.7499 0.1825
vn -0.6860 0.6050 0.4041
vn -0.6436 0.3573 0.6769
vn -0.6890 0.6838 0.2401
vn -0.0270 -0.9964 -0.0802
vn -0.2904 -0.4543 -0.8422
vn 0.1368 0.3216 0.9370
vn 0.0944 -0.9908 0.0970
vn -0.3764 0.3033 -0.8754
vn -0.3776 0.0941 -0.9212
vn 0.0962 0.1693 0.9809
vn -0.4458 0.7216 0.5297
vn -0.2064 0.5285 0.8235
vn 0.2193 0.6349 0.7408
vn -0.1488 0.6772 0.7206
vn -0.2185 0.6635 0.7155
vn -0.5734 0.7336 -0.3648
vn -0.4381 -0.7377 0.5137
vn -0.2165 0.5668 -0.7949
vn -0.6834 0.7216 0.1104
vn -0.1545 0.9838 0.0910
vn 0.1343 0.9569 0.2574
vn 0.3140 -0.9434 -0.1065
vn 0.2204 -0.4559 0.8623
vn -0.0977 -0.8107 0.5773
vn 0.1711 0.9176 -0.3587
vn 0.8761 -0.4805 0.0411
vn 0.8071 -0.5359 0.2478
vn -0.9383 0.1275 0.3214
vn 0.6038 0.6404 -0.4746
vn 0.5682 0.7130 -0.4108
vn -0.7845 0.2256 0.5776
vn 0.8404 -0.3386 0.4232
vn 0.8902 -0.2501 0.3808
vn 0.5795 0.0536 0.8132
vn 0.0173 0.2395 0.9708
vn 0.8040 0.1251 0.5813
vn 0.7650 0.4989 0.4074
vn -0.5469 0.2206 0.8076
vn -0.6854 0.4149 0.5984
vn 0.6452 0.6134 0.4554
vn -0.6890 0.6647 0.2889
vn 0.4092 -0.5308 0.7422
vn -0.1463 -0.9776 -0.1512
vn 0.0896 -0.2510 0.9638
vn 0.2751 -0.9503 0.1456
vn 0.3369 0.5056 0.7943
vn 0.6266 0.6356 -0.4509
vn 0.1274 0.9226 0.3640
vn 0.4253 0.7914 -0.4391
vn -0.2391 0.9692 0.0594
vn -0.7622 -0.6463 0.0363
vn 0.8739 0.2562 -0.4130
vn 0.0036 0.9916 -0.1296
vn 0.1744 0.7311 -0.6596
vn 0.3585 0.8696 -0.3395
vn 0.1986 0.9675 -0.1566
vn -0.2742 0.6541 -0.7050
vn -0.0210 -0.9275 0.3733
vn -0.8606 -0.3393 0.3797
vn -0.9650 -0.2405 0.1047
vn 0.8584 -0.3254 0.3966
vn 0.1510 0.2397 0.9591
vn -0.0172 0.4382 0.8987
vn 0.4342 0.2535 0.8644
vn 0.7399 -0.2054 0.6406
vn 0.5088 0.7563 0.4112
vn -0.8695 0.4916 -0.0480
vn 0.6700 -0.2889 0.6839
vn 0.5828 -0.1625 0.7962
vn -0.8568 0.2250 0.4639
vn -0.5941 -0.2288 0.7712
vn -0.1237 -0.2570 0.9585
vn -0.0384 -0.2760 0.9604
vn 0.3651 -0.9307 -0.0205
vn 0.0483 -0.9830 0.1772
vn -0.2512 0.8211 -0.5126
vn -0.5189 0.3610 -0.7748
vn -0.5201 0.4428 -0.7304
vn 0.4857 0.7299 -0.4809
vn 0.4353 0.0466 0.8991
vn 0.4837 -0.4460 0.7531
vn 0.6852 -0.5150 0.5150
vn -0.6596 -0.7433 0.1110
vn -0.5756 -0.8125 0.0926
vn 0.2451 0.1478 0.9582
vn -0.1187 -0.8652 0.4872
vn 0.1144 0.4329 -0.8941
vn -0.9658 -0.0303 -0.2574
vn 0.4351 0.5827 0.6864
vn 0.1668 0.1309 -0.9773
vn 0.0011 0.8965 0.4431
vn -0.8059 -0.3931 0.4427
vn -0.3793 -0.8744 0.3027
vn -0.0931 -0.8478 -0.5221
vn -0.8089 0.2664 0.5242
vn 0.3343 0.4411 0.8328
vn 0.5259 -0.2893 0.7998
vn -0.8508 0.5254 -0.0069
vn -0.7379 0.4524 0.5009
vn 0.4359 0.6111 0.6607
vn -0.7020 0.0292 0.7116
vn -0.6094 0.4026 0.6830
vn -0.5293 0.3905 0.7533
vn 0.6734 0.2129 0.7080
vn -0.5932 0.4913 0.6378
vn 0.1596 -0.2465 -0.9559
vn 0.3061 -0.9443 -0.1209
vn -0.4773 -0.4952 -0.7259
vn 0.5682 -0.0352 0.8222
vn 0.1408 -0.4327 -0.8905
vn 0.6651 -0.4785 0.5733
vn 0.3877 -0.9208 -0.0421
vn -0.0424 -0.9694 0.2417
vn 0.9806 0.1162 0.1581
vn 0.3103 0.5269 0.7913
vn -0.5920 0.7037 0.3928
vn -0.1273 -0.9474 0.2938
vn -0.1656 -0.9854 -0.0396
vn 0.3263 0.3018 0.8958
vn -0.7658 -0.6428 0.0200
vn -0.0034 0.4127 -0.9109
vn 0.2683 0.2348 0.9343
vn 0.4422 0.7260 -0.5266
vn 0.6544 0.1468 -0.7418
vn -0.2592 0.9390 -0.2262
vn 0.3895 -0.9022 0.1855
vn -0.3645 -0.8909 0.2709
vn -0.1376 -0.4872 -0.8624
vn -0.5265 0.2298 -0.8185
vn -0.1897 -0.9621 0.1959
vn -0.7314 0.5902 0.3417
vn -0.8121 -0.5598 -0.1649
vn -0.3164 0.8226 -0.4724
vn -0.3768 0.9048 -0.1985
vn 0.2462 0.8752 -0.4165
vn -0.9150 0.3609 0.1801
vn -0.8368 0.4014 0.3722
vn 0.8634 -0.2538 0.4360
vn 0.5399 -0.1258 0.8323
vn -0.4491 0.2137 0.8676
vn -0.9993 -0.0008 0.0369
vn -0.4225 -0.4410 -0.7918
vn -0.9603 0.2690 0.0734
vn -0.6155 0.3888 0.6856
vn 0.7636 -0.3017 0.5708
vn 0.7262 -0.2711 0.6317
vn -0.3237 -0.5511 0.7691
vn 0.0099 -0.4618 0.8869
vn 0.4588 0.3131 0.8316
vn 0.2208 -0.4513 0.8646
vn -0.0420 -0.9536 0.2980
vn -0.1577 0.3986 -0.9035
vn -0.0934 0.1395 0.9858
vn -0.5734 0.8142 -0.0904
vn -0.1444 0.9766 -0.1596
vn 0.4979 0.0192 0.8670
vn 0.0873 0.5553 0.8271
vn -0.0484 0.6903 0.7219
vn -0.1384 0.5329 0.8348
vn 0.0514 0.4818 0.8748
vn -0.1762 -0.6322 0.7545
vn -0.8155 0.0810 0.5730
vn -0.8178 0.5711 -0.0705
vn -0.0904 0.6261 -0.7745
vn -0.0321 0.0204 -0.9993
vn -0.3260 0.6123 -0.7203
vn 0.9452 -0.2777 0.1719
vn 0.3400 -0.2207 -0.9141
vn 0.7706 -0.0265 -0.6368
vn 0.1029 0.7167 -0.6897
vn 0.9118 0.4029 -0.0788
vn -0.1714 -0.9848 0.0281
vn -0.7847 -0.5403 0.3039
vn -0.3747 -0.9069 0.1927
vn -0.5389 -0.8388 0.0774
vn -0.0365 -0.9410 0.3363
vn -0.9519 0.2867 0.1084
vn 0.9554 -0.2609 -0.1382
vn -0.6782 -0.7320 0.0649
vn 0.7160 0.3865 -0.5814
vn 0.9600 0.2102 -0.1848
vn -0.8472 -0.5290 0.0492
vn -0.5834 0.3923 0.7112
vn 0.5590 0.1708 0.8114
vn -0.3275 0.4211 0.8459
vn 0.8012 -0.1873 0.5683
vn -0.5255 -0.4139 -0.7433
vn -0.9785 -0.0516 0.1996
vn 0.5867 0.0161 0.8096
vn 0.5153 -0.3937 0.7612
vn -0.5374 0.4387 0.7203
vn -0.5797 0.6433 0.5000
vn 0.2234 -0.9178 0.3281
vn -0.4910 0.4209 0.7627
vn 0.4902 0.4746 0.7311
vn -0.3251 0.1865 0.9271
vn 0.6171 -0.5955 0.5144
vn 0.5788 -0.7033 0.4127
vn 0.4888 -0.6169 0.6169
vn 0.4269 -0.4162 0.8028
vn 0.0456 -0.7570 -0.6519
vn 0.7367 -0.1311 -0.6634
vn 0.3047 0.8354 0.4574
vn 0.4148 -0.2260 0.8814
vn 0.2072 -0.3754 0.9034
vn 0.2987 0.2772 0.9132
vn -0.5074 -0.7918 0.3400
vn 0.2873 0.0293 0.9574
vn -0.2507 0.2340 -0.9394
vn 0.8007 -0.4658 -0.3768
vn 0.6502 -0.7302 0.2098
vn -0.5554 0.7877 0.2664
vn -0.1455 0.9808 0.1300
vn 0.1922 0.9084 0.3713
vn -0.6896 0.6842 0.2373
vn -0.6354 0.7382 -0.2266
vn 0.7439 -0.2150 0.6327
vn -0.8282 0.2345 0.5090
vn -0.6262 0.4683 0.6234
vn 0.1712 0.6721 0.7204
vn 0.4329 -0.4027 0.8065
vn -0.4813 0.7581 0.4401
vn -0.5890 0.7029 0.3988
vn 0.4058 0.2442 0.8807
vn -0.6245 0.5597 0.5447
vn -0.2099 -0.9326 0.2936
vn -0.7758 -0.0474 -0.6292
vn -0.3284 0.3678 -0.8700
vn -0.3109 0.4612 0.8310
vn -0.3552 0.5932 0.7224
vn 0.0318 0.7080 -0.7055
vn 0.9434 -0.1392 0.3011
vn -0.1055 0.3387 0.9350
vn -0.1800 -0.1783 0.9674
vn 0.2682 0.3225 0.9078
vn 0.5610 0.6914 0.4552
vn 0.1907 0.9770 0.0956
vn 0.5679 -0.8184 0.0875
vn -0.4713 -0.8407 -0.2665
vn 0.9648 -0.1723 0.1989
vn 0.7274 -0.5865 0.3564
vn 0.7225 -0.4831 0.4946
vn 0.9097 -0.3961 -0.1244
vn -0.8144 0.4726 -0.3366
vn -0.5951 0.0413 0.8026
vn -0.9080 -0.4014 0.1200
vn 0.6512 0.5790 -0.4906
vn 0.2792 0.7485 0.6015
vn -0.9904 -0.0121 0.1377
vn -0.2850 -0.4784 -0.8306
vn -0.6097 0.2127 0.7635
vn -0.6217 0.1516 0.7684
vn 0.1710 -0.4537 0.8746
vn -0.3954 0.4654 0.7918
vn 0.5978 -0.4065 0.6909
vn -0.4405 -0.7028 0.5585
vn -0.4630 0.3524 -0.8133
vn 0.1939 0.9458 -0.2604
vn -0.1200 0.7610 -0.6375
vn 0.2487 0.4894 0.8358
vn 0.1006 -0.4861 0.8681
vn 0.2895 0.1072 0.9511
vn -0.0912 0.7063 -0.7020
vn 0.4520 -0.0224 0.8918
vn 0.3941 0.5711 -0.7201
vn 0.0993 0.8440 -0.5271
vn 0.0866 -0.9959 0.0244
vn 0.5593 -0.8009 0.2139
vn 0.8766 -0.3093 -0.3687
vn -0.7673 -0.6412 -0.0140
vn -0.9263 -0.1139 0.3592
vn -0.8906 -0.1739 0.4203
vn -0.9944 0.0815 0.0675
vn 0.3978 0.7138 0.5764
vn 0.3944 -0.4146 -0.8201
vn -0.1777 -0.4436 -0.8785
vn -0.9635 0.1765 0.2012
vn 0.3166 -0.2635 0.9112
vn 0.4813 -0.3285 0.8127
vn -0.9249 -0.2860 -0.2506
vn 0.4079 -0.2471 0.8790
vn 0.7894 0.5371 0.2975
vn -0.7260 0.6378 0.2570
vn -0.0795 -0.5390 0.8385
vn 0.4569 0.0941 0.8845
vn -0.5300 -0.1300 0.8380
vn 0.1803 -0.9829 0.0362
vn 0.1715 -0.3380 0.9254
vn 0.3424 -0.9384 0.0468
vn -0.4607 0.4904 -0.7397
vn 0.5508 -0.4407 0.7089
vn 0.2202 0.3086 0.9254
vn -0.1416 0.4247 0.8942
vn -0.0853 0.3319 0.9395
vn 0.0154 0.3046 0.9524
vn -0.3556 0.7486 0.5596
vn -0.3145 0.9492 0.0123
vn -0.9298 -0.3679 0.0094
vn -0.4185 -0.8726 0.2520
vn -0.7092 -0.7048 -0.0171
vn -0.9950 0.0286 0.0953
vn 0.2032 0.8342 0.5127
vn -0.6860 0.4324 0.5851
vn -0.1745 0.7139 -0.6781
vn 0.2105 0.9427 0.2589
vn 0.8214 0.1123 0.5591
vn -0.4719 0.8762 -0.0978
vn 0.2400 -0.9691 -0.0562
vn -0.2258 -0.8075 -0.5449
vn 0.6346 -0.7648 -0.1116
vn 0.5885 -0.7889 -0.1768
vn 0.6569 -0.7398 -0.1456
vn -0.5742 -0.8097 0.1210
vn -0.3959 -0.4165 -0.8184
vn 0.7423 -0.5049 0.4405
vn -0.6475 0.1130 0.7536
vn -0.9625 -0.1733 -0.2086
vn 0.4174 0.9063 -0.0661
vn 0.5757 0.5840 0.5723
vn -0.2850 0.2475 0.9260
vn -0.8840 0.2003 0.4224
vn 0.8060 -0.4117 0.4253
vn 0.8702 -0.2310 0.4351
vn 0.9580 0.2867 0.0002
vn 0.3705 -0.0789 0.9255
vn -0.5514 -0.8299 0.0849
vn 0.1786 -0.7535 0.6328
vn -0.1884 0.3348 0.9233
vn 0.3924 -0.9194 0.0278
vn -0.0632 0.3769 0.9241
vn 0.5927 0.0348 0.8047
vn 0.0195 0.8779 0.4784
vn -0.7294 0.4312 -0.5311
vn 0.1687 -0.5621 0.8097
vn -0.2098 -0.9688 0.1322
vn 0.1987 -0.5746 0.7939
vn 0.1238 0.7336 -0.6682
vn 0.4387 0.8668 -0.2369
vn -0.2803 0.9560 0.0864
vn 0.6142 -0.1075 0.7818
vn 0.2625 -0.9578 0.1168
vn -0.5596 -0.8021 -0.2087
vn -0.5075 -0.8518 0.1298
vn -0.2762 -0.9530 0.1246
vn 0.7466 -0.4730 0.4677
vn 0.7878 -0.4541 0.4162
vn 0.0897 0.9949 0.0458
vn 0.7495 0.3922 0.5334
vn -0.1875 -0.2209 -0.9571
vn -0.9897 0.1248 0.0701
vn -0.9131 0.3341 0.2336
vn 0.7429 -0.1390 0.6548
vn -0.6196 0.4391 0.6506
vn -0.6094 0.3476 0.7126
vn 0.1132 -0.7697 0.6283
vn 0.3053 0.3085 0.9009
vn -0.1389 -0.6719 0.7275
vn -0.0862 -0.9536 0.2884
vn -0.2498 0.5594 0.7903
vn 0.6059 -0.1610 0.7791
vn 0.6756 -0.6687 0.3106
vn 0.0223 0.1830 0.9829
vn 0.4156 -0.3348 0.8457
vn 0.2770 0.9608 0.0112
vn -0.0603 0.9815 0.1817
vn -0.0728 0.9173 0.3916
vn -0.2213 0.9138 0.3407
vn 0.5255 -0.5322 0.6638
vn 0.3739 0.3459 0.8606
vn -0.1494 -0.9869 -0.0605
vn 0.3939 -0.1903 0.8992
vn -0.9030 0.0394 0.4277
vn -0.7742 0.5543 -0.3056
vn 0.1466 0.9783 -0.1466
vn 0.4959 0.0032 0.8684
vn 0.3399 0.7432 -0.5763
vn -0.1702 -0.9752 0.1416
vn 0.3533 -0.8697 0.3445
vn -0.2427 -0.9616 0.1281
vn -0.8722 -0.2197 0.4371
vn -0.2917 -0.8908 -0.3484
vn -0.4477 -0.8865 0.1171
vn -0.4124 -0.8218 -0.3931
vn 0.1965 0.0703 -0.9780
vn -0.0126 -0.1498 0.9886
vn -0.0407 -0.6738 0.7378
vn 0.5696 -0.3059 0.7629
vn -0.9882 -0.0464 -0.1460
vn -0.0895 0.1360 -0.9867
vn -0.9101 0.0999 -0.4021
vn -0.6573 0.7293 -0.1899
vn -0.9747 -0.1655 0.1501
vn -0.9828 -0.1608 0.0910
vn -0.2511 0.0693 0.9655
vn 0.6462 -0.1242 0.7530
vn -0.8676 0.4244 0.2592
vn -0.5946 0.3708 0.7134
vn 0.5769 -0.1999 0.7920
vn 0.3432 0.0846 0.9354
vn -0.5355 0.7005 0.4718
vn -0.3142 0.3002 0.9007
vn 0.2636 -0.2695 0.9262
vn -0.3377 0.3604 0.8695
vn -0.2584 0.2798 0.9246
vn 0.0508 -0.9948 0.0888
vn -0.0782 0.2745 0.9584
vn -0.1716 0.5244 0.8340
vn 0.1994 0.7825 -0.5899
vn 0.0409 0.8425 -0.5372
vn 0.6463 0.6272 -0.4347
vn -0.9050 -0.3288 -0.2700
vn 0.5133 0.7524 0.4128
vn 0.5249 0.1560 0.8367
vn -0.1884 0.8291 0.5265
vn -0.1715 0.9852 0.0071
vn 0.3808 0.1262 0.9160
vn 0.1320 -0.5070 0.8517
vn -0.2110 -0.9586 0.1913
vn -0.6585 -0.5903 0.4668
vn -0.8210 -0.3789 0.4271
vn -0.6664 -0.5671 0.4842
vn -0.6449 0.5596 -0.5205
vn 0.9797 -0.0546 0.1928
vn -0.1785 0.8697 0.4601
vn -0.0375 0.9078 0.4177
vn -0.1830 0.9184 0.3509
vn -0.1564 -0.9789 -0.1313
vn -0.0740 -0.9905 0.1157
vn 0.7359 -0.6434 0.2109
vn 0.8424 -0.4690 0.2653
vn 0.2841 0.4761 0.8322
vn 0.8155 -0.1905 -0.5465
vn -0.7079 -0.6339 -0.3114
vn 0.8338 -0.4129 0.3664
vn 0.7860 -0.2689 0.5567
vn 0.5977 -0.4646 0.6533
vn 0.4468 0.7267 -0.5218
vn 0.2966 -0.2875 -0.9107
vn 0.6902 -0.2716 -0.6707
vn 0.0136 -0.0549 0.9984
vn 0.2074 -0.1790 0.9617
vn 0.2671 -0.2173 0.9389
vn 0.1999 -0.2093 0.9572
vn -0.3517 0.5597 0.7504
vn -0.0032 -0.0425 0.9991
vn -0.0723 -0.1937 0.9784
vn 0.2266 0.1663 0.9597
vn 0.2326 -0.6558 0.7182
vn -0.4141 0.4825 -0.7718
vn -0.2046 0.9471 -0.2474
vn -0.5266 0.6765 0.5149
vn 0.4754 0.0180 0.8796
vn -0.4868 0.7705 0.4116
vn 0.3951 -0.1021 0.9130
vn 0.3836 -0.2461 0.8901
vn 0.4394 0.1429 0.8869
vn 0.4258 -0.0435 0.9038
vn -0.0077 0.8762 -0.4820
vn -0.5319 0.4753 0.7008
vn -0.1925 0.8871 0.4196
vn -0.1037 0.9525 0.2862
vn 0.1684 0.9321 0.3207
vn -0.0206 0.9330 0.3593
vn 0.5054 0.5275 0.6829
vn 0.1060 -0.9466 -0.3043
vn -0.7367 -0.6399 0.2186
vn -0.4016 -0.2347 -0.8852
vn -0.3860 -0.9091 0.1569
vn -0.7305 -0.5922 0.3401
vn -0.7331 -0.5271 0.4298
vn 0.1496 0.1101 0.9826
vn -0.4218 0.6312 -0.6509
vn -0.3629 0.9255 0.1089
vn 0.7298 -0.5970 0.3331
vn 0.7218 -0.4800 0.4986
vn -0.0690 0.0594 0.9958
vn -0.8935 0.3599 -0.2684
vn 0.2481 0.0596 0.9669
vn 0.1970 -0.0571 0.9787
vn -0.1436 -0.4038 -0.9035
vn -0.1023 0.0667 0.9925
vn 0.3872 0.9074 0.1634
vn -0.2759 -0.5464 -0.7908
vn -0.4544 -0.4412 -0.7738
vn -0.9771 -0.1380 -0.1621
vn -0.6246 0.6499 0.4331
vn -0.5124 -0.0060 0.8588
vn -0.2624 -0.0265 0.9646
vn -0.2766 -0.1520 0.9489
vn 0.1387 -0.1177 0.9833
vn 0.0675 0.1346 0.9886
vn -0.2639 -0.3017 0.9161
vn 0.0992 -0.1208 0.9877
vn 0.3309 0.0913 0.9392
vn 0.5161 -0.5124 0.6864
vn -0.3471 -0.8404 0.4162
vn -0.0679 0.1248 0.9899
vn 0.4908 0.8177 0.3007
vn -0.2404 0.8249 -0.5116
vn -0.1277 0.9398 0.3171
vn 0.3536 -0.9345 0.0420
vn -0.4025 0.9114 0.0854
vn -0.2698 0.9616 -0.0499
vn -0.8684 -0.2693 0.4164
vn -0.4728 -0.8343 0.2834
vn 0.3602 0.2929 0.8857
vn 0.3156 0.1419 0.9382
vn -0.6367 0.6709 -0.3801
vn 0.4239 -0.2787 0.8618
vn 0.6719 -0.6622 0.3317
vn 0.7338 -0.3580 0.5774
vn -0.2827 -0.9580 0.0479
vn 0.6564 -0.6118 0.4414
vn 0.6225 -0.6626 0.4164
vn -0.3145 -0.7158 0.6235
vn 0.8948 0.3509 0.2761
vn -0.7010 0.4451 0.5572
vn 0.6552 -0.3305 0.6794
vn 0.8566 -0.5055 -0.1032
vn 0.7163 0.5884 -0.3751
vn 0.8413 0.3810 -0.3836
vn 0.0764 0.7845 -0.6153
vn 0.5004 0.8658 -0.0005
vn -0.9271 -0.3169 0.2000
vn -0.0858 -0.7665 0.6365
vn 0.9251 -0.0281 0.3787
vn 0.2738 -0.0967 0.9569
vn 0.2532 0.0942 0.9628
vn -0.0431 0.2528 0.9665
vn 0.1030 0.2565 0.9611
vn -0.3801 -0.8693 0.3161
vn 0.0097 0.0974 0.9952
vn 0.0483 -0.9850 0.1656
vn 0.6573 -0.0994 0.7470
vn 0.5796 0.0146 0.8148
vn -0.1584 -0.7543 0.6372
vn -0.6438 -0.4020 0.6511
vn -0.0977 0.9454 0.3110
vn 0.8361 -0.5241 -0.1619
vn -0.7715 -0.5749 0.2725
vn 0.7659 -0.4040 0.5001
vn -0.3504 0.9105 -0.2196
vn -0.9373 -0.3410 -0.0714
vn -0.8994 -0.3958 0.1857
vn 0.6300 -0.6861 0.3637
vn -0.9960 -0.0864 0.0245
vn -0.1614 0.8938 0.4184
vn -0.0847 0.4058 0.9101
vn 0.6745 -0.2575 -0.6919
vn 0.8808 -0.0198 -0.4731
vn 0.8669 -0.1672 -0.4696
vn -0.0078 -0.0988 0.9951
vn -0.9694 0.2007 0.1417
vn -0.3648 0.0608 0.9291
vn -0.0945 -0.0564 0.9939
vn -0.2343 0.0433 0.9712
vn -0.3623 0.2833 0.8880
vn 0.1668 -0.1105 0.9798
vn -0.8029 0.3341 0.4937
vn -0.2827 0.0478 0.9580
vn 0.1992 0.0052 0.9800
vn 0.3743 -0.1072 0.9211
vn -0.0603 0.0055 0.9982
vn -0.5299 0.5155 -0.6734
vn 0.8445 0.5346 -0.0322
vn -0.1369 0.9485 0.2857
vn 0.5926 0.7933 -0.1396
vn 0.0843 0.9763 0.1991
vn -0.2797 0.8997 0.3351
vn 0.1214 -0.6008 0.7902
vn 0.3355 -0.1392 0.9317
vn -0.8618 -0.3252 0.3894
vn -0.6571 -0.4310 0.6184
vn 0.3062 0.6171 0.7248
vn -0.6864 0.7272 -0.0044
vn 0.3814 0.3053 0.8726
vn -0.4630 -0.7523 0.4686
vn -0.8400 0.5380 0.0700
vn -0.8598 -0.3381 0.3826
vn -0.6889 -0.7092 0.1499
vn -0.2173 0.6593 -0.7198
vn -0.0404 0.8305 -0.5556
vn -0.9347 -0.2659 0.2357
vn -0.5954 -0.7369 -0.3202
vn -0.9767 0.2132 -0.0249
vn -0.7541 0.6541 -0.0592
vn 0.3224 0.8476 0.4214
vn -0.4815 0.8690 -0.1140
vn 0.4896 0.5001 0.7143
vn 0.3554 0.2450 0.9020
vn -0.9608 0.0906 0.2620
vn 0.9560 -0.0892 -0.2793
vn -0.4754 0.8364 0.2728
vn -0.5131 0.6584 0.5507
vn -0.9737 0.1584 0.1635
vn 0.0681 -0.0628 0.9957
vn -0.3897 0.3452 0.8538
vn -0.2680 0.2778 0.9225
vn -0.6053 0.6890 0.3986
vn -0.5258 0.6883 0.4998
vn -0.1819 0.2380 0.9541
vn -0.0717 0.0207 0.9972
vn 0.0928 0.0490 0.9945
vn -0.0648 0.2274 0.9716
vn 0.1426 -0.1957 0.9702
vn -0.2235 -0.2686 0.9370
vn -0.6113 0.4846 -0.6257
vn 0.0421 0.9225 -0.3837
vn 0.4496 0.7037 -0.5502
vn -0.1700 0.9194 0.3546
vn -0.6059 0.2328 0.7607
vn 0.3056 0.2352 0.9227
vn -0.4251 -0.8877 0.1767
vn 0.0169 -0.6553 0.7552
vn 0.1666 0.3561 0.9195
vn 0.3383 0.1832 0.9230
vn 0.2080 0.5207 0.8280
vn 0.6590 0.7068 -0.2573
vn 0.0496 0.9442 0.3256
vn -0.1139 -0.9795 0.1663
vn -0.6307 -0.7729 -0.0690
vn 0.5132 -0.6328 -0.5798
vn 0.4554 -0.6586 -0.5991
vn -0.6021 -0.6748 -0.4267
vn -0.6133 -0.7305 0.3004
vn -0.1891 -0.0231 -0.9817
vn 0.1648 0.0217 -0.9861
vn 0.0906 0.0300 -0.9954
vn 0.8649 -0.4430 -0.2359
vn -0.8654 0.4707 -0.1719
vn 0.5022 0.3899 -0.7718
vn 0.4314 0.6163 -0.6589
vn -0.0117 0.5168 0.8560
vn -0.3858 -0.2978 -0.8732
vn -0.2481 -0.4043 -0.8804
vn 0.0336 0.0026 0.9994
vn -0.0794 0.2052 0.9755
vn 0.6003 -0.0954 0.7941
vn 0.4344 0.0331 0.9001
vn 0.0585 0.1081 0.9924
vn 0.1557 -0.9712 0.1801
vn 0.4616 -0.0197 0.8869
vn 0.1774 -0.0634 0.9821
vn 0.5606 -0.0757 0.8246
vn -0.5521 0.4603 0.6952
vn 0.6884 -0.5284 0.4969
vn -0.3386 0.7589 -0.5562
vn -0.0484 0.8321 0.5525
vn -0.4946 0.8061 0.3250
vn -0.3271 0.7541 0.5696
vn -0.0580 -0.7368 -0.6736
vn -0.0765 -0.5702 -0.8179
vn 0.7281 -0.4706 0.4984
vn 0.3468 -0.1657 -0.9232
vn 0.3734 0.2665 -0.8886
vn 0.2476 0.6694 -0.7004
vn 0.5539 -0.1994 -0.8084
vn -0.4090 0.0455 -0.9114
vn 0.6136 -0.2574 -0.7464
vn 0.7184 -0.1518 0.6788
vn 0.7950 -0.2070 0.5703
vn 0.6789 -0.1163 0.7249
vn 0.5308 0.6502 0.5436
vn 0.0401 0.0229 0.9989
vn 0.0391 0.0988 0.9943
vn -0.2004 0.2891 0.9361
vn -0.4627 0.5680 0.6806
vn -0.1580 -0.9260 0.3428
vn 0.0450 -0.8908 0.4521
vn 0.4091 -0.6083 0.6802
vn 0.3259 -0.7229 0.6092
vn 0.6459 0.0165 0.7632
vn -0.0942 0.6949 -0.7129
vn 0.2115 -0.2440 0.9464
vn 0.1672 -0.0572 0.9843
vn -0.2664 -0.9559 -0.1232
vn 0.4536 0.1830 0.8722
vn 0.1872 -0.6932 0.6960
vn 0.2733 0.8537 0.4432
vn 0.2347 -0.9682 -0.0870
vn 0.7256 -0.5432 -0.4224
vn 0.5904 -0.7162 0.3722
vn 0.2442 -0.9087 0.3385
vn -0.3142 -0.0351 -0.9487
vn 0.8703 -0.4505 0.1991
vn -0.1584 0.0366 -0.9867
vn 0.9624 -0.0590 0.2653
vn -0.7682 -0.3112 -0.5595
vn -0.8923 -0.4455 0.0721
vn 0.2292 0.9654 -0.1245
vn 0.8403 -0.1170 -0.5293
vn -0.2145 0.4669 -0.8579
vn 0.6191 -0.7721 -0.1435
vn -0.0103 0.9728 0.2313
vn -0.8559 -0.2355 -0.4604
vn 0.6890 0.5732 0.4435
vn -0.3721 0.6023 0.7063
vn 0.2943 0.6718 0.6798
vn -0.3141 0.6780 0.6646
vn 0.7108 -0.6903 -0.1347
vn 0.7628 -0.4685 0.4457
vn -0.1672 -0.9856 -0.0256
vn -0.7426 0.4440 -0.5013
vn 0.1755 -0.2081 0.9622
vn 0.1495 0.7931 -0.5905
vn -0.5611 0.6598 0.4999
vn -0.1740 0.8673 -0.4663
vn -0.0943 0.9887 -0.1165
vn -0.7490 0.6559 0.0938
vn -0.3414 0.9282 -0.1484
vn -0.6534 -0.6711 0.3502
vn -0.6916 -0.7075 0.1454
vn 0.5183 0.8325 0.1960
vn -0.5539 0.1469 0.8195
vn 0.2968 0.5192 0.8015
vn 0.4350 -0.2784 0.8563
vn 0.2938 0.7615 0.5777
vn -0.2243 0.9440 -0.2418
vn 0.1844 0.9743 -0.1297
vn 0.1967 0.5348 0.8218
vn 0.7562 -0.4802 -0.4444
vn -0.9768 -0.1561 0.1469
vn -0.4734 -0.0103 -0.8808
vn -0.1767 -0.1246 -0.9763
vn 0.6120 0.7420 0.2736
vn 0.9812 0.1862 0.0504
vn 0.4671 -0.0347 0.8835
vn 0.2462 0.0631 0.9672
vn 0.0681 0.1193 0.9905
vn 0.5631 -0.2015 0.8015
vn 0.7176 -0.2470 0.6512
vn -0.3354 0.6541 0.6780
vn 0.1464 0.1946 0.9699
vn -0.1614 -0.9837 0.0791
vn 0.3150 -0.9483 0.0375
vn -0.3825 0.8850 -0.2654
vn -0.5171 0.7006 -0.4917
vn -0.1715 0.9404 -0.2936
vn -0.0654 0.8682 0.4919
vn -0.4425 0.8897 -0.1121
vn 0.1371 0.0231 0.9903
vn -0.1484 -0.8227 0.5487
vn -0.5300 -0.5730 0.6252
vn 0.3868 0.0912 0.9177
vn 0.3071 0.0654 0.9494
vn 0.0381 0.8015 0.5968
vn 0.0708 0.8923 0.4459
vn -0.4161 -0.8537 0.3133
vn -0.6229 -0.2961 0.7241
vn -0.1820 -0.3281 -0.9270
vn -0.2367 -0.0856 -0.9678
vn 0.4997 -0.1492 -0.8532
vn 0.3327 0.6014 -0.7264
vn -0.1915 0.3361 -0.9222
vn -0.0750 -0.6025 -0.7946
vn -0.1932 0.9759 -0.1012
vn 0.3728 0.6097 0.6995
vn 0.0406 0.7373 0.6743
vn -0.8751 0.2618 0.4070
vn -0.9230 0.2927 0.2499
vn -0.8250 0.4970 0.2690
vn -0.7168 0.6113 0.3354
vn -0.7039 0.4919 0.5125
vn 0.2012 -0.0471 0.9784
vn -0.4323 -0.8712 0.2326
vn 0.0449 -0.8246 0.5640
vn -0.7031 0.6494 -0.2898
vn 0.3572 -0.0240 0.9337
vn 0.5251 0.1004 0.8451
vn 0.1205 -0.2564 0.9590
vn -0.2290 -0.9733 0.0171
vn 0.3792 0.2382 0.8941
vn -0.6141 0.6210 0.4871
vn 0.1870 0.6804 0.7086
vn 0.4418 -0.6156 0.6526
vn -0.4600 0.8874 0.0314
vn 0.6369 -0.6077 0.4743
vn 0.5681 -0.8147 -0.1163
vn -0.1157 -0.9549 0.2736
vn -0.2933 -0.0520 -0.9546
vn -0.3104 -0.3942 -0.8650
vn -0.1207 -0.2766 -0.9534
vn -0.9834 0.1276 0.1289
vn -0.0930 -0.9320 0.3503
vn -0.2424 0.3244 -0.9143
vn 0.6637 -0.0231 -0.7477
vn 0.8659 -0.2905 -0.4073
vn 0.5119 -0.2329 -0.8269
vn 0.6601 -0.1747 0.7305
vn 0.8996 -0.1831 -0.3965
vn -0.3995 0.5404 0.7406
vn -0.6636 0.5221 0.5357
vn -0.9616 0.1074 0.2525
vn -0.3538 0.3388 0.8718
vn 0.5046 -0.8605 0.0702
vn 0.0403 0.9462 -0.3211
vn 0.4589 0.0388 0.8876
vn 0.2004 -0.3086 0.9299
vn 0.3970 -0.0921 0.9132
vn 0.1269 -0.8936 0.4306
vn 0.0871 -0.9063 0.4135
vn -0.2983 0.3980 0.8675
vn 0.4362 -0.0594 0.8979
vn 0.3260 0.3479 0.8790
vn 0.7426 0.6541 0.1439
vn -0.5847 0.8065 -0.0878
vn -0.1805 0.5553 0.8118
vn -0.2855 -0.9036 0.3194
vn -0.4929 -0.7739 0.3977
vn -0.4817 -0.5075 -0.7145
vn 0.2698 -0.9097 -0.3156
vn 0.3871 -0.1924 0.9017
vn 0.8743 -0.4460 -0.1914
vn -0.2351 0.2887 -0.9281
vn -0.5596 -0.4156 -0.7170
vn 0.3071 0.6963 0.6487
vn 0.3145 0.9335 -0.1721
vn 0.8171 -0.3280 -0.4741
vn -0.2548 -0.3343 -0.9074
vn -0.3364 -0.3477 -0.8752
vn -0.9025 -0.1962 -0.3835
vn -0.8720 0.0143 -0.4894
vn 0.4658 -0.0167 0.8847
vn -0.1568 0.2222 0.9623
vn -0.5260 0.6141 0.5885
vn -0.0593 0.2097 0.9760
vn -0.0981 0.4186 0.9028
vn 0.7939 0.0958 0.6005
vn 0.7835 -0.2559 0.5663
vn -0.2623 -0.9486 0.1771
vn -0.9736 -0.1953 -0.1180
vn -0.7423 0.6037 -0.2906
vn 0.5269 0.2993 0.7955
vn -0.1114 0.6953 -0.7101
vn -0.5264 0.7528 -0.3951
vn 0.6169 0.7403 -0.2670
vn 0.3540 0.8188 -0.4520
vn -0.1725 -0.9691 -0.1765
vn 0.1720 0.8101 0.5604
vn -0.4151 0.6882 0.5950
vn -0.7560 -0.0581 0.6520
vn 0.1315 0.9455 0.2979
vn -0.3804 0.8699 0.3140
vn 0.4995 -0.0522 0.8647
vn 0.4506 -0.7580 0.4716
vn 0.7351 0.4591 -0.4989
vn 0.1861 0.3454 -0.9198
vn 0.2380 0.9330 0.2701
vn 0.0573 0.9860 0.1566
vn -0.8559 -0.1708 0.4881
vn -0.9330 -0.0780 0.3513
vn -0.6252 -0.0818 -0.7762
vn 0.3847 0.0040 0.9230
vn -0.5068 0.4894 0.7096
vn -0.9241 0.2518 0.2874
vn -0.8050 0.3420 0.4847
vn 0.2810 0.1324 0.9505
vn 0.6641 -0.7305 -0.1590
vn -0.3491 -0.9024 -0.2527
vn -0.2421 -0.9241 0.2957
vn 0.2064 -0.1499 0.9669
vn 0.3789 0.0889 0.9211
vn -0.3420 -0.8703 -0.3543
vn -0.6398 0.6912 -0.3360
vn 0.0287 0.9907 -0.1331
vn 0.2747 -0.2519 0.9279
vn -0.2156 -0.9531 -0.2125
vn 0.4735 0.3209 0.8203
vn -0.2871 -0.9538 0.0888
vn -0.3219 -0.9073 0.2706
vn -0.7826 -0.3150 0.5369
vn 0.0982 0.9922 -0.0769
vn 0.3896 -0.9168 -0.0875
vn 0.3668 -0.7620 -0.5336
vn -0.4551 -0.6668 -0.5902
vn 0.2185 -0.7655 -0.6053
vn -0.7577 -0.6504 -0.0537
vn -0.9188 -0.3875 0.0750
vn -0.1316 -0.7518 0.6461
vn 0.7869 -0.5020 0.3589
vn 0.3061 0.4423 -0.8430
vn 0.1365 0.6189 -0.7735
vn -0.3310 0.4082 0.8507
vn 0.7739 0.4670 0.4278
vn 0.0318 0.1561 0.9872
vn 0.4779 0.0139 0.8783
vn -0.0698 0.4663 0.8819
vn 0.3818 -0.9186 0.1022
vn 0.0162 -0.9924 -0.1219
vn 0.4557 0.0412 0.8892
vn -0.3050 0.9452 0.1161
vn -0.2893 0.9542 0.0767
vn 0.4651 0.2415 0.8517
vn -0.6674 -0.5397 0.5131
vn 0.1195 0.3143 0.9418
vn -0.4156 -0.8771 0.2407
vn -0.1457 -0.9525 0.2676
vn 0.0107 -0.9805 -0.1961
vn 0.0531 -0.6948 -0.7173
vn -0.8270 -0.2140 -0.5199
vn -0.0947 -0.4249 -0.9003
vn 0.9496 -0.1217 0.2888
vn 0.2610 0.0769 0.9623
vn 0.5656 0.3234 -0.7586
vn -0.7437 -0.3982 0.5370
vn 0.8521 -0.2843 -0.4394
vn 0.3200 0.7068 0.6309
vn -0.0837 -0.2477 -0.9652
vn 0.6503 -0.1143 0.7510
vn 0.5792 -0.0632 0.8127
vn -0.9141 0.0325 -0.4043
vn -0.7212 0.4704 0.5086
vn 0.7226 -0.1136 0.6818
vn 0.1279 0.2952 0.9468
vn 0.3736 0.6589 -0.6529
vn -0.3031 0.9526 -0.0269
vn 0.0302 0.8960 0.4430
vn 0.4448 0.0290 0.8952
vn 0.5645 0.1653 0.8087
vn -0.0352 0.0331 0.9988
vn 0.0844 0.4003 0.9125
vn 0.4975 0.8510 0.1679
vn -0.1163 -0.9351 -0.3349
vn -0.9601 0.0815 0.2675
vn 0.3751 -0.9152 -0.1475
vn -0.7081 0.4748 -0.5226
vn 0.5630 -0.5865 -0.5823
vn -0.3807 -0.4150 -0.8263
vn -0.2296 -0.4707 -0.8519
vn -0.3698 0.4416 -0.8175
vn 0.4676 0.2849 -0.8368
vn -0.0772 0.1780 0.9810
vn 0.4262 0.2761 0.8615
vn -0.3774 0.6118 0.6952
vn 0.3302 -0.9351 0.1285
vn -0.2150 -0.8867 -0.4094
vn -0.1149 0.9874 -0.1087
vn 0.1677 0.9066 -0.3873
vn 0.1603 0.9576 -0.2393
vn -0.5062 0.7844 -0.3585
vn 0.3022 0.1293 0.9444
vn 0.2100 0.4571 0.8642
vn -0.3515 -0.9296 0.1108
vn -0.3921 -0.8095 0.4371
vn 0.2749 -0.2261 -0.9345
vn -0.5311 -0.2286 -0.8159
vn 0.7519 -0.3440 0.5624
vn -0.9890 -0.1467 0.0183
vn -0.8341 -0.4087 0.3705
vn 0.8330 -0.1900 0.5196
vn -0.9075 0.2274 0.3532
vn -0.8243 0.4955 0.2738
vn -0.1922 0.5182 -0.8334
vn -0.9119 0.0926 0.3998
vn -0.2764 0.4512 0.8485
vn 0.1453 0.1168 0.9825
vn -0.1644 0.2144 0.9628
vn -0.3663 0.2841 0.8861
vn 0.8179 0.1008 0.5665
vn 0.2648 0.0364 0.9636
vn 0.0894 0.1053 0.9904
vn 0.3332 -0.9371 0.1042
vn 0.5265 0.2739 0.8049
vn 0.0402 0.7170 0.6959
vn 0.1577 -0.0231 0.9872
vn 0.3794 0.3477 0.8574
vn -0.6040 -0.6748 0.4240
vn -0.1478 -0.9681 -0.2022
vn -0.7294 -0.5239 -0.4399
vn -0.1755 -0.5281 -0.8308
vn 0.1652 -0.9829 0.0808
vn -0.4087 0.2895 -0.8655
vn 0.3869 -0.3093 -0.8687
vn 0.4184 -0.4462 -0.7911
vn -0.7475 -0.5346 0.3944
vn -0.8572 -0.3411 0.3858
vn 0.0370 0.0966 -0.9946
vn -0.1209 0.3309 -0.9359
vn -0.4716 0.0580 -0.8799
vn -0.9083 -0.1739 0.3805
vn -0.5641 0.8089 -0.1660
vn 0.6426 0.7645 -0.0520
vn 0.3794 0.7826 -0.4935
vn -0.2669 -0.1223 -0.9559
vn -0.0245 -0.2237 -0.9743
vn -0.6418 0.1793 -0.7456
vn -0.5426 0.3714 -0.7534
vn -0.2563 0.7002 0.6664
vn -0.3516 0.8120 0.4659
vn -0.9773 0.1773 0.1158
vn -0.6750 0.4102 0.6133
vn -0.2201 -0.9221 -0.3183
vn 0.0152 -0.7789 0.6269
vn -0.1719 -0.8026 -0.5712
vn 0.1252 -0.9359 0.3294
vn -0.0940 -0.9886 -0.1176
vn 0.2254 -0.5140 0.8276
vn 0.3347 -0.4070 0.8499
vn -0.1724 -0.9837 -0.0516
vn -0.2767 -0.9427 -0.1864
vn 0.1487 -0.9688 0.1981
vn 0.3507 0.4039 0.8449
vn -0.0871 -0.9916 -0.0962
vn 0.1847 0.4440 0.8768
vn 0.4803 0.8134 0.3282
vn 0.2546 0.8389 0.4811
vn 0.2688 0.6267 0.7315
vn -0.2690 0.7446 0.6109
vn 0.1630 -0.9828 0.0870
vn -0.7553 -0.3527 0.5524
vn -0.3671 0.3642 -0.8559
vn -0.0470 -0.0279 -0.9985
vn -0.8210 0.0677 0.5669
vn -0.9073 0.3974 -0.1373
vn 0.9486 -0.2374 -0.2092
vn 0.3905 0.1038 0.9147
vn -0.9858 0.1672 -0.0165
vn 0.0431 0.8593 0.5096
vn 0.1752 -0.9749 0.1377
vn 0.2094 -0.9691 0.1302
vn 0.1084 -0.3348 0.9360
vn -0.7805 -0.4207 0.4624
vn -0.0700 0.2568 0.9639
vn 0.0234 0.9767 0.2134
vn -0.3913 -0.8889 -0.2382
vn 0.3163 0.3060 0.8979
vn -0.7120 -0.3243 0.6228
vn -0.6762 0.0843 0.7319
vn -0.0442 0.8068 0.5892
vn 0.1152 -0.9766 -0.1817
vn -0.7301 -0.5019 -0.4638
vn -0.5324 -0.7088 0.4628
vn 0.5993 -0.5543 0.5776
vn 0.6460 -0.7620 -0.0457
vn 0.3014 -0.9365 -0.1791
vn 0.0731 -0.3007 -0.9509
vn 0.3483 -0.3370 -0.8747
vn 0.0536 0.9080 0.4154
vn -0.6121 0.6801 -0.4035
vn -0.9572 0.1708 -0.2338
vn 0.3013 0.0906 0.9492
vn 0.4742 0.0907 0.8758
vn 0.3186 0.1633 0.9337
vn 0.3018 -0.2704 0.9142
vn -0.5146 -0.6604 0.5469
vn 0.0421 -0.9509 0.3066
vn 0.2955 -0.8042 0.5158
vn -0.6409 -0.6229 0.4486
vn 0.6823 -0.7064 0.1883
vn -0.9855 0.0635 -0.1571
vn -0.8366 0.4400 -0.3263
vn -0.4704 -0.0135 -0.8824
vn 0.1390 -0.8695 -0.4740
vn -0.7569 0.1331 -0.6398
vn -0.1064 0.8297 0.5479
vn 0.1001 0.1803 0.9785
vn -0.0909 0.2260 0.9699
vn -0.3020 0.6249 0.7199
vn -0.2393 -0.9541 0.1801
vn 0.5817 -0.5839 0.5663
vn -0.8328 0.5532 0.0209
vn 0.0237 -0.8846 -0.4658
vn -0.3219 0.9451 0.0559
vn -0.8351 0.3449 -0.4286
vn 0.3699 0.9088 -0.1928
vn -0.1501 0.6201 -0.7701
vn 0.2882 0.8554 -0.4305
vn -0.8521 -0.3672 0.3730
vn -0.0183 0.5796 0.8147
vn 0.5401 -0.4642 -0.7020
vn 0.2289 -0.8384 -0.4947
vn 0.5512 -0.6910 -0.4676
vn -0.9606 0.0283 -0.2766
vn 0.7484 -0.6633 -0.0075
vn 0.6794 -0.5548 -0.4802
vn -0.3826 -0.8873 0.2576
vn -0.1372 0.9550 -0.2631
vn 0.7036 0.7094 0.0422
vn 0.1963 0.8929 0.4051
vn -0.8168 -0.1022 0.5678
vn 0.4136 0.0343 0.9098
vn 0.0401 0.9046 -0.4244
vn 0.0025 0.4421 0.8970
vn -0.1004 0.3704 0.9234
vn -0.0929 0.4226 0.9015
vn 0.2727 0.1878 0.9436
vn -0.0689 -0.9835 0.1670
vn 0.0369 -0.9950 0.0924
vn -0.0596 0.8928 0.4464
vn 0.2564 0.0698 0.9640
vn 0.3687 -0.5546 0.7460
vn -0.7356 -0.6125 0.2895
vn 0.2983 0.3853 0.8732
vn 0.1183 0.9101 0.3971
vn 0.4510 0.8890 -0.0791
vn 0.4819 -0.8460 0.2280
vn 0.5873 -0.5715 0.5731
vn 0.9232 -0.3729 -0.0927
vn 0.5352 0.0025 0.8447
vn 0.2273 0.7712 0.5946
vn 0.2922 0.7989 0.5256
vn 0.1100 0.9936 -0.0241
vn 0.3730 -0.0278 0.9274
vn -0.0907 -0.9877 -0.1276
vn -0.4964 0.5687 0.6559
vn -0.0407 -0.9975 0.0574
vn 0.2546 -0.3042 0.9180
vn -0.8662 -0.4128 0.2815
vn 0.1996 0.5281 0.8254
vn -0.5835 0.7773 0.2351
vn -0.2727 0.0318 -0.9616
vn 0.6006 -0.5078 -0.6176
vn -0.4819 -0.2965 -0.8245
vn 0.6298 -0.1096 -0.7690
vn 0.0971 -0.9304 0.3534
vn -0.6931 -0.3028 0.6541
vn -0.4024 0.8774 0.2615
vn 0.9900 -0.1404 -0.0163
vn 0.8277 0.2812 -0.4857
vn 0.4680 0.6122 -0.6374
vn -0.3056 0.9309 -0.2002
vn 0.9918 -0.0087 0.1276
vn 0.5136 0.1815 0.8386
vn 0.3676 -0.4722 0.8012
vn 0.3525 0.4808 0.8028
vn -0.0290 -0.2056 0.9782
vn -0.0271 0.5087 0.8605
vn -0.0328 0.4920 0.8700
vn 0.7384 0.4300 0.5195
vn -0.7797 0.5862 -0.2201
vn -0.2614 -0.8654 -0.4274
vn -0.1024 -0.3245 0.9403
vn -0.8505 -0.0929 0.5178
vn 0.8869 -0.3589 -0.2908
vn -0.7037 0.6847 0.1896
vn 0.5741 0.0067 0.8188
vn -0.8687 0.4062 0.2836
vn 0.5153 0.6072 0.6047
vn -0.2438 0.4503 0.8589
vn -0.3265 0.5388 0.7766
vn 0.2359 0.5639 -0.7914
vn 0.4806 0.0098 -0.8769
vn -0.5830 0.4338 -0.6870
vn 0.1381 -0.9889 -0.0542
vn -0.1140 -0.9420 0.3157
vn -0.2621 -0.9510 0.1642
vn -0.3263 -0.9366 0.1272
vn -0.3384 -0.7709 0.5396
vn -0.9363 0.1296 0.3263
vn 0.4984 0.3150 0.8077
vn 0.0669 0.6016 0.7960
vn -0.1527 -0.9881 0.0211
vn 0.2348 0.5376 0.8098
vn 0.1823 0.1197 0.9759
vn -0.2669 -0.1777 0.9472
vn -0.4432 0.0289 0.8960
vn -0.0200 -0.9986 0.0499
vn -0.1467 -0.8722 0.4666
vn 0.2227 -0.3520 -0.9091
vn 0.7506 -0.3381 -0.5677
vn -0.1932 -0.7859 0.5874
vn 0.3911 -0.7479 0.5364
vn -0.1264 0.5651 -0.8153
vn -0.2675 -0.1328 -0.9544
vn 0.1433 -0.9675 -0.2085
vn 0.4106 -0.3785 -0.8295
vn 0.8123 -0.5363 -0.2293
vn -0.4162 0.9042 0.0962
vn -0.7359 0.6446 -0.2072
vn 0.8642 0.3647 0.3467
vn 0.5729 0.7397 0.3530
vn -0.6561 0.5049 0.5609
vn 0.4593 0.1052 0.8820
vn -0.4013 0.4221 0.8129
vn 0.4329 -0.6732 0.5996
vn 0.5444 -0.4378 -0.7156
vn 0.4569 -0.2156 0.8630
vn -0.4808 0.0640 -0.8745
vn -0.5259 -0.8184 -0.2317
vn 0.0778 0.8861 0.4569
vn 0.2509 0.9433 0.2175
vn 0.1385 0.6825 0.7176
vn -0.1531 -0.9882 -0.0102
vn -0.0806 -0.3055 0.9488
vn 0.4378 0.8093 0.3916
vn -0.8995 -0.0570 0.4332
vn -0.2765 0.7355 0.6185
vn 0.4856 0.7003 0.5233
vn -0.3173 -0.2583 -0.9125
vn 0.4645 -0.6208 -0.6316
vn 0.9025 -0.4092 -0.1342
vn 0.0432 0.6914 0.7212
vn -0.0868 0.6997 0.7091
vn -0.4609 0.5779 0.6735
vn -0.1746 0.4616 0.8697
vn 0.6348 0.2999 0.7121
vn 0.0393 0.3838 0.9226
vn -0.8671 0.2420 0.4354
vn -0.7589 0.1887 0.6232
vn -0.6020 0.3849 0.6996
vn -0.8095 0.4229 0.4072
vn -0.5130 0.4540 0.7285
vn 0.2034 -0.1503 -0.9675
vn -0.6868 -0.1418 -0.7129
vn 0.1826 0.2523 0.9503
vn 0.6516 0.7581 0.0254
vn 0.3692 0.3369 0.8661
vn -0.9946 -0.1030 -0.0077
vn -0.3700 0.9290 -0.0090
vn -0.0684 0.7300 0.6800
vn 0.0043 -0.9287 0.3708
vn 0.1752 -0.9246 -0.3382
vn 0.5917 -0.8061 0.0036
vn 0.1221 -0.8654 -0.4860
vn 0.5296 -0.4282 -0.7322
vn 0.4425 -0.7262 -0.5262
vn -0.9437 0.0081 0.3306
vn -0.7972 -0.4582 -0.3930
vn -0.6169 0.7286 -0.2975
vn -0.0923 0.9556 0.2798
vn 0.6645 0.0869 0.7422
vn 0.3139 0.8607 0.4009
vn -0.9867 0.0573 -0.1518
vn 0.0072 -0.9027 -0.4302
vn -0.1022 -0.8512 -0.5148
vn -0.6840 0.7295 -0.0000
vn 0.2443 0.8869 0.3920
vn 0.0078 0.8421 -0.5393
vn 0.2222 0.8474 -0.4822
vn 0.3038 0.4220 0.8542
vn 0.5890 0.8049 0.0720
vn 0.3800 0.8807 0.2828
vn 0.1650 -0.7702 0.6161
vn 0.0050 -0.0370 -0.9993
vn -0.4680 -0.7274 0.5018
vn 0.6773 -0.4654 0.5698
vn 0.1190 -0.9146 -0.3865
vn -0.7732 -0.3547 0.5258
vn 0.8757 0.1377 0.4628
vn 0.8474 0.4872 -0.2109
vn -0.2886 0.9280 -0.2356
vn -0.5478 0.6432 0.5350
vn -0.0525 0.6688 0.7416
vn -0.5429 0.4181 0.7283
vn 0.5739 0.1327 0.8081
vn 0.9132 0.0428 -0.4053
vn 0.7601 -0.1008 -0.6420
vn 0.6085 -0.7911 0.0623
vn 0.1163 -0.9446 -0.3071
vn 0.1749 -0.9508 -0.2559
vn 0.3358 0.9360 -0.1052
vn 0.2147 0.3283 0.9199
vn -0.4478 0.3545 -0.8209
vn 0.1799 0.8229 0.5390
vn 0.2616 0.0439 -0.9642
vn 0.8325 -0.3745 0.4083
vn 0.2373 -0.0928 -0.9670
vn 0.3212 -0.3818 -0.8666
vn -0.6817 -0.5642 0.4658
vn -0.9962 -0.0829 0.0258
vn -0.7011 0.7126 -0.0245
vn 0.5523 -0.4592 -0.6958
vn -0.7168 -0.0153 0.6971
vn -0.1122 0.9422 0.3157
vn 0.8115 -0.0048 -0.5844
vn 0.1214 0.8158 -0.5655
vn 0.8355 0.3529 0.4212
vn -0.1728 0.3808 0.9084
vn -0.9009 0.0375 -0.4324
vn -0.6755 0.5480 0.4933
vn -0.1509 -0.7729 -0.6164
vn 0.0777 0.9964 0.0344
vn -0.2101 0.9729 -0.0968
vn -0.7979 -0.4816 -0.3626
vn -0.3437 -0.9370 -0.0619
vn -0.8275 -0.5263 0.1953
vn -0.9033 -0.3557 0.2396
vn 0.2932 0.8651 0.4070
vn -0.1176 -0.7793 -0.6156
vn 0.2293 -0.5380 -0.8112
vn -0.1281 -0.9875 -0.0915
vn 0.2667 -0.3384 -0.9024
vn -0.7658 -0.6144 0.1900
vn -0.0086 -0.4712 -0.8820
vn -0.2058 0.9617 0.1808
vn 0.9855 0.0597 -0.1590
vn -0.8693 0.1583 0.4682
vn -0.7988 0.3056 0.5182
vn 0.2149 0.6412 0.7367
vn -0.5204 -0.2469 -0.8175
vn -0.1586 0.9543 0.2532
vn -0.6959 -0.5970 0.3991
vn 0.3226 0.4599 0.8273
vn -0.2240 0.9731 0.0533
vn 0.4212 0.8709 0.2531
vn 0.3306 -0.4083 0.8509
vn 0.0992 0.9425 0.3192
vn 0.2139 0.5152 0.8299
vn -0.1862 0.7629 0.6192
vn -0.1394 -0.9888 -0.0531
vn -0.6254 -0.2136 -0.7505
vn -0.8296 -0.2968 0.4730
vn 0.0558 -0.6093 -0.7910
vn -0.4869 -0.6295 0.6055
vn -0.6465 -0.4030 0.6479
vn -0.0389 0.9169 0.3971
vn 0.1719 0.5176 0.8382
vn -0.6547 0.5412 0.5277
vn 0.2528 0.2073 0.9451
vn 0.2201 0.2441 0.9444
vn -0.9202 -0.0083 -0.3913
vn 0.5898 -0.0685 0.8047
vn 0.2876 0.9240 -0.2521
vn -0.4851 -0.6175 -0.6192
vn -0.3470 -0.8489 -0.3986
vn 0.4911 0.8436 0.2171
vn -0.8280 0.0685 0.5566
vn -0.2775 -0.8541 0.4398
vn -0.5592 -0.0514 0.8275
vn 0.1323 0.5556 0.8209
vn 0.1061 0.3465 0.9320
vn -0.7488 0.0508 0.6609
vn 0.7212 0.1987 0.6636
vn 0.5363 0.7762 0.3316
vn 0.5599 0.2316 0.7955
vn -0.5316 0.5546 0.6402
vn -0.0090 0.3221 0.9467
vn -0.1063 -0.8611 -0.4972
vn 0.4018 0.8971 0.1836
vn -0.4015 -0.8955 -0.1923
vn -0.5278 -0.7552 -0.3887
vn -0.8802 -0.4610 0.1128
vn 0.5163 -0.7034 -0.4886
vn 0.2470 -0.5061 -0.8263
vn 0.3601 -0.4498 0.8173
vn -0.4794 -0.7794 -0.4035
vn 0.5304 -0.3873 -0.7541
vn -0.0936 0.0480 -0.9945
vn -0.2905 0.4030 0.8679
vn -0.8714 0.4761 0.1182
vn -0.8649 0.2016 0.4596
vn -0.5869 0.2451 0.7717
vn 0.6978 0.4222 0.5787
vn 0.5394 -0.2437 -0.8060
vn -0.0149 -0.4283 -0.9035
vn 0.2081 -0.0863 -0.9743
vn 0.2746 0.2222 0.9355
vn 0.2598 0.6288 0.7329
vn 0.0277 -0.9935 -0.1103
vn 0.2525 -0.8785 0.4056
vn 0.3506 0.2968 0.8883
vn -0.3728 -0.9089 0.1870
vn 0.2127 0.5037 0.8373
vn 0.1582 0.4208 0.8933
vn -0.7176 0.6420 -0.2701
vn -0.0258 0.9853 0.1691
vn -0.2921 0.9172 0.2710
vn 0.2365 0.9343 0.2668
vn 0.3355 0.7545 0.5641
vn -0.0576 -0.8914 0.4495
vn -0.1386 -0.9699 -0.2005
vn 0.0970 -0.4096 -0.9071
vn -0.0180 0.6637 -0.7477
vn -0.2873 0.2759 0.9172
vn 0.7398 -0.5066 0.4428
vn -0.0069 0.3863 0.9224
vn 0.0979 -0.8849 -0.4553
vn -0.6141 -0.3505 0.7071
vn 0.9665 0.1588 -0.2014
vn -0.7766 0.6295 0.0231
vn 0.4461 0.5730 -0.6875
vn 0.4143 0.7985 0.4367
vn -0.2803 -0.9468 0.1582
vn -0.2498 -0.9459 0.2073
vn -0.0281 -0.9594 -0.2808
vn -0.3311 -0.9276 0.1732
vn 0.3434 0.2301 0.9106
vn -0.7768 0.5986 0.1956
vn -0.6538 -0.6011 -0.4597
vn 0.2194 0.9737 -0.0610
vn -0.2431 0.9062 -0.3458
vn 0.2642 -0.9462 -0.1868
vn 0.5427 -0.1479 -0.8268
vn -0.0981 -0.9100 0.4028
vn -0.4732 -0.8288 -0.2987
vn 0.5108 0.2062 -0.8346
vn -0.0566 0.2944 -0.9540
vn -0.4856 -0.8381 -0.2485
vn 0.7097 0.4567 -0.5365
vn 0.9601 -0.2795 -0.0131
vn -0.1043 0.1564 0.9822
vn 0.2831 0.3151 0.9058
vn -0.6100 -0.2530 -0.7509
vn -0.1797 0.6750 -0.7156
vn -0.0293 0.0377 0.9989
vn 0.8720 -0.1093 0.4771
vn -0.3384 0.1091 0.9347
vn 0.1626 -0.3773 -0.9117
vn 0.1114 -0.4377 -0.8922
vn -0.2293 0.1836 0.9559
vn -0.7330 -0.6799 0.0207
vn -0.4342 -0.8951 0.1016
vn -0.8468 0.4366 -0.3038
vn -0.9106 -0.1778 -0.3732
vn 0.8243 -0.1482 -0.5464
vn 0.3253 0.8621 0.3886
vn 0.9620 -0.2266 0.1526
vn 0.8137 0.0874 -0.5747
vn 0.6565 0.3750 -0.6545
vn 0.4869 0.5086 0.7101
vn -0.2233 0.6227 0.7499
vn 0.3509 0.2337 0.9068
vn -0.9805 -0.1277 -0.1495
vn 0.8935 0.3968 -0.2102
vn -0.8467 0.3863 0.3659
vn 0.2961 0.8423 0.4503
vn 0.1423 -0.6904 0.7093
vn 0.2625 0.8439 0.4678
vn 0.5470 0.6470 0.5312
vn -0.9689 0.1277 -0.2121
vn 0.3104 -0.3337 -0.8901
vn -0.4624 -0.5915 0.6605
vn -0.0678 0.7644 -0.6412
vn 0.2574 -0.9001 -0.3515
vn -0.0344 -0.4963 -0.8675
vn -0.1177 -0.9768 0.1789
vn -0.6207 0.6045 0.4994
vn -0.8532 0.0904 -0.5137
vn -0.0730 -0.9335 -0.3510
vn -0.6428 0.5928 -0.4852
vn -0.8605 0.1812 -0.4761
vn -0.1622 0.4781 0.8632
vn -0.3085 0.7138 0.6287
vn -0.5510 -0.2949 0.7807
vn 0.1761 0.4926 0.8523
vn 0.5022 0.3540 0.7889
vn -0.7266 -0.5125 -0.4575
vn -0.0613 -0.6604 -0.7484
vn -0.2549 0.3481 0.9022
vn 0.8409 0.0749 -0.5359
vn -0.9826 0.1619 0.0911
vn -0.6729 0.7394 -0.0231
vn -0.4491 0.8394 -0.3062
vn 0.0435 0.6842 0.7280
vn -0.9039 -0.0447 0.4254
vn -0.0462 0.6441 -0.7635
vn -0.2226 -0.9707 -0.0905
vn -0.3856 -0.4956 -0.7783
vn 0.0899 -0.7910 -0.6052
vn 0.6185 0.6761 -0.4005
vn -0.5810 -0.4216 -0.6962
vn 0.2022 -0.4054 -0.8915
vn -0.8045 -0.4375 -0.4018
vn -0.3082 0.7060 -0.6376
vn 0.0900 0.9815 0.1692
vn 0.9714 0.1676 -0.1681
vn -0.1877 0.9647 0.1849
vn -0.2443 0.9564 0.1598
vn 0.5836 -0.1796 -0.7919
vn -0.6647 0.7405 0.0993
vn -0.5693 0.8031 0.1758
vn 0.0793 0.3182 0.9447
vn -0.5043 0.8634 0.0148
vn 0.1877 0.4314 0.8824
vn -0.5061 0.2988 0.8090
vn -0.1649 0.3748 0.9123
vn -0.7397 0.3004 0.6022
vn 0.8649 0.3648 0.3447
vn -0.8317 0.1175 -0.5427
vn -0.5413 -0.6413 -0.5437
vn -0.4316 -0.6410 -0.6347
vn -0.7400 -0.6626 0.1159
vn 0.3381 -0.9091 0.2435
vn 0.0695 -0.6185 0.7827
vn 0.4201 -0.8551 -0.3039
vn 0.4452 -0.6587 -0.6066
vn 0.0434 -0.3106 -0.9496
vn -0.9021 0.3693 -0.2232
vn 0.6972 -0.7006 0.1515
vn -0.5085 -0.4521 0.7328
vn -0.7286 0.0656 -0.6818
vn -0.1697 0.6989 -0.6948
vn 0.7211 0.6441 -0.2552
vn -0.0185 0.9923 -0.1223
vn -0.1438 0.8233 0.5491
vn 0.3574 -0.5017 0.7877
vn -0.6854 -0.2275 0.6917
vn -0.5788 -0.0394 0.8145
vn -0.6113 -0.1290 0.7808
vn -0.3839 0.1582 0.9097
vn 0.7653 0.3748 0.5233
vn 0.3696 0.6773 0.6361
vn 0.4560 -0.2665 -0.8491
vn 0.0590 0.2729 0.9602
vn 0.4652 -0.4217 0.7783
vn 0.2096 -0.9218 0.3260
vn 0.2197 0.0249 0.9753
vn 0.1805 0.5079 0.8423
vn 0.2152 0.9747 0.0609
vn 0.5691 0.8221 0.0169
vn 0.6902 0.7099 0.1403
vn 0.4775 0.8535 0.2084
vn -0.4828 -0.6997 0.5267
vn -0.2189 -0.8899 -0.4002
vn -0.0746 0.5282 -0.8459
vn -0.5016 -0.5100 0.6988
vn -0.1550 -0.6499 -0.7440
vn -0.8057 -0.5330 0.2585
vn -0.1957 -0.0905 0.9765
vn 0.9301 -0.1757 -0.3224
vn 0.2096 0.2717 0.9393
vn 0.5589 0.5331 0.6352
vn 0.0304 0.7169 -0.6965
vn -0.3849 0.5366 0.7509
vn -0.6062 0.1468 0.7816
vn 0.6172 0.4104 0.6713
vn 0.8506 0.2199 0.4777
vn -0.6317 0.5379 0.5582
vn 0.2126 0.3258 0.9212
vn -0.8969 -0.2646 -0.3544
vn -0.9769 -0.0953 0.1912
vn -0.1297 -0.9809 -0.1453
vn 0.0486 -0.9977 -0.0464
vn 0.2671 -0.5703 0.7768
vn 0.3928 0.8114 0.4327
vn -0.5831 -0.8054 0.1063
vn 0.0328 -0.7698 0.6374
vn 0.3192 -0.3001 0.8989
vn -0.6137 -0.6575 -0.4372
vn 0.1559 0.8197 0.5512
vn 0.0994 0.9549 0.2798
vn 0.0855 -0.6167 0.7825
vn 0.4041 -0.9063 -0.1238
vn 0.9155 -0.0160 -0.4020
vn 0.0611 0.4508 0.8905
vn -0.5126 0.1644 0.8427
vn 0.9050 -0.4049 0.1304
vn 0.9006 0.3689 0.2300
vn -0.3627 0.4153 0.8342
vn -0.5734 0.1139 0.8113
vn -0.1781 -0.4236 -0.8882
vn 0.2098 -0.7169 0.6649
vn 0.2031 -0.4239 0.8826
vn 0.2142 0.4737 0.8542
vn -0.3581 0.8645 -0.3526
vn 0.5443 0.8158 0.1955
vn -0.5248 -0.8322 -0.1787
vn 0.0321 -0.6786 0.7338
vn 0.8405 -0.4740 -0.2624
vn 0.8150 -0.3101 -0.4896
vn 0.0946 -0.9792 -0.1793
vn -0.1428 -0.9400 -0.3099
vn -0.3798 -0.6173 0.6890
vn -0.7359 0.0641 0.6741
vn -0.3651 0.8001 0.4760
vn 0.4236 0.2873 0.8591
vn 0.4695 0.7949 0.3844
vn 0.9426 0.1027 -0.3177
vn 0.1836 0.1884 0.9648
vn -0.6185 -0.7734 0.1388
vn 0.2933 0.8500 -0.4376
vn 0.2714 0.9039 0.3307
vn 0.3965 0.4528 0.7986
vn 0.0234 -0.9982 -0.0559
vn -0.0093 -0.9978 0.0658
vn -0.1053 -0.2105 -0.9719
vn 0.4233 -0.4691 -0.7751
vn -0.5285 -0.3623 -0.7677
vn -0.1469 -0.0669 -0.9869
vn -0.6469 0.1392 -0.7498
vn -0.0869 0.9717 0.2197
vn -0.4142 0.6279 0.6589
vn 0.7253 -0.3699 -0.5806
vn -0.7394 0.4799 0.4723
vn -0.7348 0.6026 0.3114
vn 0.4346 0.3506 -0.8296
vn 0.3000 0.3901 -0.8705
vn -0.2081 0.2726 0.9393
vn 0.0047 0.3255 0.9455
vn -0.2639 0.4944 0.8282
vn 0.0520 -0.9961 0.0715
vn 0.1626 0.9457 -0.2815
vn 0.0851 0.8661 0.4926
vn -0.2479 -0.9179 0.3098
vn -0.7902 -0.5310 0.3060
vn -0.6788 -0.6708 0.2987
vn -0.8253 -0.3728 0.4241
vn -0.8125 -0.4988 0.3018
vn 0.4153 -0.8864 -0.2045
vn -0.0236 -0.9984 -0.0517
vn -0.5545 -0.6980 0.4532
vn -0.1013 -0.7978 0.5944
vn -0.1194 -0.8297 0.5453
vn -0.5857 0.7953 -0.1565
vn -0.8811 0.1421 0.4510
vn -0.6829 0.4471 0.5777
vn 0.0835 0.6830 -0.7257
vn 0.6425 -0.5590 -0.5240
vn -0.3903 -0.0106 -0.9206
vn -0.4894 0.8570 0.1616
vn 0.2146 0.4665 -0.8581
vn 0.5653 0.7846 0.2548
vn -0.5322 0.6050 0.5923
vn -0.0829 0.6162 0.7832
vn 0.0703 -0.9837 0.1654
vn 0.2640 0.2055 0.9424
vn -0.2433 -0.9616 -0.1270
vn -0.3657 0.9264 -0.0900
vn 0.2912 0.6773 0.6756
vn 0.5136 0.7295 -0.4517
vn -0.9715 0.1771 0.1574
vn 0.0081 -0.8548 0.5189
vn 0.3350 0.8949 0.2949
vn 0.0927 -0.9506 -0.2963
vn -0.4882 -0.8120 -0.3199
vn 0.2453 -0.9213 0.3018
vn -0.9746 0.0016 -0.2239
vn -0.5699 0.4478 -0.6890
vn -0.2646 0.2716 -0.9253
vn 0.4096 -0.7628 -0.5003
vn -0.2958 -0.7514 0.5898
vn 0.1760 0.3200 -0.9309
vn 0.0188 0.0272 -0.9995
vn -0.7722 -0.1593 -0.6151
vn -0.4406 -0.3902 0.8084
vn -0.9102 0.1863 -0.3699
vn 0.8062 -0.5706 0.1563
vn 0.9636 0.2666 -0.0212
vn 0.6444 0.6216 0.4454
vn 0.0620 0.9490 0.3091
vn -0.3609 -0.0578 0.9308
vn 0.7847 -0.5342 -0.3144
vn -0.8463 0.2555 -0.4673
vn -0.0037 0.3366 -0.9416
vn 0.6501 0.7188 0.2465
vn 0.6015 0.1465 -0.7853
vn -0.3388 0.3188 0.8852
vn -0.0659 0.3047 0.9502
vn -0.7224 0.6213 0.3035
vn 0.2963 -0.3568 0.8860
vn 0.2672 0.8688 -0.4169
vn 0.1560 0.7497 -0.6431
vn -0.4402 -0.5810 0.6846
vn -0.3777 0.8172 0.4354
vn -0.3466 -0.5491 0.7605
vn -0.8521 -0.4300 0.2984
vn 0.0894 -0.5087 0.8563
vn 0.0710 -0.6684 0.7404
vn -0.3145 -0.8068 0.5002
vn -0.8707 0.4542 -0.1885
vn 0.1581 0.9689 0.1904
vn -0.5260 0.8434 -0.1096
vn -0.5094 -0.1543 0.8466
vn 0.4318 0.3954 0.8107
vn 0.6692 -0.6920 0.2710
vn 0.2963 0.1320 -0.9459
vn -0.4472 0.2951 -0.8444
vn 0.0062 0.5618 0.8273
vn 0.9254 0.3783 0.0215
vn 0.6008 0.5640 0.5666
vn 0.1207 0.8670 0.4835
vn 0.1904 -0.4085 0.8927
vn 0.4577 -0.7127 0.5315
vn -0.4701 -0.6074 0.6403
vn -0.5507 -0.5711 0.6088
vn -0.7930 0.0700 0.6052
vn 0.1219 -0.4926 0.8617
vn -0.3917 -0.4569 0.7986
vn -0.9104 0.3185 0.2641
vn -0.6879 0.0403 0.7247
vn 0.3633 0.3217 -0.8744
vn -0.4893 0.7266 0.4824
vn 0.5712 -0.7907 -0.2202
vn 0.2229 0.4383 -0.8708
vn 0.5311 0.2436 -0.8115
vn 0.4857 0.7911 0.3718
vn -0.7153 0.5391 0.4447
vn 0.2997 -0.4290 -0.8521
vn -0.1190 -0.3908 -0.9127
vn 0.5573 -0.1305 -0.8200
vn -0.4165 -0.0518 -0.9077
vn 0.1043 -0.9944 0.0141
vn 0.2159 0.5586 0.8009
vn 0.3199 0.6539 0.6856
vn -0.1002 0.5418 0.8345
vn -0.1262 -0.5002 0.8567
vn 0.0758 -0.4389 0.8953
vn -0.3394 0.7049 0.6228
vn -0.1329 0.9455 0.2971
vn 0.3434 -0.9270 0.1506
vn -0.6021 -0.7971 -0.0461
vn 0.5933 -0.7930 0.1387
vn 0.7610 -0.6348 -0.1341
vn 0.0079 -0.8367 0.5476
vn 0.0077 -0.9996 -0.0286
vn -0.4980 -0.2305 -0.8360
vn -0.5116 0.2495 -0.8222
vn 0.6010 0.2589 -0.7562
vn -0.2508 0.2473 0.9359
vn -0.6801 0.7009 0.2151
vn 0.3561 -0.0175 -0.9343
vn 0.9732 0.1579 0.1675
vn 0.4500 0.0790 -0.8895
vn 0.5138 0.6838 -0.5181
vn 0.6510 0.6938 -0.3081
vn 0.4653 0.0796 -0.8816
vn -0.1037 0.0924 -0.9903
vn 0.5432 -0.7749 -0.3231
vn -0.1493 0.0941 -0.9843
vn 0.2813 -0.3667 -0.8868
vn 0.3289 0.4636 0.8227
vn -0.0525 0.8168 0.5746
vn 0.4477 0.8854 -0.1248
vn -0.1198 -0.4376 0.8912
vn 0.1392 0.3449 0.9283
vn -0.1495 -0.5999 0.7859
vn 0.3838 0.4964 0.7787
vn -0.2061 -0.9590 -0.1944
vn 0.1818 -0.9656 -0.1860
vn 0.4234 -0.5687 0.7052
vn 0.3780 -0.4798 0.7918
vn -0.1942 -0.7094 0.6775
vn -0.3845 -0.7239 0.5729
vn -0.3085 0.8452 0.4364
vn 0.0738 0.8913 0.4474
vn -0.4305 -0.1943 -0.8814
vn 0.7282 -0.4416 0.5242
vn -0.5778 -0.1644 0.7995
vn 0.8822 -0.4579 -0.1094
vn 0.6560 -0.4056 -0.6365
vn -0.2008 0.4502 0.8701
vn 0.2718 -0.3717 0.8877
vn 0.1863 0.9700 -0.1562
vn 0.2468 0.9086 0.3371
vn 0.1650 0.9493 0.2678
vn -0.3805 -0.2972 0.8757
vn -0.0126 -0.6993 0.7147
vn 0.4157 0.8857 0.2068
vn -0.6971 -0.5074 0.5066
vn -0.4344 -0.5969 0.6745
vn 0.7019 -0.5838 -0.4080
vn 0.1126 -0.9899 0.0862
vn 0.9529 -0.2659 -0.1458
vn -0.9175 0.3485 0.1915
vn 0.9651 0.1726 0.1970
vn -0.6882 -0.2222 0.6907
vn -0.8202 0.3138 0.4783
vn 0.3700 0.8918 0.2604
vn -0.2385 0.8951 0.3767
vn 0.7109 0.5328 0.4591
vn -0.5082 0.1717 -0.8439
vn -0.0080 0.5470 -0.8371
vn -0.0922 0.9953 -0.0304
vn -0.2493 0.8436 -0.4756
vn -0.1595 0.4509 0.8782
vn 0.6808 0.5231 -0.5127
vn -0.8025 0.0890 -0.5900
vn 0.8852 0.0071 0.4652
vn -0.4230 -0.0104 0.9060
vn -0.4476 0.1020 0.8884
vn -0.5513 0.7610 -0.3419
vn 0.5556 0.3583 0.7503
vn -0.1212 0.2638 0.9569
vn -0.7176 -0.1477 -0.6806
vn -0.7148 -0.0487 -0.6976
vn -0.2355 0.6203 0.7482
vn 0.9145 0.3518 -0.1998
vn -0.9401 0.3376 -0.0468
vn 0.3234 0.4884 0.8105
vn 0.3734 0.8934 0.2498
vn -0.2856 -0.6445 0.7092
vn 0.0754 -0.7934 0.6041
vn -0.0659 -0.9977 0.0158
vn -0.5923 0.8043 0.0479
vn 0.5962 0.7983 -0.0851
vn -0.4171 0.7931 -0.4438
vn -0.0790 0.5259 -0.8468
vn 0.8996 -0.0324 -0.4356
vn -0.4759 -0.4982 -0.7247
vn -0.7086 0.0970 0.6990
vn 0.0645 -0.8514 -0.5206
vn -0.6635 0.6269 -0.4083
vn 0.8670 0.1595 0.4721
vn -0.4790 0.3347 -0.8115
vn 0.0522 0.2965 -0.9536
vn 0.1021 0.3734 -0.9220
vn 0.1859 -0.1235 -0.9748
vn 0.3111 -0.5181 0.7968
vn 0.2361 -0.5912 0.7712
vn 0.2608 0.4338 0.8624
vn -0.8905 -0.1068 0.4422
vn 0.4020 0.4451 0.8002
vn -0.6689 0.5850 0.4586
vn -0.5803 0.5199 0.6269
vn -0.4882 -0.5869 0.6459
vn 0.4391 0.5285 0.7266
vn 0.3830 0.6654 0.6407
vn -0.3520 -0.9357 0.0256
vn -0.7265 -0.6510 -0.2201
vn -0.7526 -0.1268 0.6462
vn -0.8268 0.3571 0.4347
vn 0.8259 -0.2363 -0.5119
vn -0.3876 -0.0715 0.9191
vn -0.4162 0.5852 0.6960
vn 0.2203 0.4196 -0.8805
vn -0.4794 0.0541 -0.8759
vn 0.6401 0.5806 -0.5031
vn -0.5511 0.5917 0.5884
vn -0.0817 -0.0824 -0.9932
vn 0.2022 0.5055 0.8388
vn 0.6944 -0.0792 -0.7152
vn 0.8775 0.0624 -0.4755
vn 0.2096 -0.9415 0.2639
vn -0.2579 -0.9565 -0.1362
vn 0.3678 0.6952 0.6176
vn 0.0406 0.7745 0.6313
vn -0.0644 -0.5453 0.8358
vn 0.7100 -0.7041 0.0049
vn -0.6543 -0.7556 0.0305
vn -0.8235 -0.5194 0.2280
vn 0.2711 0.5955 -0.7563
vn -0.9499 0.2921 -0.1114
vn 0.7191 -0.2486 -0.6489
vn -0.7811 0.4424 0.4406
vn 0.5896 -0.1339 0.7965
vn -0.5286 0.5063 -0.6813
vn 0.2188 0.9656 0.1408
vn -0.7927 0.1250 0.5966
vn 0.7436 -0.6242 0.2398
vn -0.7696 0.6066 0.1994
vn 0.5977 0.7336 0.3235
vn 0.5651 -0.2399 -0.7894
vn -0.1983 0.1636 0.9664
vn -0.3497 0.1807 0.9193
vn -0.1528 0.5661 0.8100
vn 0.2242 0.2647 0.9379
vn -0.2133 -0.8300 0.5153
vn -0.4861 -0.3659 0.7936
vn 0.6099 -0.7906 -0.0545
vn -0.1321 -0.3281 0.9354
vn 0.4779 -0.6343 0.6077
vn 0.3278 -0.8782 0.3484
vn -0.3305 -0.3593 0.8728
vn -0.5061 0.6734 0.5390
vn 0.7397 0.4374 0.5114
vn 0.2346 0.1686 0.9574
vn -0.4098 0.7118 0.5704
vn -0.7451 0.5901 -0.3107
vn 0.7450 -0.4314 -0.5088
vn -0.2526 -0.1135 -0.9609
vn -0.2371 0.1846 -0.9538
vn -0.7152 0.0234 0.6985
vn 0.0767 -0.0086 0.9970
vn -0.4430 0.1400 -0.8855
vn 0.9254 -0.2859 0.2488
vn -0.8674 0.2271 -0.4427
vn 0.6677 -0.3590 0.6521
vn -0.4442 0.8857 0.1353
vn 0.1630 0.5862 -0.7936
vn -0.9597 0.1058 -0.2603
vn -0.0913 0.6602 0.7455
vn -0.2982 -0.6445 0.7040
vn -0.0822 -0.6848 -0.7241
vn 0.3690 -0.7131 -0.5961
vn 0.7396 -0.6602 0.1309
vn -0.5890 -0.8034 0.0873
vn 0.2930 -0.6578 0.6939
vn -0.6034 -0.2548 0.7556
vn -0.4383 -0.2233 0.8707
vn 0.4381 0.7206 0.5374
vn 0.5472 0.8282 -0.1208
vn 0.8811 -0.2463 0.4038
vn 0.6985 0.5833 0.4146
vn 0.6325 0.6450 0.4289
vn -0.1441 0.4160 -0.8979
vn -0.3037 0.3602 0.8821
vn 0.4155 -0.1378 0.8991
vn -0.8031 0.2923 -0.5192
vn -0.6570 0.6912 0.3012
vn -0.5923 0.5782 -0.5611
vn 0.9199 -0.3355 -0.2032
vn -0.7177 0.3578 0.5974
vn 0.5302 0.7384 0.4167
vn -0.1726 0.1237 0.9772
vn 0.5978 -0.4745 -0.6461
vn 0.1851 0.7725 0.6074
vn 0.3556 -0.9283 -0.1087
vn -0.2794 -0.9364 -0.2124
vn 0.3913 0.7386 0.5489
vn -0.3593 0.0176 0.9330
vn -0.5207 -0.6138 -0.5934
vn -0.7911 -0.6101 -0.0442
vn -0.3001 -0.9502 -0.0838
vn 0.1782 0.9521 0.2485
vn 0.5020 -0.5145 0.6951
vn -0.4932 0.0444 0.8688
vn -0.2367 -0.9614 0.1405
vn 0.1262 -0.1354 0.9827
vn -0.5408 0.5315 0.6519
vn 0.3327 -0.9415 0.0533
vn -0.4754 -0.1246 0.8709
vn 0.2144 -0.1425 -0.9663
vn -0.1783 0.0648 0.9818
vn 0.4875 0.4918 -0.7215
vn 0.1267 0.5138 -0.8485
vn -0.0109 0.5918 -0.8060
vn 0.7345 0.2338 0.6370
vn 0.7639 -0.4758 -0.4359
vn 0.8701 -0.0784 -0.4865
vn 0.6679 -0.1210 0.7344
vn 0.4191 0.2765 0.8648
vn -0.8879 -0.2192 0.4045
vn -0.2914 0.7177 0.6325
vn 0.0896 0.0069 0.9960
vn -0.4809 -0.5317 0.6972
vn 0.4211 -0.7765 0.4688
vn 0.6451 -0.7627 -0.0464
vn 0.6403 -0.4025 -0.6542
vn 0.6676 -0.3660 0.6484
vn 0.8216 -0.3619 -0.4404
vn 0.3704 0.2410 -0.8970
vn -0.5410 -0.2960 -0.7872
vn 0.9206 -0.3896 -0.0257
vn -0.8045 0.5922 0.0466
vn -0.9432 0.1494 -0.2968
vn -0.4591 0.5134 0.7250
vn 0.0858 0.0208 0.9961
vn -0.3832 -0.5360 0.7522
vn 0.9154 -0.3778 0.1391
vn -0.6419 -0.7596 -0.1048
vn -0.6103 0.5929 0.5254
vn -0.5234 0.0506 0.8506
vn 0.3141 -0.2169 0.9243
vn 0.7607 -0.6471 0.0504
vn 0.3389 -0.5874 0.7350
vn 0.6122 -0.1838 0.7691
vn -0.8573 -0.2010 0.4740
vn 0.4430 0.7066 0.5518
vn 0.1486 0.6635 0.7332
vn 0.9285 -0.2440 0.2798
vn 0.7931 -0.4894 0.3627
vn 0.8217 -0.5282 0.2140
vn -0.1923 -0.0938 -0.9768
vn -0.1597 -0.0608 -0.9853
vn 0.1915 0.0400 0.9807
vn 0.3341 -0.0155 0.9424
vn 0.1332 0.0279 0.9907
vn -0.1207 -0.3525 -0.9280
vn 0.1289 -0.3566 -0.9253
vn 0.0623 0.0655 0.9959
vn 0.3685 -0.8819 -0.2940
vn -0.7747 0.6164 -0.1407
vn 0.3446 0.5490 0.7615
vn -0.5259 0.3832 0.7593
vn 0.6733 -0.4037 0.6194
vn 0.8637 -0.4332 -0.2577
vn -0.8506 0.4586 0.2574
vn 0.0789 0.0177 0.9967
vn 0.7145 -0.3910 0.5802
vn -0.1362 0.0486 -0.9895
vn -0.0338 0.0150 0.9993
vn -0.2776 0.2062 -0.9383
vn 0.3431 0.9030 -0.2584
vn 0.7895 -0.0354 0.6127
vn 0.6466 0.7362 0.1999
vn 0.6277 -0.2185 -0.7471
vn -0.0607 0.5578 0.8278
vn -0.2787 0.7163 -0.6397
vn -0.5903 0.4349 -0.6800
vn -0.6079 0.0692 0.7910
vn -0.8757 0.3903 -0.2841
vn 0.9326 -0.2753 -0.2332
vn 0.6214 0.3143 -0.7177
vn -0.3809 0.4506 0.8074
vn 0.9532 0.1779 0.2447
vn 0.2364 0.7198 0.6527
vn 0.1600 0.6733 0.7218
vn -0.0735 -0.7027 -0.7077
vn 0.7421 -0.5746 0.3453
vn 0.6940 -0.6974 0.1788
vn 0.0658 0.9978 -0.0022
vn -0.1019 0.9761 0.1921
vn 0.4256 -0.8941 0.1398
vn 0.0347 0.9047 0.4247
vn 0.7556 -0.1396 0.6400
vn 0.5341 -0.2245 0.8151
vn -0.2084 -0.9465 0.2465
vn -0.5215 -0.8531 0.0184
vn -0.8735 0.4777 -0.0935
vn -0.0062 0.7310 0.6823
vn -0.4622 0.5697 0.6796
vn -0.3481 0.8959 0.2759
vn -0.3599 0.8085 0.4657
vn 0.8479 -0.5299 0.0123
vn -0.6120 0.4159 -0.6727
vn -0.6976 0.2411 0.6747
vn -0.6290 0.2940 -0.7197
vn -0.4263 0.5637 -0.7074
vn -0.5373 0.3881 0.7488
vn -0.3019 0.7712 -0.5604
vn 0.5300 -0.6891 -0.4943
vn 0.1202 -0.0113 0.9927
vn -0.8153 0.5099 -0.2742
vn 0.7984 -0.4945 -0.3437
vn 0.6397 -0.4213 -0.6429
vn 0.6279 -0.7406 0.2393
vn -0.8582 0.4989 -0.1210
vn 0.0163 0.0392 0.9991
vn -0.8190 0.5720 -0.0456
vn 0.0820 0.1252 0.9887
vn -0.2251 -0.3995 0.8887
vn -0.0056 0.0023 1.0000
vn 0.8453 -0.5302 -0.0660
vn -0.1256 -0.0422 -0.9912
vn 0.0015 0.2007 0.9797
vn -0.0160 -0.1920 0.9813
vn 0.4036 -0.3554 -0.8431
vn -0.8224 0.5684 -0.0247
vn 0.9899 -0.1371 0.0370
vn -0.2680 0.1796 0.9465
vn -0.3126 0.5897 0.7447
vn 0.2678 -0.1006 -0.9582
vn -0.2655 -0.1411 0.9537
vn -0.8550 0.5054 -0.1162
vn 0.9529 -0.0539 0.2984
vn 0.3532 -0.4152 -0.8384
vn 0.8034 -0.2214 -0.5528
vn -0.3260 0.5633 0.7592
vn 0.3079 0.5465 0.7788
vn -0.0222 -0.1576 0.9872
vn 0.0168 -0.8926 0.4505
vn 0.2369 -0.8318 0.5020
vn -0.9577 0.0402 0.2848
vn 0.8001 -0.4882 0.3485
vn 0.9055 -0.0012 0.4244
vn -0.4804 0.1550 0.8632
vn 0.7963 -0.4386 0.4166
vn -0.4537 0.4066 0.7930
vn 0.3290 -0.0731 -0.9415
vn 0.8221 -0.5588 0.1091
vn 0.9603 -0.2759 -0.0410
vn 0.2368 0.9705 -0.0449
vn 0.1309 0.2358 -0.9629
vn 0.6475 -0.3649 -0.6690
vn 0.8913 -0.4370 0.1205
vn 0.7229 -0.2947 -0.6249
vn 0.4196 0.5619 0.7129
vn 0.3734 -0.7820 -0.4990
vn -0.6664 -0.7362 0.1185
vn 0.9567 -0.2508 -0.1479
vn 0.9919 -0.0843 0.0951
vn 0.6603 0.3035 0.6870
vn -0.8479 -0.0666 0.5260
vn -0.9812 0.1311 0.1416
vn -0.6074 0.6339 0.4787
vn -0.5265 0.5791 0.6224
vn -0.3785 0.0813 0.9220
vn -0.8209 0.4114 0.3962
vn 0.2574 0.6077 0.7513
vn -0.1518 0.5241 0.8380
vn -0.5493 0.8323 0.0750
vn 0.5707 0.4474 0.6886
vn 0.4001 0.4382 0.8049
vn -0.3507 -0.3479 0.8695
vn 0.7665 -0.4433 -0.4648
vn -0.7754 0.3469 0.5277
vn -0.2610 0.7361 0.6245
vn -0.5639 -0.7795 0.2728
vn -0.3399 -0.0298 0.9400
vn 0.9175 0.3976 0.0033
vn 0.3621 0.5626 0.7432
vn -0.9849 -0.1272 -0.1177
vn 0.4302 0.7445 0.5106
vn -0.6006 -0.7904 0.1208
vn -0.2740 -0.8973 0.3462
vn -0.4652 -0.7288 -0.5024
vn -0.1480 -0.9854 0.0842
vn 0.1277 -0.9643 0.2322
vn -0.2093 -0.9148 -0.3454
vn -0.4553 -0.1436 0.8787
vn 0.9732 -0.0068 0.2298
vn 0.7661 -0.4807 -0.4268
vn -0.5256 0.2227 0.8210
vn 0.4725 0.3899 0.7904
vn 0.4239 0.3055 0.8526
vn -0.8670 -0.0290 0.4975
vn 0.8984 0.1327 0.4186
vn 0.7776 -0.3874 -0.4952
vn -0.9423 0.0495 0.3311
vn -0.0825 -0.9925 -0.0899
vn 0.2245 -0.9089 0.3515
vn -0.2047 -0.9566 -0.2074
vn 0.0546 -0.9120 -0.4065
vn -0.7913 -0.4233 -0.4412
vn -0.6080 -0.7877 0.0992
vn -0.4755 0.8415 -0.2567
vn 0.1777 0.6869 0.7047
vn 0.3707 0.3560 0.8578
vn -0.9837 -0.1575 0.0872
vn 0.8123 0.0649 0.5796
vn 0.1571 -0.0304 0.9871
vn 0.9164 0.1089 0.3851
vn -0.5564 0.6014 0.5733
vn 0.7408 -0.4229 0.5219
vn 0.9099 0.2377 0.3401
vn 0.4057 -0.4867 0.7737
vn 0.7817 -0.1543 0.6043
vn 0.4887 0.3040 0.8178
vn 0.1761 0.4407 0.8802
vn 0.7638 -0.6204 0.1781
vn 0.6653 -0.6206 -0.4150
vn 0.3311 -0.9418 0.0574
vn -0.9601 -0.2335 -0.1538
vn 0.6431 0.3455 0.6834
vn -0.6929 0.0012 0.7211
vn -0.4420 0.2102 0.8720
vn -0.9403 0.3296 -0.0846
vn -0.4354 0.6499 0.6229
vn -0.4359 0.7980 0.4161
vn -0.4461 0.8822 0.1508
vn -0.8888 0.4462 -0.1044
vn -0.3407 0.4675 0.8157
vn 0.8385 -0.4035 -0.3661
vn -0.7596 -0.1654 0.6290
vn 0.6015 0.1090 0.7914
vn 0.6459 -0.2171 -0.7319
vn 0.7542 -0.1536 -0.6385
vn -0.8896 0.2191 0.4007
vn -0.8502 -0.1508 0.5044
vn -0.8385 0.5317 -0.1194
vn -0.7102 0.4994 0.4962
vn -0.3673 0.7647 0.5295
vn 0.1151 0.7718 0.6254
vn -0.2402 -0.9491 -0.2038
vn 0.2478 -0.6500 0.7184
vn 0.7301 -0.4972 0.4688
vn -0.6581 0.6005 0.4542
vn 0.6843 -0.5246 0.5066
vn 0.3794 0.6286 0.6789
vn -0.1197 0.2233 0.9674
vn -0.4192 0.4579 0.7840
vn 0.9962 0.0338 -0.0803
vn -0.8460 0.1050 0.5227
vn -0.4741 0.6129 0.6321
vn 0.9239 -0.2185 -0.3141
vn -0.0434 0.4531 0.8904
vn -0.0684 0.3333 0.9403
vn 0.9937 0.0738 -0.0845
vn 0.9430 0.3060 -0.1305
vn 0.0383 0.5770 0.8158
vn -0.9509 0.0488 -0.3057
vn 0.5751 -0.6822 0.4515
vn 0.8768 -0.3832 -0.2905
vn 0.7903 -0.5857 -0.1799
vn 0.8201 -0.5297 -0.2164
vn 0.7990 -0.5585 -0.2230
vn -0.8618 0.1859 0.4720
vn 0.8981 -0.2201 -0.3806
vn 0.4686 -0.4277 0.7730
vn 0.7810 -0.0718 0.6204
vn 0.9132 -0.4029 -0.0618
vn 0.2602 0.5493 0.7941
vn 0.1077 0.1986 0.9741
vn -0.0685 -0.1056 0.9920
vn -0.9649 0.0830 0.2492
vn 0.5022 0.5212 0.6900
vn 0.7470 -0.1337 0.6513
vn -0.2954 0.6956 0.6549
vn 0.7463 -0.5203 -0.4151
vn -0.2424 -0.1342 -0.9609
vn 0.4077 0.5285 0.7446
vn -0.2997 0.7841 0.5434
vn -0.2088 0.4094 0.8881
vn 0.0994 -0.9207 -0.3775
vn -0.5152 -0.4959 -0.6991
vn 0.0653 0.8093 0.5838
vn -0.8790 0.2505 0.4058
vn 0.3116 0.2494 0.9169
vn 0.6777 -0.3332 0.6555
vn -0.4008 0.2733 0.8745
vn 0.3086 0.2331 0.9222
vn 0.1961 -0.4604 -0.8658
vn 0.1086 0.2139 0.9708
vn -0.3829 0.5430 0.7474
vn 0.7187 0.6024 0.3472
vn 0.5332 0.3269 0.7803
vn -0.5027 -0.6748 0.5402
vn 0.1837 -0.9446 -0.2720
vn 0.0157 -0.5967 0.8023
vn -0.3380 -0.4076 0.8483
vn -0.4638 -0.7038 0.5381
vn 0.9672 0.0728 0.2434
vn 0.9609 0.1063 -0.2556
vn -0.1987 0.6431 0.7396
vn 0.1656 0.9839 -0.0669
vn -0.6298 0.7415 -0.2315
vn -0.0232 0.9422 -0.3342
vn 0.0942 0.9785 -0.1837
vn 0.8909 -0.4447 -0.0927
vn 0.9152 -0.3021 -0.2667
vn 0.4888 0.5473 0.6794
vn -0.3302 -0.6098 0.7205
vn 0.7762 -0.1421 -0.6143
vn -0.0943 -0.4495 -0.8883
vn 0.8366 -0.1146 -0.5357
vn 0.1890 0.2274 0.9553
vn 0.3200 0.2578 0.9117
vn 0.0939 0.2701 0.9582
vn 0.1793 -0.7125 0.6783
vn -0.5147 -0.3187 0.7959
vn -0.1646 0.5452 0.8220
vn -0.3498 0.1332 0.9273
vn -0.1674 -0.3904 0.9053
vn -0.2737 -0.9301 0.2450
vn -0.6856 -0.6728 -0.2780
vn 0.2922 -0.6937 0.6583
vn -0.8400 0.5211 0.1514
vn -0.2955 -0.8939 0.3370
vn -0.4578 0.0238 0.8887
vn 0.9148 -0.3592 -0.1846
vn -0.1561 0.0506 0.9864
vn -0.1864 0.4314 0.8827
vn 0.9057 -0.3217 -0.2761
vn -0.6261 0.2349 0.7435
vn 0.2321 0.8048 0.5464
vn 0.7305 -0.1450 0.6674
vn 0.7674 -0.5693 0.2950
vn 0.4171 0.5692 0.7085
vn -0.3963 0.2159 0.8924
vn -0.4245 0.4220 0.8011
vn 0.4024 0.5621 0.7225
vn -0.4676 0.7084 0.5287
vn -0.1404 0.0201 0.9899
vn -0.0148 0.0531 0.9985
vn -0.9049 0.3836 0.1844
vn -0.8260 0.0084 0.5637
vn -0.2724 -0.2393 -0.9320
vn -0.1399 -0.4217 0.8959
vn -0.1491 -0.6834 0.7146
vn -0.4668 0.1281 0.8750
vn 0.1134 0.7368 0.6665
vn 0.2272 0.8042 0.5493
vn 0.1537 0.6322 0.7594
vn 0.2979 0.6370 0.7110
vn -0.0330 0.7052 0.7083
vn 0.2498 0.2211 0.9427
vn -0.3667 0.5535 0.7478
vn -0.6485 0.0201 0.7609
vn 0.7392 0.4804 0.4721
vn -0.8495 0.2118 0.4831
vn 0.2791 -0.6671 0.6907
vn 0.4847 0.3973 0.7792
vn -0.4351 -0.8413 0.3207
vn 0.3978 0.4009 0.8253
vn -0.7878 0.5572 -0.2625
vn -0.4681 0.6916 0.5501
vn -0.6838 0.3992 0.6108
vn 0.8288 -0.5075 0.2355
vn -0.9335 0.2827 0.2208
vn -0.8879 -0.0943 0.4504
vn -0.7992 -0.0861 0.5949
vn 0.0247 0.2904 0.9566
vn -0.3198 -0.9136 0.2512
vn 0.6834 -0.7065 -0.1840
vn -0.6800 -0.2426 -0.6919
vn -0.3372 0.1504 0.9293
vn 0.0993 0.1581 0.9824
vn 0.4881 -0.4092 0.7709
vn 0.3199 0.7467 0.5832
vn -0.0296 0.8970 0.4410
vn 0.4895 0.7035 0.5153
vn -0.5258 0.1914 0.8288
vn -0.9165 -0.0152 0.3997
vn 0.9484 -0.1488 0.2801
vn 0.2835 -0.9523 -0.1127
vn -0.0009 -0.9502 0.3115
vn 0.0174 -0.6909 -0.7227
vn -0.3285 0.0178 -0.9443
vn -0.6640 0.2734 -0.6960
vn 0.0551 -0.4634 0.8844
vn -0.9891 -0.0764 -0.1261
vn 0.2904 -0.6154 0.7328
vn 0.5264 0.7416 0.4159
vn 0.4999 0.8388 0.2157
vn 0.5799 0.7752 0.2506
vn -0.2244 -0.2566 0.9401
vn -0.8041 -0.4415 -0.3982
vn 0.8039 -0.3943 -0.4454
vn -0.9455 -0.2926 -0.1428
vn -0.1908 -0.0128 0.9815
vn 0.2293 0.5208 0.8223
vn 0.8451 0.4173 0.3342
vn 0.2319 -0.2097 0.9499
vn 0.3250 0.2493 0.9123
vn -0.2778 -0.1113 0.9542
vn -0.8307 0.1520 0.5356
vn -0.3373 0.4200 0.8425
vn 0.5141 0.1670 0.8413
vn 0.0956 0.2200 0.9708
vn -0.8002 0.4682 0.3749
vn 0.1701 -0.9533 0.2496
vn 0.2761 -0.3925 0.8773
vn 0.0551 -0.7938 0.6056
vn -0.3697 -0.4579 0.8085
vn -0.4074 0.2743 0.8711
vn -0.5333 -0.1618 0.8303
vn 0.4426 -0.5279 0.7249
vn 0.4284 -0.1997 0.8812
vn 0.4912 -0.0535 0.8694
vn -0.2151 0.9281 0.3040
vn -0.9031 0.3204 0.2859
vn 0.1986 -0.8858 0.4194
vn -0.6328 -0.3407 0.6953
vn -0.6457 -0.2863 0.7079
vn 0.4069 0.1766 0.8962
vn -0.6986 0.4280 0.5733
vn 0.8516 -0.4288 -0.3015
vn -0.5621 0.6114 0.5569
vn -0.0646 -0.8117 0.5804
vn -0.4707 0.7661 0.4377
vn -0.1423 0.7285 0.6701
vn 0.5378 -0.4152 0.7337
vn 0.4303 0.7386 0.5189
vn 0.1380 -0.3752 0.9166
vn 0.2338 0.5258 0.8179
vn 0.4018 0.4699 0.7860
vn -0.1945 -0.0854 0.9772
vn -0.2055 0.1407 0.9685
vn -0.8357 0.5433 0.0804
vn 0.1294 0.1265 0.9835
vn 0.0004 0.2984 0.9544
vn -0.8153 -0.0779 0.5737
vn 0.2531 -0.9592 0.1264
vn 0.8933 0.4433 0.0745
vn -0.1719 0.5137 0.8406
vn -0.2410 -0.3988 0.8848
vn 0.8035 -0.5193 0.2911
vn 0.1492 -0.1090 0.9828
vn 0.8859 -0.4280 0.1790
vn -0.4765 0.1546 0.8655
vn -0.0475 -0.1631 0.9855
vn -0.3777 0.1784 0.9086
vn 0.0663 0.5418 0.8379
vn -0.3537 0.3559 0.8650
vn 0.0591 0.9504 0.3054
vn -0.9137 0.1889 0.3597
vn -0.2200 -0.3033 0.9272
vn 0.6034 -0.5503 -0.5772
vn -0.9575 0.1428 0.2507
vn 0.1398 0.1205 0.9828
vn -0.0753 -0.3540 0.9322
vn -0.2778 0.3428 0.8974
vn 0.0203 0.0697 0.9974
vn 0.9426 0.1093 0.3155
vn 0.6726 0.2664 0.6903
vn -0.1172 0.5882 0.8002
vn -0.8458 0.2916 0.4468
vn 0.9433 -0.3251 -0.0678
vn -0.8767 -0.4763 0.0669
vn 0.1882 -0.8667 0.4620
vn 0.1841 0.3014 0.9356
vn 0.0657 0.1223 0.9903
vn 0.0544 -0.5721 0.8184
vn -0.1469 -0.1927 0.9702
vn -0.2835 -0.6385 0.7155
vn 0.0733 0.0260 0.9970
vn 0.0106 0.1799 0.9836
vn -0.0243 0.0908 0.9956
vn 0.0759 0.1559 0.9848
vn 0.0468 -0.0473 0.9978
vn -0.5383 -0.0886 0.8381
vn -0.4764 0.8622 0.1724
vn -0.5045 0.7559 0.4172
vn -0.4803 0.8588 0.1784
vn -0.8990 -0.0774 0.4311
vn 0.5784 -0.7226 -0.3785
vn 0.0273 -0.3816 0.9239
vn 0.0544 -0.5027 0.8627
vn 0.1584 -0.0322 0.9868
vn -0.4612 -0.8872 0.0149
vn 0.6608 0.0549 0.7486
vn 0.7776 -0.3233 0.5392
vn 0.6527 -0.4558 0.6052
vn 0.2129 -0.9656 0.1491
vn 0.1977 -0.1512 -0.9685
vn -0.9385 0.1062 0.3284
vn -0.9597 -0.1104 0.2584
vn 0.6577 -0.1869 0.7297
vn 0.4855 0.4548 0.7467
vn 0.5319 0.7496 0.3940
vn -0.1617 -0.3748 0.9129
vn 0.4113 -0.5142 -0.7526
vn 0.6055 0.0760 0.7922
vn -0.1630 0.3716 0.9140
vn 0.7359 -0.1124 -0.6677
vn 0.9987 -0.0346 0.0370
vn -0.3960 0.9044 0.1587
vn 0.2383 0.6939 0.6795
vn 0.3106 -0.3944 0.8648
vn -0.4683 -0.0145 0.8834
vn -0.8138 0.4723 0.3387
vn 0.9669 0.0912 -0.2381
vn 0.7970 0.1855 -0.5748
vn 0.9030 0.3766 -0.2066
vn -0.8483 -0.0247 0.5290
vn 0.2925 -0.2769 0.9153
vn -0.4515 -0.8017 -0.3918
vn -0.1485 -0.9377 0.3140
vn 0.3539 -0.8113 -0.4654
vn 0.3026 -0.6646 -0.6832
vn 0.0071 0.8835 0.4683
vn 0.4497 -0.1346 0.8830
vn 0.1664 -0.9236 0.3453
vn -0.8052 -0.3390 0.4866
vn 0.5690 0.1240 0.8129
vn 0.6692 0.1795 0.7211
vn -0.1907 0.1690 0.9670
vn 0.8304 0.4514 0.3267
vn 0.6415 -0.6009 -0.4769
vn 0.8600 -0.5102 -0.0103
vn 0.3721 0.2286 0.8996
vn 0.4918 0.3989 0.7739
vn 0.0490 -0.7505 0.6591
vn 0.1348 -0.4401 0.8878
vn -0.6610 0.7461 -0.0797
vn -0.9500 0.3106 0.0327
vn 0.3937 0.4050 0.8252
vn 0.4778 -0.8144 0.3294
vn 0.3500 0.0878 0.9326
vn 0.1143 0.8012 0.5874
vn -0.2488 -0.3302 0.9105
vn 0.8397 -0.1722 0.5150
vn 0.5501 0.2992 0.7797
vn -0.7684 -0.2441 0.5915
vn 0.2117 0.3409 0.9160
vn 0.1294 0.0738 0.9888
vn 0.2448 0.2411 0.9391
vn 0.3547 0.1479 0.9232
vn -0.3136 0.9491 -0.0301
vn -0.4973 0.8667 -0.0384
vn 0.2037 0.2226 0.9534
vn -0.0864 -0.6423 0.7615
vn 0.1397 -0.4488 0.8826
vn -0.3250 -0.2291 0.9175
vn -0.0751 0.2805 0.9569
vn -0.9716 0.1315 0.1968
vn 0.5374 0.2862 0.7933
vn 0.4678 0.1449 0.8719
vn 0.2513 -0.6321 0.7330
vn 0.0481 -0.2213 0.9740
vn -0.3532 -0.3551 0.8655
vn -0.4017 -0.5435 0.7370
vn 0.4835 -0.1046 0.8691
vn 0.5008 -0.0085 0.8655
vn -0.7253 0.5448 -0.4210
vn -0.3150 0.9419 -0.1167
vn 0.4567 0.0249 0.8893
vn 0.1199 0.8623 0.4921
vn -0.1487 -0.2399 0.9594
vn -0.8997 -0.1955 0.3904
vn -0.9704 0.2061 0.1256
vn 0.2807 0.0503 0.9585
vn 0.1722 -0.3176 0.9324
vn -0.6925 0.7029 0.1625
vn -0.2864 -0.4785 0.8301
vn 0.6049 0.2584 0.7533
vn 0.3577 -0.1725 0.9177
vn 0.3379 -0.5780 0.7428
vn 0.7029 -0.2020 0.6820
vn 0.0135 0.8845 0.4664
vn 0.2299 -0.3279 0.9163
vn -0.5238 -0.1846 0.8316
vn 0.4884 0.3815 0.7848
vn -0.3717 0.4046 0.8355
vn 0.6315 0.4820 -0.6073
vn -0.2296 0.1279 -0.9648
vn -0.6242 -0.6993 -0.3485
vn -0.1236 0.9179 0.3769
vn 0.5509 0.4729 -0.6877
vn -0.8874 0.4184 -0.1935
vn 0.8745 -0.3978 -0.2773
vn 0.9349 -0.3128 0.1677
vn -0.7823 0.5709 0.2493
vn 0.2051 0.5665 0.7982
vn -0.0523 0.0994 0.9937
vn 0.3554 -0.0496 0.9334
vn -0.5523 -0.7078 0.4405
vn 0.7396 0.2713 0.6160
s 1
f 4465//1 2757//2 1//3
f 1//3 2757//2 2325//4
f 2325//4 2//5 1//3
f 2325//4 2757//2 4033//6
f 3//7 2//5 2325//4
f 2325//4 3586//8 3//7
f 2//5 4467//9 4466//10
f 4465//1 1//3 6//11
f 1//3 4466//10 6//11
f 4033//6 3587//12 7//13
f 3168//14 2325//4 4033//6
f 3586//8 4036//15 3//7
f 6//11 2326//16 3587//12
f 2326//16 6//11 1507//17
f 3//7 4468//18 5//19
f 4466//10 1507//17 6//11
f 3168//14 4033//6 1896//20
f 3168//14 4//21 2325//4
f 4//21 8//22 3586//8
f 1895//23 4035//24 9//25
f 2326//16 1507//17 7//13
f 1897//26 1507//17 4466//10
f 4466//10 4467//9 1897//26
f 7//13 1896//20 4033//6
f 3//7 4036//15 4468//18
f 4035//24 4469//27 9//25
f 1896//20 10//28 3168//14
f 3171//29 11//30 4035//24
f 1895//23 3170//31 3169//32
f 3169//32 3170//31 15//33
f 9//25 14//34 4470//35
f 4034//36 1507//17 1897//26
f 3168//14 15//33 3170//31
f 3171//29 12//37 11//30
f 15//33 2758//38 3169//32
f 1508//39 4468//18 4036//15
f 4035//24 3169//32 2758//38
f 3172//40 4036//15 8//22
f 16//41 11//30 12//37
f 5//19 1510//42 4467//9
f 4034//36 4037//43 1896//20
f 4469//27 11//30 16//41
f 16//41 4472//44 4469//27
f 4037//43 10//28 1896//20
f 10//28 3173//45 15//33
f 12//37 13//46 18//47
f 10//28 4037//43 3173//45
f 2760//48 17//49 3170//31
f 4470//35 14//34 23//50
f 4471//51 13//46 2759//52
f 4036//15 3172//40 3588//53
f 4036//15 3588//53 1508//39
f 20//54 26//55 16//41
f 1509//56 19//57 21//58
f 22//59 4474//60 4039//61
f 13//46 4471//51 18//47
f 16//41 4471//51 20//54
f 19//57 2331//62 21//58
f 21//58 3174//63 1509//56
f 25//64 22//59 2328//65
f 4037//43 1897//26 1512//66
f 1510//42 5//19 1902//67
f 16//41 18//47 4471//51
f 20//54 4471//51 4038//68
f 4472//44 23//50 14//34
f 24//69 1898//70 1509//56
f 22//59 3589//71 3175//72
f 1509//56 3174//63 24//69
f 22//59 25//64 3589//71
f 4470//35 2764//73 2760//48
f 4470//35 23//50 28//74
f 3590//75 1513//76 2330//77
f 3589//71 34//78 3175//72
f 3177//79 24//69 3174//63
f 4041//80 31//81 21//58
f 2328//65 4039//61 4485//82
f 41//83 1512//66 1510//42
f 2761//84 4472//44 27//85
f 4470//35 28//74 2764//73
f 1900//86 37//87 3591//88
f 1898//70 2763//89 4475//90
f 24//69 2763//89 1898//70
f 25//64 2328//65 48//91
f 33//92 32//93 1901//94
f 54//95 4038//68 3173//45
f 39//96 26//55 20//54
f 2762//97 29//98 4478//99
f 30//100 2762//97 4478//99
f 46//101 2332//102 3590//75
f 53//103 1511//104 3591//88
f 53//103 58//105 2331//62
f 3176//106 4041//80 2766//107
f 4479//108 21//58 31//81
f 2766//107 43//109 3176//106
f 4041//80 3176//106 31//81
f 25//64 3596//110 3589//71
f 1904//111 32//93 3593//112
f 4476//113 3593//112 32//93
f 4487//114 1508//39 3588//53
f 26//55 39//96 4472//44
f 3588//53 17//49 2760//48
f 4477//115 3588//53 2760//48
f 4043//116 27//85 4472//44
f 2760//48 2764//73 4477//115
f 28//74 4484//117 2764//73
f 4473//118 30//100 2334//119
f 24//69 2765//120 2763//89
f 4479//108 3174//63 21//58
f 40//121 43//109 38//122
f 4480//123 1908//124 4474//60
f 4488//125 49//126 1901//94
f 1901//94 32//93 4488//125
f 4488//125 32//93 1904//111
f 1512//66 3173//45 4037//43
f 3178//127 3593//112 1905//128
f 4472//44 39//96 4043//116
f 29//98 27//85 4042//129
f 4042//129 3595//130 29//98
f 4040//131 1903//132 4045//133
f 2769//134 3591//88 37//87
f 3176//106 43//109 40//121
f 40//121 1906//135 3176//106
f 48//91 3596//110 25//64
f 1514//136 1901//94 2339//137
f 4476//113 33//92 4044//138
f 4483//139 1905//128 3593//112
f 3178//127 2333//140 3593//112
f 4481//141 1899//142 4468//18
f 39//96 4038//68 54//95
f 4478//99 29//98 3595//130
f 30//100 4478//99 3594//143
f 4040//131 4045//133 2347//144
f 3591//88 2769//134 53//103
f 43//109 2766//107 63//145
f 3174//63 4479//108 3177//79
f 36//146 31//81 1906//135
f 2335//147 33//92 1901//94
f 27//85 4043//116 4042//129
f 2334//119 30//100 101//148
f 2347//144 46//101 4040//131
f 2769//134 37//87 47//149
f 2770//150 4480//123 44//151
f 3589//71 3596//110 44//151
f 2335//147 1514//136 3180//152
f 2336//153 45//154 3181//155
f 45//154 2336//153 3179//156
f 3180//152 4044//138 35//157
f 4476//113 4044//138 4483//139
f 1905//128 3597//158 3178//127
f 42//159 47//149 37//87
f 4475//90 1515//160 1900//86
f 4041//80 58//105 59//161
f 1908//124 1906//135 40//121
f 2329//162 38//122 4039//61
f 1904//111 1909//163 4488//125
f 1514//136 2339//137 1907//164
f 3593//112 4497//165 1904//111
f 51//166 1516//167 3181//155
f 61//168 2336//153 3181//155
f 4477//115 62//169 4487//114
f 72//170 2332//102 46//101
f 2332//102 2337//171 3592//172
f 2769//134 47//149 4057//173
f 2769//134 4057//173 53//103
f 43//109 63//145 4051//174
f 1517//175 38//122 43//109
f 1908//124 4480//123 2770//150
f 38//122 4489//176 4039//61
f 3593//112 2333//140 4497//165
f 3180//152 1907//164 60//177
f 45//154 4494//178 3599//179
f 4046//180 4044//138 4486//181
f 4044//138 4046//180 4483//139
f 4487//114 1518//182 4481//141
f 3183//183 3597//158 1905//128
f 3598//184 55//185 2772//186
f 57//187 2337//171 42//159
f 4057//173 58//105 53//103
f 2765//120 3177//79 73//188
f 3177//79 4479//108 73//188
f 3181//155 1516//167 1910//189
f 2339//137 68//190 1907//164
f 3178//127 4047//191 2333//140
f 2338//192 4046//180 4486//181
f 3597//158 4048//193 3178//127
f 4046//180 1911//194 1905//128
f 4042//129 4043//116 3182//195
f 4477//115 2764//73 4484//117
f 56//196 101//148 30//100
f 4478//99 2767//197 3594//143
f 30//100 3594//143 56//196
f 3600//198 2347//144 4045//133
f 57//187 52//199 2337//171
f 1515//160 57//187 42//159
f 4057//173 143//200 4050//201
f 65//202 4479//108 36//146
f 65//202 36//146 1906//135
f 4488//125 83//203 50//204
f 3599//179 51//166 45//154
f 3187//205 2336//153 61//168
f 54//95 3173//45 4055//206
f 3187//205 3603//207 2336//153
f 2336//153 3603//207 3179//156
f 4046//180 2338//192 3184//208
f 4042//129 3182//195 64//209
f 2777//210 3598//184 2772//186
f 4045//133 1903//132 3600//198
f 3192//211 47//149 42//159
f 82//212 4485//82 4489//176
f 50//204 66//213 2339//137
f 1516//167 51//166 67//214
f 1910//189 2779//215 61//168
f 4047//191 4497//165 2333//140
f 4486//181 3180//152 3602//216
f 4486//181 3602//216 3184//208
f 4477//115 4484//117 2341//217
f 4490//218 3600//198 1903//132
f 42//159 2337//171 3192//211
f 1515//160 2773//219 57//187
f 78//220 58//105 4057//173
f 2766//107 59//161 63//145
f 65//202 73//188 4479//108
f 74//221 4491//222 4489//176
f 82//212 4489//176 4491//222
f 3186//223 2342//224 75//225
f 68//190 2339//137 66//213
f 4497//165 3191//226 1904//111
f 41//83 1902//67 3609//227
f 4494//178 4049//228 3599//179
f 94//229 3179//156 2340//230
f 1911//194 3184//208 4499//231
f 64//209 3601//232 70//233
f 4484//117 77//234 2341//217
f 2771//235 2768//236 4492//237
f 3192//211 2337//171 72//170
f 3185//238 4475//90 4482//239
f 2765//120 4493//240 4482//239
f 4491//222 74//221 121//241
f 48//91 4485//82 82//212
f 2342//224 3606//242 75//225
f 4488//125 1909//163 83//203
f 1910//189 2774//243 2779//215
f 3599//179 4053//244 51//166
f 2779//215 3187//205 61//168
f 155//245 4500//246 39//96
f 4500//246 3601//232 3182//195
f 2775//247 2349//248 2778//249
f 63//145 79//250 4051//174
f 4489//176 4498//251 74//221
f 3188//252 4491//222 121//241
f 3188//252 82//212 4491//222
f 3186//223 4495//253 3189//254
f 75//225 1519//255 4495//253
f 75//225 4495//253 3186//223
f 3606//242 1519//255 75//225
f 76//256 66//213 4052//257
f 68//190 76//256 2776//258
f 1912//259 4481//141 2354//260
f 4494//178 94//229 2357//261
f 4481//141 1518//182 2354//260
f 39//96 54//95 155//245
f 3601//232 4500//246 3201//262
f 2772//186 64//209 70//233
f 62//169 2341//217 77//234
f 95//263 1518//182 71//264
f 4499//231 3183//183 1911//194
f 77//234 71//264 62//169
f 1914//265 2775//247 2778//249
f 3604//266 72//170 2347//144
f 72//170 4054//267 3192//211
f 4498//251 4489//176 1517//175
f 1915//268 3189//254 87//269
f 1915//268 2342//224 3186//223
f 3190//270 3606//242 2342//224
f 2779//215 2774//243 2343//271
f 4061//272 3603//207 99//273
f 4049//228 3208//274 123//275
f 84//276 4494//178 2357//261
f 81//277 2777//210 2772//186
f 101//148 77//234 2334//119
f 86//278 3600//198 4490//218
f 4513//279 74//221 4060//280
f 3596//110 122//281 2770//150
f 66//213 4496//282 4052//257
f 1902//67 1912//259 3609//227
f 4049//228 84//276 3208//274
f 1520//283 69//284 88//285
f 1913//286 69//284 1520//283
f 3607//287 4499//231 3184//208
f 4047//191 4048//193 2344//288
f 4048//193 3597//158 85//289
f 2344//288 4048//193 90//290
f 89//291 2780//292 1520//283
f 3597//158 3183//183 85//289
f 90//290 4048//193 1924//293
f 89//291 96//294 2780//292
f 96//294 2346//295 3193//296
f 56//196 3594//143 108//297
f 4056//298 96//294 3193//296
f 2344//288 90//290 2345//299
f 90//290 1917//300 3194//301
f 3194//301 2345//299 90//290
f 3193//296 2346//295 3202//302
f 2345//299 3194//301 91//303
f 3196//304 2347//144 120//305
f 2768//236 2773//219 4492//237
f 2773//219 3185//238 4501//306
f 78//220 4057//173 4050//201
f 79//250 4060//280 4051//174
f 4060//280 4498//251 4051//174
f 1517//175 4051//174 4498//251
f 4060//280 74//221 4498//251
f 3616//307 3188//252 2783//308
f 3199//309 3200//310 1519//255
f 3606//242 4502//311 1519//255
f 50//204 83//203 2815//312
f 4496//282 50//204 4066//313
f 2779//215 80//314 3187//205
f 3187//205 80//314 99//273
f 88//285 60//177 2776//258
f 89//291 1520//283 88//285
f 3183//183 4499//231 181//315
f 2772//186 70//233 81//277
f 108//297 3594//143 2777//210
f 1538//316 101//148 56//196
f 1522//317 3202//302 2346//295
f 2778//249 2349//248 4059//318
f 2775//247 1914//265 3196//304
f 2778//249 4059//318 3604//266
f 4493//240 4501//306 3185//238
f 143//200 1930//319 4050//201
f 3200//310 3199//309 1524//320
f 2779//215 2343//271 1920//321
f 4052//257 3197//322 76//256
f 2344//288 4518//323 4047//191
f 2786//324 1931//325 3603//207
f 3607//287 3602//216 1541//326
f 1913//286 1521//327 100//328
f 3601//232 81//277 70//233
f 2344//288 2345//299 4069//329
f 81//277 3201//262 2351//330
f 101//148 1538//316 1935//331
f 1521//327 1520//283 2780//292
f 2777//210 81//277 2351//330
f 2351//330 108//297 2777//210
f 1936//332 1522//317 4058//333
f 1522//317 1936//332 103//334
f 4504//335 3195//336 3611//337
f 91//303 1918//338 3195//336
f 3198//339 109//340 104//341
f 109//340 3198//339 4064//342
f 1523//343 117//344 4064//342
f 4065//345 1523//343 4064//342
f 3608//346 152//347 2349//248
f 4501//306 4492//237 2773//219
f 4501//306 4493//240 73//188
f 4060//280 79//250 4513//279
f 48//91 82//212 1916//348
f 131//349 3189//254 144//350
f 1524//320 3199//309 1923//351
f 3190//270 1915//268 97//352
f 1516//167 98//353 1910//189
f 1516//167 67//214 4514//354
f 4049//228 92//355 4053//244
f 4047//191 4518//323 4497//165
f 3213//356 4499//231 3607//287
f 3201//262 4500//246 155//245
f 4048//193 85//289 1924//293
f 3193//296 4503//357 4056//298
f 3613//358 102//359 4505//360
f 1921//361 4505//360 102//359
f 3193//296 3202//302 4503//357
f 1918//338 3611//337 3195//336
f 3612//362 1922//363 4063//364
f 104//341 2348//365 3198//339
f 156//366 104//341 109//340
f 4064//342 117//344 109//340
f 1926//367 117//344 106//368
f 106//368 105//369 1926//367
f 2782//370 105//369 106//368
f 3608//346 2775//247 3628//371
f 110//372 106//368 1523//343
f 4490//218 4492//237 86//278
f 73//188 65//202 2353//373
f 65//202 122//281 2353//373
f 2783//308 1923//351 3616//307
f 3191//226 3641//374 1909//163
f 3207//375 4052//257 4496//282
f 4055//206 41//83 107//376
f 3623//377 84//276 2357//261
f 1945//378 2354//260 1518//182
f 1913//286 100//328 1541//326
f 2346//295 2358//379 4058//333
f 2352//380 4056//298 4503//357
f 2345//299 4504//335 4069//329
f 124//381 1921//361 126//382
f 4070//383 1522//317 103//334
f 3611//337 1536//384 4504//335
f 4071//385 113//386 3614//387
f 113//386 114//388 3614//387
f 3614//387 115//389 4071//385
f 1925//390 4063//364 1927//391
f 4063//364 116//392 1927//391
f 1922//363 116//392 4063//364
f 1922//363 3612//362 2350//393
f 3615//394 3612//362 4063//364
f 1530//395 3612//362 3615//394
f 2348//365 2350//393 3612//362
f 104//341 2350//393 2348//365
f 2785//396 2348//365 3612//362
f 4508//397 142//398 105//369
f 1528//399 4508//397 118//400
f 1926//367 105//369 142//398
f 2785//396 3198//339 2348//365
f 118//400 4508//397 105//369
f 4064//342 3198//339 119//401
f 106//368 3618//402 2782//370
f 111//403 86//278 2787//404
f 4501//306 73//188 2353//373
f 4050//201 3605//405 78//220
f 1524//320 1923//351 2783//308
f 4495//253 144//350 3189//254
f 1524//320 144//350 3200//310
f 132//406 1920//321 98//353
f 4514//354 98//353 1516//167
f 3603//207 4061//272 2786//324
f 96//294 4062//407 2358//379
f 100//328 1521//327 1531//408
f 3183//183 181//315 85//289
f 113//386 3204//409 1526//410
f 1918//338 91//303 125//411
f 4506//412 115//389 1525//413
f 1539//414 115//389 127//415
f 127//415 115//389 4506//412
f 1527//416 2355//417 128//418
f 1927//391 1527//416 1925//390
f 4072//419 1927//391 116//392
f 140//420 4063//364 4507//421
f 130//422 3205//423 2356//424
f 1528//399 1529//425 130//422
f 117//344 156//366 109//340
f 3612//362 1530//395 2785//396
f 1528//399 4509//426 1529//425
f 118//400 3617//427 4509//426
f 119//401 3198//339 2785//396
f 118//400 2782//370 3617//427
f 3619//428 3618//402 106//368
f 3192//211 154//429 3610//430
f 82//212 3188//252 2361//431
f 1916//348 82//212 2361//431
f 4495//253 3200//310 144//350
f 4502//311 3606//242 1950//432
f 97//352 204//433 3190//270
f 4052//257 3207//375 3197//322
f 1534//434 4061//272 99//273
f 123//275 92//355 4049//228
f 4061//272 1534//434 2795//435
f 3208//274 84//276 3623//377
f 71//264 4510//436 95//263
f 71//264 77//234 1935//331
f 3210//437 108//297 2351//330
f 2352//380 1531//408 1521//327
f 56//196 2781//438 1538//316
f 1535//439 3203//440 2781//438
f 4505//360 2362//441 3613//358
f 4068//442 3203//440 1535//439
f 1526//410 3204//409 3203//440
f 4511//443 103//334 1936//332
f 4068//442 146//444 1526//410
f 4503//357 3202//302 2784//445
f 2784//445 3202//302 4070//383
f 1921//361 2788//446 126//382
f 1526//410 146//444 114//388
f 3624//447 3611//337 1918//338
f 3614//387 114//388 1932//448
f 3622//449 1537//450 137//451
f 1537//450 3622//449 148//452
f 2790//453 127//415 1928//454
f 137//451 1537//450 2355//417
f 128//418 2355//417 1938//455
f 1928//454 3621//456 1532//457
f 3621//456 138//458 1533//459
f 129//460 1533//459 138//458
f 4507//421 1925//390 4078//461
f 1533//459 129//460 3206//462
f 1922//363 139//463 116//392
f 1929//464 129//460 3205//423
f 3206//462 1929//464 3209//465
f 2350//393 104//341 156//366
f 2356//424 1528//399 130//422
f 4075//466 4508//397 1528//399
f 130//422 1929//464 3205//423
f 130//422 1529//425 4509//426
f 3617//427 2792//467 4509//426
f 4515//468 152//347 3608//346
f 4064//342 119//401 1540//469
f 110//372 3217//470 3619//428
f 2787//404 120//305 111//403
f 4502//311 1950//432 4073//471
f 3606//242 204//433 1950//432
f 50//204 3253//472 4066//313
f 4514//354 1543//473 98//353
f 3207//375 4496//282 1547//474
f 1920//321 132//406 99//273
f 3225//475 4497//165 4518//323
f 1954//476 1912//259 196//477
f 3207//375 92//355 3197//322
f 2344//288 159//478 4518//323
f 2358//379 1936//332 4058//333
f 2797//479 1538//316 2781//438
f 102//359 3613//358 2781//438
f 134//480 1531//408 2352//380
f 2800//481 3194//301 1917//300
f 2781//438 56//196 1535//439
f 134//480 2352//380 4503//357
f 91//303 3211//482 125//411
f 3211//482 91//303 3194//301
f 135//483 113//386 4071//385
f 4519//484 4071//385 115//389
f 169//485 3614//387 1932//448
f 148//452 2360//486 3626//487
f 148//452 136//488 2360//486
f 1539//414 127//415 4074//489
f 4074//489 127//415 2790//453
f 3632//490 149//491 148//452
f 127//415 3620//492 1928//454
f 1933//493 1928//454 1532//457
f 150//494 1527//416 1927//391
f 3621//456 1928//454 138//458
f 3621//456 1533//459 1532//457
f 1533//459 151//495 1532//457
f 4078//461 1925//390 128//418
f 1949//496 1533//459 3206//462
f 4072//419 116//392 139//463
f 4507//421 4524//497 140//420
f 1943//498 2356//424 2359//499
f 2356//424 3205//423 2359//499
f 2356//424 4075//466 1528//399
f 3615//394 140//420 141//500
f 3625//501 4079//502 3209//465
f 3625//501 3209//465 130//422
f 3617//427 2782//370 153//503
f 1540//469 4065//345 4064//342
f 153//503 2782//370 3618//402
f 120//305 2787//404 112//504
f 1540//469 3217//470 110//372
f 86//278 4492//237 171//505
f 2783//308 4076//506 1524//320
f 1923//351 2361//431 3616//307
f 131//349 144//350 4522//507
f 1919//508 165//509 2370//510
f 4087//511 2361//431 4073//471
f 98//353 1543//473 132//406
f 132//406 1534//434 99//273
f 4062//407 88//285 180//512
f 2797//479 1935//331 1538//316
f 108//297 3210//437 1535//439
f 1535//439 3210//437 1941//513
f 1918//338 125//411 4086//514
f 126//382 2788//446 124//381
f 2788//446 3204//409 135//483
f 135//483 3204//409 113//386
f 114//388 146//444 2371//515
f 2371//515 1932//448 114//388
f 3611//337 3624//447 1536//384
f 3626//487 2360//486 1942//516
f 3626//487 2791//517 148//452
f 4074//489 2790//453 1947//518
f 2790//453 1933//493 173//519
f 3620//492 1939//520 1928//454
f 1939//520 138//458 1928//454
f 1532//457 151//495 170//521
f 1533//459 1949//496 151//495
f 192//522 4078//461 128//418
f 2350//393 139//463 1922//363
f 141//500 1934//523 1530//395
f 3625//501 130//422 4509//426
f 1530//395 1544//524 2785//396
f 4516//525 3610//430 154//429
f 143//200 186//526 176//527
f 2353//373 4512//528 4501//306
f 79//250 3605//405 3630//529
f 2353//373 122//281 4517//530
f 4517//530 1916//348 2799//531
f 1915//268 2370//510 97//352
f 107//376 3609//227 1954//476
f 3218//532 2795//435 1534//434
f 1541//326 3213//356 3607//287
f 100//328 1531//408 1948//533
f 3210//437 2351//330 3214//534
f 3613//358 2362//441 2797//479
f 4504//335 147//535 145//536
f 3626//487 1942//516 160//537
f 1939//520 4506//412 169//485
f 1939//520 3620//492 4506//412
f 3632//490 3627//538 149//491
f 170//521 1933//493 1532//457
f 2359//499 129//460 1939//520
f 161//539 3206//462 1940//540
f 161//539 1940//540 162//541
f 117//344 157//542 156//366
f 157//542 117//344 142//398
f 4079//502 1940//540 3209//465
f 4509//426 2798//543 3625//501
f 1544//524 184//544 2785//396
f 184//544 119//401 2785//396
f 4082//545 3608//346 3628//371
f 163//546 3629//547 3196//304
f 3196//304 3212//548 163//546
f 171//505 3629//547 112//504
f 1540//469 110//372 4065//345
f 3618//402 3619//428 3217//470
f 171//505 4492//237 4512//528
f 121//241 4083//549 164//550
f 144//350 1524//320 4076//506
f 3253//472 50//204 2815//312
f 2794//551 4067//552 2354//260
f 155//245 179//553 166//554
f 181//315 4499//231 3213//356
f 85//289 181//315 1924//293
f 4503//357 2784//445 4077//555
f 2789//556 103//334 199//557
f 1942//516 4080//558 160//537
f 149//491 3627//538 1938//455
f 3627//538 174//559 1938//455
f 1940//540 4079//502 162//541
f 1934//523 3633//560 1530//395
f 2792//467 2798//543 4509//426
f 4059//318 152//347 183//561
f 2792//467 3617//427 4525//562
f 183//561 195//563 4059//318
f 3628//371 3212//548 4082//545
f 3617//427 153//503 4525//562
f 3196//304 171//505 3628//371
f 3629//547 171//505 3196//304
f 131//349 4527//564 165//509
f 217//565 4073//471 1950//432
f 3225//475 3641//374 3191//226
f 1543//473 1951//566 132//406
f 1951//566 1534//434 132//406
f 2357//261 2796//567 3227//568
f 1546//569 180//512 2776//258
f 1541//326 100//328 1948//533
f 1941//513 3210//437 3214//534
f 4511//443 1936//332 1959//570
f 4069//329 145//536 159//478
f 2362//441 1937//571 3649//572
f 213//573 146//444 1941//513
f 190//574 4503//357 4077//555
f 147//535 1536//384 3631//575
f 3219//576 4080//558 1942//516
f 4080//558 208//577 2363//578
f 168//579 1942//516 2360//486
f 191//580 3626//487 2363//578
f 191//580 2791//517 3626//487
f 1946//581 2376//582 150//494
f 137//451 150//494 2376//582
f 4524//497 4078//461 200//583
f 1944//584 236//585 2350//393
f 2350//393 156//366 1944//584
f 1551//586 4075//466 1943//498
f 4524//497 141//500 140//420
f 4079//502 3625//501 4526//587
f 201//588 1530//395 3633//560
f 4090//589 4520//590 194//591
f 163//546 185//592 3629//547
f 154//429 4059//318 2806//593
f 2353//373 202//594 4512//528
f 4076//506 164//550 3221//595
f 4076//506 3221//595 178//596
f 144//350 178//596 4522//507
f 67//214 2840//597 4514//354
f 3207//375 1547//474 3648//598
f 4053//244 92//355 1560//599
f 3648//598 92//355 3207//375
f 1546//569 2776//258 3208//274
f 4518//323 159//478 197//600
f 181//315 2800//481 1924//293
f 145//536 1956//601 159//478
f 4521//602 146//444 213//573
f 145//536 2364//603 1956//601
f 147//535 2364//603 145//536
f 1542//604 4511//443 245//605
f 2364//603 147//535 3631//575
f 3631//575 4080//558 2365//606
f 1949//496 170//521 151//495
f 1949//496 161//539 3228//607
f 236//585 139//463 2350//393
f 4075//466 1551//586 157//542
f 162//541 4079//502 2369//608
f 201//588 1544//524 1530//395
f 183//561 3220//609 4520//590
f 183//561 4520//590 4090//589
f 185//592 4082//545 3212//548
f 3634//610 119//401 184//544
f 3634//610 1540//469 119//401
f 3217//470 1960//611 3618//402
f 3618//402 1960//611 4094//612
f 171//505 4512//528 175//613
f 3221//595 3637//614 178//596
f 187//615 1545//616 3224//617
f 188//618 1545//616 3635//619
f 67//214 4053//244 2401//620
f 107//376 4097//621 4055//206
f 4518//323 4088//622 3225//475
f 1546//569 167//623 4062//407
f 95//263 2375//624 1945//378
f 2797//479 2375//624 4510//436
f 2789//556 2784//445 4070//383
f 2371//515 1554//625 1932//448
f 137//451 2376//582 3215//626
f 3228//607 161//539 162//541
f 2369//608 4079//502 4526//587
f 4526//587 4102//627 2369//608
f 4520//590 3220//609 1952//628
f 4090//589 195//563 183//561
f 171//505 175//613 185//592
f 4085//629 3618//402 4094//612
f 1930//319 2382//630 177//631
f 2793//632 172//633 4083//549
f 178//596 3637//614 4522//507
f 4096//634 204//433 97//352
f 1548//635 188//618 3635//619
f 2368//636 83//203 3641//374
f 4529//637 2795//435 3218//532
f 167//623 1959//570 1936//332
f 2362//441 3649//572 2797//479
f 159//478 1956//601 214//638
f 3211//482 2800//481 189//639
f 189//639 125//411 3211//482
f 2365//606 4092//640 2364//603
f 169//485 1554//625 3662//641
f 1933//493 170//521 3240//642
f 174//559 3627//538 2823//643
f 3644//644 201//588 3633//560
f 201//588 2809//645 1544//524
f 1960//611 1540//469 3232//646
f 228//647 4512//528 202//594
f 4087//511 203//648 2361//431
f 97//352 2370//510 4096//634
f 1545//616 188//618 205//649
f 3235//650 196//477 4067//552
f 4067//552 2794//551 3235//650
f 107//376 1954//476 4097//621
f 4529//637 3231//651 2795//435
f 4088//622 4518//323 197//600
f 4528//652 181//315 3213//356
f 2375//624 2797//479 3649//572
f 4084//653 1941//513 3214//534
f 1531//408 134//480 207//654
f 3649//572 1937//571 1962//655
f 4092//640 1956//601 2364//603
f 4086//514 125//411 189//639
f 198//656 124//381 3223//657
f 1552//658 208//577 3624//447
f 1933//493 3240//642 173//519
f 221//659 1939//520 169//485
f 170//521 1550//660 2367//661
f 2359//499 210//662 211//663
f 1949//496 1550//660 170//521
f 1949//496 2802//664 1550//660
f 236//585 4072//419 139//463
f 1949//496 3228//607 2802//664
f 141//500 4524//497 3643//665
f 4533//666 162//541 2369//608
f 1952//628 194//591 4520//590
f 194//591 2373//667 4089//668
f 194//591 4089//668 3640//669
f 2353//373 4517//530 3229//670
f 206//671 1968//672 165//509
f 165//509 4527//564 206//671
f 217//565 203//648 4087//511
f 187//615 218//673 3238//674
f 3224//617 218//673 187//615
f 3238//674 3635//619 187//615
f 205//649 188//618 4095//675
f 1548//635 4095//675 188//618
f 3222//676 1951//566 2374//677
f 2378//678 3218//532 1534//434
f 3226//679 3242//680 3214//534
f 1948//533 4528//652 1541//326
f 4084//653 3214//534 3242//680
f 181//315 4532//681 2800//481
f 1941//513 4084//653 213//573
f 2788//446 2372//682 3223//657
f 2372//682 2788//446 135//483
f 4519//484 2372//682 135//483
f 215//683 3219//576 168//579
f 1552//658 3624//447 4086//514
f 2789//556 199//557 4541//684
f 168//579 4081//685 1970//686
f 4081//685 1957//687 1970//686
f 220//688 191//580 3650//689
f 3650//689 191//580 2363//578
f 4099//690 3632//490 191//580
f 3632//490 4099//690 182//691
f 221//659 169//485 3662//641
f 2823//643 3639//692 174//559
f 200//583 192//522 3639//692
f 3228//607 162//541 4101//693
f 2373//667 194//591 1952//628
f 3220//609 3636//694 1952//628
f 4059//318 195//563 2806//593
f 4516//525 2806//593 3610//430
f 186//526 3610//430 3651//695
f 206//671 4527//564 4522//507
f 2808//696 3635//619 3238//674
f 3234//697 3222//676 2374//677
f 1945//378 4107//698 2794//551
f 3227//568 3231//651 4093//699
f 4105//700 1546//569 3623//377
f 181//315 4528//652 4532//681
f 159//478 214//638 197//600
f 4092//640 2365//606 215//683
f 189//639 1549//701 4086//514
f 222//702 3240//642 170//521
f 2376//582 1946//581 2804//703
f 3659//704 2804//703 3216//705
f 211//663 1551//586 193//706
f 2369//608 3647//707 4533//666
f 4082//545 185//592 216//708
f 4094//612 1960//611 2810//709
f 3610//430 2806//593 3651//695
f 202//594 3657//710 228//647
f 3241//711 176//527 186//526
f 3241//711 2382//630 176//527
f 2361//431 203//648 3233//712
f 3224//617 224//713 218//673
f 259//714 4091//715 205//649
f 3635//619 2808//696 1548//635
f 3222//676 2378//678 1534//434
f 4540//716 212//717 179//553
f 243//718 179//553 1955//719
f 1546//569 4105//700 3642//720
f 167//623 4098//721 1959//570
f 215//683 2377//722 4092//640
f 4074//489 209//723 2817//724
f 3643//665 4530//725 141//500
f 1952//628 3636//694 1555//726
f 4526//587 1953//727 3237//728
f 2798//543 231//729 1953//727
f 2818//730 4090//589 3640//669
f 184//544 4534//731 3634//610
f 223//732 3241//711 186//526
f 4536//733 4517//530 2799//531
f 237//734 3238//674 218//673
f 1969//735 3641//374 3225//475
f 1553//736 3235//650 2794//551
f 2378//678 3222//676 3234//697
f 4088//622 3653//737 3225//475
f 3236//738 4528//652 1948//533
f 225//739 4098//721 167//623
f 1956//601 2377//722 214//638
f 2801//740 207//654 134//480
f 4106//741 245//605 4511//443
f 4523//742 3646//743 2371//515
f 2366//744 2371//515 3646//743
f 2817//724 3638//745 4074//489
f 221//659 210//662 1939//520
f 3216//705 2804//703 1946//581
f 1550//660 250//746 2367//661
f 236//585 3659//704 4072//419
f 1551//586 211//663 263//747
f 200//583 4110//748 4524//497
f 4533//666 4101//693 162//541
f 3245//749 3655//750 1952//628
f 2369//608 4102//627 264//751
f 4102//627 4526//587 226//752
f 3640//669 4089//668 227//753
f 226//752 4526//587 3237//728
f 3640//669 227//753 2818//730
f 231//729 3237//728 1953//727
f 185//592 175//613 2385//754
f 1540//469 3634//610 1556//755
f 2806//593 1967//756 2379//757
f 4083//549 172//633 2807//758
f 3637//614 2807//758 2811//759
f 218//673 232//760 237//734
f 232//760 218//673 224//713
f 224//713 4091//715 1557//761
f 3238//674 238//762 2808//696
f 1548//635 2808//696 1559//763
f 4095//675 1548//635 1559//763
f 3641//374 1969//735 2368//636
f 1547//474 3645//764 3648//598
f 1961//765 3234//697 3658//766
f 3234//697 1961//765 233//767
f 3234//697 3652//768 3658//766
f 3234//697 1543//473 3652//768
f 4545//769 2840//597 2401//620
f 196//477 3235//650 240//770
f 3235//650 1553//736 239//771
f 3653//737 1969//735 3225//475
f 4532//681 229//772 2803//773
f 1959//570 4106//741 4511//443
f 2390//774 198//656 3223//657
f 1958//775 190//574 4077//555
f 1549//701 4544//776 4086//514
f 1958//775 2784//445 262//777
f 4519//484 2822//778 2372//682
f 208//577 1552//658 3650//689
f 1554//625 249//779 3662//641
f 3215//626 2376//582 1971//780
f 200//583 3639//692 2383//781
f 4524//497 4110//748 3643//665
f 3655//750 2373//667 1952//628
f 2369//608 264//751 3647//707
f 1566//782 3644//644 1934//523
f 216//708 268//783 1555//726
f 2393//784 1558//785 4089//668
f 201//588 3644//644 2809//645
f 2385//754 175//613 228//647
f 2810//709 4085//629 4094//612
f 1967//756 2806//593 4539//786
f 3229//670 4538//787 202//594
f 2382//630 2387//788 177//631
f 3637//614 206//671 4522//507
f 259//714 4095//675 2388//789
f 2808//696 4109//790 1559//763
f 3645//764 1547//474 1963//791
f 3652//768 4514//354 2840//597
f 3284//792 1954//476 196//477
f 3234//697 233//767 2378//678
f 4097//621 1954//476 335//793
f 243//718 4540//716 179//553
f 4088//622 197//600 2812//794
f 248//795 3236//738 1948//533
f 207//654 248//795 3230//796
f 235//797 3239//798 4523//742
f 2816//799 2803//773 3243//800
f 215//683 168//579 4547//801
f 4561//802 4541//684 199//557
f 279//803 182//691 4099//690
f 2804//703 1971//780 2376//582
f 2823//643 182//691 3266//804
f 3655//750 3656//805 2373//667
f 264//751 4102//627 289//806
f 2393//784 4089//668 2373//667
f 1556//755 3232//646 1540//469
f 1960//611 2829//807 2810//709
f 2379//757 223//732 3651//695
f 4100//808 2821//809 3238//674
f 259//714 1557//761 4091//715
f 241//810 3648//598 3645//764
f 1567//811 3653//737 2812//794
f 4105//700 3231//651 234//812
f 4084//653 3242//680 4548//813
f 244//814 2375//624 3649//572
f 244//814 3649//572 1962//655
f 4544//776 1549//701 2381//815
f 4561//802 199//557 4535//816
f 1970//686 1957//687 3654//817
f 257//818 3638//745 2817//724
f 221//659 287//819 246//820
f 3245//749 4542//821 3655//750
f 251//822 3656//805 3655//750
f 258//823 1966//824 1558//785
f 253//825 258//823 1558//785
f 1966//824 227//753 1558//785
f 1976//826 216//708 185//592
f 2818//730 2806//593 4090//589
f 2798//543 4525//562 3661//827
f 2829//807 1960//611 4543//828
f 2386//829 2379//757 1967//756
f 202//594 4538//787 3657//710
f 2799//531 2825//830 4536//733
f 293//831 3233//712 203//648
f 4104//832 204//433 4096//634
f 1561//833 232//760 224//713
f 2821//809 238//762 3238//674
f 1561//833 224//713 1557//761
f 4537//834 255//835 212//717
f 212//717 255//835 3226//679
f 214//638 2419//836 197//600
f 244//814 4531//837 2375//624
f 207//654 2801//740 248//795
f 248//795 2801//740 1562//838
f 1569//839 2377//722 215//683
f 3646//743 4523//742 3239//798
f 1549//701 2816//799 2381//815
f 230//840 2390//774 3223//657
f 230//840 3223//657 2372//682
f 4547//801 168//579 1970//686
f 3650//689 1552//658 4544//776
f 4099//690 220//688 2826//841
f 2813//842 210//662 246//820
f 1550//660 2802//664 3244//843
f 2802//664 3246//844 3244//843
f 252//845 1980//846 4101//693
f 4533//666 3647//707 252//845
f 309//847 4534//731 2809//645
f 2806//593 4108//848 4539//786
f 172//633 2387//788 2807//758
f 1968//672 206//671 2811//759
f 1559//763 4109//790 2388//789
f 233//767 4103//849 242//850
f 2401//620 4053//244 1560//599
f 266//851 1955//719 4097//621
f 4105//700 2391//852 3642//720
f 4084//653 235//797 213//573
f 248//795 1562//838 229//772
f 1562//838 3243//800 229//772
f 4547//801 274//853 215//683
f 3250//854 190//574 1958//775
f 2789//556 4541//684 1975//855
f 1565//856 1554//625 2366//744
f 1965//857 220//688 3650//689
f 3655//750 4542//821 251//822
f 2373//667 3656//805 2393//784
f 2838//858 268//783 216//708
f 3634//610 4534//731 281//859
f 228//647 2805//860 265//861
f 1960//611 3232//646 4543//828
f 3255//862 1968//672 2811//759
f 2370//510 2819//863 4096//634
f 219//864 278//865 1963//791
f 196//477 240//770 3284//792
f 255//835 1563//866 3226//679
f 3653//737 1977//867 1969//735
f 3256//868 2378//678 242//850
f 3256//868 270//869 2378//678
f 2380//870 2378//678 270//869
f 1964//871 4529//637 2380//870
f 3231//651 1964//871 256//872
f 2391//852 4105//700 3257//873
f 274//853 1569//839 215//683
f 1975//855 262//777 2789//556
f 3650//689 2389//874 1965//857
f 221//659 3662//641 287//819
f 222//702 3261//875 3240//642
f 3266//804 182//691 279//803
f 1550//660 3660//876 250//746
f 2802//664 3252//877 2814//878
f 1558//785 4546//879 253//825
f 258//823 253//825 4549//880
f 3703//881 2386//829 1967//756
f 2824//882 3703//881 1967//756
f 3249//883 3657//710 4538//787
f 4536//733 2825//830 3229//670
f 4100//808 3248//884 2835//885
f 1978//886 237//734 232//760
f 1564//887 4103//849 3247//888
f 3658//766 3652//768 1564//887
f 4107//698 3268//889 1553//736
f 4107//698 1553//736 2794//551
f 1964//871 2380//870 271//890
f 256//872 3257//873 234//812
f 2377//722 303//891 2820//892
f 4106//741 1959//570 4098//721
f 198//656 2390//774 1962//655
f 1565//856 2366//744 3646//743
f 247//893 3659//704 3272//894
f 1550//660 3244//843 3660//876
f 267//895 1973//896 4542//821
f 1973//896 3263//897 251//822
f 4539//786 1984//898 1967//756
f 3255//862 277//899 1968//672
f 2815//312 260//900 269//901
f 3284//792 335//793 1954//476
f 242//850 4103//849 3273//902
f 241//810 2827//903 1560//599
f 4114//904 4548//813 3242//680
f 4107//698 4531//837 1974//905
f 1964//871 271//890 256//872
f 3269//906 2391//852 3257//873
f 225//739 3642//720 2391//852
f 4570//907 4541//684 4561//802
f 2817//724 209//723 336//908
f 4110//748 2407//909 4530//725
f 1976//826 2838//858 216//708
f 265//861 1976//826 2385//754
f 254//910 2379//757 2386//829
f 2805//860 3657//710 3249//883
f 277//899 4550//911 2819//863
f 2836//912 237//734 1978//886
f 4111//913 2831//914 2821//809
f 2831//914 238//762 2821//809
f 219//864 284//915 278//865
f 285//916 260//900 1969//735
f 1564//887 3652//768 2396//917
f 241//810 3645//764 318//918
f 4107//698 1974//905 302//919
f 261//920 244//814 1962//655
f 3259//921 2816//799 3243//800
f 1565//856 249//779 1554//625
f 1965//857 3663//922 2826//841
f 1979//923 3662//641 249//779
f 1979//923 287//819 3662//641
f 2398//924 3659//704 1972//925
f 297//926 3244//843 3246//844
f 267//895 275//927 1973//896
f 2392//928 3263//897 1973//896
f 264//751 299//929 3647//707
f 2395//930 226//752 3237//728
f 1987//931 2819//863 4550//911
f 237//734 2836//912 3248//884
f 316//932 4111//913 4100//808
f 2388//789 312//933 259//714
f 219//864 3253//472 269//901
f 219//864 269//901 284//915
f 269//901 260//900 3264//934
f 3264//934 260//900 285//916
f 3226//679 1563//866 1576//935
f 3254//936 243//718 266//851
f 294//937 225//739 2391//852
f 245//605 4106//741 286//938
f 2372//682 2822//778 230//840
f 2826//841 279//803 4099//690
f 1971//780 2804//703 295//939
f 267//895 4552//940 3262//941
f 275//927 267//895 3262//941
f 4552//940 3245//749 305//942
f 2400//943 4546//879 2393//784
f 264//751 289//806 1982//944
f 1572//945 1566//782 1571//946
f 2394//947 4549//880 288//948
f 258//823 4108//848 1966//824
f 3677//949 3698//950 231//729
f 1984//898 4539//786 4577//951
f 280//952 265//861 290//953
f 4543//828 3232//646 2834//954
f 3241//711 254//910 301//955
f 3255//862 2387//788 276//956
f 292//957 3229//670 2825//830
f 4560//958 277//899 2830//959
f 3233//712 3674//960 2825//830
f 2399//961 4550//911 277//899
f 1987//931 4104//832 2819//863
f 2831//914 4112//962 238//762
f 239//771 313//963 240//770
f 3254//936 1983//964 1563//866
f 1567//811 2812//794 3265//965
f 4551//966 4084//653 4548//813
f 261//920 4554//967 244//814
f 4535//816 245//605 1580//968
f 1958//775 1574//969 3250//854
f 2822//778 257//818 3260//970
f 2855//971 1971//780 295//939
f 3660//876 222//702 250//746
f 275//927 3262//941 3270//972
f 1972//925 2384//973 4113//974
f 3666//975 2392//928 1973//896
f 306//976 305//942 268//783
f 4546//879 4563//977 253//825
f 4549//880 3664//978 288//948
f 2839//979 4108//848 258//823
f 254//910 2386//829 282//980
f 2805//860 3249//883 291//981
f 2825//830 3267//982 292//957
f 4104//832 1987//931 293//831
f 316//932 4100//808 2835//885
f 232//760 4118//983 1978//886
f 4109//790 238//762 4112//962
f 2852//984 2388//789 4109//790
f 1553//736 3668//985 313//963
f 1567//811 2845//986 1977//867
f 294//937 2391//852 3269//906
f 225//739 2402//987 4098//721
f 2828//988 261//920 1962//655
f 1584//989 261//920 2828//988
f 2801//740 4555//990 1562//838
f 247//893 3272//894 295//939
f 2813//842 246//820 296//991
f 2833//992 2400//943 2393//784
f 2838//858 298//993 272//994
f 1976//826 3665//995 4557//996
f 1572//945 346//997 2809//645
f 3237//728 231//729 4572//998
f 280//952 3665//995 1976//826
f 4534//731 309//847 281//859
f 280//952 290//953 2403//999
f 3667//1000 290//953 1570//1001
f 3661//827 4085//629 1582//1002
f 2405//1003 2834//954 3232//646
f 4543//828 3278//1004 2829//807
f 300//1005 1570//1001 290//953
f 300//1005 290//953 291//981
f 300//1005 3249//883 2404//1006
f 3249//883 300//1005 291//981
f 2830//959 1578//1007 4560//958
f 2399//961 277//899 4553//1008
f 3287//1009 3233//712 293//831
f 4118//983 1561//833 1557//761
f 4132//1010 1557//761 312//933
f 1573//1011 278//865 284//915
f 2845//986 285//916 1977//867
f 3254//936 2844//1012 1983//964
f 3652//768 2840//597 2396//917
f 341//1013 318//918 278//865
f 266//851 2406//1014 3254//936
f 4567//1015 2406//1014 266//851
f 3268//889 4107//698 302//919
f 273//1016 1986//1017 2850//1018
f 303//891 3293//1019 2820//892
f 3290//1020 235//797 2397//1021
f 1580//968 4561//802 4535//816
f 304//1022 4547//801 3258//1023
f 343//1024 1965//857 2389//874
f 279//803 2826//841 3663//922
f 415//1025 3272//894 3659//704
f 3666//975 1973//896 275//927
f 305//942 1988//1026 4552//940
f 2384//973 263//747 4113//974
f 268//783 272//994 1591//1027
f 264//751 1982//944 299//929
f 2400//943 4563//977 4546//879
f 2841//1028 3664//978 4563//977
f 1982//944 289//806 2395//930
f 1976//826 4557//996 2838//858
f 4108//848 2839//979 4577//951
f 3661//827 1582//1002 2410//1029
f 1556//755 3276//1030 2843//1031
f 2829//807 1582//1002 2810//709
f 282//980 2386//829 4568//1032
f 4543//828 2834//954 3278//1004
f 310//1033 2382//630 301//955
f 310//1033 3271//1034 2382//630
f 3271//1034 276//956 2387//788
f 324//1035 1578//1007 2830//959
f 3267//982 2825//830 4569//1036
f 2842//1037 4550//911 2399//961
f 2836//912 1978//886 283//1038
f 1978//886 2847//1039 283//1038
f 1573//1011 284//915 1985//1040
f 3264//934 1985//1040 269//901
f 3254//936 2406//1014 2844//1012
f 2827//903 241//810 318//918
f 1974//905 4554//967 1596//1041
f 3259//921 1562//838 4579//1042
f 2381//815 1575//1043 4544//776
f 262//777 1975//855 2837//1044
f 4541//684 4570//907 1975//855
f 415//1025 3659//704 2398//924
f 2814//878 3686//1045 297//926
f 1566//782 4530//725 2407//909
f 2838//858 329//1046 298//993
f 288//948 307//1047 2412//1048
f 3664//978 2841//1028 321//1049
f 2838//858 4557//996 329//1046
f 3665//995 308//1050 4557//996
f 4568//1032 2386//829 3703//881
f 2829//807 3669//1051 1582//1002
f 300//1005 2404//1006 2408//1052
f 331//1053 301//955 254//910
f 3271//1034 314//1054 276//956
f 1583//1055 2835//885 3248//884
f 333//1056 2836//912 283//1038
f 2852//984 4109//790 4112//962
f 1576//935 1563//866 1983//964
f 4115//1057 2827//903 318//918
f 361//1058 374//1059 4098//721
f 2390//774 1991//1060 2828//988
f 3646//743 3239//798 4599//1061
f 4116//1062 1958//775 2837//1044
f 4561//802 2848//1063 4570//907
f 287//819 1979//923 2854//1064
f 344//1065 327//1066 3270//972
f 3666//975 3270//972 3281//1067
f 350//1068 338//1069 3262//941
f 263//747 2813//842 1609//1070
f 4113//974 263//747 1609//1070
f 2383//781 1989//1071 4110//748
f 3676//1072 3263//897 2392//928
f 1990//1073 345//1074 2412//1048
f 3237//728 4572//998 2395//930
f 2403//999 4564//1075 3665//995
f 340//1076 281//859 309//847
f 2411//1077 4562//1078 3667//1000
f 300//1005 2411//1077 1570//1001
f 292//957 4565//1079 311//1080
f 292//957 322//1081 4565//1079
f 323//1082 292//957 2858//1083
f 2835//885 1583//1055 4566//1084
f 4111//913 316//932 317//1085
f 3265//965 2845//986 1567//811
f 341//1013 325//1086 318//918
f 2812//794 2419//836 3265//965
f 4554//967 261//920 319//1087
f 374//1059 286//938 4106//741
f 1991//1060 2390//774 326//1088
f 4579//1042 383//1089 3259//921
f 1965//857 343//1024 364//1090
f 3274//1091 3281//1067 327//1066
f 246//820 1579//1092 296//991
f 3281//1067 3270//972 327//1066
f 1980//846 252//845 2860//1093
f 4110//748 1992//1094 2407//909
f 272//994 298//993 2409//1095
f 3263//897 3676//1072 2833//992
f 329//1046 3282//1096 298//993
f 299//929 3690//1097 252//845
f 300//1005 2408//1052 2411//1077
f 331//1053 282//980 3279//1098
f 2405//1003 3672//1099 2834//954
f 3278//1004 3669//1051 2829//807
f 292//957 323//1082 322//1081
f 2858//1083 292//957 3267//982
f 4566//1084 3674//960 3287//1009
f 334//1100 1985//1040 3264//934
f 285//916 2845//986 334//1100
f 1576//935 1983//964 357//1101
f 4567//1015 2844//1012 2406//1014
f 342//1102 4115//1057 318//918
f 1599//1103 2000//1104 273//1016
f 3269//906 273//1016 2000//1104
f 274//853 4547//801 3717//1105
f 383//1089 1575//1043 2381//815
f 364//1090 3663//922 1965//857
f 3663//922 2849//1106 279//803
f 1568//1107 4556//1108 2383//781
f 1972//925 4113//974 366//1109
f 2814//878 3252//877 3686//1045
f 3686//1045 3252//877 2860//1093
f 3684//1110 2392//928 3666//975
f 4563//977 2400//943 351//1111
f 329//1046 3277//1112 339//1113
f 321//1049 2841//1028 379//1114
f 4557//996 3277//1112 329//1046
f 3285//1115 1982//944 2395//930
f 4557//996 308//1050 3277//1112
f 340//1076 309//847 330//1116
f 3678//1117 282//980 4568//1032
f 3278//1004 1602//1118 3669//1051
f 3672//1099 2405//1003 2846//1119
f 2834//954 2414//1120 3278//1004
f 4565//1079 322//1081 1993//1121
f 323//1082 1993//1121 322//1081
f 276//956 315//1122 2830//959
f 1583//1055 3674//960 4566//1084
f 3248//884 4117//1123 2413//1124
f 3670//1125 4566//1084 382//1126
f 2847//1039 333//1056 283//1038
f 3670//1125 317//1085 316//932
f 334//1100 3264//934 285//916
f 1985//1040 334//1100 412//1127
f 3680//1128 1983//964 2844//1012
f 2845//986 3265//965 3714//1129
f 397//1130 359//1131 2396//917
f 4544//776 1575//1043 2389//874
f 3261//875 222//702 1603//1132
f 3683//1133 3274//1091 337//1134
f 1988//1026 350//1068 4552//940
f 305//942 306//976 328//1135
f 1992//1094 4110//748 1989//1071
f 272//994 2409//1095 4127//1136
f 1591//1027 272//994 4127//1136
f 1982//944 2424//1137 3690//1097
f 351//1111 2400//943 367//1138
f 1990//1073 2412//1048 1581//1139
f 1581//1139 2412//1048 4571//1140
f 1581//1139 307//1047 352//1141
f 1587//1142 2403//999 4562//1078
f 2843//1031 1999//1143 2405//1003
f 2846//1119 2405//1003 1999//1143
f 371//1144 2414//1120 2834//954
f 4559//1145 332//1146 348//1147
f 324//1035 3283//1148 1578//1007
f 2417//1149 355//1150 4560//958
f 2399//961 3302//1151 2842//1037
f 4566//1084 3287//1009 382//1126
f 356//1152 317//1085 3670//1125
f 4112//962 2831//914 3299//1153
f 1588//1154 4124//1155 1589//1156
f 313//963 3668//985 3289//1157
f 3681//1158 4119//1159 359//1131
f 4597//1160 2401//620 1994//1161
f 1994//1161 4115//1057 342//1102
f 2005//1162 4119//1159 3681//1158
f 4114//904 3280//1163 4548//813
f 3268//889 302//919 2002//1164
f 319//1087 1596//1041 4554//967
f 261//920 1584//989 319//1087
f 4547//801 304//1022 349//1165
f 4122//1166 1975//855 4570//907
f 1590//1167 337//1134 4126//1168
f 337//1134 3274//1091 327//1066
f 2813//842 296//991 1609//1070
f 1988//1026 305//942 2870//1169
f 3282//1096 2409//1095 298//993
f 339//1113 1585//1170 329//1046
f 2407//909 1571//946 1566//782
f 352//1141 368//1171 1581//1139
f 4564//1075 3277//1112 308//1050
f 353//1172 1572//945 1586//1173
f 2395//930 4572//998 4120//1174
f 2003//1175 340//1076 2857//1176
f 371//1144 2834//954 3672//1099
f 3276//1030 354//1177 2843//1031
f 1602//1118 4573//1178 3669//1051
f 1999//1143 2843//1031 354//1177
f 332//1146 4565//1079 1993//1121
f 2415//1179 3674//960 1583//1055
f 3287//1009 293//831 2432//1180
f 4117//1123 333//1056 2851//1181
f 1592//1182 3679//1183 1588//1154
f 3292//1184 1589//1156 4124//1155
f 2853//1185 4124//1155 3679//1183
f 240//770 2031//1186 3284//792
f 2840//597 4545//769 2019//1187
f 3681//1158 359//1131 358//1188
f 302//919 1974//905 1596//1041
f 4548//813 3280//1163 4551//966
f 257//818 4134//1189 3260//970
f 2837//1044 363//1190 362//1191
f 2837//1044 1975//855 363//1190
f 249//779 1565//856 4580//1192
f 363//1190 4122//1166 3682//1193
f 2856//1194 363//1190 3682//1193
f 2856//1194 3682//1193 3685//1195
f 249//779 2422//1196 1979//923
f 337//1134 384//1197 3683//1133
f 4135//1198 320//1199 1577//1200
f 1577//1200 338//1069 4140//1201
f 2416//1202 1603//1132 3660//876
f 385//1203 3266//804 2849//1106
f 1594//1204 3660//876 297//926
f 305//942 328//1135 409//1205
f 4575//1206 328//1135 306//976
f 306//976 1591//1027 4575//1206
f 2860//1093 252//845 3690//1097
f 4571//1140 3696//1207 307//1047
f 2412//1048 3696//1207 369//1208
f 3275//1209 1997//1210 2394//947
f 321//1049 2425//1211 307//1047
f 353//1172 1586//1173 380//1212
f 4564//1075 2403//999 3286//1213
f 3286//1213 2403//999 1587//1142
f 347//1214 2410//1029 389//1215
f 340//1076 2003//1175 281//859
f 2408//1052 4578//1216 2411//1077
f 3276//1030 281//859 2003//1175
f 3278//1004 2414//1120 1602//1118
f 2846//1119 3691//1217 371//1144
f 1993//1121 323//1082 2858//1083
f 395//1218 3267//982 4569//1036
f 2415//1179 395//1218 3674//960
f 381//1219 333//1056 2847//1039
f 372//1220 1588//1154 1589//1156
f 3679//1183 373//1221 2853//1185
f 325//1086 2444//1222 342//1102
f 358//1188 359//1131 397//1130
f 342//1102 1593//1223 1994//1161
f 2419//836 3293//1019 3265//965
f 3269//906 2000//1104 1996//1224
f 2402//987 1996//1224 3688//1225
f 2402//987 3689//1226 361//1058
f 362//1191 403//1227 1574//969
f 363//1190 2856//1194 362//1191
f 3654//817 4141//1228 304//1022
f 1971//780 4141//1228 3654//817
f 2421//1229 3682//1193 4123//1230
f 1590//1167 3682//1193 2421//1229
f 3663//922 364//1090 4131//1231
f 3685//1195 4126//1168 344//1065
f 2854//1064 1579//1092 287//819
f 2416//1202 3660//876 1594//1204
f 2383//781 4556//1108 2862//1232
f 2409//1095 3282//1096 1607//1233
f 392//1234 1990//1073 2423//1235
f 2423//1235 3696//1207 4571//1140
f 339//1113 3277//1112 378//1236
f 351//1111 379//1114 2841//1028
f 346//997 1595//1237 1998//1238
f 4562//1078 2411//1077 1587//1142
f 2418//1239 346//997 1998//1238
f 2418//1239 340//1076 330//1116
f 2418//1239 2857//1176 340//1076
f 2410//1029 1582//1002 2001//1240
f 371//1144 3672//1099 2846//1119
f 1578//1007 3283//1148 2417//1149
f 4569//1036 3674//960 395//1218
f 2415//1179 2413//1124 2426//1241
f 2859//1242 2413//1124 4117//1123
f 2851//1181 2859//1242 4117//1123
f 4129//1243 2851//1181 2413//1124
f 4118//983 4132//1010 381//1219
f 402//1244 4132//1010 312//933
f 396//1245 1995//1246 2852//984
f 372//1220 4574//1247 1588//1154
f 313//963 3289//1157 2015//1248
f 3714//1129 4143//1249 2845//986
f 2869//1250 278//865 1573//1011
f 3714//1129 3265//965 423//1251
f 3671//1252 3273//902 3692//1253
f 2850//1018 3671//1252 2006//1254
f 361//1058 3689//1226 374//1059
f 2848//1063 4123//1230 4570//907
f 2421//1229 384//1197 1590//1167
f 4135//1198 1577//1200 4140//1201
f 4139//1255 3274//1091 384//1197
f 2870//1169 350//1068 1988//1026
f 297//926 3686//1045 4142//1256
f 2383//781 2862//1232 1989//1071
f 4127//1136 1607//1233 2028//1257
f 391//1258 3282//1096 1585//1170
f 391//1258 1585//1170 378//1236
f 1992//1094 4128//1259 2407//909
f 1990//1073 387//1260 377//1261
f 3696//1207 1581//1139 369//1208
f 2424//1137 1982//944 2013//1262
f 4584//1263 379//1114 351//1111
f 4583//1264 3285//1115 2395//930
f 1586//1173 393//1265 2420//1266
f 346//997 380//1212 388//1267
f 2418//1239 330//1116 346//997
f 389//1215 3677//949 347//1214
f 2003//1175 2857//1176 3700//1268
f 433//1269 354//1177 2003//1175
f 410//1270 1582//1002 4573//1178
f 3296//1271 1999//1143 390//1272
f 3691//1217 2846//1119 1999//1143
f 3673//1273 315//1122 276//956
f 355//1150 2417//1149 2022//1274
f 381//1219 2859//1242 2004//1275
f 2004//1275 2859//1242 2851//1181
f 2004//1275 2851//1181 4129//1243
f 2851//1181 333//1056 2426//1241
f 333//1056 381//1219 2004//1275
f 4133//1276 3670//1125 2432//1180
f 1995//1246 396//1245 312//933
f 459//1277 2852//984 2007//1278
f 3687//1279 3292//1184 4124//1155
f 2433//1280 4124//1155 2853//1185
f 2433//1280 3687//1279 4124//1155
f 1573//1011 412//1127 2869//1250
f 422//1281 3680//1128 2844//1012
f 448//1282 4567//1015 360//1283
f 2401//620 4597//1160 3300//1284
f 3681//1158 358//1188 2005//1162
f 1606//1285 4551//966 3280//1163
f 2865//1286 286//938 374//1059
f 286//938 2865//1286 1615//1287
f 3694//1288 4123//1230 2848//1063
f 2856//1194 3685//1195 2009//1289
f 376//1290 2009//1289 3685//1195
f 3675//1291 376//1290 3685//1195
f 1600//1292 454//1293 2855//971
f 4139//1255 3695//1294 3274//1091
f 2398//924 1601//1295 415//1025
f 409//1205 2870//1169 305//942
f 1992//1094 1989//1071 4137//1296
f 4128//1259 1571//946 2407//909
f 2428//1297 1571//946 4128//1259
f 2395//930 4120//1174 429//1298
f 380//1212 1586//1173 388//1267
f 1586//1173 2420//1266 388//1267
f 3677//949 389//1215 419//1299
f 4568//1032 4591//1300 3678//1117
f 2857//1176 2418//1239 2431//1301
f 301//955 4121//1302 370//1303
f 3700//1268 2857//1176 2431//1301
f 433//1269 2003//1175 2430//1304
f 410//1270 4573//1178 394//1305
f 3699//1306 3271//1034 310//1033
f 4585//1307 371//1144 3691//1217
f 2417//1149 3283//1148 3704//1308
f 4151//1309 3302//1151 355//1150
f 2859//1242 381//1219 2426//1241
f 396//1245 402//1244 312//933
f 4133//1276 2449//1310 1592//1182
f 3680//1128 4130//1311 1983//964
f 422//1281 2844//1012 4567//1015
f 4588//1312 3289//1157 3668//985
f 2016//1313 2011//1314 358//1188
f 397//1130 2840//597 2019//1187
f 303//891 492//1315 3293//1019
f 405//1316 349//1165 2008//1317
f 1580//968 1615//1287 2848//1063
f 4141//1228 1971//780 375//1318
f 2861//1319 4136//1320 2398//924
f 2398//924 4136//1320 1601//1295
f 1612//1321 3281//1067 3695//1294
f 351//1111 367//1138 1610//1322
f 2425//1211 2017//1323 352//1141
f 4138//1324 379//1114 4584//1263
f 2839//979 1997//1210 3697//1325
f 3285//1115 4583//1264 2029//1326
f 1586//1173 3301//1327 393//1265
f 3294//1328 2420//1266 393//1265
f 2014//1329 3677//949 419//1299
f 1998//1238 1605//1330 2418//1239
f 1597//1331 1595//1237 3314//1332
f 1597//1331 1605//1330 1998//1238
f 3700//1268 2430//1304 2003//1175
f 348//1147 2010//1333 4578//1216
f 3306//1334 310//1033 370//1303
f 3691//1217 3701//1335 4585//1307
f 4576//1336 432//1337 1602//1118
f 314//1054 3271//1034 3699//1306
f 3704//1308 2022//1274 2417//1149
f 1635//1338 1987//931 2842//1037
f 413//1339 3714//1129 423//1251
f 4567//1015 4148//1340 422//1281
f 2437//1341 342//1102 2444//1222
f 2016//1313 358//1188 397//1130
f 2832//1342 3711//1343 4555//990
f 349//1165 405//1316 2434//1344
f 404//1345 349//1165 406//1346
f 2434//1344 405//1316 407//1347
f 406//1346 2434//1344 425//1348
f 2008//1317 425//1348 407//1347
f 349//1165 304//1022 425//1348
f 4580//1192 1565//856 4599//1061
f 336//908 4134//1189 3251//1349
f 2855//971 2021//1350 375//1318
f 3675//1291 399//1351 452//1352
f 2421//1229 4139//1255 384//1197
f 1568//1107 385//1203 4556//1108
f 1601//1295 4136//1320 2012//1353
f 1601//1295 2012//1353 2861//1319
f 4136//1320 2861//1319 4581//1354
f 2861//1319 3702//1355 1601//1295
f 4581//1354 3702//1355 2398//924
f 365//1356 2398//924 1972//925
f 409//1205 328//1135 426//1357
f 4575//1206 426//1357 328//1135
f 386//1358 4142//1256 3686//1045
f 437//1359 1997//1210 3275//1209
f 392//1234 352//1141 400//1360
f 4128//1259 4587//1361 2428//1297
f 2864//1362 3301//1327 2428//1297
f 4583//1264 2395//930 429//1298
f 3706//1363 429//1298 4572//998
f 3314//1332 1595//1237 388//1267
f 1597//1331 3314//1332 1605//1330
f 4568//1032 2867//1364 4591//1300
f 2001//1240 3295//1365 389//1215
f 1602//1118 394//1305 4573//1178
f 3296//1271 3701//1335 1999//1143
f 1613//1366 432//1337 4576//1336
f 1613//1366 2414//1120 371//1144
f 332//1146 2010//1333 348//1147
f 315//1122 3673//1273 3305//1367
f 315//1122 2435//1368 324//1035
f 324//1035 2435//1368 2018//1369
f 3704//1308 3283//1148 2458//1370
f 395//1218 2415//1179 3298//1371
f 1635//1338 2842//1037 3302//1151
f 381//1219 4132//1010 4144//1372
f 4574//1247 372//1220 4614//1373
f 421//1374 373//1221 2449//1310
f 1589//1156 3292//1184 3303//1375
f 2853//1185 373//1221 2433//1280
f 4130//1311 3680//1128 2868//1376
f 2444//1222 325//1086 4158//1377
f 2437//1341 4596//1378 1593//1223
f 2005//1162 3710//1379 3692//1253
f 3325//1380 3265//965 3293//1019
f 2450//1381 1599//1103 2850//1018
f 3304//1382 349//1165 404//1345
f 3304//1382 405//1316 2008//1317
f 405//1316 404//1345 406//1346
f 407//1347 405//1316 406//1346
f 2008//1317 406//1346 3304//1382
f 406//1346 2008//1317 407//1347
f 2427//1383 403//1227 362//1191
f 436//1384 1575//1043 383//1089
f 2427//1383 362//1191 2009//1289
f 4131//1231 1618//1385 3663//922
f 4139//1255 2421//1229 2438//1386
f 3272//894 408//1387 295//939
f 415//1025 408//1387 3272//894
f 1601//1295 2866//1388 415//1025
f 2866//1388 4136//1320 415//1025
f 3702//1355 2866//1388 1601//1295
f 455//1389 415//1025 4581//1354
f 455//1389 4581//1354 2398//924
f 4575//1206 1608//1390 426//1357
f 1608//1390 4127//1136 2028//1257
f 417//1391 3713//1392 418//1393
f 1992//1094 4137//1296 428//1394
f 367//1138 3676//1072 1610//1322
f 378//1236 2877//1395 391//1258
f 1992//1094 428//1394 4128//1259
f 4584//1263 351//1111 1604//1396
f 2013//1262 1982//944 2029//1326
f 2017//1323 400//1360 352//1141
f 3294//1328 393//1265 4150//1397
f 430//1398 388//1267 3294//1328
f 2867//1364 1981//1399 2025//1400
f 420//1401 3279//1098 2440//1402
f 2418//1239 2455//1403 2431//1301
f 2430//1304 3700//1268 438//1404
f 2030//1405 310//1033 3306//1334
f 310//1033 2030//1405 3699//1306
f 355//1150 2022//1274 4151//1309
f 2432//1180 411//1406 4133//1276
f 3299//1153 317//1085 4574//1247
f 2436//1407 1589//1156 3303//1375
f 334//1100 4143//1249 3709//1408
f 3680//1128 422//1281 2868//1376
f 335//793 3284//792 2031//1186
f 2011//1314 2016//1313 435//1409
f 2019//1187 435//1409 397//1130
f 4593//1410 3280//1163 4114//904
f 349//1165 3304//1382 3717//1105
f 1618//1385 2849//1106 3663//922
f 4139//1255 3712//1411 3695//1294
f 2866//1388 4586//1412 4581//1354
f 1612//1321 3695//1294 3712//1411
f 1609//1070 2462//1413 4113//974
f 2036//1414 463//1415 417//1391
f 2028//1257 416//1416 1608//1390
f 418//1393 2036//1414 417//1391
f 4589//1417 2862//1232 4556//1108
f 2439//1418 2028//1257 1607//1233
f 2862//1232 3707//1419 1989//1071
f 417//1391 427//1420 3713//1392
f 427//1420 3705//1421 4160//1422
f 2439//1418 391//1258 3312//1423
f 428//1394 4137//1296 2443//1424
f 437//1359 3275//1209 471//1425
f 2017//1323 4154//1426 400//1360
f 430//1398 2871//1427 388//1267
f 401//1428 3698//950 2014//1329
f 3313//1429 2418//1239 1605//1330
f 1616//1430 2014//1329 419//1299
f 389//1215 3295//1365 3708//1431
f 394//1305 4590//1432 410//1270
f 4152//1433 1993//1121 2872//1434
f 315//1122 3305//1367 2435//1368
f 439//1435 2858//1083 3298//1371
f 3283//1148 2018//1369 2458//1370
f 3316//1436 2415//1179 2426//1241
f 4133//1276 411//1406 2449//1310
f 2436//1407 460//1437 372//1220
f 4125//1438 4158//1377 325//1086
f 335//793 2031//1186 2445//1439
f 3715//1440 435//1409 2019//1187
f 3265//965 3325//1380 611//1441
f 3692//1253 3710//1379 2023//1442
f 2850//1018 2006//1254 2450//1381
f 2000//1104 2450//1381 3309//1443
f 3688//1225 2000//1104 3309//1443
f 4551//966 398//1444 2397//1021
f 3689//1226 2451//1445 2865//1286
f 326//1088 2446//1446 1991//1060
f 4579//1042 4555//990 3711//1343
f 3239//798 3693//1447 4599//1061
f 2849//1106 1618//1385 2873//1448
f 1611//1449 2849//1106 2873//1448
f 409//1205 2442//1450 440//1451
f 2452//1452 463//1415 2036//1414
f 426//1357 1608//1390 4600//1453
f 441//1454 3705//1421 463//1415
f 4589//1417 3707//1419 2862//1232
f 4595//1455 377//1261 387//1260
f 442//1456 4582//1457 2424//1137
f 444//1458 2428//1297 4145//1459
f 4150//1397 430//1398 3294//1328
f 1587//1142 431//1460 3286//1213
f 2440//1402 3678//1117 3308//1461
f 2456//1462 2430//1304 2876//1463
f 4591//1300 4592//1464 3678//1117
f 3295//1365 4147//1465 3708//1431
f 3296//1271 2456//1462 4146//1466
f 1628//1467 4585//1307 3719//1468
f 410//1270 4590//1432 4147//1465
f 2432//1180 1635//1338 4157//1469
f 1635//1338 2432//1180 1987//931
f 459//1277 402//1244 396//1245
f 460//1437 4614//1373 372//1220
f 421//1374 476//1470 2433//1280
f 476//1470 3687//1279 2433//1280
f 3709//1408 2869//1250 412//1127
f 2023//1442 435//1409 3715//1440
f 492//1315 3307//1471 3293//1019
f 1626//1472 319//1087 2056//1473
f 1584//989 1991//1060 2468//1474
f 450//1475 424//1476 2865//1286
f 4166//1477 364//1090 343//1024
f 2048//1478 2438//1386 3694//1288
f 2441//1479 1603//1132 3718//1480
f 2416//1202 3718//1480 1603//1132
f 2870//1169 468//1481 4140//1201
f 455//1389 365//1356 548//1482
f 2442//1450 426//1357 4600//1453
f 4142//1256 386//1358 456//1483
f 4589//1417 4556//1108 464//1484
f 3312//1423 2028//1257 2439//1418
f 3676//1072 495//1485 469//1486
f 2860//1093 4582//1457 2454//1487
f 3713//1392 427//1420 2878//1488
f 471//1425 377//1261 4595//1455
f 443//1489 387//1260 400//1360
f 3301//1327 2864//1362 393//1265
f 4583//1264 4149//1490 2029//1326
f 401//1428 2014//1329 1616//1430
f 3279//1098 3722//1491 2429//1492
f 2876//1463 2430//1304 438//1404
f 3297//1493 433//1269 2456//1462
f 3310//1494 4590//1432 394//1305
f 3319//1495 1613//1366 4585//1307
f 439//1435 2872//1434 2858//1083
f 381//1219 4144//1372 2426//1241
f 447//1496 1639//1497 2868//1376
f 3709//1408 4143//1249 1617//1498
f 2437//1341 2444//1222 2037//1499
f 360//1283 335//793 2479//1500
f 2450//1381 2006//1254 467//1501
f 319//1087 1626//1472 1596//1041
f 3688//1225 3309//1443 3689//1226
f 2451//1445 450//1475 2865//1286
f 1614//1502 3717//1105 3337//1503
f 4134//1189 1637//1504 3260//970
f 4580//1192 2027//1505 2422//1196
f 336//908 3261//875 2457//1506
f 399//1351 4135//1198 452//1352
f 2870//1169 440//1451 462//1507
f 2460//1508 2462//1413 1609//1070
f 463//1415 456//1483 441//1454
f 456//1483 386//1358 2034//1509
f 2453//1510 3707//1419 4589//1417
f 3707//1419 2453//1510 4153//1511
f 2035//1512 485//1513 3713//1392
f 387//1260 443//1489 4595//1455
f 2424//1137 472//1514 442//1456
f 4150//1397 393//1265 2864//1362
f 4583//1264 429//1298 4149//1490
f 3706//1363 2875//1515 429//1298
f 3706//1363 445//1516 2875//1515
f 2455//1403 3313//1429 479//1517
f 431//1460 3291//1518 4627//1519
f 4591//1300 2867//1364 3318//1520
f 389//1215 3708//1431 1616//1430
f 497//1521 4592//1464 4591//1300
f 2430//1304 2456//1462 433//1269
f 4146//1466 3719//1468 3296//1271
f 3319//1495 4585//1307 1628//1467
f 2040//1522 432//1337 446//1523
f 432//1337 3319//1495 446//1523
f 3310//1494 432//1337 2040//1522
f 3306//1334 2044//1524 2030//1405
f 3305//1367 3673//1273 434//1525
f 3298//1371 2415//1179 3316//1436
f 1635//1338 3302//1151 2475//1526
f 411//1406 2432//1180 4157//1469
f 2449//1310 461//1527 421//1374
f 460//1437 2436//1407 3303//1375
f 449//1528 4596//1378 2437//1341
f 3668//985 1625//1529 4588//1312
f 3716//1530 326//1088 3260//970
f 4579//1042 3711//1343 2894//1531
f 2032//1532 502//1533 2427//1383
f 336//908 2457//1506 4134//1189
f 375//1318 451//1534 4141//1228
f 2033//1535 375//1318 2021//1350
f 1979//923 2422//1196 2854//1064
f 2457//1506 3261//875 2441//1479
f 468//1481 4135//1198 4140//1201
f 1600//1292 2459//1536 454//1293
f 408//1387 2459//1536 1600//1292
f 440//1451 2442//1450 2024//1537
f 4603//1538 365//1356 366//1109
f 3311//1539 4142//1256 456//1483
f 1612//1321 542//1540 495//1485
f 4589//1417 464//1484 457//1541
f 2034//1509 386//1358 2448//1542
f 1612//1321 495//1485 3676//1072
f 3317//1543 418//1393 3713//1392
f 466//1544 2448//1542 2454//1487
f 2043//1545 2454//1487 4582//1457
f 496//1546 4582//1457 442//1456
f 2049//1547 4601//1548 4584//1263
f 473//1549 444//1458 4145//1459
f 4138//1324 2017//1323 2425//1211
f 3286//1213 2877//1395 3277//1112
f 473//1549 4150//1397 2864//1362
f 518//1550 3288//1551 4598//1552
f 2875//1515 4155//1553 429//1298
f 431//1460 489//1554 3286//1213
f 3313//1429 3314//1332 2463//1555
f 401//1428 1616//1430 3720//1556
f 497//1521 4591//1300 3318//1520
f 1613//1366 3319//1495 432//1337
f 3306//1334 370//1303 1632//1557
f 2044//1524 3306//1334 1632//1557
f 2030//1405 2044//1524 3331//1558
f 2018//1369 2435//1368 1633//1559
f 2007//1278 3299//1153 459//1277
f 4148//1340 2051//1560 422//1281
f 2019//1187 3300//1284 4165//1561
f 3715//1440 414//1562 2023//1442
f 467//1501 4609//1563 2450//1381
f 2450//1381 4609//1563 3309//1443
f 3732//1564 3717//1105 3304//1382
f 3693//1447 524//1565 4599//1061
f 2480//1566 4579//1042 2894//1531
f 3323//1567 4134//1189 2457//1506
f 2870//1169 3724//1568 468//1481
f 3718//1480 2416//1202 1594//1204
f 408//1387 415//1025 455//1389
f 2452//1452 481//1569 463//1415
f 481//1569 3311//1539 463//1415
f 3712//1411 542//1540 1612//1321
f 2034//1509 441//1454 456//1483
f 2034//1509 2448//1542 466//1544
f 465//1570 2453//1510 4589//1417
f 470//1571 466//1544 2454//1487
f 3713//1392 505//1572 3317//1543
f 2043//1545 4582//1457 504//1573
f 3713//1392 485//1513 505//1572
f 4160//1422 2878//1488 427//1420
f 471//1425 2039//1574 437//1359
f 2047//1575 472//1514 2013//1262
f 4138//1324 4584//1263 4601//1548
f 4154//1426 474//1576 400//1360
f 488//1577 2029//1326 4149//1490
f 4598//1552 4577//951 3697//1325
f 4150//1397 3725//1578 430//1398
f 3338//1579 2025//1400 518//1550
f 401//1428 3727//1580 445//1516
f 3720//1556 3727//1580 401//1428
f 479//1517 1619//1581 2455//1403
f 3720//1556 3708//1431 521//1582
f 3315//1583 4590//1432 2040//1522
f 2040//1522 4590//1432 3310//1494
f 4627//1519 4578//1216 2010//1333
f 3699//1306 4604//1584 434//1525
f 2474//1585 3298//1371 3316//1436
f 2449//1310 411//1406 458//1586
f 3289//1157 3721//1587 2015//1248
f 2444//1222 4158//1377 1620//1588
f 3715//1440 2019//1187 2045//1589
f 1598//1590 2002//1164 4159//1591
f 2451//1445 3309//1443 3728//1592
f 383//1089 2480//1566 436//1384
f 2461//1593 493//1594 1611//1449
f 2452//1452 3322//1595 481//1569
f 493//1594 4594//1596 385//1203
f 2036//1414 4625//1597 2452//1452
f 481//1569 1594//1204 3311//1539
f 4600//1453 416//1416 4162//1598
f 3312//1423 4162//1598 2028//1257
f 469//1486 495//1485 2879//1599
f 4153//1511 2046//1600 2443//1424
f 471//1425 4595//1455 4607//1601
f 4145//1459 483//1602 4163//1603
f 4149//1490 4615//1604 488//1577
f 429//1298 4155//1553 4615//1604
f 2455//1403 1619//1581 438//1404
f 521//1582 520//1605 3720//1556
f 4147//1465 4590//1432 2885//1606
f 4177//1607 2031//1186 2015//1248
f 2444//1222 1620//1588 2037//1499
f 4161//1608 3721//1587 4588//1312
f 449//1528 2437//1341 2037//1499
f 448//1282 360//1283 538//1609
f 335//793 2445//1439 1621//1610
f 1622//1611 3300//1284 4597//1160
f 319//1087 1584//989 2056//1473
f 4624//1612 2020//1613 1615//1287
f 510//1614 304//1022 451//1534
f 2021//1350 2042//1615 2033//1535
f 3724//1568 503//1616 468//1481
f 1594//1204 481//1569 3718//1480
f 440//1451 512//1617 462//1507
f 2024//1537 1623//1618 440//1451
f 2036//1414 2038//1619 4616//1620
f 482//1621 464//1484 4594//1596
f 2453//1510 465//1570 4606//1622
f 2043//1545 470//1571 2454//1487
f 4160//1422 470//1571 484//1623
f 2878//1488 4160//1422 2882//1624
f 4163//1603 483//1602 2891//1625
f 2039//1574 471//1425 486//1626
f 4584//1263 1604//1396 2049//1547
f 443//1489 400//1360 474//1576
f 519//1627 4156//1628 2025//1400
f 479//1517 2456//1462 2876//1463
f 2888//1629 3734//1630 420//1401
f 420//1401 3734//1630 3722//1491
f 3315//1583 2885//1606 4590//1432
f 2440//1402 3308//1461 3737//1631
f 2429//1492 523//1632 370//1303
f 3308//1461 3321//1633 490//1634
f 4152//1433 2872//1434 2010//1333
f 3723//1635 3305//1367 434//1525
f 3298//1371 556//1636 439//1435
f 4158//1377 2869//1250 3709//1408
f 413//1339 671//1637 3714//1129
f 4623//1638 357//1101 4130//1311
f 538//1609 360//1283 2479//1500
f 423//1251 3265//965 611//1441
f 467//1501 2045//1589 491//1639
f 491//1639 4609//1563 467//1501
f 3332//1640 2468//1474 1991//1060
f 375//1318 2033//1535 451//1534
f 1618//1385 4131//1231 1627//1641
f 2459//1536 511//1642 454//1293
f 2873//1448 1618//1385 1627//1641
f 4625//1597 3322//1595 2452//1452
f 3724//1568 2870//1169 462//1507
f 3718//1480 481//1569 2890//1643
f 2024//1537 3328//1644 1623//1618
f 2052//1645 4594//1596 493//1594
f 418//1393 478//1646 2038//1619
f 464//1484 482//1621 457//1541
f 465//1570 457//1541 2880//1647
f 1631//1648 418//1393 3317//1543
f 2878//1488 2882//1624 2883//1649
f 472//1514 496//1546 442//1456
f 472//1514 2047//1575 496//1546
f 2029//1326 488//1577 2047//1575
f 487//1650 2877//1395 3286//1213
f 473//1549 3334//1651 3725//1578
f 4138//1324 3742//1652 2017//1323
f 527//1653 4155//1553 2875//1515
f 3727//1580 3720//1556 520//1605
f 4147//1465 2885//1606 4608//1654
f 3321//1633 4592//1464 1629//1655
f 4592//1464 497//1521 4629//1656
f 2464//1657 3308//1461 490//1634
f 490//1634 4612//1658 4164//1659
f 2464//1657 4164//1659 3321//1633
f 499//1660 4164//1659 498//1661
f 2435//1368 3723//1635 1633//1559
f 556//1636 3298//1371 2474//1585
f 4151//1309 2022//1274 1624//1662
f 2475//1526 3343//1663 1635//1338
f 402//1244 500//1664 480//1665
f 4614//1373 507//1666 3299//1153
f 3709//1408 1617//1498 2055//1667
f 4165//1561 3300//1284 1622//1611
f 2056//1473 1584//989 2468//1474
f 477//1668 4580//1192 4599//1061
f 3726//1669 539//1670 4135//1198
f 2873//1448 1627//1641 2469//1671
f 2461//1593 4626//1672 493//1594
f 513//1673 493//1594 4626//1672
f 365//1356 4617//1674 548//1482
f 3328//1644 4600//1453 3335//1675
f 504//1573 3729//1676 2043//1545
f 2035//1512 2883//1649 2477//1677
f 4154//1426 3330//1678 474//1576
f 4138//1324 475//1679 3742//1652
f 445//1516 527//1653 2875//1515
f 527//1653 445//1516 3727//1580
f 3338//1579 519//1627 2025//1400
f 2060//1680 3318//1520 2867//1364
f 4156//1628 2060//1680 2867//1364
f 2884//1681 3719//1468 2456//1462
f 2464//1657 4612//1658 3308//1461
f 2464//1657 498//1661 4612//1658
f 498//1661 4164//1659 4612//1658
f 4592//1464 4629//1656 1629//1655
f 2872//1434 2467//1682 2010//1333
f 4604//1584 3324//1683 434//1525
f 3735//1684 1633//1559 3723//1635
f 3303//1375 507//1666 460//1437
f 461//1527 501//1685 476//1470
f 508//1686 3709//1408 4635//1687
f 2055//1667 1617//1498 2889//1688
f 4623//1638 2874//1689 357//1101
f 335//793 1621//1610 2479//1500
f 2472//1690 4609//1563 491//1639
f 3309//1443 4609//1563 2472//1690
f 3337//1503 492//1315 1614//1502
f 477//1668 4599//1061 524//1565
f 1615//1287 4605//1691 4624//1612
f 2027//1505 2854//1064 2422//1196
f 1643//1692 1627//1641 4131//1231
f 2469//1671 2461//1593 1611//1449
f 3328//1644 3333//1693 512//1617
f 482//1621 3329//1694 2880//1647
f 2893//1695 2046//1600 2453//1510
f 2901//1696 483//1602 514//1697
f 4160//1422 484//1623 2882//1624
f 2047//1575 535//1698 496//1546
f 534//1699 4607//1601 443//1489
f 535//1698 488//1577 516//1700
f 4615//1604 4155//1553 516//1700
f 2040//1522 4608//1654 3315//1583
f 2440//1402 3737//1631 2888//1629
f 3308//1461 522//1701 3737//1631
f 498//1661 3321//1633 1629//1655
f 2050//1702 490//1634 2471//1703
f 498//1661 3731//1704 499//1660
f 1629//1655 499//1660 3731//1704
f 2053//1705 499//1660 4629//1656
f 2872//1434 506//1706 2467//1682
f 402//1244 1630//1707 500//1664
f 402//1244 459//1277 1630//1707
f 1630//1707 459//1277 507//1666
f 4614//1373 460//1437 507//1666
f 529//1708 2045//1589 4165//1561
f 4551//966 1606//1285 4631//1709
f 3332//1640 545//1710 2468//1474
f 3326//1711 3732//1564 3304//1382
f 3711//1343 4167//1712 2894//1531
f 4167//1712 3711//1343 1644//1713
f 4624//1612 1634//1714 2020//1613
f 2032//1532 452//1352 525//1715
f 452//1352 539//1670 525//1715
f 1643//1692 4169//1716 1627//1641
f 2486//1717 3718//1480 532//1718
f 3328//1644 512//1617 1623//1618
f 542//1540 3712//1411 2482//1719
f 493//1594 513//1673 2052//1645
f 4600//1453 494//1720 3335//1675
f 494//1720 4162//1598 3312//1423
f 2453//1510 4606//1622 2893//1695
f 2046//1600 2893//1695 514//1697
f 526//1721 2043//1545 3729//1676
f 2470//1722 3317//1543 2881//1723
f 3729//1676 515//1724 2887//1725
f 504//1573 515//1724 3729//1676
f 4155//1553 527//1653 516//1700
f 2429//1492 584//1726 523//1632
f 4612//1658 3730//1727 2471//1703
f 3730//1727 4612//1658 490//1634
f 2050//1702 2471//1703 3730//1727
f 498//1661 1629//1655 3730//1727
f 2053//1705 3731//1704 2050//1702
f 1629//1655 4629//1656 499//1660
f 2010//1333 563//1728 4627//1519
f 4632//1729 4604//1584 4611//1730
f 3735//1684 3723//1635 3324//1683
f 1624//1662 2022//1274 537//1731
f 1625//1529 4159//1591 528//1732
f 3728//1592 2472//1690 1647//1733
f 3728//1592 509//1734 2451//1445
f 3326//1711 3304//1382 2903//1735
f 1637//1504 4134//1189 3323//1567
f 2480//1566 3740//1736 436//1384
f 2457//1506 2441//1479 530//1737
f 1642//1738 2441//1479 3327//1739
f 1627//1641 4169//1716 2469//1671
f 2895//1740 3724//1568 3736//1741
f 3724//1568 4620//1742 3736//1741
f 552//1743 3712//1411 4602//1744
f 3328//1644 3335//1675 3333//1693
f 513//1673 4636//1745 2052//1645
f 553//1746 4621//1747 2887//1725
f 2887//1725 515//1724 3743//1748
f 2054//1749 1604//1396 1610//1322
f 4607//1601 4174//1750 486//1626
f 2481//1751 2477//1677 2883//1649
f 3738//1752 2039//1574 4622//1753
f 3330//1678 4154//1426 517//1754
f 520//1605 527//1653 3727//1580
f 4156//1628 519//1627 3733//1755
f 563//1728 2010//1333 2467//1682
f 1632//1557 1640//1756 3336//1757
f 4613//1758 1646//1759 2458//1370
f 3704//1308 2458//1370 537//1731
f 565//1760 4158//1377 3709//1408
f 1620//1588 1636//1761 2037//1499
f 4165//1561 1622//1611 529//1708
f 2892//1762 4633//1763 425//1348
f 559//1764 502//1533 2032//1532
f 525//1715 559//1764 2032//1532
f 546//1765 451//1534 2033//1535
f 1643//1692 2465//1766 531//1767
f 3322//1595 2890//1643 481//1569
f 4616//1620 2058//1768 4625//1597
f 2469//1671 4173//1769 4626//1672
f 2447//1770 541//1771 296//991
f 2038//1619 561//1772 4616//1620
f 3741//1773 2900//1774 482//1621
f 482//1621 2052//1645 4636//1745
f 2886//1775 2462//1413 2460//1508
f 4643//1776 478//1646 4610//1777
f 2893//1695 4606//1622 4618//1778
f 4186//1779 3317//1543 2470//1722
f 534//1699 2505//1780 4607//1601
f 479//1517 1638//1781 2456//1462
f 2923//1782 3719//1468 2884//1681
f 3722//1491 544//1783 2483//1784
f 2053//1705 3730//1727 4628//1785
f 4628//1785 3730//1727 3731//1704
f 2053//1705 2050//1702 4170//1786
f 3735//1684 4630//1787 1633//1559
f 1633//1559 4630//1787 2026//1788
f 2051//1560 448//1282 538//1609
f 4593//1410 2874//1689 4197//1789
f 2928//1790 1626//1472 588//1791
f 2056//1473 588//1791 1626//1472
f 1647//1733 509//1734 3728//1592
f 450//1475 509//1734 2068//1792
f 450//1475 2451//1445 509//1734
f 3357//1793 326//1088 3716//1530
f 524//1565 3693//1447 4637//1794
f 3340//1795 4605//1691 424//1476
f 1637//1504 3323//1567 558//1796
f 2911//1797 3323//1567 2457//1506
f 3740//1736 2899//1798 436//1384
f 510//1614 451//1534 546//1765
f 2465//1766 4166//1477 567//1799
f 2489//1800 468//1481 4179//1801
f 468//1481 2473//1802 4179//1801
f 2494//1803 2473//1802 503//1616
f 3724//1568 2895//1740 503//1616
f 3718//1480 2890//1643 532//1718
f 3320//1804 4172//1805 4602//1744
f 4626//1672 1648//1806 513//1673
f 2900//1774 3329//1694 482//1621
f 553//1746 4171//1807 4621//1747
f 496//1546 535//1698 3743//1748
f 2054//1749 2049//1547 1604//1396
f 2477//1677 2481//1751 1663//1808
f 2896//1809 475//1679 533//1810
f 474//1576 3330//1678 2495//1811
f 595//1812 2463//1555 3725//1578
f 489//1554 4190//1813 3286//1213
f 4168//1814 519//1627 3338//1579
f 1638//1781 479//1517 543//1815
f 521//1582 1660//1816 520//1605
f 4608//1654 2040//1522 4641//1817
f 3319//1495 1628//1467 3739//1818
f 446//1523 3339//1819 2040//1522
f 563//1728 575//1820 4627//1519
f 3737//1631 3730//1727 585//1821
f 2053//1705 4629//1656 3731//1704
f 585//1821 4170//1786 4629//1656
f 2078//1822 439//1435 633//1823
f 2478//1824 500//1664 1630//1707
f 501//1685 461//1527 1650//1825
f 2507//1826 2502//1827 2031//1186
f 2070//1828 2874//1689 4623//1638
f 4226//1829 2041//1830 3307//1471
f 398//1444 4551//966 4631//1709
f 566//1831 2057//1832 3332//1640
f 3353//1833 3356//1834 398//1444
f 425//1348 4633//1763 2903//1735
f 2497//1835 2911//1797 2457//1506
f 3320//1804 453//1836 4656//1837
f 2895//1740 2494//1803 503//1616
f 1648//1806 4626//1672 4173//1769
f 3333//1693 547//1838 512//1617
f 603//1839 2460//1508 296//991
f 3335//1675 494//1720 3333//1693
f 4617//1674 4603//1538 583//1840
f 583//1840 4603//1538 2886//1775
f 4171//1807 4640//1841 4621//1747
f 553//1746 574//1842 4171//1807
f 554//1843 3312//1423 487//1650
f 473//1549 2891//1625 3334//1651
f 3746//1844 2074//1845 505//1572
f 3342//1846 2035//1512 2484//1847
f 2477//1677 2484//1847 2035//1512
f 519//1627 2897//1848 3733//1755
f 497//1521 3318//1520 2918//1849
f 3731//1704 4629//1656 4628//1785
f 1632//1557 2898//1850 2044//1524
f 3336//1757 1640//1756 3761//1851
f 2475//1526 1624//1662 576//1852
f 1630//1707 501//1685 2478//1824
f 4623//1638 4130//1311 577//1853
f 2070//1828 4623//1638 2501//1854
f 4654//1855 4631//1709 1606//1285
f 4637//1794 3693//1447 3356//1834
f 1637//1504 3357//1793 3716//1530
f 550//1856 2480//1566 2894//1531
f 4633//1763 2892//1762 4176//1857
f 3757//1858 3341//1859 4580//1192
f 2497//1835 2457//1506 530//1737
f 2899//1798 567//1799 4166//1477
f 4179//1801 2473//1802 4639//1860
f 532//1718 2890//1643 3751//1861
f 4173//1769 4169//1716 2059//1862
f 547//1838 4185//1863 3736//1741
f 4172//1805 552//1743 4602//1744
f 603//1839 296//991 541//1771
f 2491//1864 2460//1508 603//1839
f 494//1720 590//1865 3333//1693
f 4617//1674 3785//1866 548//1482
f 2886//1775 2460//1508 2491//1864
f 2879//1599 3349//1867 469//1486
f 3743//1748 535//1698 516//1700
f 533//1810 475//1679 562//1868
f 2495//1811 534//1699 474//1576
f 2896//1809 2905//1869 3742//1652
f 4175//1870 543//1815 3313//1429
f 4156//1628 3733//1755 2060//1680
f 2483//1784 544//1783 1649//1871
f 3737//1631 4644//1872 3734//1630
f 2898//1850 3336//1757 3358//1873
f 1624//1662 537//1731 576//1852
f 1650//1825 564//1874 501//1685
f 501//1685 564//1874 2478//1824
f 2051//1560 447//1496 2868//1376
f 3389//1875 2479//1500 1621//1610
f 449//1528 587//1876 1622//1611
f 529//1708 1622//1611 3363//1877
f 1676//1878 4159//1591 2928//1790
f 3337//1503 3732//1564 4651//1879
f 3356//1834 3693//1447 398//1444
f 502//1533 559//1764 1644//1713
f 558//1796 3323//1567 1641//1880
f 3341//1859 2485//1881 2027//1505
f 454//1293 511//1642 2042//1615
f 2059//1862 4169//1716 1643//1692
f 3736//1741 4185//1863 2895//1740
f 513//1673 3741//1773 4636//1745
f 4171//1807 2490//1882 3348//1883
f 4610//1777 569//1884 4643//1776
f 569//1884 1631//1648 616//1885
f 554//1843 494//1720 3312//1423
f 3362//1886 484//1623 2492//1887
f 4174//1750 4607//1601 2914//1888
f 3355//1889 505//1572 2069//1890
f 3345//1891 2896//1809 533//1810
f 3344//1892 2896//1809 3345//1891
f 2896//1809 3344//1892 562//1868
f 608//1893 517//1754 3742//1652
f 517//1754 608//1893 3330//1678
f 3742//1652 2905//1869 2063//1894
f 536//1895 4647//1896 4598//1552
f 570//1897 4168//1814 3338//1579
f 4627//1519 489//1554 431//1460
f 4627//1519 575//1820 489//1554
f 3319//1495 3739//1818 3339//1819
f 3318//1520 2060//1680 2902//1898
f 1640//1756 523//1632 3763//1899
f 500//1664 4191//1900 556//1636
f 500//1664 2478//1824 4191//1900
f 2055//1667 2496//1901 4635//1687
f 557//1902 3721//1587 4161//1608
f 2472//1690 529//1708 1647//1733
f 492//1315 2509//1903 3307//1471
f 4631//1709 3347//1904 398//1444
f 3347//1904 4631//1709 4654//1855
f 3340//1795 450//1475 2068//1792
f 4638//1905 1637//1504 558//1796
f 559//1764 1652//1906 4167//1712
f 3740//1736 4642//1907 2899//1798
f 539//1670 3762//1908 525//1715
f 1634//1714 2916//1909 606//1910
f 539//1670 3726//1669 3762//1908
f 2048//1478 1634//1714 606//1910
f 2854//1064 2027//1505 540//1911
f 2485//1881 540//1911 2027//1505
f 2890//1643 3322//1595 3751//1861
f 3322//1595 4645//1912 3751//1861
f 571//1913 2059//1862 3364//1914
f 2072//1915 1648//1806 4173//1769
f 2038//1619 4180//1916 2917//1917
f 4640//1841 4171//1807 3348//1883
f 495//1485 3361//1918 2879//1599
f 636//1919 2891//1625 514//1697
f 592//1920 2470//1722 2881//1723
f 4646//1921 592//1920 3354//1922
f 2477//1677 1663//1808 4664//1923
f 3286//1213 4190//1813 487//1650
f 527//1653 2946//1924 516//1700
f 585//1821 4644//1872 3737//1631
f 2898//1850 2061//1925 2044//1524
f 537//1731 2458//1370 1656//1926
f 1656//1926 576//1852 537//1731
f 2487//1927 1639//1497 2488//1928
f 611//1441 1703//1929 423//1251
f 398//1444 3347//1904 579//1930
f 579//1930 3353//1833 398//1444
f 3326//1711 3750//1931 3732//1564
f 3750//1931 4192//1932 3732//1564
f 3326//1711 3756//1933 3750//1931
f 4633//1763 3756//1933 2903//1735
f 4167//1712 1652//1906 550//1856
f 4642//1907 3740//1736 4184//1934
f 510//1614 546//1765 2892//1762
f 2899//1798 4178//1935 567//1799
f 531//1767 567//1799 3758//1936
f 4656//1837 453//1836 2476//1937
f 580//1938 4179//1801 4639//1860
f 551//1939 2854//1064 540//1911
f 597//1940 4625//1597 2058//1768
f 3320//1804 4656//1837 4172//1805
f 2459//1536 3378//1941 511//1642
f 3333//1693 590//1865 547//1838
f 2038//1619 2917//1917 561//1772
f 573//1942 2490//1882 572//1943
f 3749//1944 1645//1945 478//1646
f 2908//1946 526//1721 4621//1747
f 2492//1887 526//1721 2908//1946
f 3350//1947 4186//1779 2470//1722
f 2891//1625 636//1919 3334//1651
f 3743//1748 516//1700 2956//1948
f 4664//1923 2915//1949 2477//1677
f 2065//1950 4647//1896 4181//1951
f 2946//1924 527//1653 1660//1816
f 3733//1755 2897//1848 3760//1952
f 575//1820 563//1728 3744//1953
f 622//1954 497//1521 2918//1849
f 3352//1955 3744//1953 506//1706
f 4611//1730 3331//1558 4648//1956
f 4182//1957 3735//1684 4632//1729
f 564//1874 4191//1900 2478//1824
f 447//1496 2488//1928 1639//1497
f 4177//1607 2507//1826 2031//1186
f 557//1902 4161//1608 528//1732
f 545//1710 1651//1958 2468//1474
f 477//1668 1662//1959 3757//1858
f 550//1856 4184//1934 3740//1736
f 4179//1801 1657//1960 2489//1800
f 2547//1961 581//1962 2895//1740
f 2913//1963 1654//1964 1655//1965
f 3748//1966 2913//1963 1655//1965
f 601//1967 2913//1963 3748//1966
f 1655//1965 1654//1964 582//1968
f 1654//1964 3748//1966 582//1968
f 600//1969 572//1943 2490//1882
f 574//1842 600//1969 2490//1882
f 3749//1944 629//1970 1645//1945
f 2505//1780 2914//1888 4607//1601
f 631//1971 604//1972 4622//1753
f 2905//1869 562//1868 3345//1891
f 4190//1813 489//1554 575//1820
f 2923//1782 3739//1818 3719//1468
f 3318//1520 2902//1898 2918//1849
f 585//1821 4629//1656 3346//1973
f 4649//1974 2898//1850 3358//1873
f 3370//1975 506//1706 2078//1822
f 2062//1976 4630//1787 3735//1684
f 1636//1761 2910//1977 449//1528
f 4653//1978 2496//1901 1653//1979
f 596//1980 2067//1981 3347//1904
f 579//1930 596//1980 3353//1833
f 4183//1982 3356//1834 3353//1833
f 4638//1905 2064//1983 1637//1504
f 2922//1984 531//1767 3758//1936
f 581//1962 4639//1860 2494//1803
f 2525//1985 2058//1768 561//1772
f 572//1943 600//1969 601//1967
f 3748//1966 1655//1965 572//1943
f 602//1986 3748//1966 572//1943
f 3752//1987 602//1986 601//1967
f 1655//1965 582//1968 3752//1987
f 3752//1987 572//1943 1655//1965
f 4180//1916 1645//1945 3753//1988
f 3766//1989 3749//1944 4643//1776
f 2510//1990 2907//1991 569//1884
f 2879//1599 3361//1918 691//1992
f 2499//1993 2908//1946 4640//1841
f 2914//1888 2505//1780 605//1994
f 3789//1995 2505//1780 3351//1996
f 4601//1548 594//1997 632//1998
f 3742//1652 2063//1894 608//1893
f 2915//1949 2484//1847 2477//1677
f 2065//1950 570//1897 3338//1579
f 4644//1872 2076//1999 3734//1630
f 2077//2000 1640//1756 3763//1899
f 3761//1851 1640//1756 2077//2000
f 2051//1560 538//1609 4224//2001
f 2487//1927 577//1853 1639//1497
f 3389//1875 4224//2001 538//1609
f 449//1528 2910//1977 587//1876
f 4197//1789 2874//1689 2070//1828
f 2496//1901 4653//1978 2508//2002
f 2055//1667 578//2003 1653//1979
f 3363//1877 4212//2004 529//1708
f 4183//1982 3347//1904 4654//1855
f 3347//1904 4183//1982 3353//1833
f 1662//1959 2081//2005 3757//1858
f 3764//2006 4624//1612 3340//1795
f 589//2007 1664//2008 1652//1906
f 4178//1935 4642//1907 2921//2009
f 2921//2009 3758//1936 4178//1935
f 3327//1739 2486//1717 598//2010
f 4645//1912 597//1940 1669//2011
f 598//2010 2486//1717 532//1718
f 580//1938 4639//1860 581//1962
f 3375//2012 3378//1941 2459//1536
f 4657//2013 599//2014 2913//1963
f 2913//1963 2498//2015 4657//2013
f 2498//2015 599//2014 615//2016
f 600//1969 628//2017 2913//1963
f 3759//2018 2913//1963 628//2017
f 1654//1964 3752//1987 601//1967
f 583//1840 2886//1775 2491//1864
f 4186//1779 2504//2019 616//1885
f 2093//2020 636//1919 514//1697
f 534//1699 3351//1996 2505//1780
f 2924//2021 3342//1846 2484//1847
f 543//1815 2933//2022 1638//1781
f 2483//1784 1649//1871 584//1726
f 3755//2023 2075//2024 3744//1953
f 622//1954 585//1821 3346//1973
f 1665//2025 3755//2023 3352//1955
f 1646//1759 4613//1758 624//2026
f 564//1874 1650//1825 4191//1900
f 2910//1977 1636//1761 565//1760
f 2919//2027 2070//1828 2501//1854
f 4635//1687 1671//2028 508//1686
f 413//1339 3374//2029 671//1637
f 2934//2030 4196//2031 587//1876
f 1676//1878 528//1732 4159//1591
f 558//1796 4193//2032 4638//1905
f 1634//1714 4624//1612 3764//2006
f 2497//1835 1668//2033 2911//1797
f 1664//2008 550//1856 1652//1906
f 4184//1934 550//1856 2920//2034
f 2921//2009 4642//1907 4184//1934
f 2071//2035 530//1737 3765//2036
f 589//2007 3762//1908 1664//2008
f 1642//1738 613//2037 3765//2036
f 4665//2038 613//2037 1642//1738
f 4889//2039 546//1765 2033//1535
f 1658//2040 511//1642 3378//1941
f 628//2017 4657//2013 2498//2015
f 3759//2018 1654//1964 599//2014
f 1654//1964 3759//2018 615//2016
f 607//2041 561//1772 2917//1917
f 573//1942 3752//1987 1654//1964
f 3749//1944 3766//1989 629//1970
f 600//1969 574//1842 699//2042
f 3360//2043 2499//1993 3348//1883
f 569//1884 2084//2044 2510//1990
f 2893//1695 2929//2045 514//1697
f 574//1842 3743//1748 2103//2046
f 3365//2047 3350//1947 592//1920
f 554//1843 487//1650 657//2048
f 555//2049 2054//1749 618//2050
f 619//2051 1659//2052 604//1972
f 2082//2053 3746//1844 3342//1846
f 516//1700 2946//1924 2493//2054
f 570//1897 2065//1950 609//2055
f 2060//1680 3733//1755 3760//1952
f 2075//2024 3755//2023 610//2056
f 584//1726 1649//1871 4659//2057
f 621//2058 610//2056 3755//2023
f 623//2059 621//2058 3755//2023
f 2500//2060 623//2059 3755//2023
f 4648//1956 2044//1524 2061//1925
f 3747//2061 4182//1957 4632//1729
f 3377//2062 3747//2061 4611//1730
f 4182//1957 2062//1976 3735//1684
f 4191//1900 633//1823 556//1636
f 2488//1928 447//1496 2551//2063
f 1671//2028 695//2064 508//1686
f 1671//2028 2496//1901 2508//2002
f 4187//2065 578//2003 2055//1667
f 578//2003 686//2066 1653//1979
f 1703//1929 611//1441 3325//1380
f 4660//2067 1676//1878 2928//1790
f 2064//1983 626//2068 3357//1793
f 2081//2005 1662//1959 612//2069
f 4176//1857 3756//1933 4633//1763
f 1668//2033 558//1796 2911//1797
f 3764//2006 2954//2070 1634//1714
f 2920//2034 550//1856 1664//2008
f 652//2071 2921//2009 4184//1934
f 2083//2072 4188//2073 2904//2074
f 2083//2072 2904//2074 2922//1984
f 673//2075 1669//2011 597//1940
f 3327//1739 598//2010 4665//2038
f 4179//1801 580//1938 3371//2076
f 614//2077 4172//1805 4204//2078
f 2482//1719 549//2079 4704//2080
f 635//2081 2917//1917 4180//1916
f 629//1970 4194//2082 3753//1988
f 4186//1779 4658//2083 2504//2019
f 591//2084 4658//2083 4186//1779
f 656//2085 3745//2086 3349//1867
f 592//1920 4646//1921 3365//2047
f 2481//1751 3362//1886 4189//2087
f 657//2048 487//1650 3754//2088
f 2495//1811 3330//1678 608//1893
f 4190//1813 3754//2088 487//1650
f 2915//1949 2924//2021 2484//1847
f 2526//2089 4190//1813 2075//2024
f 2902//1898 1661//2090 4689//2091
f 2076//1999 4659//2057 544//1783
f 1666//2092 610//2056 621//2058
f 640//2093 3755//2023 1665//2025
f 4182//1957 3747//2061 3377//2062
f 3368//2094 1665//2025 2506//2095
f 2506//2095 3771//2096 3368//2094
f 576//1852 1656//1926 3381//2097
f 4191//1900 1650//1825 2066//2098
f 508//1686 2123//2099 565//1760
f 2910//1977 565//1760 2570//2100
f 2953//2101 3721//1587 557//1902
f 4653//1978 1653//1979 686//2066
f 557//1902 528//1732 2524//2102
f 717//2103 3325//1380 2041//1830
f 4685//2104 509//1734 1647//1733
f 4654//1855 663//2105 2067//1981
f 4638//1905 4193//2032 2080//2106
f 4176//1857 2892//1762 4655//2107
f 1664//2008 3762//1908 653//2108
f 4645//1912 1669//2011 3751//1861
f 4652//2109 1657//1960 3371//2076
f 4652//2109 3371//2076 2936//2110
f 1657//1960 4179//1801 3371//2076
f 607//2041 2532//2111 2525//1985
f 4657//2013 628//2017 4209//2112
f 3360//2043 573//1942 1654//1964
f 3348//1883 573//1942 3360//2043
f 635//2081 3753//1988 4194//2082
f 2929//2045 2893//1695 568//2113
f 2499//1993 4680//2114 3366//2115
f 494//1720 554//1843 630//2116
f 4658//2083 591//2084 4200//2117
f 4666//2118 604//1972 631//1971
f 2914//1888 676//2119 631//1971
f 2914//1888 605//1994 676//2119
f 2087//2120 2909//2121 3355//1889
f 2925//2122 2082//2053 3342//1846
f 4674//2123 2065//1950 4181//1951
f 609//2055 3760//1952 2897//1848
f 2926//2124 647//2125 3369//2126
f 3369//2126 647//2125 3769//2127
f 2544//2128 521//1582 4608//1654
f 4641//1817 2544//2128 4608//1654
f 2060//1680 660//2129 1661//2090
f 638//2130 3369//2126 610//2056
f 3367//2131 2077//2000 3763//1899
f 641//2132 640//2093 1665//2025
f 2077//2000 670//2133 3761//1851
f 1665//2025 3368//2094 641//2132
f 2511//2134 1665//2025 3370//1975
f 2506//2095 1665//2025 2511//2134
f 1667//2135 4195//2136 2511//2134
f 3343//1663 625//2137 2906//2138
f 4187//2065 4672//2139 578//2003
f 2070//1828 2919//2027 2512//2140
f 686//2066 2508//2002 4653//1978
f 4197//1789 3778//2141 3359//2142
f 717//2103 1703//1929 3325//1380
f 651//2143 1651//1958 545//1710
f 4199//2144 509//1734 4685//2104
f 4199//2144 2068//1792 509//1734
f 2102//2145 2954//2070 3764//2006
f 652//2071 4662//2146 2921//2009
f 4662//2146 688//2147 2921//2009
f 688//2147 627//2148 3758//1936
f 627//2148 2083//2072 2922//1984
f 643//2149 598//2010 532//1718
f 3371//2076 580//1938 3784//2150
f 1706//2151 3741//1773 560//2152
f 4679//2153 2491//1864 603//1839
f 3766//1989 4663//2154 629//1970
f 4680//2114 2499//1993 3360//2043
f 616//1885 4198//2155 2516//2156
f 4200//2117 3350//1947 617//2157
f 4189//2087 2492//1887 3366//2115
f 2492//1887 2908//1946 3366//2115
f 3745//2086 618//2050 2054//1749
f 618//2050 3745//2086 2114//2158
f 668//2159 2087//2120 3355//1889
f 2069//1890 2074//1845 2514//2160
f 2065//1950 4674//2123 609//2055
f 648//2161 2074//1845 2082//2053
f 659//2162 647//2125 2926//2124
f 3369//2126 2930//2163 2926//2124
f 3768//2164 1666//2092 621//2058
f 4659//2057 2076//1999 1698//2165
f 4684//2166 3761//1851 670//2133
f 4684//2166 2099//2167 3761//1851
f 4195//2136 1680//2168 3771//2096
f 4195//2136 4210//2169 1680//2168
f 4661//2170 4210//2169 4195//2136
f 4195//2136 1667//2135 4661//2170
f 2079//2171 633//1823 4191//1900
f 565//1760 2123//2099 2570//2100
f 642//2172 2507//1826 4177//1607
f 2953//2101 4177//1607 3721//1587
f 2889//1688 586//2173 2940//2174
f 2931//2175 1676//1878 4660//2067
f 2928//1790 650//2176 4660//2067
f 4202//2177 2928//1790 588//1791
f 588//1791 1651//1958 4202//2177
f 612//2069 3356//1834 663//2105
f 3779//2178 2081//2005 612//2069
f 4638//1905 2080//2106 2064//1983
f 3340//1795 4673//2179 672//2180
f 4176//1857 707//2181 3756//1933
f 3341//1859 3757//1858 2944//2182
f 4889//2039 4655//2107 546//1765
f 3765//2036 613//2037 1670//2183
f 2525//1985 682//2184 2058//1768
f 664//2185 628//2017 4203//2186
f 699//2042 2513//2187 600//1969
f 634//2188 2491//1864 4679//2153
f 2932//2189 2466//2190 2530//2191
f 2466//2190 3395//2192 3361//1918
f 568//2113 2073//2193 2929//2045
f 616//1885 2516//2156 646//2194
f 4681//2195 4658//2083 4200//2117
f 656//2085 3349//1867 2086//2196
f 2103//2046 3743//1748 2956//1948
f 4207//2197 2094//2198 4666//2118
f 3372//2199 4646//1921 3767//2200
f 666//2201 2505//1780 677//2202
f 2495//1811 2517//2203 3351//1996
f 3391//2204 3754//2088 4190//1813
f 1679//2205 4682//2206 4664//1923
f 3379//2207 4190//1813 2526//2089
f 4659//2057 2529//2208 584//1726
f 4676//2209 622//1954 2918//1849
f 623//2059 2500//2060 1674//2210
f 679//2211 2500//2060 640//2093
f 3370//1975 633//1823 2935//2212
f 2508//2002 662//2213 1671//2028
f 2089//2214 4693//2215 3363//1877
f 650//2176 2931//2175 4660//2067
f 663//2105 3779//2178 612//2069
f 612//2069 1662//1959 3356//1834
f 2080//2106 687//2216 2064//1983
f 2944//2182 708//2217 3341//1859
f 1670//2183 3772//2218 3765//2036
f 3364//1914 4669//2219 571//1913
f 2515//2220 3770//2221 664//2185
f 2519//2222 2515//2220 4203//2186
f 4203//2186 2515//2220 664//2185
f 541//1771 551//1939 4208//2223
f 3781//2224 2073//2193 2900//1774
f 655//2225 4617//1674 583//1840
f 2103//2046 699//2042 574//1842
f 4194//2082 2085//2226 2090//2227
f 2085//2226 3366//2115 4680//2114
f 4189//2087 3366//2115 665//2228
f 3774//2229 4201//2230 3365//2047
f 3775//2231 1663//1808 4189//2087
f 2505//1780 3789//1995 677//2202
f 2495//1811 608//1893 2517//2203
f 1659//2052 725//2232 2091//2233
f 2924//2021 667//2234 2925//2122
f 4175//1870 595//1812 620//2235
f 3355//1889 2088//2236 668//2159
f 4682//2206 2915//1949 4664//1923
f 4670//2237 2082//2053 2925//2122
f 2095//2238 3769//2127 647//2125
f 610//2056 4671//2239 638//2130
f 584//1726 2529//2208 639//2240
f 4667//2241 3763//1899 2943//2242
f 2077//2000 3367//2131 3385//2243
f 641//2132 2939//2244 640//2093
f 3796//2245 4661//2170 1667//2135
f 2487//1927 1675//2246 577//1853
f 2889//1688 2940//2174 4187//2065
f 686//2066 4225//2247 3794//2248
f 2041//1830 4650//2249 717//2103
f 3359//2142 4211//2250 1606//1285
f 4202//2177 4205//2251 2928//1790
f 2931//2175 3782//2252 1676//1878
f 4199//2144 739//2253 2068//1792
f 687//2216 626//2068 2064//1983
f 2944//2182 3757//1858 2081//2005
f 4206//2254 1668//2033 1677//2255
f 1677//2255 1668//2033 2071//2035
f 4677//2256 4206//2254 1677//2255
f 2071//2035 3765//2036 1677//2255
f 1677//2255 3765//2036 3772//2218
f 2519//2222 2542//2257 3772//2218
f 3772//2218 1670//2183 2519//2222
f 2083//2072 4669//2219 4188//2073
f 2519//2222 1670//2183 2515//2220
f 3773//2258 4208//2223 551//1939
f 628//2017 664//2185 1672//2259
f 4209//2112 628//2017 1672//2259
f 603//1839 541//1771 1681//2260
f 630//2116 2938//2261 590//1865
f 2520//2262 3361//1918 3395//2192
f 645//2263 674//2264 2085//2226
f 645//2263 2084//2044 2521//2265
f 4198//2155 2504//2019 675//2266
f 2504//2019 4658//2083 675//2266
f 4200//2117 692//2267 4681//2195
f 605//1994 666//2201 676//2119
f 3767//2200 2087//2120 724//2268
f 744//2269 2088//2236 3355//1889
f 2106//2270 4647//1896 1682//2271
f 2915//1949 658//2272 2924//2021
f 2518//2273 2095//2238 647//2125
f 715//2274 609//2055 4674//2123
f 3383//2275 2526//2089 3769//2127
f 659//2162 2926//2124 3776//2276
f 3776//2276 2926//2124 2096//2277
f 669//2278 2060//1680 637//2279
f 2060//1680 669//2278 660//2129
f 4671//2239 2098//2280 638//2130
f 585//1821 1698//2165 4644//1872
f 2927//2281 1674//2210 3376//2282
f 1674//2210 2927//2281 623//2059
f 2939//2244 679//2211 640//2093
f 4661//2170 3796//2245 694//2283
f 2487//1927 649//2284 1675//2246
f 4672//2139 4187//2065 703//2285
f 2524//2102 3777//2286 557//1902
f 778//2287 2089//2214 4196//2031
f 545//1710 2949//2288 651//2143
f 2949//2288 2057//1832 681//2289
f 2092//2290 3780//2291 4193//2032
f 2092//2290 4686//2292 3780//2291
f 4686//2292 2092//2290 4677//2256
f 4686//2292 4677//2256 2542//2257
f 1669//2011 1695//2293 3751//1861
f 2936//2110 3371//2076 689//2294
f 541//1771 4208//2223 1681//2260
f 2090//2227 711//2295 635//2081
f 655//2225 3785//1866 4617//1674
f 721//2296 583//1840 634//2188
f 691//1992 3361//1918 2520//2262
f 3786//2297 675//2266 4681//2195
f 618//2050 4691//2298 555//2049
f 594//1997 555//2049 4691//2298
f 1659//2052 619//2051 725//2232
f 2069//1890 4223//2299 744//2269
f 3388//2300 2095//2238 2518//2273
f 659//2162 3776//2276 2518//2273
f 3384//2301 1660//1816 2544//2128
f 2096//2277 2926//2124 2930//2163
f 4641//1817 4634//2302 2544//2128
f 2930//2163 638//2130 2942//2303
f 3385//2243 3367//2131 1684//2304
f 2061//1925 3377//2062 4648//1956
f 3377//2062 729//2305 4182//1957
f 4649//1974 1688//2306 2061//1925
f 4182//1957 3790//2307 2062//1976
f 3370//1975 4695//2308 3373//2309
f 4695//2308 661//2310 3373//2309
f 3373//2309 661//2310 1667//2135
f 3796//2245 1667//2135 661//2310
f 778//2287 4196//2031 2934//2030
f 3778//2141 4211//2250 3359//2142
f 566//1831 626//2068 2057//1832
f 4193//2032 3387//2311 2080//2106
f 3756//1933 707//2181 3750//1931
f 2920//2034 709//2312 652//2071
f 2503//2313 2951//2314 673//2075
f 698//2315 4656//1837 606//1910
f 689//2294 697//2316 2936//2110
f 4203//2186 600//1969 3798//2317
f 1654//1964 4209//2112 4678//2318
f 2547//1961 4185//1863 2938//2261
f 4227//2319 549//2079 614//2077
f 2941//2320 3781//2224 2900//1774
f 646//2194 2516//2156 3786//2297
f 690//2321 2093//2020 2929//2045
f 2097//2322 630//2116 554//1843
f 646//2194 3788//2323 2521//2265
f 674//2264 665//2228 2085//2226
f 3788//2323 4681//2195 692//2267
f 3787//2324 713//2325 4200//2117
f 3379//2207 3383//2275 3380//2326
f 2106//2270 2528//2327 4181//1951
f 3380//2326 3383//2275 2095//2238
f 3769//2127 2095//2238 3383//2275
f 2082//2053 4670//2237 648//2161
f 678//2328 637//2279 2955//2329
f 2098//2280 4671//2239 1666//2092
f 4659//2057 1698//2165 1673//2330
f 679//2211 1674//2210 2500//2060
f 1684//2304 3367//2131 2533//2331
f 2077//2000 3385//2243 670//2133
f 3385//2243 2541//2332 670//2133
f 3790//2307 4182//1957 729//2305
f 2540//2333 3358//1873 2099//2167
f 624//2026 2062//1976 3790//2307
f 1646//1759 624//2026 3793//2334
f 1646//1759 3793//2334 2912//2335
f 2952//2336 2051//1560 3896//2337
f 1671//2028 2947//2338 695//2064
f 1651//1958 4205//2251 4202//2177
f 3382//2339 4685//2104 4212//2004
f 4685//2104 4234//2340 4199//2144
f 4688//2341 3387//2311 4686//2292
f 2542//2257 4688//2341 4686//2292
f 2100//2342 688//2147 4662//2146
f 673//2075 696//2343 1669//2011
f 3751//1861 752//2344 643//2149
f 683//2345 664//2185 3770//2221
f 2565//2346 4204//2078 644//2347
f 654//2348 3798//2317 600//1969
f 4679//2153 603//1839 1681//2260
f 646//2194 3786//2297 3788//2323
f 3786//2297 4681//2195 3788//2323
f 645//2263 2101//2349 674//2264
f 631//1971 676//2119 4666//2118
f 4222//2350 693//2351 3372//2199
f 3380//2326 2538//2352 3379//2207
f 3380//2326 2095//2238 2538//2352
f 4634//2302 4696//2353 2544//2128
f 1687//2354 669//2278 678//2328
f 4689//2091 1661//2090 660//2129
f 2943//2242 639//2240 4683//2355
f 3768//2164 3376//2282 3407//2356
f 745//2357 585//1821 2948//2358
f 1674//2210 746//2359 3376//2282
f 3368//2094 684//2360 2939//2244
f 2107//2361 3790//2307 729//2305
f 4216//2362 737//2363 2079//2171
f 685//2364 3381//2097 4219//2365
f 685//2364 625//2137 3381//2097
f 1621//1610 4716//2366 3389//1875
f 1621//1610 2502//1827 4716//2366
f 2487//1927 2488//1928 649//2284
f 4187//2065 3392//2367 703//2285
f 2508//2002 686//2066 4213//2368
f 2558//2369 4205//2251 1651//1958
f 704//2370 3782//2252 2931//2175
f 3340//1795 739//2253 4673//2179
f 2954//2070 2102//2145 3809//2371
f 4662//2146 4668//2372 2100//2342
f 2950//2373 2542//2257 2519//2222
f 3390//2374 697//2316 689//2294
f 2950//2373 2519//2222 4203//2186
f 712//2375 711//2295 2090//2227
f 657//2048 2097//2322 554//1843
f 693//2351 4215//2376 3372//2199
f 667//2234 2537//2377 2539//2378
f 2925//2122 667//2234 2539//2378
f 3391//2204 3379//2207 2538//2352
f 4175//1870 2109//2379 1685//2380
f 2140//2381 637//2279 2957//2382
f 4217//2383 678//2328 2112//2384
f 1687//2354 678//2328 4217//2383
f 4218//2385 4217//2383 669//2278
f 669//2278 1687//2354 4218//2385
f 2098//2280 1666//2092 2523//2386
f 4683//2355 2529//2208 3394//2387
f 2958//2388 701//2389 1673//2330
f 745//2357 1698//2165 585//1821
f 2939//2244 747//2390 679//2211
f 624//2026 3790//2307 4687//2391
f 4216//2362 4191//1900 730//2392
f 2910//1977 2570//2100 587//1876
f 2536//2393 3374//2029 1703//1929
f 4672//2139 3795//2394 2527//2395
f 4220//2396 3795//2394 2104//2397
f 3795//2394 4220//2396 2527//2395
f 650//2176 4205//2251 3386//2398
f 2963//2399 681//2289 2057//1832
f 4230//2400 739//2253 4199//2144
f 720//2401 687//2216 4688//2341
f 4700//2402 708//2217 2944//2182
f 2111//2403 696//2343 673//2075
f 750//2404 1694//2405 2083//2072
f 709//2312 697//2316 3390//2374
f 3784//2150 2547//1961 689//2294
f 2941//2320 4694//2406 3781//2224
f 2932//2189 2530//2191 2543//2407
f 722//2408 731//2409 2094//2198
f 742//2410 4215//2376 693//2351
f 4666//2118 723//2411 4207//2197
f 2531//2412 619//2051 714//2413
f 667//2234 658//2272 3799//2414
f 773//2415 2088//2236 744//2269
f 658//2272 4682//2206 3799//2414
f 754//2416 2933//2022 1685//2380
f 2514//2160 648//2161 727//2417
f 2522//2418 2923//1782 4675//2419
f 1687//2354 2535//2420 2955//2329
f 1687//2354 4217//2383 2535//2420
f 2112//2384 678//2328 2535//2420
f 4218//2385 1687//2354 2112//2384
f 1673//2330 701//2389 2529//2208
f 3400//2421 2533//2331 4667//2241
f 1688//2306 3358//1873 2540//2333
f 3385//2243 2110//2422 2541//2332
f 2912//2335 3411//2423 716//2424
f 3381//2097 1656//1926 716//2424
f 2066//2098 2959//2425 730//2392
f 2906//2138 625//2137 2959//2425
f 508//1686 695//2064 2123//2099
f 695//2064 4890//2426 2123//2099
f 3818//2427 649//2284 3791//2428
f 2527//2395 4225//2247 578//2003
f 3795//2394 4672//2139 1690//2429
f 4672//2139 4220//2396 1690//2429
f 2509//1903 680//2430 2561//2431
f 663//2105 4654//1855 3808//2432
f 1678//2433 2949//2288 1711//2434
f 2944//2182 2081//2005 4214//2435
f 3750//1931 2564//2436 4192//1932
f 706//2437 2564//2436 3750//1931
f 2562//2438 718//2439 4688//2341
f 750//2404 688//2147 2100//2342
f 627//2148 688//2147 750//2404
f 2951//2314 2111//2403 673//2075
f 2083//2072 627//2148 750//2404
f 709//2312 1686//2440 2121//2441
f 708//2217 4232//2442 3773//2258
f 1686//2440 709//2312 3390//2374
f 1694//2405 4669//2219 2083//2072
f 1706//2151 571//1913 4669//2219
f 2532//2111 682//2184 2525//1985
f 2113//2443 2941//2320 1706//2151
f 4243//2444 607//2041 711//2295
f 767//2445 2932//2189 2543//2407
f 769//2446 3785//1866 655//2225
f 713//2325 4215//2376 742//2410
f 618//2050 2114//2158 4691//2298
f 2537//2377 674//2264 2101//2349
f 4207//2197 723//2411 2945//2447
f 693//2351 4222//2350 741//2448
f 2094//2198 731//2409 714//2413
f 2094//2198 714//2413 619//2051
f 3799//2414 2537//2377 667//2234
f 3351//1996 2517//2203 810//2449
f 1679//2205 3799//2414 4682//2206
f 2109//2379 4175//1870 620//2235
f 2493//2054 2946//1924 772//2450
f 715//2274 4674//2123 2528//2327
f 725//2232 733//2451 1682//2271
f 754//2416 1685//2380 2109//2379
f 668//2159 2122//2452 726//2453
f 735//2454 660//2129 669//2278
f 4683//2355 728//2455 2943//2242
f 3376//2282 746//2359 3407//2356
f 4231//2456 1674//2210 679//2211
f 2541//2332 4684//2166 670//2133
f 4684//2166 2540//2333 2099//2167
f 2107//2361 2549//2457 3790//2307
f 2110//2422 2975//2458 2541//2332
f 736//2459 4695//2308 2935//2212
f 633//1823 4709//2460 2935//2212
f 4216//2362 4705//2461 737//2363
f 4213//2368 686//2066 3794//2248
f 2108//2462 703//2285 3795//2394
f 2108//2462 3795//2394 1690//2429
f 2104//2397 2108//2462 1690//2429
f 4197//1789 2512//2140 3778//2141
f 3778//2141 2560//2463 4211//2250
f 3808//2432 4654//1855 1701//2464
f 705//2465 2561//2431 680//2430
f 663//2105 3808//2432 3779//2178
f 719//2466 763//2467 3797//2468
f 687//2216 720//2401 3792//2469
f 652//2071 709//2312 2546//2470
f 1695//2293 752//2344 3751//1861
f 2565//2346 644//2347 2937//2471
f 2982//2472 3417//2473 3378//1941
f 4209//2112 765//2474 4678//2318
f 4680//2114 3360//2043 712//2375
f 4679//2153 4221//2475 634//2188
f 767//2445 3395//2192 2932//2189
f 700//2476 713//2325 742//2410
f 2521//2265 741//2448 3810//2477
f 741//2448 700//2476 742//2410
f 723//2411 4666//2118 676//2119
f 674//2264 3799//2414 3775//2231
f 1679//2205 3775//2231 3799//2414
f 810//2449 2132//2478 3351//1996
f 3867//2479 2517//2203 608//1893
f 4223//2299 2514//2160 727//2417
f 2106//2270 2128//2480 2528//2327
f 2946//1924 3384//2301 772//2450
f 2105//2481 4703//2482 725//2232
f 733//2451 725//2232 3807//2483
f 2096//2277 4698//2484 4697//2485
f 2098//2280 774//2486 2942//2303
f 701//2389 3394//2387 2529//2208
f 2943//2242 3399//2487 1683//2488
f 3407//2356 746//2359 755//2489
f 1698//2165 2979//2490 2958//2388
f 747//2390 4231//2456 679//2211
f 2061//1925 756//2491 3377//2062
f 2971//2492 3385//2243 1684//2304
f 756//2491 729//2305 3377//2062
f 2110//2422 3385//2243 2971//2492
f 661//2310 4695//2308 757//2493
f 4705//2461 3801//2494 737//2363
f 625//2137 791//2495 2959//2425
f 4692//2496 702//2497 758//2498
f 2104//2397 4225//2247 2108//2462
f 738//2499 3818//2427 4692//2496
f 1678//2433 2558//2369 651//2143
f 2118//2500 719//2466 2562//2438
f 720//2401 3797//2468 3792//2469
f 4192//1932 2564//2436 4651//1879
f 2542//2257 4235//2501 4688//2341
f 683//2345 643//2149 752//2344
f 4656//1837 698//2315 821//2502
f 4669//2219 890//2503 1706//2151
f 4656//1837 821//2502 2937//2471
f 3837//2504 4243//2444 711//2295
f 4679//2153 1681//2260 760//2505
f 712//2375 3837//2504 711//2295
f 2577//2506 3781//2224 4694//2406
f 690//2321 3781//2224 4251//2507
f 2530//2191 4704//2080 2543//2407
f 2572//2508 699//2042 2103//2046
f 770//2509 636//1919 2093//2020
f 743//2510 753//2511 2983//2512
f 2097//2322 657//2048 3406//2513
f 731//2409 4233//2514 714//2413
f 4702//2515 657//2048 3754//2088
f 4244//2516 676//2119 666//2201
f 3413//2517 3867//2479 608//1893
f 726//2453 3396//2518 724//2268
f 727//2417 4670//2237 2539//2378
f 2544//2128 734//2519 3384//2301
f 637//2279 2140//2381 2955//2329
f 2970//2520 2902//1898 4689//2091
f 3399//2487 2943//2242 728//2455
f 2568//2521 2948//2358 1702//2522
f 2568//2521 745//2357 2948//2358
f 746//2359 1674//2210 762//2523
f 1683//2488 3819//2524 3400//2421
f 762//2523 1674//2210 4231//2456
f 2061//1925 1688//2306 756//2491
f 756//2491 1688//2306 2540//2333
f 2115//2525 756//2491 2540//2333
f 3796//2245 757//2493 2966//2526
f 2966//2526 694//2283 3796//2245
f 1689//2527 4709//2460 633//1823
f 787//2528 737//2363 3801//2494
f 4705//2461 4216//2362 3800//2529
f 625//2137 685//2364 791//2495
f 1704//2530 1675//2246 649//2284
f 2545//2531 702//2497 2551//2063
f 2116//2532 4711//2533 758//2498
f 758//2498 702//2497 3812//2534
f 4692//2496 758//2498 4711//2533
f 2104//2397 2961//2535 3804//2536
f 2104//2397 3804//2536 4225//2247
f 4711//2533 738//2499 4692//2496
f 4205//2251 2558//2369 2575//2537
f 4242//2538 1713//2539 3386//2398
f 3808//2432 2962//2540 3779//2178
f 3779//2178 4707//2541 4214//2435
f 2564//2436 1691//2542 4651//1879
f 4688//2341 3805//2543 2562//2438
f 708//2217 4700//2402 4710//2544
f 2954//2070 3402//2545 2916//1909
f 708//2217 4710//2544 4232//2442
f 1695//2293 696//2343 740//2546
f 2995//2547 2916//1909 3402//2545
f 3360//2043 1712//2548 712//2375
f 4221//2475 4679//2153 760//2505
f 768//2549 766//2550 630//2116
f 1692//2551 634//2188 4221//2475
f 721//2296 1692//2551 3815//2552
f 2956//1948 2131//2553 2572//2508
f 741//2448 4239//2554 3810//2477
f 4233//2514 753//2511 743//2510
f 2945//2447 2579//2555 722//2408
f 4233//2514 743//2510 1697//2556
f 714//2413 4233//2514 1697//2556
f 2537//2377 2101//2349 2539//2378
f 4223//2299 771//2557 744//2269
f 2101//2349 771//2557 2539//2378
f 771//2557 4223//2299 727//2417
f 2106//2270 1682//2271 2128//2480
f 2528//2327 2128//2480 715//2274
f 2539//2378 771//2557 727//2417
f 2548//2558 4703//2482 2105//2481
f 3397//2559 3807//2483 725//2232
f 3397//2559 4703//2482 2548//2558
f 4697//2485 4698//2484 4241//2560
f 4696//2353 3393//2561 2544//2128
f 2559//2562 3739//1818 2557//2563
f 2559//2562 4634//2302 3339//1819
f 804//2564 4634//2302 2559//2562
f 4683//2355 4245//2565 728//2455
f 2918//1849 2902//1898 1708//2566
f 2939//2244 684//2360 747//2390
f 2533//2331 2971//2492 1684//2304
f 729//2305 2125//2567 2107//2361
f 2115//2525 2540//2333 4229//2568
f 2935//2212 4709//2460 736//2459
f 787//2528 1689//2527 737//2363
f 3801//2494 4705//2461 1700//2569
f 1700//2569 4705//2461 2550//2570
f 3408//2571 748//2572 3802//2573
f 1700//2569 2550//2570 3803//2574
f 3802//2573 1700//2569 3803//2574
f 4237//2575 3802//2573 3803//2574
f 792//2576 2934//2030 587//1876
f 779//2577 2919//2027 4699//2578
f 779//2577 2512//2140 2919//2027
f 3862//2579 2089//2214 778//2287
f 2961//2535 3813//2580 3392//2367
f 2961//2535 759//2581 2117//2582
f 759//2581 3804//2536 2117//2582
f 4693//2215 2089//2214 4247//2583
f 2524//2102 4690//2584 4253//2585
f 4706//2586 3382//2339 4212//2004
f 2509//1903 2561//2431 4226//1829
f 2962//2540 4707//2541 3779//2178
f 4214//2435 4255//2587 2944//2182
f 4712//2588 2562//2438 3805//2543
f 2944//2182 797//2589 4700//2402
f 740//2546 696//2343 2111//2403
f 2546//2470 709//2312 2121//2441
f 3848//2590 4655//2107 4889//2039
f 781//2591 851//2592 752//2344
f 4243//2444 2532//2111 607//2041
f 1712//2548 3360//2043 4678//2318
f 2513//2187 2554//2593 654//2348
f 3785//1866 4240//2594 3375//2012
f 3415//2595 2093//2020 690//2321
f 770//2509 2093//2020 3415//2595
f 636//1919 770//2509 593//2596
f 2555//2597 4233//2514 722//2408
f 2573//2598 4691//2298 2114//2158
f 2534//2599 2131//2553 2956//1948
f 771//2557 2101//2349 3810//2477
f 744//2269 771//2557 4252//2600
f 3413//2517 2063//1894 632//1998
f 3767//2200 3396//2518 3806//2601
f 4702//2515 3391//2204 2119//2602
f 732//2603 3388//2300 785//2604
f 2964//2605 733//2451 3807//2483
f 4241//2560 785//2604 4697//2485
f 4228//2606 3807//2483 2965//2607
f 4257//2608 4241//2560 4698//2484
f 2942//2303 774//2486 4698//2484
f 4683//2355 3394//2387 4245//2565
f 3394//2387 701//2389 775//2609
f 755//2489 2567//2610 3407//2356
f 3399//2487 805//2611 1683//2488
f 2966//2526 3401//2612 684//2360
f 2115//2525 4229//2568 2967//2613
f 1700//2569 748//2572 777//2614
f 2536//2393 2977//2615 3374//2029
f 3813//2580 759//2581 3392//2367
f 3813//2580 2961//2535 2117//2582
f 3813//2580 4225//2247 759//2581
f 3804//2536 3813//2580 2117//2582
f 3430//2616 4214//2435 4707//2541
f 3430//2616 4255//2587 4214//2435
f 4238//2617 2100//2342 4701//2618
f 3830//2619 764//2620 750//2404
f 4889//2039 1658//2040 3848//2590
f 3378//1941 799//2621 1658//2040
f 765//2474 1672//2259 2553//2622
f 1696//2623 2941//2320 2113//2443
f 2554//2593 3798//2317 654//2348
f 3837//2504 712//2375 783//2624
f 3785//1866 769//2446 835//2625
f 2124//2626 691//1992 2520//2262
f 2124//2626 4259//2627 691//1992
f 809//2628 2572//2508 2131//2553
f 2114//2158 656//2085 3403//2629
f 753//2511 784//2630 2983//2512
f 3410//2631 761//2632 2983//2512
f 3823//2633 2563//2634 593//2596
f 744//2269 4252//2600 773//2415
f 2119//2602 2538//2352 732//2603
f 1707//2635 2105//2481 2531//2412
f 2566//2636 733//2451 2964//2605
f 3396//2518 726//2453 2122//2452
f 2557//2563 3816//2637 2559//2562
f 1708//2566 2902//1898 2970//2520
f 4245//2565 3394//2387 775//2609
f 775//2609 1709//2638 4245//2565
f 762//2523 786//2639 755//2489
f 1689//2527 787//2528 4709//2460
f 776//2640 736//2459 4709//2460
f 787//2528 1700//2569 777//2614
f 748//2572 3408//2571 777//2614
f 3803//2574 3404//2641 4237//2575
f 4224//2001 3389//1875 4716//2366
f 1704//2530 649//2284 1693//2642
f 2961//2535 3392//2367 807//2643
f 2961//2535 807//2643 3804//2536
f 807//2643 4225//2247 3813//2580
f 2120//2644 780//2645 3777//2286
f 2997//2646 788//2647 1693//2642
f 2524//2102 2120//2644 3777//2286
f 4711//2533 845//2648 738//2499
f 738//2499 845//2648 3814//2649
f 2981//2650 1701//2464 4211//2250
f 1711//2434 681//2289 3409//2651
f 2972//2652 763//2467 2118//2500
f 4712//2588 2118//2500 2562//2438
f 2944//2182 4255//2587 797//2589
f 2596//2653 3809//2371 672//2180
f 798//2654 1695//2293 740//2546
f 764//2620 1694//2405 750//2404
f 4208//2223 710//2655 2571//2656
f 760//2505 1681//2260 2571//2656
f 2124//2626 2520//2262 3395//2192
f 801//2657 721//2296 3815//2552
f 593//2596 2142//2658 3823//2633
f 723//2411 2579//2555 2945//2447
f 4261//2659 3406//2513 4702//2515
f 3810//2477 4252//2600 771//2557
f 3789//1995 2132//2478 677//2202
f 1699//2660 3413//2517 632//1998
f 714//2413 2994//2661 2531//2412
f 1682//2271 3811//2662 2128//2480
f 1707//2635 2548//2558 2105//2481
f 803//2663 1707//2635 2531//2412
f 3393//2561 865//2664 2544//2128
f 3399//2487 1709//2638 811//2665
f 2958//2388 775//2609 701//2389
f 4714//2666 747//2390 3401//2612
f 4684//2166 3825//2667 4229//2568
f 2126//2668 757//2493 776//2640
f 2976//2669 729//2305 756//2491
f 790//2670 2975//2458 2110//2422
f 2502//1827 813//2671 4716//2366
f 1693//2642 3416//2672 1704//2530
f 2560//2463 2512//2140 779//2577
f 788//2647 4246//2673 1693//2642
f 4212//2004 4693//2215 4706//2586
f 4706//2586 4693//2215 1714//2674
f 795//2675 3405//2676 3808//2432
f 3836//2677 2962//2540 3808//2432
f 2972//2652 2118//2500 796//2678
f 3826//2679 818//2680 2111//2403
f 750//2404 2100//2342 3830//2619
f 3402//2545 2954//2070 2552//2681
f 3424//2682 4235//2501 782//2683
f 834//2684 781//2591 798//2654
f 851//2592 781//2591 834//2684
f 782//2683 2950//2373 4720//2685
f 851//2592 683//2345 752//2344
f 799//2621 3378//1941 3417//2473
f 2532//2111 4243//2444 1727//2686
f 765//2474 1712//2548 4678//2318
f 614//2077 4204//2078 800//2687
f 2513//2187 699//2042 2572//2508
f 3822//2688 3815//2552 1692//2551
f 809//2628 892//2689 2572//2508
f 2573//2598 4256//2690 4691//2298
f 4244//2516 3455//2691 676//2119
f 4239//2554 3414//2692 4252//2600
f 666//2201 677//2202 1716//2693
f 4256//2690 1699//2660 4691//2298
f 4239//2554 4252//2600 3810//2477
f 1697//2556 1733//2694 714//2413
f 4261//2659 4702//2515 2586//2695
f 3806//2601 3414//2692 4239//2554
f 772//2450 734//2519 2984//2696
f 4675//2419 3832//2697 854//2698
f 2522//2418 854//2698 2557//2563
f 3854//2699 3393//2561 4696//2353
f 3397//2559 2974//2700 2965//2607
f 1738//2701 2112//2384 2955//2329
f 2569//2702 1683//2488 805//2611
f 1698//2165 745//2357 2979//2490
f 1724//2703 3819//2524 3420//2704
f 762//2523 4231//2456 747//2390
f 757//2493 2126//2668 3401//2612
f 2967//2613 3825//2667 812//2705
f 2133//2706 776//2640 4709//2460
f 4275//2707 3411//2423 4687//2391
f 2115//2525 2967//2613 886//2708
f 791//2495 806//2709 2959//2425
f 3834//2710 3408//2571 3802//2573
f 4705//2461 3827//2711 2550//2570
f 4237//2575 3834//2710 3802//2573
f 2550//2570 3404//2641 3803//2574
f 642//2172 4177//1607 2953//2101
f 3817//2712 2123//2099 4890//2426
f 813//2671 2502//1827 642//2172
f 1710//2713 2116//2532 758//2498
f 3821//2714 1675//2246 1704//2530
f 662//2213 2978//2715 827//2716
f 793//2717 2978//2715 4213//2368
f 4711//2533 2116//2532 825//2718
f 788//2647 2997//2646 829//2719
f 4247//2583 1714//2674 4693//2215
f 845//2648 2138//2720 3814//2649
f 3808//2432 1701//2464 794//2721
f 795//2675 3808//2432 794//2721
f 3808//2432 3405//2676 3836//2677
f 2963//2399 3409//2651 681//2289
f 4254//2722 2972//2652 796//2678
f 817//2723 2118//2500 4712//2588
f 797//2589 2134//2724 4700//2402
f 740//2546 2111//2403 818//2680
f 798//2654 781//2591 1695//2293
f 683//2345 2130//2725 2553//2622
f 2130//2725 683//2345 851//2592
f 2969//2726 4249//2727 689//2294
f 682//2184 2532//2111 4250//2728
f 3798//2317 2554//2593 877//2729
f 3375//2012 4240//2594 2982//2472
f 2577//2506 4251//2507 3781//2224
f 784//2630 3838//2730 2983//2512
f 2555//2597 4731//2731 753//2511
f 2563//2634 3823//2633 3427//2732
f 2563//2634 3427//2732 2109//2379
f 666//2201 1716//2693 4273//2733
f 2994//2661 714//2413 1733//2694
f 3414//2692 823//2734 4252//2600
f 3414//2692 3806//2601 2580//2735
f 823//2734 3414//2692 2580//2735
f 2580//2735 3396//2518 2122//2452
f 4713//2736 2548//2558 1707//2635
f 2531//2412 4718//2737 803//2663
f 4713//2736 2974//2700 2548//2558
f 735//2454 2112//2384 1738//2701
f 774//2486 4257//2608 4698//2484
f 2574//2738 805//2611 3399//2487
f 775//2609 811//2665 1709//2638
f 2141//2739 745//2357 2568//2521
f 811//2665 775//2609 3846//2740
f 3825//2667 2541//2332 2991//2741
f 4684//2166 2541//2332 3825//2667
f 729//2305 867//2742 2125//2567
f 4708//2743 4275//2707 3790//2307
f 4732//2744 777//2614 3408//2571
f 2550//2570 3827//2711 3404//2641
f 3834//2710 4237//2575 3404//2641
f 3896//2337 4224//2001 4716//2366
f 671//1637 914//2745 586//2173
f 840//2746 1710//2713 938//2747
f 778//2287 2934//2030 792//2576
f 3812//2534 2986//2748 758//2498
f 825//2718 3416//2672 1693//2642
f 3818//2427 3835//2749 2997//2646
f 4650//2249 4226//1829 1742//2750
f 4242//2538 815//2751 1713//2539
f 795//2675 4717//2752 1718//2753
f 4717//2752 795//2675 2576//2754
f 2995//2547 3425//2755 698//2315
f 3848//2590 1658//2040 876//2756
f 1706//2151 890//2503 822//2757
f 1706//2151 4729//2758 2113//2443
f 4694//2406 2941//2320 2577//2506
f 2513//2187 2572//2508 892//2689
f 2573//2598 2114//2158 3403//2629
f 2579//2555 2137//2759 2555//2597
f 772//2450 2984//2696 802//2760
f 4727//2761 2586//2695 3824//2762
f 754//2416 3832//2697 2556//2763
f 2119//2602 3428//2764 2135//2765
f 2557//2563 854//2698 2999//2766
f 732//2603 2985//2767 2119//2602
f 2122//2452 823//2734 2580//2735
f 4274//2768 1707//2635 803//2663
f 785//2604 4241//2560 2985//2767
f 839//2769 803//2663 4718//2737
f 883//2770 735//2454 1738//2701
f 2970//2520 4689//2091 2582//2771
f 2567//2610 3398//2772 3407//2356
f 786//2639 3839//2773 2567//2610
f 2136//2774 622//1954 4676//2209
f 4719//2775 4714//2666 3401//2612
f 2126//2668 4719//2775 3401//2612
f 3439//2776 4264//2777 2971//2492
f 904//2778 2549//2457 2107//2361
f 2975//2458 2991//2741 2541//2332
f 2583//2779 776//2640 2133//2706
f 2976//2669 867//2742 729//2305
f 1717//2780 2115//2525 886//2708
f 2952//2336 3896//2337 3829//2781
f 3042//2782 671//1637 2977//2615
f 2146//2783 2545//2531 2551//2063
f 814//2784 2545//2531 2146//2783
f 3794//2248 2987//2785 4266//2786
f 2987//2785 3794//2248 4225//2247
f 807//2643 3392//2367 860//2787
f 2978//2715 662//2213 4213//2368
f 828//2788 825//2718 4246//2673
f 3818//2427 2138//2720 847//2789
f 794//2721 1718//2753 2576//2754
f 816//2790 846//2791 847//2789
f 3405//2676 795//2675 2989//2792
f 3405//2676 2989//2792 2576//2754
f 2576//2754 1718//2753 3405//2676
f 832//2793 849//2794 3405//2676
f 3409//2651 2963//2399 4254//2722
f 4707//2541 4258//2795 3430//2616
f 833//2796 4673//2179 2973//2797
f 850//2798 4232//2442 4710//2544
f 799//2621 2585//2799 1658//2040
f 2937//2471 2591//2800 2565//2346
f 2938//2261 2969//2726 2547//1961
f 2941//2320 1696//2623 4260//2801
f 3878//2802 2938//2261 766//2550
f 2554//2593 2513//2187 4726//2803
f 4726//2803 2513//2187 892//2689
f 2165//2804 2124//2626 3395//2192
f 690//2321 4251//2507 2605//2805
f 2605//2805 3415//2595 690//2321
f 835//2625 769//2446 2578//2806
f 2578//2806 769//2446 801//2657
f 3415//2595 2152//2807 770//2509
f 2142//2658 770//2509 1723//2808
f 3851//2809 723//2411 3455//2691
f 3410//2631 2983//2512 3838//2730
f 676//2119 3455//2691 723//2411
f 3831//2810 4236//2811 2109//2379
f 2132//2478 1716//2693 677//2202
f 2984//2696 734//2519 865//2664
f 3816//2637 2557//2563 2999//2766
f 3428//2764 2119//2602 2985//2767
f 3811//2662 855//2812 2128//2480
f 837//2813 4718//2737 2531//2412
f 2566//2636 824//2814 838//2815
f 3419//2816 2566//2636 838//2815
f 789//2817 2566//2636 3419//2816
f 2128//2480 2957//2382 715//2274
f 839//2769 4718//2737 856//2818
f 803//2663 839//2769 4274//2768
f 2955//2329 2140//2381 952//2819
f 4722//2820 3839//2773 786//2639
f 3828//2821 811//2665 3846//2740
f 3001//2822 745//2357 2141//2739
f 2980//2823 3819//2524 3833//2824
f 3421//2825 2533//2331 2980//2823
f 3825//2667 2154//2826 812//2705
f 1717//2780 2976//2669 2115//2525
f 777//2614 4732//2744 2581//2827
f 2590//2828 4219//2365 716//2424
f 806//2709 791//2495 859//2829
f 3404//2641 3827//2711 4265//2830
f 914//2745 3031//2831 586//2173
f 3820//2832 792//2576 587//1876
f 840//2746 825//2718 1710//2713
f 842//2833 868//2834 841//2835
f 788//2647 829//2719 841//2835
f 841//2835 828//2788 788//2647
f 841//2835 829//2719 842//2833
f 829//2719 2988//2836 828//2788
f 3840//2837 2988//2836 843//2838
f 2988//2836 844//2839 843//2838
f 3818//2427 847//2789 3841//2840
f 1715//2841 2558//2369 1678//2433
f 2576//2754 2989//2792 832//2793
f 4717//2752 3836//2677 849//2794
f 4721//2842 3826//2679 888//2843
f 3843//2844 3805//2543 3423//2845
f 4235//2501 3424//2682 3423//2845
f 782//2683 2990//2846 808//2847
f 3437//2848 1712//2548 765//2474
f 1712//2548 3437//2848 712//2375
f 767//2445 2165//2804 3395//2192
f 1723//2808 770//2509 2152//2807
f 1719//2849 801//2657 3815//2552
f 879//2850 3815//2552 3822//2688
f 2131//2553 802//2760 3850//2851
f 4236//2811 3831//2810 754//2416
f 4727//2761 3824//2762 2593//2852
f 3393//2561 3854//2699 865//2664
f 2531//2412 2588//2853 837//2813
f 4286//2854 855//2812 2566//2636
f 838//2815 824//2814 3000//2855
f 4718//2737 837//2813 856//2818
f 2985//2767 4241//2560 1732//2856
f 4689//2091 735//2454 2582//2771
f 857//2857 2970//2520 2582//2771
f 3002//2858 4257//2608 866//2859
f 3398//2772 866//2859 4257//2608
f 2948//2358 622//1954 2136//2774
f 2574//2738 3828//2821 805//2611
f 4714//2666 4728//2860 762//2523
f 3819//2524 1724//2703 3833//2824
f 4719//2775 884//2861 4714//2666
f 2107//2361 2125//2567 904//2778
f 2991//2741 2975//2458 790//2670
f 900//2862 790//2670 4264//2777
f 3853//2863 2127//2864 3411//2423
f 806//2709 1720//2865 4715//2866
f 685//2364 913//2867 791//2495
f 3404//2641 4740//2868 3834//2710
f 2570//2100 3820//2832 587//1876
f 2940//2174 586//2173 3031//2831
f 758//2498 938//2747 1710//2713
f 1748//2869 4890//2426 827//2716
f 826//2870 825//2718 840//2746
f 4268//2871 2545//2531 4734//2872
f 4723//2873 2545//2531 4268//2871
f 2560//2463 779//2577 2617//2874
f 861//2875 841//2835 868//2834
f 825//2718 828//2788 871//2876
f 3840//2837 844//2839 2598//2877
f 844//2839 2997//2646 2598//2877
f 2988//2836 3840//2837 2598//2877
f 717//2103 4650//2249 3858//2878
f 830//2879 3835//2749 3818//2427
f 1722//2880 830//2879 3841//2840
f 849//2794 2993//2881 4717//2752
f 4717//2752 2993//2881 832//2793
f 2993//2881 2962//2540 3836//2677
f 4712//2588 3805//2543 862//2882
f 3805//2543 3843//2844 875//2883
f 1725//2884 740//2546 818//2680
f 4724//2885 850//2798 2134//2724
f 3055//2886 4701//2618 2546//2470
f 798//2654 4271//2887 4735//2888
f 834//2684 4735//2888 4262//2889
f 1694//2405 764//2620 3830//2619
f 712//2375 3437//2848 783//2624
f 4227//2319 800//2687 4725//2890
f 863//2891 4221//2475 760//2505
f 1730//2892 3426//2893 4221//2475
f 835//2625 2578//2806 4278//2894
f 809//2628 2131//2553 894//2895
f 3822//2688 3412//2896 879//2850
f 879//2850 1719//2849 3815//2552
f 4730//2897 801//2657 1719//2849
f 4731//2731 3838//2730 784//2630
f 2592//2898 4261//2659 880//2899
f 666//2201 4273//2733 4244//2516
f 951//2900 1699//2660 4256//2690
f 3845//2901 804//2564 3816//2637
f 4286//2854 2566//2636 2992//2902
f 2957//2382 2128//2480 3418//2903
f 3855//2904 2589//2905 2974//2700
f 2589//2905 3419//2816 2974//2700
f 2992//2902 3419//2816 838//2815
f 2992//2902 838//2815 2589//2905
f 3852//2906 2992//2902 3855//2904
f 2147//2907 2955//2329 952//2819
f 2147//2907 1738//2701 2955//2329
f 4241//2560 3002//2858 1732//2856
f 3398//2772 2567//2610 866//2859
f 858//2908 2595//2909 4676//2209
f 4722//2820 4728//2860 3438//2910
f 4738//2911 4719//2775 2583//2779
f 2167//2912 2967//2613 812//2705
f 2127//2864 2590//2828 716//2424
f 859//2829 791//2495 913//2867
f 4732//2744 3834//2710 4733//2913
f 4733//2913 3834//2710 3868//2914
f 2143//2915 3834//2710 4740//2868
f 642//2172 2953//2101 780//2645
f 4267//2916 4734//2872 814//2784
f 793//2717 3794//2248 4266//2786
f 814//2784 4268//2871 4267//2916
f 4734//2872 4267//2916 2146//2783
f 2536//2393 4269//2917 3879//2918
f 1703//1929 717//2103 3858//2878
f 869//2919 1721//2920 841//2835
f 841//2835 1721//2920 828//2788
f 828//2788 4270//2921 842//2833
f 3840//2837 870//2922 844//2839
f 2988//2836 871//2876 828//2788
f 825//2718 871//2876 4711//2533
f 871//2876 2988//2836 2598//2877
f 3835//2749 3004//2923 2997//2646
f 4253//2585 2968//2924 3860//2925
f 3818//2427 3841//2840 830//2879
f 2575//2537 2558//2369 3422//2926
f 846//2791 3841//2840 847//2789
f 2558//2369 1715//2841 3422//2926
f 815//2751 3842//2927 1713//2539
f 1718//2753 794//2721 2989//2792
f 4294//2928 4230//2400 4234//2340
f 816//2790 847//2789 2148//2929
f 4249//2727 852//2930 3390//2374
f 2585//2799 876//2756 1658//2040
f 783//2624 4243//2444 3837//2504
f 4260//2801 2577//2506 2941//2320
f 835//2625 3431//2931 4240//2594
f 3426//2893 3412//2896 4221//2475
f 809//2628 893//2932 892//2689
f 3831//2810 853//2933 754//2416
f 2984//2696 865//2664 4279//2934
f 4256//2690 882//2935 951//2900
f 854//2698 3832//2697 881//2936
f 2999//2766 854//2698 881//2936
f 3854//2699 4279//2934 865//2664
f 1699//2660 951//2900 3413//2517
f 2517//2203 3866//2937 810//2449
f 2587//2938 2593//2852 2135//2765
f 804//2564 3845//2901 3854//2699
f 3418//2903 2128//2480 855//2812
f 3000//2855 2974//2700 4713//2736
f 838//2815 3000//2855 3852//2906
f 839//2769 856//2818 4274//2768
f 2145//2939 2589//2905 3852//2906
f 2589//2905 2145//2939 3419//2816
f 2589//2905 838//2815 3852//2906
f 735//2454 883//2770 2582//2771
f 2136//2774 4676//2209 2595//2909
f 3438//2910 3839//2773 4722//2820
f 3856//2940 2958//2388 2979//2490
f 2126//2668 2583//2779 4719//2775
f 3421//2825 2996//2941 3439//2776
f 2154//2826 3825//2667 2991//2741
f 4275//2707 3853//2863 3411//2423
f 2154//2826 2167//2912 812//2705
f 4219//2365 2590//2828 994//2942
f 3392//2367 2940//2174 860//2787
f 4734//2872 2986//2748 4268//2871
f 1721//2920 906//2943 828//2788
f 1714//2674 4247//2583 2176//2944
f 1721//2920 4270//2921 843//2838
f 844//2839 870//2922 843//2838
f 3004//2923 830//2879 1722//2880
f 2561//2431 831//2945 4226//1829
f 4226//1829 831//2945 1742//2750
f 848//2946 2575//2537 3422//2926
f 3842//2927 2968//2924 1713//2539
f 4294//2928 1705//2947 3469//2948
f 846//2791 874//2949 3841//2840
f 794//2721 3440//2950 2989//2792
f 874//2949 846//2791 816//2790
f 832//2793 2989//2792 849//2794
f 797//2589 4255//2587 3430//2616
f 797//2589 3430//2616 3006//2951
f 4724//2885 2134//2724 2998//2952
f 862//2882 875//2883 4724//2885
f 3843//2844 4724//2885 875//2883
f 740//2546 4271//2887 798//2654
f 850//2798 4724//2885 3843//2844
f 751//2953 2960//2954 819//2955
f 1726//2956 3843//2844 3423//2845
f 3898//2957 834//2684 4262//2889
f 3424//2682 1726//2956 3423//2845
f 3843//2844 3849//2958 850//2798
f 3849//2958 917//2959 2155//2960
f 4736//2961 1696//2623 2113//2443
f 4720//2685 877//2729 3857//2962
f 765//2474 930//2963 3437//2848
f 863//2891 2571//2656 2157//2964
f 2151//2965 877//2729 2554//2593
f 2982//2472 4240//2594 2156//2966
f 4227//2319 4725//2890 4704//2080
f 863//2891 1730//2892 4221//2475
f 2605//2805 2152//2807 3415//2595
f 809//2628 894//2895 893//2932
f 2131//2553 3850//2851 894//2895
f 3412//2896 3426//2893 895//2967
f 3412//2896 895//2967 879//2850
f 4730//2897 2999//2766 881//2936
f 879//2850 895//2967 3845//2901
f 879//2850 3845//2901 1719//2849
f 895//2967 3854//2699 3845//2901
f 4730//2897 1719//2849 2999//2766
f 1719//2849 3845//2901 3816//2637
f 2994//2661 2144//2968 2531//2412
f 909//2969 2161//2970 4713//2736
f 4713//2736 2161//2970 3000//2855
f 4713//2736 4274//2768 922//2971
f 896//2972 856//2818 837//2813
f 4274//2768 856//2818 896//2972
f 3000//2855 3855//2904 2974//2700
f 3000//2855 2145//2939 3855//2904
f 4286//2854 2992//2902 3852//2906
f 2582//2771 898//2973 857//2857
f 2970//2520 857//2857 1708//2566
f 3839//2773 866//2859 2567//2610
f 858//2908 1708//2566 2595//2909
f 1724//2703 3420//2704 899//2974
f 884//2861 1734//2975 4728//2860
f 912//2976 2980//2823 3833//2824
f 884//2861 4719//2775 4738//2911
f 2980//2823 912//2976 3861//2977
f 2133//2706 4709//2460 885//2978
f 4264//2777 3439//2776 3429//2979
f 885//2978 2581//2827 4732//2744
f 4284//2980 4732//2744 4733//2913
f 2952//2336 3829//2781 2551//2063
f 840//2746 938//2747 826//2870
f 2584//2981 956//2982 861//2875
f 868//2834 906//2943 861//2875
f 906//2943 868//2834 869//2919
f 1703//1929 3858//2878 4269//2917
f 4270//2921 869//2919 861//2875
f 906//2943 1721//2920 843//2838
f 2981//2650 3847//2983 3024//2984
f 3004//2923 870//2922 2997//2646
f 4711//2533 3005//2985 845//2648
f 3443//2986 815//2751 4242//2538
f 2148//2929 873//2987 2597//2988
f 2168//2989 2993//2881 849//2794
f 4258//2795 2993//2881 927//2990
f 998//2991 796//2678 817//2723
f 928//2992 3430//2616 4258//2795
f 817//2723 4712//2588 4741//2993
f 4741//2993 4712//2588 902//2994
f 4673//2179 833//2796 2596//2653
f 2134//2724 797//2589 2998//2952
f 3809//2371 2596//2653 887//2995
f 4295//2996 888//2843 819//2955
f 820//2997 3009//2998 3830//2619
f 834//2684 2149//2999 851//2592
f 3857//2962 4282//3000 4720//2685
f 891//3001 2577//2506 4260//2801
f 2604//3002 4251//2507 2577//2506
f 4272//3003 4276//3004 2543//2407
f 892//2689 893//2932 2151//2965
f 2605//2805 3444//3005 2152//2807
f 3426//2893 1730//2892 4277//3006
f 4278//2894 2153//3007 835//2625
f 1723//2808 3844//3008 3823//2633
f 3427//2732 3844//3008 2153//3007
f 2578//2806 4730//2897 881//2936
f 3427//2732 2153//3007 3831//2810
f 853//2933 4278//2894 881//2936
f 3436//3009 2592//2898 880//2899
f 4279//2934 3854//2699 895//2967
f 882//2935 4256//2690 932//3010
f 1733//2694 761//2632 4280//3011
f 909//2969 4713//2736 922//2971
f 837//2813 2594//3012 896//2972
f 3852//2906 3000//2855 4286//2854
f 4748//3013 2594//3012 2588//2853
f 898//2973 2582//2771 3011//3014
f 857//2857 4303//3015 1708//2566
f 3438//2910 903//3016 3839//2773
f 4750//3017 2979//2490 3001//2822
f 3846//2740 2600//3018 3828//2821
f 2583//2779 3859//3019 4738//2911
f 3859//3019 2133//2706 923//3020
f 4732//2744 4739//3021 885//2978
f 4739//3021 923//3020 885//2978
f 4284//2980 4739//3021 4732//2744
f 900//2862 4264//2777 3429//2979
f 2976//2669 1717//2780 2614//3022
f 4219//2365 994//2942 905//3023
f 3820//2832 2570//2100 3481//3024
f 779//2577 4699//2578 2617//2874
f 2623//3025 2584//2981 826//2870
f 827//2716 2611//3026 939//3027
f 3416//2672 2584//2981 955//3028
f 827//2716 2978//2715 2611//3026
f 4757//3029 4247//2583 3862//2579
f 861//2875 906//2943 2584//2981
f 956//2982 2598//2877 4270//2921
f 4270//2921 2598//2877 870//2922
f 871//2876 925//3030 3434//3031
f 2612//3032 4711//2533 3434//3031
f 3004//2923 1722//2880 1735//3033
f 3005//2985 872//3034 845//2648
f 1735//3033 1722//2880 3841//2840
f 3842//2927 3860//2925 2968//2924
f 3440//2950 2168//2989 2989//2792
f 2168//2989 849//2794 2989//2792
f 1711//2434 926//3035 2174//3036
f 927//2990 2993//2881 2168//2989
f 2603//3037 862//2882 2998//2952
f 4287//3038 740//2546 1725//2884
f 908//3039 4271//2887 740//2546
f 2130//2725 851//2592 2149//2999
f 808//2847 2990//2846 4282//3000
f 2591//2800 821//2502 3425//2755
f 4729//2758 4736//2961 2113//2443
f 4736//2961 4260//2801 1696//2623
f 3857//2962 877//2729 918//3040
f 2155//2960 2157//2964 2571//2656
f 877//2729 2151//2965 918//3040
f 2156//2966 4240//2594 3431//2931
f 2158//3041 2152//2807 3444//3005
f 766//2550 864//3042 2599//3043
f 2152//2807 2158//3041 1723//2808
f 4277//3006 3007//3044 895//2967
f 723//2411 3851//2809 2579//2555
f 3436//3009 880//2899 2159//3045
f 4727//2761 934//3046 2586//2695
f 911//3047 3002//2858 866//2859
f 2141//2739 2568//2521 1702//2522
f 3833//2824 899//2974 912//2976
f 4750//3017 3856//2940 2979//2490
f 884//2861 4743//3048 1734//2975
f 3853//2863 4275//2707 2608//3049
f 4284//2980 4733//2913 2606//3050
f 1739//3051 2167//2912 2154//2826
f 2127//2864 3853//2863 2590//2828
f 4762//3052 806//2709 859//2829
f 924//3053 1720//2865 3882//3054
f 2623//3025 826//2870 938//2747
f 4266//2786 2616//3055 793//2717
f 2584//2981 906//2943 915//3056
f 2977//2615 2536//2393 3879//2918
f 870//2922 906//2943 843//2838
f 1742//2750 4292//3057 4650//2249
f 2612//3032 3863//3058 3005//2985
f 3842//2927 907//3059 3860//2925
f 3409//2651 4254//2722 950//3060
f 1736//3061 2602//3062 4721//2842
f 1736//3061 4721//2842 3435//3063
f 908//3039 4735//2888 4271//2887
f 889//3064 749//3065 3848//2590
f 876//2756 3869//3066 3848//2590
f 4282//3000 1726//2956 808//2847
f 1726//2956 917//2959 3849//2958
f 4243//2444 3451//3067 1727//2686
f 917//2959 3857//2962 2155//2960
f 863//2891 2157//2964 1730//2892
f 2151//2965 4285//3068 918//3040
f 1730//2892 918//3040 4285//3068
f 2165//2804 2543//2407 4276//3004
f 4277//3006 1730//2892 4285//3068
f 919//3069 1723//2808 2158//3041
f 4285//3068 894//2895 4277//3006
f 1723//2808 919//3069 3844//3008
f 919//3069 2153//3007 3844//3008
f 3850//2851 4277//3006 894//2895
f 4288//3070 2573//2598 836//3071
f 932//3010 2573//2598 4288//3070
f 4737//3072 2624//3073 2137//2759
f 4731//2731 2137//2759 2624//3073
f 2162//3074 4261//2659 920//3075
f 934//3046 2160//3076 2586//2695
f 933//3077 909//2969 922//2971
f 1732//2856 897//3078 2985//2767
f 1738//2701 2147//2907 952//2819
f 911//3047 1732//2856 3002//2858
f 866//2859 947//3079 911//3047
f 903//3016 947//3079 866//2859
f 3445//3080 2141//2739 1702//2522
f 3864//3081 903//3016 1734//2975
f 3870//3082 2600//3018 3846//2740
f 3421//2825 2980//2823 3861//2977
f 3885//3083 4708//2743 904//2778
f 900//2862 2991//2741 790//2670
f 2601//3084 1675//2246 996//3085
f 642//2172 3449//3086 901//3087
f 955//3028 2584//2981 915//3056
f 956//2982 942//3088 2598//2877
f 3871//3089 780//2645 2120//2644
f 871//2876 2598//2877 1741//3090
f 4747//3091 4253//2585 3860//2925
f 2981//2650 3454//3092 1701//2464
f 1735//3033 3434//3031 3004//2923
f 1735//3033 2612//3032 3434//3031
f 3469//2948 1705//2947 4248//3093
f 907//3059 3842//2927 4745//3094
f 874//2949 4749//3095 1735//3033
f 3874//3096 873//2987 872//3034
f 874//2949 2148//2929 2610//3097
f 2973//2797 4230//2400 4294//2928
f 1047//3098 820//2997 4238//2617
f 4735//2888 908//3039 3008//3099
f 820//2997 2100//2342 4238//2617
f 4250//2728 1727//2686 929//3100
f 1727//2686 3451//3067 929//3100
f 3437//2848 930//2963 2179//3101
f 987//3102 4243//2444 783//2624
f 4736//2961 891//3001 4260//2801
f 3857//2962 918//3040 2155//2960
f 766//2550 2599//3043 3878//2802
f 2165//2804 3880//3103 2124//2626
f 2592//2898 3436//3009 932//3010
f 932//3010 3436//3009 2159//3045
f 880//2899 2173//3104 2159//3045
f 3432//3105 2586//2695 2160//3076
f 991//3106 3413//2517 951//2900
f 921//3107 2994//2661 1733//2694
f 2587//2938 2607//3108 2593//2852
f 992//3109 1731//3110 896//2972
f 922//2971 4274//2768 4289//3111
f 2163//3112 952//2819 2140//2381
f 966//3113 857//2857 3447//3114
f 1734//2975 903//3016 3438//2910
f 3001//2822 2141//2739 2164//3115
f 967//3116 3001//2822 2164//3115
f 4750//3017 3001//2822 967//3116
f 867//2742 3463//3117 3885//3083
f 4291//3118 2608//3049 4275//2707
f 4739//3021 4284//2980 971//3119
f 1004//3120 4284//2980 2606//3050
f 806//2709 4762//3052 2622//3121
f 2167//2912 3448//3122 886//2708
f 4281//3123 886//2708 3448//3122
f 4740//2868 2615//3124 2143//2915
f 996//3085 1675//2246 3821//2714
f 642//2172 780//2645 3449//3086
f 1741//3090 942//3088 944//3125
f 1741//3090 925//3030 871//2876
f 925//3030 3004//2923 3434//3031
f 1701//2464 3454//3092 3034//3126
f 3005//2985 3874//3096 872//3034
f 3422//2926 1715//2841 2174//3036
f 831//2945 705//2465 1691//2542
f 2602//3062 3875//3127 4742//3128
f 3006//2951 2603//3037 797//2589
f 4287//3038 4742//3128 3875//3127
f 888//2843 3435//3063 4721//2842
f 3055//2886 2546//2470 1008//3129
f 3458//3130 819//2955 2960//2954
f 3898//2957 2149//2999 834//2684
f 1000//3131 876//2756 2585//2799
f 988//3132 3417//2473 964//3133
f 2156//2966 964//3133 3417//2473
f 2938//2261 878//3134 4754//3135
f 919//3069 2156//2966 3431//2931
f 1740//3136 836//3071 2124//2626
f 864//3042 2592//2898 2599//3043
f 2599//3043 2592//2898 975//3137
f 2579//2555 2186//3138 4737//3072
f 1716//2693 2132//2478 1758//3139
f 2593//2852 2607//3108 4727//2761
f 2144//2968 2994//2661 921//3107
f 2144//2968 1743//3140 2588//2853
f 4748//3013 2588//2853 1743//3140
f 4286//2854 3442//3141 3010//3142
f 3011//3014 883//2770 1023//3143
f 857//2857 910//3144 3447//3114
f 2171//3145 1732//2856 911//3047
f 966//3113 4303//3015 857//2857
f 2595//2909 4303//3015 3018//3146
f 3861//2977 912//2976 954//3147
f 4738//2911 936//3148 948//3149
f 3003//3150 4708//2743 3885//3083
f 2991//2741 1739//3051 2154//2826
f 1032//3151 4762//3052 859//2829
f 2606//3050 4733//2913 3868//2914
f 924//3053 4265//2830 3827//2711
f 4265//2830 924//3053 2615//3124
f 3862//2579 778//2287 1794//3152
f 3416//2672 955//3028 2609//3153
f 2611//3026 2978//2715 3015//3154
f 3847//2983 2560//2463 2617//2874
f 1741//3090 906//2943 925//3030
f 4747//3091 2120//2644 4253//2585
f 3441//3155 949//3156 907//3059
f 1735//3033 4749//3095 3863//3058
f 3863//3058 4749//3095 3005//2985
f 3873//3157 985//3158 907//3059
f 3422//2926 3443//2986 848//2946
f 815//2751 3443//2986 4745//3094
f 2597//2988 986//3159 2610//3097
f 926//3035 3409//2651 950//3060
f 945//3160 950//3060 4254//2722
f 817//2723 4741//2993 1737//3161
f 3006//2951 961//3162 2603//3037
f 1737//3161 902//2994 2603//3037
f 3446//3163 2995//2547 4263//3164
f 2591//2800 4283//3165 2565//2346
f 2150//3166 4283//3165 4308//3167
f 964//3133 2156//2966 2613//3168
f 919//3069 2613//3168 2156//2966
f 2613//3168 2158//3041 964//3133
f 2158//3041 3444//3005 964//3133
f 2613//3168 919//3069 2158//3041
f 2592//2898 932//3010 975//3137
f 3838//2730 4731//2731 4298//3169
f 989//3170 4298//3169 4731//2731
f 1733//2694 4782//3171 921//3107
f 992//3109 4289//3111 1731//3110
f 2607//3108 897//3078 2171//3145
f 883//2770 1738//2701 952//2819
f 3011//3014 910//3144 898//2973
f 977//3172 2171//3145 911//3047
f 3020//3173 977//3172 4290//3174
f 911//3047 4290//3174 977//3172
f 4290//3174 911//3047 947//3079
f 935//3175 2164//3115 2141//2739
f 1734//2975 948//3149 953//3176
f 2600//3018 954//3147 912//2976
f 2608//3049 3457//3177 2590//2828
f 3882//3054 1720//2865 2188//3178
f 1004//3120 2606//3050 3023//3179
f 900//2862 1739//3051 2991//2741
f 3429//2979 3014//3180 900//2862
f 984//3181 3868//2914 2143//2915
f 813//2671 4331//3182 4716//2366
f 955//3028 915//3056 2623//3025
f 2986//2748 3433//3183 938//2747
f 3015//3154 2978//2715 2616//3055
f 956//2982 915//3056 3450//3184
f 957//3185 2609//3153 3026//3186
f 958//3187 2609//3153 957//3185
f 3872//3188 2609//3153 943//3189
f 958//3187 943//3189 2609//3153
f 1741//3090 944//3125 906//2943
f 949//3156 4747//3091 3860//2925
f 3440//2950 1701//2464 3034//3126
f 4749//3095 2610//3097 960//3190
f 2620//3191 2619//3192 1736//3061
f 4323//3193 1691//2542 2564//2436
f 3876//3194 888//2843 4295//2996
f 887//2995 2552//2681 3809//2371
f 3009//2998 3889//3195 2129//3196
f 2130//2725 2149//2999 916//3197
f 973//3198 4729//2758 822//2757
f 2165//2804 4276//3004 3880//3103
f 2624//3073 989//3170 4731//2731
f 4273//2733 1030//3199 4244//2516
f 965//3200 3010//3142 3442//3141
f 3877//3201 934//3046 2607//3108
f 2607//3108 2171//3145 3877//3201
f 4290//3174 947//3079 979//3202
f 3864//3081 1734//2975 953//3176
f 948//3149 936//3148 981//3203
f 3870//3082 2621//3204 2183//3205
f 4291//3118 3003//3150 982//3206
f 971//3119 3021//3207 923//3020
f 970//3208 971//3119 4284//2980
f 2614//3022 983//3209 867//2742
f 2622//3121 2188//3178 1720//2865
f 4751//3210 2167//2912 1739//3051
f 2175//3211 2615//3124 924//3053
f 4699//2578 3050//3212 937//3213
f 4304//3214 2987//2785 860//2787
f 2618//3215 2616//3055 4266//2786
f 939//3027 2611//3026 3015//3154
f 941//3216 3026//3186 4746//3217
f 3026//3186 2609//3153 955//3028
f 2609//3153 3872//3188 941//3216
f 959//3218 3872//3188 943//3189
f 997//3219 3454//3092 3024//2984
f 2981//2650 3024//2984 3454//3092
f 960//3190 3874//3096 4749//3095
f 986//3159 2597//2988 3874//3096
f 817//2723 1737//3161 998//2991
f 1737//3161 2603//3037 1021//3220
f 961//3162 3006//2951 972//3221
f 888//2843 2193//3222 3435//3063
f 2193//3222 888//2843 3876//3194
f 740//2546 4287//3038 908//3039
f 962//3223 908//3039 2172//3224
f 962//3223 4297//3225 4752//3226
f 963//3227 3869//3066 876//2756
f 4249//2727 2969//2726 4754//3135
f 3417//2473 988//3132 1000//3131
f 987//3102 3451//3067 4243//2444
f 2179//3101 783//2624 3437//2848
f 4736//2961 3452//3228 891//3001
f 800//2687 2150//3166 3049//3229
f 964//3133 2605//2805 974//3230
f 931//3231 975//3137 4288//3070
f 2173//3104 3456//3232 1022//3233
f 2173//3104 2162//3074 3456//3232
f 2624//3073 4737//3072 1072//3234
f 946//3235 3464//3236 4280//3011
f 4280//3011 3464//3236 1733//2694
f 934//3046 3453//3237 2160//3076
f 3453//3237 934//3046 3877//3201
f 933//3077 3462//3238 3442//3141
f 3462//3238 933//3077 4289//3111
f 2144//2968 3013//3239 1743//3140
f 1728//3240 4748//3013 2170//3241
f 977//3172 3877//3201 2171//3145
f 2595//2909 4744//3242 2136//2774
f 903//3016 979//3202 947//3079
f 993//3243 982//3206 3003//3150
f 3895//3244 969//3245 982//3206
f 4284//2980 1004//3120 970//3208
f 3041//3246 905//3023 994//2942
f 4751//3210 4301//3247 2167//2912
f 3022//3248 984//3181 2143//2915
f 3050//3212 4699//2578 2601//3084
f 3433//3183 4293//3249 938//2747
f 3026//3186 3019//3250 4746//3217
f 941//3216 957//3185 3026//3186
f 941//3216 958//3187 957//3185
f 2176//2944 4247//2583 4757//3029
f 985//3158 3873//3157 4745//3094
f 3443//2986 985//3158 4745//3094
f 2174//3036 4771//3251 3422//2926
f 2610//3097 986//3159 960//3190
f 4254//2722 2139//3252 4767//3253
f 4764//3254 833//2796 2973//2797
f 972//3221 1021//3220 961//3162
f 961//3162 1021//3220 2603//3037
f 749//3065 4323//3193 2564//2436
f 3461//3255 2596//2653 833//2796
f 908//3039 4287//3038 2172//3224
f 962//3223 1027//3256 4297//3225
f 4238//2617 4701//2618 1047//3098
f 3869//3066 1037//3257 889//3064
f 2129//3196 3889//3195 4300//3258
f 916//3197 2149//2999 1056//3259
f 3425//2755 2995//2547 3446//3163
f 2190//3260 2591//2800 3425//2755
f 964//3133 974//3230 988//3132
f 975//3137 931//3231 1749//3261
f 990//3262 1030//3199 4273//2733
f 2169//3263 882//2935 3881//3264
f 3459//3265 2162//3074 920//3075
f 4309//3266 3456//3232 2162//3074
f 4309//3266 2162//3074 3459//3265
f 951//2900 2169//3263 1040//3267
f 1733//2694 3464//3236 4782//3171
f 921//3107 3471//3268 2144//2968
f 965//3200 2631//3269 3010//3142
f 1003//3270 3020//3173 4290//3174
f 3460//3271 1702//2522 4744//3242
f 903//3016 4755//3272 979//3202
f 3864//3081 953//3176 4755//3272
f 3445//3080 935//3175 2141//2739
f 2164//3115 1744//3273 967//3116
f 981//3203 953//3176 948//3149
f 1012//3274 3856//2940 4750//3017
f 954//3147 968//3275 3861//2977
f 3003//3150 3885//3083 993//3243
f 2608//3049 4291//3118 3457//3177
f 3457//3177 994//2942 2590//2828
f 1032//3151 913//2867 3041//3246
f 984//3181 3023//3179 2606//3050
f 1739//3051 900//2862 995//3276
f 1114//3277 4716//2366 4331//3182
f 996//3085 4746//3217 4756//3278
f 955//3028 2623//3025 4756//3278
f 4266//2786 2987//2785 2618//3215
f 1018//3279 1017//3280 2987//2785
f 3433//3183 940//3281 2177//3282
f 4293//3249 3433//3183 3883//3283
f 3883//3283 3433//3183 2177//3282
f 3858//2878 3478//3284 4269//2917
f 4292//3057 3478//3284 3858//2878
f 2174//3036 4761//3285 4771//3251
f 3441//3155 985//3158 2602//3062
f 926//3035 4299//3286 2174//3036
f 4299//3286 926//3035 950//3060
f 1737//3161 1021//3220 998//2991
f 819//2955 3458//3130 4295//2996
f 2960//2954 4250//2728 3458//3130
f 4300//3258 1746//3287 822//2757
f 3884//3288 4250//2728 929//3100
f 1009//3289 988//3132 974//3230
f 4754//3135 878//3134 1010//3290
f 2599//3043 1749//3261 3878//2802
f 1740//3136 3880//3103 4318//3291
f 1022//3233 1001//3292 2173//3104
f 3459//3265 920//3075 2160//3076
f 4760//3293 3867//2479 991//3106
f 3462//3238 4289//3111 992//3109
f 4305//3294 3453//3237 3877//3201
f 3922//3295 3447//3114 910//3144
f 4306//3296 966//3113 3447//3114
f 3445//3080 1702//2522 3460//3271
f 953//3176 981//3203 1747//3297
f 954//3147 3870//3082 2181//3298
f 2181//3298 968//3275 954//3147
f 3021//3207 971//3119 1013//3299
f 4301//3247 3448//3122 2167//2912
f 4296//3300 792//2576 1015//3301
f 792//2576 3820//2832 1015//3301
f 1748//2869 939//3027 3477//3302
f 1748//2869 827//2716 939//3027
f 939//3027 2618//3215 1025//3303
f 4331//3182 901//3087 3449//3086
f 2987//2785 4304//3214 1018//3279
f 4763//3304 2178//3305 1007//3306
f 3886//3307 2178//3305 3027//3308
f 1759//3309 3024//2984 3847//2983
f 4747//3091 949//3156 3871//3089
f 3871//3089 2619//3192 2620//3191
f 831//2945 1691//2542 4323//3193
f 4299//3286 950//3060 945//3160
f 2620//3191 1736//3061 4307//3310
f 3465//3311 998//2991 1021//3220
f 3875//3127 2172//3224 4287//3038
f 962//3223 2172//3224 3048//3312
f 3470//3313 749//3065 4753//3314
f 1027//3256 962//3223 3048//3312
f 1027//3256 4768//3315 4297//3225
f 4752//3226 4297//3225 4768//3315
f 889//3064 1037//3257 4753//3314
f 963//3227 1037//3257 3869//3066
f 2190//3260 3012//3316 2591//2800
f 4249//2727 4754//3135 4324//3317
f 988//3132 1009//3289 1000//3131
f 878//3134 1749//3261 1010//3290
f 1749//3261 878//3134 3878//2802
f 975//3137 1749//3261 2599//3043
f 931//3231 3893//3318 1749//3261
f 4782//3171 3471//3268 921//3107
f 4315//3319 992//3109 1728//3240
f 1049//3320 3011//3014 1023//3143
f 952//2819 2163//3112 976//3321
f 1050//3322 3877//3201 977//3172
f 1003//3270 978//3323 3020//3173
f 3021//3207 1747//3297 981//3203
f 2181//3298 3870//3082 2183//3205
f 993//3243 3895//3244 982//3206
f 3885//3083 3463//3117 993//3243
f 1754//3324 1014//3325 1004//3120
f 1754//3324 1004//3120 3023//3179
f 1754//3324 3882//3054 1014//3325
f 3882//3054 1754//3324 2175//3211
f 995//3276 900//2862 3014//3180
f 983//3209 2614//3022 3025//3326
f 2175//3211 3022//3248 2615//3124
f 4302//3327 4304//3214 860//2787
f 1018//3279 4304//3214 1017//3280
f 1020//3328 996//3085 4756//3278
f 1019//3329 996//3085 3019//3250
f 1020//3328 955//3028 3019//3250
f 1020//3328 3019//3250 996//3085
f 3019//3250 3026//3186 1019//3329
f 955//3028 1020//3328 3026//3186
f 2178//3305 2626//3330 1007//3306
f 2626//3330 3886//3307 1007//3306
f 1763//3331 3886//3307 2626//3330
f 3027//3308 1763//3331 2626//3330
f 4312//3332 4763//3304 1007//3306
f 3028//3333 1750//3334 2182//3335
f 2619//3192 3871//3089 949//3156
f 998//2991 4767//3253 2139//3252
f 4761//3285 2174//3036 4299//3286
f 749//3065 3470//3313 4323//3193
f 4736//2961 4766//3336 3452//3228
f 3029//3337 987//3102 783//2624
f 1760//3338 4272//3003 4725//2890
f 3455//2691 1030//3199 1002//3339
f 4244//2516 1030//3199 3455//2691
f 2632//3340 4760//3293 991//3106
f 2160//3076 3453//3237 3459//3265
f 3010//3142 2631//3269 2625//3341
f 965//3200 3462//3238 4310//3342
f 883//2770 952//2819 976//3321
f 4769//3343 1743//3140 4319//3344
f 4750//3017 967//3116 1744//3273
f 970//3208 1031//3345 1013//3299
f 970//3208 1013//3299 971//3119
f 3882//3054 2628//3346 1014//3325
f 4751//3210 1739//3051 995//3276
f 3023//3179 984//3181 3022//3248
f 4301//3247 4281//3123 3448//3122
f 2146//2783 2551//2063 1005//3347
f 1025//3303 3477//3302 939//3027
f 2623//3025 1019//3329 4756//3278
f 3862//2579 1794//3152 1757//3348
f 2626//3330 4312//3332 3027//3308
f 3028//3333 1034//3349 3044//3350
f 1034//3349 3028//3333 2182//3335
f 4292//3057 3468//3351 3478//3284
f 3454//3092 3038//3352 3034//3126
f 3469//2948 4248//3093 3033//3353
f 831//2945 3891//3354 3468//3351
f 2168//2989 1771//3355 3887//3356
f 4299//3286 3897//3357 4761//3285
f 3905//3358 2552//2681 887//2995
f 4300//3258 3892//3359 1746//3287
f 963//3227 3036//3360 1037//3257
f 1028//3361 999//3362 973//3198
f 4249//2727 4313//3363 852//2930
f 2185//3364 1009//3289 1752//3365
f 4276//3004 1760//3338 3880//3103
f 3455//2691 1002//3339 3865//3366
f 3456//3232 4309//3266 3030//3367
f 992//3109 4315//3319 3462//3238
f 3453//3237 4305//3294 3459//3265
f 4319//3344 1743//3140 3013//3239
f 4775//3368 4303//3015 966//3113
f 4770//3369 978//3323 1003//3270
f 4290//3174 979//3202 1003//3270
f 1762//3370 1013//3299 1031//3345
f 3021//3207 1013//3299 1762//3370
f 2181//3298 1059//3371 968//3275
f 867//2742 983//3209 3463//3117
f 3023//3179 3022//3248 1754//3324
f 3022//3248 2175//3211 1754//3324
f 940//3281 2146//2783 4317//3372
f 3043//3373 2184//3374 4311//3375
f 3899//3376 2192//3377 1006//3378
f 1763//3331 4312//3332 2178//3305
f 4763//3304 1034//3349 3027//3308
f 3028//3333 3044//3350 1750//3334
f 1764//3379 4706//2586 2176//2944
f 1764//3379 4248//3093 4706//2586
f 3469//2948 3033//3353 3039//3380
f 2195//3381 4758//3382 4771//3251
f 3443//2986 4771//3251 4758//3382
f 4758//3382 2195//3381 3016//3383
f 2973//2797 4294//2928 3062//3384
f 945//3160 1798//3385 4299//3286
f 1798//3385 3897//3357 4299//3286
f 3047//3386 972//3221 3888//3387
f 3035//3388 2172//3224 3875//3127
f 1027//3256 1035//3389 1751//3390
f 3474//3391 1751//3390 1035//3389
f 3048//3312 1035//3389 1027//3256
f 3472//3392 3009//2998 1729//3393
f 3472//3392 3889//3195 3009//2998
f 3898//2957 1080//3394 2149//2999
f 1752//3365 3036//3360 963//3227
f 1056//3259 3017//3395 916//3197
f 3452//3228 4766//3336 1752//3365
f 783//2624 2179//3101 3029//3337
f 1057//3396 3881//3264 3894//3397
f 1040//3267 2169//3263 4780//3398
f 810//2449 3866//2937 1758//3139
f 4305//3294 4309//3266 3459//3265
f 3066//3399 2180//3400 3018//3146
f 1011//3401 3018//3146 4770//3369
f 4770//3369 1003//3270 4320//3402
f 3445//3080 1064//3403 980//3404
f 935//3175 980//3404 1744//3273
f 2627//3405 1059//3371 2183//3205
f 4776//3406 1762//3370 1031//3345
f 2621//3204 1012//3274 1024//3407
f 2628//3346 2188//3178 1767//3408
f 983//3209 3466//3409 3463//3117
f 1032//3151 2629//3410 4321//3411
f 3915//3412 3041//3246 994//2942
f 860//2787 3031//2831 4302//3327
f 2623//3025 1038//3413 1019//3329
f 2192//3377 4311//3375 1006//3378
f 2184//3374 3043//3373 3899//3376
f 1033//3414 1759//3309 3847//2983
f 3044//3350 1034//3349 4763//3304
f 1034//3349 2182//3335 3904//3415
f 831//2945 4323//3193 3891//3354
f 3046//3416 4771//3251 4761//3285
f 1021//3220 3047//3386 3465//3311
f 2195//3381 3035//3388 3875//3127
f 2596//2653 3461//3255 4774//3417
f 1027//3256 1751//3390 4768//3315
f 4768//3315 1751//3390 1046//3418
f 887//2995 2596//2653 4774//3417
f 3909//3419 3876//3194 4295//2996
f 3470//3313 4753//3314 1055//3420
f 1745//3421 4752//3226 4768//3315
f 2630//3422 1729//3393 1047//3098
f 973//3198 1746//3287 1028//3361
f 2149//2999 1080//3394 1056//3259
f 1755//3423 3851//2809 1029//3424
f 2194//3425 3881//3264 1022//3233
f 3894//3397 3881//3264 2194//3425
f 4298//3169 3473//3426 946//3235
f 4315//3319 4310//3342 3462//3238
f 4775//3368 1041//3427 4303//3015
f 3895//3244 993//3243 1753//3428
f 1024//3407 1012//3274 4326//3429
f 2628//3346 1058//3430 1031//3345
f 3912//3431 3861//2977 968//3275
f 3457//3177 1042//3432 3915//3412
f 1781//3433 3025//3326 4281//3123
f 1016//3434 3481//3024 3817//2712
f 2177//3282 940//3281 2637//3435
f 4311//3375 1060//3436 3043//3373
f 3862//2579 1757//3348 4757//3029
f 1052//3437 2191//3438 4293//3249
f 4311//3375 2192//3377 1044//3439
f 1044//3439 1039//3440 4312//3332
f 1044//3439 4312//3332 1763//3331
f 4763//3304 1039//3440 3044//3350
f 4772//3441 1763//3331 1034//3349
f 3033//3353 4248//3093 1764//3379
f 4294//2928 3469//2948 3062//3384
f 998//2991 3465//3311 1079//3442
f 3474//3391 3897//3357 1045//3443
f 3035//3388 3046//3416 1035//3389
f 3046//3416 3474//3391 1035//3389
f 3909//3419 2193//3222 3876//3194
f 4768//3315 1046//3418 3900//3444
f 3900//3444 1745//3421 4768//3315
f 4753//3314 1037//3257 1061//3445
f 4766//3336 3036//3360 1752//3365
f 4725//2890 3049//3229 1760//3338
f 2169//3263 1057//3396 4780//3398
f 1022//3233 1761//3446 2194//3425
f 1022//3233 3030//3367 1761//3446
f 1761//3446 3030//3367 4314//3447
f 4314//3447 3030//3367 4309//3266
f 4310//3342 2631//3269 965//3200
f 4306//3296 4775//3368 966//3113
f 1003//3270 4325//3448 4320//3402
f 4755//3272 4325//3448 979//3202
f 993//3243 3466//3409 1753//3428
f 2628//3346 1767//3408 1058//3430
f 4291//3118 4316//3449 1042//3432
f 3031//2831 914//2745 1081//3450
f 3042//2782 1043//3451 1081//3450
f 937//3213 1083//3452 1033//3414
f 2637//3435 940//3281 4317//3372
f 4269//2917 4779//3453 3879//2918
f 2634//3454 3476//3455 3899//3376
f 3052//3456 3044//3350 1039//3440
f 3908//3457 997//3219 3024//2984
f 4327//3458 1750//3334 3052//3456
f 3454//3092 997//3219 4772//3441
f 3046//3416 3035//3388 2195//3381
f 3905//3358 887//2995 4774//3417
f 2630//3422 4765//3459 1729//3393
f 1037//3257 3036//3360 1062//3460
f 3036//3360 1028//3361 1048//3461
f 2179//3101 3017//3395 1063//3462
f 1143//3463 1072//3234 4737//3072
f 2196//3464 1057//3396 3894//3397
f 3473//3426 1766//3465 946//3235
f 1758//3139 4760//3293 4338//3466
f 4305//3294 4314//3447 4309//3266
f 1023//3143 3054//3467 1049//3320
f 3906//3468 3013//3239 3471//3268
f 4333//3469 2631//3269 4310//3342
f 4769//3343 4319//3344 1089//3470
f 3051//3471 4769//3343 1089//3470
f 4769//3343 3051//3471 4315//3319
f 4775//3368 1050//3322 1041//3427
f 3917//3472 968//3275 1059//3371
f 4329//3473 2629//3410 1032//3151
f 3915//3412 4329//3473 3041//3246
f 1781//3433 4281//3123 4301//3247
f 1081//3450 4302//3327 3031//2831
f 2204//3474 1038//3413 3483//3475
f 1019//3329 1038//3413 3890//3476
f 1038//3413 938//2747 3483//3475
f 938//2747 4293//3249 3483//3475
f 2634//3454 3043//3373 1060//3436
f 2177//3282 2637//3435 2201//3477
f 3871//3089 3032//3478 3449//3086
f 1053//3479 1763//3331 4772//3441
f 3908//3457 3024//2984 1054//3480
f 2199//3481 1750//3334 4327//3458
f 3904//3415 3038//3352 3454//3092
f 3465//3311 3053//3482 1140//3483
f 3461//3255 833//2796 2220//3484
f 3479//3485 4323//3193 3470//3313
f 3888//3387 972//3221 2645//3486
f 1768//3487 3889//3195 3472//3392
f 1061//3445 1037//3257 1062//3460
f 1066//3488 1048//3461 1746//3287
f 1062//3460 3036//3360 1048//3461
f 1056//3259 1063//3462 3017//3395
f 1760//3338 3040//3489 3880//3103
f 1010//3290 3893//3318 1765//3490
f 3851//2809 4759//3491 2186//3138
f 2186//3138 1143//3463 4737//3072
f 1769//3492 1057//3396 2196//3464
f 1769//3492 4780//3398 1057//3396
f 3894//3397 2194//3425 1761//3446
f 2632//3340 991//3106 1040//3267
f 3054//3467 1023//3143 4341//3493
f 1073//3494 4314//3447 4305//3294
f 1787//3495 3018//3146 1011//3401
f 4320//3402 1011//3401 4770//3369
f 2627//3405 1770//3496 1059//3371
f 4321//3411 2198//3497 1767//3408
f 2629//3410 2198//3497 4321//3411
f 4334//3498 4751//3210 1051//3499
f 4334//3498 4301//3247 4751//3210
f 1748//2869 3477//3302 1016//3434
f 3050//3212 1083//3452 937//3213
f 3879//2918 1099//3500 1026//3501
f 3478//3284 3468//3351 1139//3502
f 4307//3310 2193//3222 3909//3419
f 1055//3420 3479//3485 3470//3313
f 1048//3461 1066//3488 1062//3460
f 2150//3166 4308//3167 3049//3229
f 1765//3490 3037//3503 1010//3290
f 3473//3426 4298//3169 989//3170
f 976//3321 1067//3504 4332//3505
f 1074//3506 2625//3341 2631//3269
f 2631//3269 4333//3469 1074//3506
f 1089//3470 4319//3344 3906//3468
f 1756//3507 1073//3494 4305//3294
f 4744//3242 2639//3508 3460//3271
f 1069//3509 3895//3244 1753//3428
f 2197//3510 1770//3496 2627//3405
f 969//3245 3895//3244 1069//3509
f 2198//3497 2636//3511 1767//3408
f 968//3275 2640//3512 3912//3431
f 1774//3513 2629//3410 4329//3473
f 3014//3180 1113//3514 995//3276
f 3890//3476 2641//3515 3467//3516
f 4317//3372 1085//3517 2637//3435
f 1077//3518 2191//3438 1052//3437
f 1099//3500 3879//2918 4779//3453
f 1044//3439 2638//3519 4311//3375
f 4330//3520 3476//3455 2634//3454
f 2199//3481 1775//3521 3904//3415
f 3904//3415 1775//3521 3038//3352
f 3059//3522 1139//3502 3891//3354
f 3469//2948 3039//3380 3062//3384
f 4322//3523 3047//3386 4783//3524
f 3911//3525 2645//3486 972//3221
f 1046//3418 1751//3390 3474//3391
f 3909//3419 4295//2996 1036//3526
f 1776//3527 1061//3445 1062//3460
f 4318//3291 1765//3490 3893//3318
f 2625//3341 1074//3506 976//3321
f 4310//3342 3051//3471 4333//3469
f 1756//3507 1050//3322 4775//3368
f 1787//3495 3066//3399 3018//3146
f 980//3404 1064//3403 1744//3273
f 4320//3402 4325//3448 1791//3528
f 4339//3529 4325//3448 4755//3272
f 2635//3530 1095//3531 3057//3532
f 2629//3410 1774//3513 2198//3497
f 983//3209 3025//3326 4343//3533
f 1081//3450 3477//3302 4302//3327
f 2641//3515 3890//3476 2642//3534
f 1038//3413 3480//3535 3890//3476
f 2642//3534 3480//3535 1038//3413
f 2641//3515 1038//3413 2202//3536
f 3478//3284 4779//3453 4269//2917
f 4786//3537 3034//3126 3038//3352
f 1771//3355 3034//3126 4786//3537
f 4307//3310 3909//3419 4328//3538
f 3921//3539 927//2990 3887//3356
f 3479//3485 1086//3540 4323//3193
f 3461//3255 2220//3484 4774//3417
f 1776//3527 3479//3485 1055//3420
f 3892//3359 3889//3195 1768//3487
f 4808//3541 1080//3394 3898//2957
f 929//3100 2643//3542 3884//3288
f 987//3102 2643//3542 929//3100
f 1773//3543 1760//3338 3484//3544
f 1071//3545 1087//3546 3056//3547
f 1030//3199 3931//3548 1002//3339
f 2209//3549 3902//3550 3482//3551
f 4335//3552 3918//3553 3473//3426
f 3473//3426 3918//3553 1766//3465
f 1761//3446 1073//3494 3919//3554
f 4775//3368 1780//3555 1756//3507
f 2639//3508 3943//3556 3460//3271
f 1064//3403 3445//3080 3460//3271
f 4776//3406 2206//3557 4339//3529
f 1767//3408 3057//3532 1058//3430
f 3057//3532 1767//3408 2636//3511
f 1075//3558 1095//3531 3475//3559
f 1042//3432 1777//3560 3915//3412
f 3050//3212 2601//3084 1076//3561
f 4792//3562 3820//2832 3481//3024
f 1082//3563 3467//3516 3058//3564
f 4296//3300 1015//3301 3950//3565
f 3890//3476 3058//3564 2642//3534
f 2642//3534 2202//3536 3480//3535
f 3058//3564 2204//3474 1082//3563
f 2202//3536 3890//3476 3480//3535
f 3058//3564 2641//3515 2202//3536
f 1026//3501 1099//3500 2189//3566
f 1078//3567 2637//3435 1091//3568
f 1077//3518 1091//3568 2191//3438
f 2638//3519 1060//3436 4311//3375
f 1044//3439 1763//3331 1070//3569
f 4772//3441 4336//3570 1053//3479
f 4772//3441 3908//3457 4336//3570
f 1139//3502 1065//3571 3478//3284
f 1798//3385 945//3160 1778//3572
f 4323//3193 1086//3540 3891//3354
f 927//2990 3921//3539 928//2992
f 3474//3391 3907//3573 1046//3418
f 3458//3130 1036//3526 4295//2996
f 1008//3129 4773//3574 3067//3575
f 1063//3462 1056//3259 1783//3576
f 4313//3363 4324//3317 1784//3577
f 2207//3578 3049//3229 4308//3167
f 4780//3398 3916//3579 1088//3580
f 3916//3579 1769//3492 1779//3581
f 1779//3581 2196//3464 1761//3446
f 1094//3582 1089//3470 3906//3468
f 1012//3274 4750//3017 2210//3583
f 1753//3428 1786//3584 1069//3509
f 3466//3409 1068//3585 1753//3428
f 1075//3558 2203//3586 1095//3531
f 1096//3587 2197//3510 1024//3407
f 2635//3530 1090//3588 3475//3559
f 1777//3560 3475//3559 1090//3588
f 968//3275 3917//3472 2640//3512
f 983//3209 3495//3589 3466//3409
f 2640//3512 2633//3590 3912//3431
f 2644//3591 1781//3433 4334//3498
f 3025//3326 4777//3592 4343//3533
f 2633//3590 1113//3514 3014//3180
f 2204//3474 3058//3564 3890//3476
f 1091//3568 1085//3517 1084//3593
f 1091//3568 1077//3518 1078//3567
f 2201//3477 2637//3435 1078//3567
f 1053//3479 4336//3570 2211//3594
f 2620//3191 4307//3310 1093//3595
f 3907//3573 1045//3443 1798//3385
f 3888//3387 2645//3486 4783//3524
f 3928//3596 4765//3459 2630//3422
f 3472//3392 3913//3597 1768//3487
f 4344//3598 1066//3488 4342//3599
f 3892//3359 1768//3487 1066//3488
f 4790//3600 1776//3527 1772//3601
f 3446//3163 3901//3602 4337//3603
f 3446//3163 2205//3604 2190//3260
f 1056//3259 1782//3605 1783//3576
f 4324//3317 3037//3503 1784//3577
f 4308//3167 4778//3606 2207//3578
f 3056//3547 2646//3607 4794//3608
f 1087//3546 2646//3607 3056//3547
f 4318//3291 2208//3609 1765//3490
f 1071//3545 1126//3610 1087//3546
f 3931//3548 1029//3424 3865//3366
f 1761//3446 3919//3554 3914//3611
f 4782//3171 4352//3612 3906//3468
f 1049//3320 3054//3467 4795//3613
f 4795//3613 3922//3295 1049//3320
f 1156//3614 3922//3295 4795//3613
f 4320//3402 1787//3495 1011//3401
f 1012//3274 2210//3583 4326//3429
f 2636//3511 2198//3497 1090//3588
f 2651//3615 3477//3302 1081//3450
f 3467//3516 1082//3563 3077//3616
f 1100//3617 1114//3277 4331//3182
f 4785//3618 1084//3593 4317//3372
f 2191//3438 1091//3568 3483//3475
f 4779//3453 1092//3619 3925//3620
f 4353//3621 3476//3455 4330//3520
f 1054//3480 1759//3309 2222//3622
f 4779//3453 3478//3284 1065//3571
f 2199//3481 3903//3623 2648//3624
f 3871//3089 2620//3191 1093//3595
f 3479//3485 1776//3527 1103//3625
f 3928//3596 3913//3597 4765//3459
f 1768//3487 4342//3599 1066//3488
f 3055//2886 1008//3129 4345//3626
f 3056//3547 4794//3608 1109//3627
f 1105//3628 1116//3629 4780//3398
f 1088//3580 1105//3628 4780//3398
f 1779//3581 1761//3446 3914//3611
f 1155//3630 4782//3171 1766//3465
f 1073//3494 3914//3611 3919//3554
f 1067//3504 1074//3506 1785//3631
f 1128//3632 2200//3633 1089//3470
f 3943//3556 2639//3508 3066//3399
f 2180//3400 3066//3399 2639//3508
f 1064//3403 3460//3271 3943//3556
f 4325//3448 2653//3634 1791//3528
f 2203//3586 1075//3558 1786//3584
f 2226//3635 3068//3636 3466//3409
f 1774//3513 1090//3588 2198//3497
f 3896//2337 1114//3277 3829//2781
f 4787//3637 1043//3451 2189//3566
f 1082//3563 4340//3638 1084//3593
f 1070//3569 2638//3519 1044//3439
f 4779//3453 1065//3571 1092//3619
f 2215//3639 4788//3640 1052//3437
f 1054//3480 4789//3641 3908//3457
f 2657//3642 3062//3384 3039//3380
f 3059//3522 3891//3354 1120//3643
f 2647//3644 3053//3482 4322//3523
f 928//2992 3921//3539 3911//3525
f 1103//3625 1120//3643 1086//3540
f 4347//3645 2645//3486 3911//3525
f 3900//3444 1046//3418 1745//3421
f 1772//3601 4344//3598 3937//3646
f 1141//3647 1772//3601 3937//3646
f 1141//3647 4790//3600 1772//3601
f 1782//3605 1080//3394 4808//3541
f 2190//3260 2216//3648 3012//3316
f 4313//3363 1784//3577 3930//3649
f 1784//3577 3037//3503 2208//3609
f 1087//3546 3081//3650 1790//3651
f 3933//3652 1105//3628 1088//3580
f 990//3262 2187//3653 4351//3654
f 4333//3469 1118//3655 1074//3506
f 1073//3494 1134//3656 3914//3611
f 1094//3582 4361//3657 1089//3470
f 3929//3658 1095//3531 2203//3586
f 1058//3430 3057//3532 2206//3557
f 1082//3563 4785//3618 3077//3616
f 4785//3618 1082//3563 1084//3593
f 4340//3638 1082//3563 2204//3474
f 3483//3475 4340//3638 2204//3474
f 1794//3152 4296//3300 3950//3565
f 4340//3638 3483//3475 1091//3568
f 2211//3594 4336//3570 1106//3659
f 3065//3660 1102//3661 1789//3662
f 1106//3659 1102//3661 3065//3660
f 1108//3663 2176//2944 4757//3029
f 4336//3570 1789//3662 1107//3664
f 2212//3665 3903//3623 3476//3455
f 3920//3666 1092//3619 1065//3571
f 3038//3352 1775//3521 1164//3667
f 3936//3668 4767//3253 1079//3442
f 4322//3523 4793//3669 2647//3644
f 1086//3540 1120//3643 3891//3354
f 4783//3524 2645//3486 4796//3670
f 4345//3626 2630//3422 1047//3098
f 4790//3600 1103//3625 1776//3527
f 3458//3130 3884//3288 3496//3671
f 2207//3578 3484//3544 3049//3229
f 3484//3544 3932//3672 1773//3543
f 1109//3627 4794//3608 1122//3673
f 1109//3627 1125//3674 3056//3547
f 4338//3466 4781//3675 1116//3629
f 4341//3493 2649//3676 2213//3677
f 4791//3678 3906//3468 4352//3612
f 1156//3614 1780//3555 3922//3295
f 3057//3532 1095//3531 3929//3658
f 3068//3636 1068//3585 3466//3409
f 1096//3587 1024//3407 4801//3679
f 1096//3587 1111//3680 1770//3496
f 3917//3472 1111//3680 1186//3681
f 1112//3682 4334//3498 1051//3499
f 1793//3683 1099//3500 3925//3620
f 2655//3684 3925//3620 1092//3619
f 4330//3520 2638//3519 3923//3685
f 1102//3661 1101//3686 1070//3569
f 4798//3687 4353//3621 4330//3520
f 1106//3659 1107//3664 2211//3594
f 1101//3686 1106//3659 1802//3688
f 3065//3660 1107//3664 1106//3659
f 1802//3688 1107//3664 3065//3660
f 1106//3659 4336//3570 1802//3688
f 1796//3689 3903//3623 2212//3665
f 4786//3537 3038//3352 1164//3667
f 3926//3690 1139//3502 3059//3522
f 3927//3691 2236//3692 1771//3355
f 3067//3575 4345//3626 1008//3129
f 1063//3462 4346//3693 987//3102
f 2214//3694 4794//3608 2646//3607
f 1125//3674 4349//3695 3056//3547
f 2209//3549 1127//3696 4335//3552
f 3914//3611 1117//3697 1779//3581
f 2213//3677 3054//3467 4341//3493
f 3054//3467 2213//3677 3076//3698
f 1067//3504 1123//3699 4332//3505
f 1118//3655 1785//3631 1074//3506
f 4333//3469 3051//3471 1118//3655
f 1791//3528 1799//3700 4320//3402
f 3929//3658 2206//3557 3057//3532
f 1786//3584 1753//3428 4800//3701
f 4343//3533 3495//3589 983//3209
f 4334//3498 1112//3682 2644//3591
f 3064//3702 4777//3592 3924//3703
f 1016//3434 3477//3302 2651//3615
f 1099//3500 1135//3704 2189//3566
f 1100//3617 4331//3182 3032//3478
f 2638//3519 1070//3569 3923//3685
f 3486//3705 3061//3706 1083//3452
f 1101//3686 1115//3707 1070//3569
f 4813//3708 1108//3663 4757//3029
f 3908//3457 1802//3688 1789//3662
f 1108//3663 4799//3709 2176//2944
f 2176//2944 4799//3709 1764//3379
f 2648//3624 4354//3710 1775//3521
f 4786//3537 3927//3691 1771//3355
f 2236//3692 3887//3356 1771//3355
f 3913//3597 3928//3596 2230//3711
f 1150//3712 4344//3598 4342//3599
f 3496//3671 3884//3288 2643//3542
f 4348//3713 4809//3714 3930//3649
f 1784//3577 4348//3713 3930//3649
f 1803//3715 4794//3608 2214//3694
f 2208//3609 4348//3713 1784//3577
f 4348//3713 2208//3609 3040//3489
f 2646//3607 1087//3546 1790//3651
f 1125//3674 1109//3627 1122//3673
f 3916//3579 3073//3716 3933//3652
f 1156//3614 1134//3656 1780//3555
f 3051//3471 1110//3717 1118//3655
f 1792//3718 2210//3583 1788//3719
f 4343//3533 4777//3592 3064//3702
f 2644//3591 1112//3682 3924//3703
f 1819//3720 1112//3682 1051//3499
f 1113//3514 2633//3590 1815//3721
f 3050//3212 1076//3561 3957//3722
f 1099//3500 1793//3683 1135//3704
f 1802//3688 1115//3707 1101//3686
f 4764//3254 3062//3384 1202//3723
f 3887//3356 2236//3692 3921//3539
f 2230//3711 2217//3724 3913//3597
f 3913//3597 2217//3724 1173//3725
f 3060//3726 3905//3358 4774//3417
f 4790//3600 2650//3727 1103//3625
f 3075//3728 4345//3626 3067//3575
f 1036//3526 3458//3130 3496//3671
f 2205//3604 2216//3648 2190//3260
f 3930//3649 1795//3729 4313//3363
f 1783//3576 1153//3730 1063//3462
f 3932//3672 2207//3578 4778//3606
f 3484//3544 2207//3578 3932//3672
f 3040//3489 1773//3543 4360//3731
f 4351//3654 2187//3653 3488//3732
f 2231//3733 1785//3631 1118//3655
f 1797//3734 1024//3407 1167//3735
f 1167//3735 1024//3407 4326//3429
f 1024//3407 1797//3734 4801//3679
f 1111//3680 1096//3587 2658//3736
f 2658//3736 1096//3587 4801//3679
f 4787//3637 1081//3450 1043//3451
f 3925//3620 2652//3737 1793//3683
f 3925//3620 1800//3738 2652//3737
f 2652//3737 1800//3738 2218//3739
f 1083//3452 1137//3740 3486//3705
f 1092//3619 2219//3741 2655//3684
f 3061//3706 3486//3705 2222//3622
f 1802//3688 3069//3742 1115//3707
f 2222//3622 1802//3688 4789//3641
f 4789//3641 1054//3480 2222//3622
f 1173//3725 1172//3743 4342//3599
f 4342//3599 1172//3743 1150//3712
f 1150//3712 3937//3646 4344//3598
f 1745//3421 1130//3744 4808//3541
f 3910//3745 4359//3746 4337//3603
f 4313//3363 1795//3729 4784//3747
f 1783//3576 1782//3605 1153//3730
f 1142//3748 4350//3749 1104//3750
f 3930//3649 4809//3714 3491//3751
f 4348//3713 3040//3489 4809//3714
f 4349//3695 1125//3674 2221//3752
f 4338//3466 2228//3753 2187//3653
f 4338//3466 1116//3629 2228//3753
f 3933//3652 3073//3716 4356//3754
f 3916//3579 4797//3755 3073//3716
f 4366//3756 1127//3696 2209//3549
f 3938//3757 4797//3755 1117//3697
f 3938//3757 1134//3656 3074//3758
f 4804//3759 1067//3504 1133//3760
f 1133//3760 1067//3504 1785//3631
f 4819//3761 1156//3614 4795//3613
f 3494//3762 1068//3585 3068//3636
f 4800//3701 1068//3585 3494//3762
f 2659//3763 3495//3589 4343//3533
f 3481//3024 2651//3615 1806//3764
f 1005//3347 1187//3765 2146//2783
f 1015//3301 4792//3562 3950//3565
f 2224//3766 1800//3738 1147//3767
f 2655//3684 1800//3738 3925//3620
f 4355//3768 3490//3769 3935//3770
f 3935//3770 1136//3771 4355//3768
f 1115//3707 3069//3742 3486//3705
f 1115//3707 3486//3705 1137//3740
f 1764//3379 2234//3772 3033//3353
f 4799//3709 2234//3772 1764//3379
f 1139//3502 3926//3690 2223//3773
f 1120//3643 3926//3690 3059//3522
f 1798//3385 4365//3774 3907//3573
f 3907//3573 4365//3774 1046//3418
f 4796//3670 1151//3775 4783//3524
f 1103//3625 2650//3727 1120//3643
f 1046//3418 1130//3744 1745//3421
f 2630//3422 1124//3776 3928//3596
f 1141//3647 2650//3727 4790//3600
f 3910//3745 3060//3726 4359//3746
f 3932//3672 4360//3731 1773//3543
f 4349//3695 2221//3752 1126//3610
f 1116//3629 1105//3628 4356//3754
f 1105//3628 3933//3652 4356//3754
f 3958//3777 1072//3234 1154//3778
f 1131//3779 3488//3732 2187//3653
f 3482//3551 4366//3756 2209//3549
f 4366//3756 3482//3551 1204//3780
f 4797//3755 1132//3781 3073//3716
f 1155//3630 1766//3465 3918//3553
f 4797//3755 3938//3757 1132//3781
f 4352//3612 4782//3171 3934//3782
f 4819//3761 4795//3613 3076//3698
f 4791//3678 4352//3612 3485//3783
f 1118//3655 1110//3717 2231//3733
f 1166//3784 1110//3717 1128//3632
f 1144//3785 1128//3632 4361//3657
f 1788//3719 1064//3403 4370//3786
f 995//3276 1819//3720 1051//3499
f 1793//3683 2652//3737 3489//3787
f 1135//3704 1145//3788 2189//3566
f 1135//3704 1793//3683 1208//3789
f 3489//3787 2652//3737 2654//3790
f 4805//3791 3489//3787 3071//3792
f 3489//3787 4805//3791 1800//3738
f 3940//3793 2652//3737 1146//3794
f 2654//3790 2652//3737 3940//3793
f 3071//3792 1146//3794 2652//3737
f 2654//3790 3940//3793 3071//3792
f 2218//3739 3071//3792 2652//3737
f 4358//3795 4805//3791 4806//3796
f 4806//3796 4805//3791 2218//3739
f 1804//3797 2218//3739 4358//3795
f 4358//3795 1800//3738 4805//3791
f 1160//3798 2224//3766 1807//3799
f 2224//3766 2655//3684 1807//3799
f 1804//3797 1146//3794 4806//3796
f 4358//3795 4807//3800 1804//3797
f 4807//3800 1147//3767 1800//3738
f 1147//3767 2656//3801 2655//3684
f 2655//3684 2656//3801 1800//3738
f 3490//3769 1805//3802 1146//3794
f 3935//3770 3490//3769 1146//3794
f 1804//3797 1805//3802 3935//3770
f 2656//3801 1136//3771 3935//3770
f 4807//3800 2656//3801 3935//3770
f 2219//3741 4812//3803 2655//3684
f 1805//3802 3490//3769 4355//3768
f 1136//3771 2656//3801 1148//3804
f 4355//3768 1801//3805 1805//3802
f 4355//3768 1136//3771 1801//3805
f 1136//3771 1148//3804 3072//3806
f 1138//3807 4353//3621 4802//3808
f 3920//3666 1139//3502 3070//3809
f 2647//3644 1210//3810 1140//3483
f 3909//3419 4369//3811 4328//3538
f 3942//3812 4793//3669 3063//3813
f 1130//3744 1046//3418 4365//3774
f 3496//3671 2643//3542 1181//3814
f 1063//3462 1153//3730 4367//3815
f 3930//3649 3491//3751 1174//3816
f 3497//3817 1803//3715 2214//3694
f 1126//3610 2221//3752 1098//3818
f 3902//3550 1072//3234 3958//3777
f 4356//3754 3073//3716 1132//3781
f 1155//3630 3918//3553 4810//3819
f 1184//3820 1133//3760 1785//3631
f 2237//3821 3066//3399 1787//3495
f 3929//3658 1786//3584 1185//3822
f 4343//3533 3064//3702 2659//3763
f 1112//3682 3090//3823 3064//3702
f 2633//3590 2640//3512 1815//3721
f 3829//2781 3487//3824 1005//3347
f 1158//3825 1793//3683 3489//3787
f 4362//3826 1083//3452 3050//3212
f 3489//3787 4811//3827 1158//3825
f 1158//3825 4811//3827 1168//3828
f 3940//3793 4811//3827 3489//3787
f 4811//3827 2224//3766 1168//3828
f 2224//3766 1159//3829 1168//3828
f 1083//3452 4362//3826 1813//3830
f 4358//3795 3489//3787 2224//3766
f 3940//3793 3489//3787 4806//3796
f 1171//3831 4358//3795 2224//3766
f 3940//3793 1805//3802 1804//3797
f 1161//3832 1160//3798 1171//3831
f 1160//3798 1161//3832 4812//3803
f 1161//3832 1807//3799 4812//3803
f 1147//3767 1807//3799 2656//3801
f 1136//3771 4807//3800 1805//3802
f 1807//3799 1161//3832 2656//3801
f 1115//3707 1137//3740 2229//3833
f 1148//3804 1149//3834 1162//3835
f 1149//3834 3072//3806 1162//3835
f 3072//3806 1148//3804 1162//3835
f 3499//3836 1164//3667 4803//3837
f 1164//3667 4820//3838 4786//3537
f 2230//3711 3928//3596 2233//3839
f 4815//3840 4784//3747 1795//3729
f 1808//3841 4350//3749 1165//3842
f 4778//3606 2216//3648 3088//3843
f 3497//3817 2214//3694 1808//3841
f 1142//3748 1104//3750 1196//3844
f 1121//3845 1125//3674 1122//3673
f 3939//3846 4804//3759 1133//3760
f 4804//3759 3939//3846 3500//3847
f 1123//3699 4804//3759 3500//3847
f 3074//3758 1156//3614 3956//3848
f 4352//3612 3934//3782 1157//3849
f 3500//3847 4818//3850 1123//3699
f 4819//3761 3956//3848 1156//3614
f 3066//3399 2237//3821 3943//3556
f 1827//3851 4357//3852 1788//3719
f 2659//3763 3064//3702 3090//3823
f 2660//3853 1793//3683 1158//3825
f 1170//3854 1158//3825 1168//3828
f 1171//3831 1170//3854 1168//3828
f 1170//3854 1159//3829 1158//3825
f 1168//3828 1159//3829 1169//3855
f 1170//3854 4811//3827 3940//3793
f 4811//3827 1170//3854 1171//3831
f 1170//3854 3940//3793 3079//3856
f 3940//3793 1161//3832 3079//3856
f 1161//3832 3940//3793 1136//3771
f 1136//3771 1149//3834 1161//3832
f 1136//3771 3072//3806 1149//3834
f 1179//3857 1138//3807 4802//3808
f 2201//3477 1078//3567 4375//3858
f 4354//3710 1796//3689 1163//3859
f 1210//3810 2647//3644 2225//3860
f 3045//3861 3936//3668 1119//3862
f 4793//3669 2686//3863 2225//3860
f 1283//3864 1798//3385 1224//3865
f 1809//3866 1172//3743 1173//3725
f 3921//3539 2247//3867 3911//3525
f 1141//3647 2662//3868 2650//3727
f 4363//3869 4337//3603 4359//3746
f 2205//3604 4337//3603 4363//3869
f 2235//3870 4778//3606 3088//3843
f 1125//3674 1183//3871 2221//3752
f 2221//3752 3083//3872 1098//3818
f 3902//3550 1204//3780 3482//3551
f 3918//3553 4335//3552 1127//3696
f 3485//3783 3947//3873 4361//3657
f 1792//3718 3089//3874 1811//3875
f 2658//3736 4801//3679 1175//3876
f 1114//3277 1100//3617 1824//3877
f 4362//3826 3050//3212 3957//3722
f 1081//3450 1201//3878 2651//3615
f 1159//3829 4364//3879 1169//3855
f 1159//3829 4812//3803 1194//3880
f 3079//3856 1169//3855 1170//3854
f 3079//3856 3078//3881 4364//3879
f 1171//3831 3079//3856 4364//3879
f 3078//3881 3079//3856 1161//3832
f 3078//3881 1161//3832 3941//3882
f 1171//3831 4364//3879 1161//3832
f 3032//3478 1260//3883 1100//3617
f 1108//3663 4813//3708 3953//3884
f 1138//3807 1179//3857 3498//3885
f 1097//3886 1077//3518 1226//3887
f 1796//3689 1138//3807 4368//3888
f 4803//3837 4354//3710 1189//3889
f 2671//3890 4788//3640 2215//3639
f 3033//3353 2234//3772 4816//3891
f 4764//3254 4827//3892 1203//3893
f 1172//3743 1809//3866 4371//3894
f 1798//3385 1283//3864 4365//3774
f 1120//3643 2650//3727 1817//3895
f 4796//3670 2645//3486 4347//3645
f 1124//3776 2233//3839 3928//3596
f 4784//3747 4815//3840 1228//3896
f 1165//3842 1142//3748 2675//3897
f 2235//3870 1814//3898 3932//3672
f 1814//3898 4809//3714 4360//3731
f 3932//3672 1814//3898 4360//3731
f 3081//3650 1098//3818 3083//3872
f 4814//3899 3492//3900 4356//3754
f 4351//3654 3488//3732 3931//3548
f 4814//3899 1132//3781 1197//3901
f 3938//3757 1193//3902 1197//3901
f 3082//3903 3493//3904 3096//3905
f 1155//3630 4810//3819 3934//3782
f 3500//3847 3939//3846 4818//3850
f 4374//3906 1785//3631 2231//3733
f 4379//3907 4352//3612 1157//3849
f 3089//3874 1792//3718 4357//3852
f 1176//3908 1793//3683 2660//3853
f 1169//3855 2661//3909 1170//3854
f 2661//3909 3941//3882 1159//3829
f 3078//3881 3941//3882 2661//3909
f 3091//3910 1813//3830 4362//3826
f 2229//3833 1137//3740 1813//3830
f 4798//3687 2239//3911 4802//3808
f 2215//3639 2201//3477 3506//3912
f 1189//3889 3499//3836 4803//3837
f 3080//3913 4820//3838 3499//3836
f 2223//3773 1219//3914 1139//3502
f 1191//3915 4371//3894 1809//3866
f 1223//3916 1191//3915 2230//3711
f 1151//3775 4796//3670 3085//3917
f 1195//3918 2662//3868 1141//3647
f 1810//3919 3060//3726 4774//3417
f 1192//3920 1152//3921 3496//3671
f 1153//3730 1782//3605 3502//3922
f 1181//3814 2643//3542 4346//3693
f 1182//3923 1795//3729 1174//3816
f 1165//3842 2678//3924 1808//3841
f 3491//3751 1182//3923 1174//3816
f 2666//3925 1121//3845 3497//3817
f 3994//3926 3851//2809 2683//3927
f 3492//3900 3084//3928 2228//3753
f 2649//3676 3082//3903 3076//3698
f 4819//3761 3076//3698 3956//3848
f 1123//3699 3096//3905 3493//3904
f 1110//3717 1213//3929 2231//3733
f 3947//3873 3485//3783 1206//3930
f 3105//3931 1064//3403 3943//3556
f 3089//3874 4357//3852 1827//3851
f 2246//3932 1799//3700 1791//3528
f 1811//3875 3508//3933 1167//3735
f 4800//3701 3093//3934 1185//3822
f 2659//3763 2663//3935 3495//3589
f 2232//3936 2651//3615 1201//3878
f 2670//3937 2229//3833 1813//3830
f 4375//3858 1097//3886 1226//3887
f 2671//3890 1226//3887 4788//3640
f 2223//3773 1190//3938 1219//3914
f 2665//3939 4823//3940 4371//3894
f 4394//3941 1093//3595 4328//3538
f 1120//3643 1817//3895 2689//3942
f 1241//3943 1195//3918 1150//3712
f 4372//3944 1810//3919 4774//3417
f 1228//3896 3067//3575 4784//3747
f 4815//3840 1795//3729 1182//3923
f 2675//3897 1247//3945 1165//3842
f 2678//3924 1165//3842 1247//3945
f 2666//3925 3497//3817 1808//3841
f 2228//3753 3084//3928 1816//3946
f 3084//3928 3492//3900 4817//3947
f 1212//3948 3074//3758 3956//3848
f 3939//3846 1133//3760 1198//3949
f 4818//3850 3096//3905 1123//3699
f 4818//3850 3939//3846 1198//3949
f 2668//3950 1785//3631 4374//3906
f 3947//3873 1144//3785 4361//3657
f 2673//3951 1811//3875 3089//3874
f 3494//3762 3093//3934 4800//3701
f 1186//3681 1815//3721 3917//3472
f 3951//3952 1806//3764 2651//3615
f 1209//3953 1194//3880 1178//3954
f 1251//3955 1070//3569 1188//3956
f 3501//3957 4813//3708 1757//3348
f 4368//3888 1163//3859 1796//3689
f 1138//3807 3498//3885 4368//3888
f 2671//3890 2215//3639 3506//3912
f 1180//3958 4786//3537 4820//3838
f 2223//3773 3926//3690 2689//3942
f 4823//3940 2665//3939 1220//3959
f 2665//3939 4824//3960 3094//3961
f 1202//3723 4827//3892 4764//3254
f 2650//3727 2662//3868 1817//3895
f 2220//3484 4372//3944 4774//3417
f 1192//3920 3496//3671 1181//3814
f 1182//3923 1228//3896 4815//3840
f 4363//3869 3088//3843 2205//3604
f 3503//3962 3081//3650 3083//3872
f 4817//3947 1197//3901 2672//3963
f 1302//3964 1127//3696 4366//3756
f 1193//3902 3074//3758 2672//3963
f 1133//3760 2667//3965 1198//3949
f 1822//3966 2667//3965 1184//3820
f 1144//3785 1166//3784 1128//3632
f 3943//3556 2237//3821 3105//3931
f 1207//3967 2246//3932 2653//3634
f 2243//3968 3077//3616 4785//3618
f 3086//3969 4821//3970 2669//3971
f 4821//3970 3945//3972 2669//3971
f 3946//3973 4802//3808 2239//3911
f 1179//3857 4802//3808 1252//3974
f 1189//3889 1218//3975 3499//3836
f 3080//3913 3499//3836 4822//3976
f 4816//3891 1202//3723 2657//3642
f 4369//3811 4394//3941 4328//3538
f 2225//3860 2686//3863 3944//3977
f 2233//3839 1223//3916 2230//3711
f 2220//3484 1203//3893 4372//3944
f 4830//3978 2247//3867 2227//3979
f 3063//3813 1151//3775 3515//3980
f 1151//3775 2245//3981 3515//3980
f 1821//3982 3088//3843 4363//3869
f 1182//3923 1814//3898 1225//3983
f 1183//3871 3108//3984 2221//3752
f 1131//3779 1816//3946 3504//3985
f 4810//3819 3918//3553 1127//3696
f 3956//3848 3076//3698 3082//3903
f 1184//3820 2668//3950 2242//3986
f 1256//3987 4374//3906 1213//3929
f 1206//3930 3485//3783 1214//3988
f 1215//3989 3089//3874 1827//3851
f 1799//3700 3105//3931 2237//3821
f 3508//3933 4387//3990 1167//3735
f 3093//3934 1207//3967 1185//3822
f 1797//3734 1237//3991 1175//3876
f 3513//3992 1186//3681 1175//3876
f 1194//3880 3110//3993 2660//3853
f 3829//2781 1287//3994 3487//3824
f 4833//3995 3945//3972 4821//3970
f 4821//3970 3086//3969 4833//3995
f 4792//3562 1129//3996 1812//3997
f 4373//3998 4368//3888 3498//3885
f 3080//3913 4822//3976 3087//3999
f 3871//3089 1093//3595 4394//3941
f 1220//3959 3968//4000 4823//3940
f 1211//4001 1826//4002 1820//4003
f 1211//4001 2674//4004 1826//4002
f 1818//4005 2674//4004 1211//4001
f 1278//4006 1124//3776 3075//3728
f 3502//3922 4808//3541 3092//4007
f 4346//3693 4367//3815 1280//4008
f 2683//3927 3851//2809 1755//3423
f 3488//3732 3504//3985 2680//4009
f 1234//4010 1816//3946 3084//3928
f 2672//3963 3084//3928 4817//3947
f 2672//3963 1234//4010 3084//3928
f 2238//4011 3902//3550 3958//3777
f 1205//4012 1235//4013 1199//4014
f 1206//3930 4826//4015 3947//3873
f 1064//3403 3105//3931 1829//4016
f 1207//3967 2653//3634 3929//3658
f 1237//3991 1167//3735 4387//3990
f 1797//3734 1167//3735 1237//3991
f 2659//3763 1303//4017 2663//3935
f 1187//3765 3487//3824 1287//3994
f 4317//3372 1187//3765 1177//4018
f 1208//3789 1176//3908 2255//4019
f 2669//3971 2676//4020 3086//3969
f 3945//3972 1217//4021 1216//4022
f 1216//4022 4376//4023 3945//3972
f 3946//3973 3948//4024 2669//3971
f 1812//3997 3952//4025 4792//3562
f 2239//3911 3948//4024 3946//3973
f 2239//3911 3923//3685 1251//3955
f 3946//3973 4376//4023 4825//4026
f 3949//4027 4376//4023 4377//4028
f 4376//4023 3949//4027 4825//4026
f 3953//3884 4813//3708 4831//4029
f 3498//3885 1179//3857 4378//4030
f 1219//3914 1178//3954 3070//3809
f 3032//3478 3871//3089 3107//4031
f 1226//3887 2671//3890 1281//4032
f 1210//3810 3507//4033 1221//4034
f 1202//3723 4816//3891 1230//4035
f 1222//4036 1820//4003 2674//4004
f 1211//4001 1222//4036 3097//4037
f 3511//4038 1211//4001 3097//4037
f 3511//4038 1818//4005 1211//4001
f 1253//4039 1223//3916 2233//3839
f 1253//4039 2233//3839 1124//3776
f 3063//3813 3515//3980 3523//4040
f 3963//4041 1821//3982 4359//3746
f 1821//3982 2241//4042 3088//3843
f 2241//4042 1225//3983 2235//3870
f 2666//3925 1808//3841 2678//3924
f 1121//3845 2666//3925 1858//4043
f 1196//3844 1790//3651 3503//3962
f 1816//3946 1234//4010 1229//4044
f 2238//4011 1204//3780 3902//3550
f 1234//4010 2672//3963 1212//3948
f 3099//4045 2667//3965 3100//4046
f 1235//4013 3096//3905 1199//4014
f 4379//3907 1157//3849 3512//4047
f 3947//3873 4826//4015 1831//4048
f 4370//3786 1064//3403 1829//4016
f 2673//3951 3089//3874 4380//4049
f 1175//3876 1237//3991 3513//3992
f 1186//3681 1823//4050 1815//3721
f 1176//3908 2660//3853 3110//3993
f 3945//3972 4833//3995 1217//4021
f 1250//4051 3951//3952 2232//3936
f 2664//4052 4787//3637 2249//4053
f 3514//4054 4377//4028 4376//4023
f 4378//4030 4373//3998 3498//3885
f 1261//4055 1163//3859 4368//3888
f 4822//3976 1825//4056 3087//3999
f 4394//3941 3107//4031 3871//3089
f 3953//3884 3954//4057 4799//3709
f 3954//4057 2234//3772 4799//3709
f 1210//3810 2225//3860 3507//4033
f 1221//4034 3936//3668 1140//3483
f 1826//4002 2674//4004 3097//4037
f 1222//4036 1826//4002 3097//4037
f 1826//4002 1222//4036 3511//4038
f 3511//4038 1222//4036 1818//4005
f 1282//4058 1817//3895 2662//3868
f 3523//4040 3942//3812 3063//3813
f 3517//4059 3516//4060 1231//4061
f 1182//3923 1225//3983 1828//4062
f 3955//4063 2221//3752 1233//4064
f 2680//4009 3504//3985 1229//4044
f 3931//3548 3488//3732 2680//4009
f 1198//3949 2667//3965 3099//4045
f 1822//3966 2242//3986 2667//3965
f 1166//3784 1144//3785 3505//4065
f 2246//3932 1236//4066 1799//3700
f 3089//3874 1215//3989 4380//4049
f 1829//4016 3101//4067 4370//3786
f 1258//4068 3508//3933 2673//3951
f 4387//3990 3508//3933 4829//4069
f 1824//3877 1100//3617 1260//3883
f 2676//4020 2669//3971 3948//4024
f 3518//4070 1216//4022 1217//4021
f 2232//3936 1239//4071 1250//4051
f 3514//4054 3949//4027 4377//4028
f 4825//4026 3949//4027 1252//3974
f 4813//3708 3501//3957 4831//4029
f 1179//3857 1252//3974 4378//4030
f 3102//4072 3087//3999 3510//4073
f 3087//3999 3102//4072 3080//3913
f 4820//3838 3080//3913 3102//4072
f 2223//3773 2689//3942 1190//3938
f 3954//4057 4816//3891 2234//3772
f 3095//4074 4823//3940 3968//4000
f 3961//4075 1826//4002 3511//4038
f 1231//4061 3516//4060 3515//3980
f 1243//4076 1231//4061 3515//3980
f 3517//4059 1243//4076 3516//4060
f 1245//4077 1244//4078 1231//4061
f 1245//4077 1231//4061 1246//4079
f 3075//3728 1315//4080 1278//4006
f 1315//4080 3075//3728 3067//3575
f 4808//3541 1130//3744 3136//4081
f 1247//3945 1232//4082 1264//4083
f 1247//3945 2675//3897 2677//4084
f 1247//3945 1265//4085 2678//3924
f 3083//3872 3955//4063 3503//3962
f 3931//3548 1286//4086 2683//3927
f 3096//3905 1266//4087 1830//4088
f 1257//4089 1256//3987 1213//3929
f 1215//3989 1827//3851 1249//4090
f 1249//4090 1827//3851 3101//4067
f 2694//4091 3105//3931 1799//3700
f 4388//4092 1113//3514 1815//3721
f 4388//4092 1200//4093 1113//3514
f 1819//3720 1200//4093 4388//4092
f 2725//4094 1176//3908 3110//3993
f 1114//3277 1824//3877 1287//3994
f 1145//3788 3980//4095 2249//4053
f 2685//4096 2244//4097 3111//4098
f 3949//4027 3514//4054 1252//3974
f 1834//4099 2671//3890 3506//3912
f 1230//4035 4816//3891 3954//4057
f 1227//4100 3511//4038 3097//4037
f 3511//4038 1227//4100 1833//4101
f 4827//3892 1202//3723 1230//4035
f 2686//3863 3942//3812 3113//4102
f 2662//3868 1195//3918 3967//4103
f 1300//4104 2247//3867 4830//3978
f 2247//3867 1300//4104 4347//3645
f 1242//4105 4382//4106 3523//4040
f 3523//4040 3103//4107 1242//4105
f 4382//4106 1242//4105 3098//4108
f 3516//4060 1284//4109 3103//4107
f 3516//4060 3098//4108 1242//4105
f 2245//3981 2248//4110 3515//3980
f 3517//4059 3104//4111 1243//4076
f 3517//4059 1231//4061 4383//4112
f 3104//4111 1231//4061 1243//4076
f 2679//4113 4383//4112 1244//4078
f 1246//4079 2679//4113 1245//4077
f 3104//4111 1244//4078 1245//4077
f 3963//4041 1810//3919 4372//3944
f 1293//4114 1232//4082 2677//4084
f 3931//3548 2680//4009 1286//4086
f 1229//4044 1234//4010 1255//4115
f 1205//4012 3106//4116 1235//4013
f 2668//3950 4374//3906 1248//4117
f 4379//3907 4828//4118 1214//3988
f 4391//4119 1257//4089 1213//3929
f 1249//4090 3101//4067 4392//4120
f 1829//4016 4392//4120 3101//4067
f 2673//3951 4380//4049 1258//4068
f 3508//3933 1258//4068 4829//4069
f 3093//3934 3494//3762 1259//4121
f 3957//3722 1076//3561 2243//3968
f 2684//4122 2229//3833 1330//4123
f 1250//4051 2696//4124 1288//4125
f 3952//4025 3501//3957 3950//3565
f 1289//4126 2232//3936 1201//3878
f 1289//4126 2664//4052 1295//4127
f 4368//3888 1262//4128 3966//4129
f 3953//3884 4831//4029 3954//4057
f 2201//3477 4375//3858 4403//4130
f 2671//3890 4389//4131 1281//4032
f 2236//3692 1180//3958 1832//4132
f 1227//4100 1826//4002 4832//4133
f 3967//4103 1241//3943 3095//4074
f 1242//4105 3103//4107 2248//4110
f 2248//4110 1284//4109 1242//4105
f 3103//4107 3098//4108 2248//4110
f 1284//4109 4382//4106 3098//4108
f 3517//4059 4383//4112 2688//4134
f 1244//4078 3517//4059 2688//4134
f 3104//4111 1245//4077 2688//4134
f 2688//4134 1245//4077 2679//4113
f 1292//4135 1828//4062 1225//3983
f 2241//4042 1292//4135 1225//3983
f 1247//3945 1264//4083 1265//4085
f 1229//4044 1255//4115 1254//4136
f 1830//4088 1212//3948 3956//3848
f 3099//4045 3106//4116 1198//3949
f 4385//4137 2254//4138 3100//4046
f 1248//4117 2242//3986 2668//3950
f 4374//3906 4390//4139 1248//4117
f 3512//4047 4828//4118 4379//3907
f 4828//4118 1257//4089 4391//4119
f 1214//3988 4386//4140 1206//3930
f 4828//4118 4391//4119 4386//4140
f 1215//3989 1249//4090 4380//4049
f 3105//3931 3965//4141 1829//4016
f 2226//3635 1268//4142 3494//3762
f 1237//3991 2252//4143 3513//3992
f 2243//3968 1177//4018 1187//3765
f 4833//3995 3086//3969 1294//4144
f 1330//4123 2229//3833 2670//3937
f 1330//4123 2670//3937 4381//4145
f 2676//4020 3948//4024 1251//3955
f 3952//4025 1812//3997 1238//4146
f 1219//3914 3962//4147 1178//3954
f 1269//4148 1252//3974 3514//4054
f 1252//3974 1269//4148 4378//4030
f 3032//3478 3107//4031 1260//3883
f 3534//4149 1219//3914 1190//3938
f 3122//4150 3102//4072 1296//4151
f 1834//4099 4389//4131 2671//3890
f 1220//3959 1240//4152 2251//4153
f 2689//3942 1817//3895 3960//4154
f 1273//4155 1833//4101 1227//4100
f 1833//4101 2681//4156 3511//4038
f 2253//4157 4840//4158 1274//4159
f 2682//4160 4835//4161 4840//4158
f 4830//3978 2227//3979 2236//3692
f 2250//4162 4369//3811 1036//3526
f 4827//3892 4836//4163 1275//4164
f 1300//4104 1277//4165 4347//3645
f 1243//4076 2248//4110 3516//4060
f 3516//4060 2248//4110 3098//4108
f 3963//4041 4372//3944 1275//4164
f 1263//4166 1152//3921 1192//3920
f 2259//4167 1821//3982 3963//4041
f 2259//4167 2241//4042 1821//3982
f 1264//4083 1301//4168 1285//4169
f 1192//3920 1181//3814 4346//3693
f 1280//4008 3092//4007 1839//4170
f 4406//4171 1196//3844 3955//4063
f 1858//4043 2666//3925 4847//4172
f 1212//3948 3964//4173 1255//4115
f 3106//4116 1266//4087 1235//4013
f 3099//4045 3100//4046 2254//4138
f 4385//4137 2242//3986 1267//4174
f 4386//4140 1214//3988 4828//4118
f 1831//4048 4391//4119 3505//4065
f 4391//4119 1831//4048 4386//4140
f 4392//4120 4380//4049 1249//4090
f 4392//4120 2261//4175 4380//4049
f 4387//3990 2252//4143 1237//3991
f 3509//4176 1238//4146 1812//3997
f 1317//4177 1251//3955 1188//3956
f 3509//4176 1250//4051 1288//4125
f 3514//4054 3518//4070 1269//4148
f 3510//4073 1825//4056 1338//4178
f 1240//4152 1220//3959 3094//3961
f 1270//4179 3507//4033 3944//3977
f 3115//4180 3507//4033 1270//4179
f 1271//4181 3507//4033 3115//4180
f 1221//4034 1271//4181 1290//4182
f 1290//4182 1271//4181 1273//4155
f 1273//4155 1271//4181 3522//4183
f 1290//4182 1273//4155 1227//4100
f 1832//4132 1307//4184 2236//3692
f 3123//4185 2686//3863 1833//4101
f 3967//4103 1282//4058 2662//3868
f 4835//4161 2681//4156 4840//4158
f 2681//4156 1274//4159 4840//4158
f 1274//4159 4835//4161 2253//4157
f 3961//4075 4835//4161 3520//4186
f 2682//4160 2253//4157 4835//4161
f 3520//4186 2253//4157 2682//4160
f 1276//4187 2250//4162 1036//3526
f 4382//4106 1284//4109 3523//4040
f 2688//4134 2248//4110 3104//4111
f 1279//4188 2240//4189 2245//3981
f 2688//4134 4384//4190 4841//4191
f 2259//4167 1292//4135 2241//4042
f 1293//4114 1264//4083 1232//4082
f 2680//4009 3114//4192 4837//4193
f 1255//4115 3964//4173 1835//4194
f 4810//3819 1127//3696 3527//4195
f 1266//4087 2271//4196 1830//4088
f 3934//3782 3521//4197 4891//4198
f 2694//4091 3965//4141 3105//3931
f 1799//3700 1236//4066 2694//4091
f 1258//4068 3528//4199 4829//4069
f 4829//4069 3528//4199 4387//3990
f 3494//3762 2262//4200 1259//4121
f 1268//4142 2262//4200 3494//3762
f 1819//3720 3109//4201 3090//3823
f 1819//3720 4388//4092 3109//4201
f 2255//4019 1176//3908 1364//4202
f 3988//4203 1208//3789 2255//4019
f 2229//3833 2684//4122 1188//3956
f 3524//4204 3518//4070 1294//4144
f 1289//4126 1239//4071 2232//3936
f 3976//4205 4373//3998 4378//4030
f 3522//4183 4396//4206 3944//3977
f 1290//4182 1227//4100 4832//4133
f 4839//4207 4836//4163 3954//4057
f 1273//4155 3522//4183 3944//3977
f 3095//4074 3968//4000 2256//4208
f 2256//4208 3967//4103 3095//4074
f 3954//4057 4836//4163 4827//3892
f 3944//3977 2686//3863 4395//4209
f 3961//4075 4832//4133 1826//4002
f 3520//4186 1274//4159 1291//4210
f 2253//4157 3520//4186 1291//4210
f 1298//4211 2682//4160 3112//4212
f 1279//4188 2268//4213 2240//4189
f 4346//3693 2692//4214 1192//3920
f 3526//4215 1293//4114 2677//4084
f 2677//4084 1334//4216 3526//4215
f 2683//3927 1286//4086 2270//4217
f 3114//4192 1254//4136 1835//4194
f 1836//4218 4366//3756 1204//3780
f 1830//4088 3964//4173 1212//3948
f 3106//4116 2254//4138 1336//4219
f 1256//3987 1257//4089 4393//4220
f 4392//4120 1829//4016 3529//4221
f 2261//4175 3528//4199 1258//4068
f 1304//4222 3110//3993 1209//3953
f 2255//4019 3119//4223 3988//4203
f 4831//4029 3952//4025 1337//4224
f 1261//4055 1218//3975 1163//3859
f 3510//4073 1338//4178 1296//4151
f 1281//4032 1297//4225 1226//3887
f 1296//4151 2708//4226 3122//4150
f 3977//4227 4389//4131 1834//4099
f 1220//3959 2251//4153 3968//4000
f 4395//4209 1273//4155 3944//3977
f 3123//4185 1273//4155 3116//4228
f 2681//4156 3531//4229 1274//4159
f 4846//4230 1274//4159 3531//4229
f 3113//4102 2681//4156 2686//3863
f 1274//4159 3112//4212 1291//4210
f 1298//4211 3112//4212 1274//4159
f 1274//4159 4846//4230 1298//4211
f 2682//4160 2687//4231 3525//4232
f 3112//4212 2682//4160 1299//4233
f 1283//3864 1312//4234 4365//3774
f 1124//3776 3124//4235 1253//4039
f 1284//4109 2263//4236 3523//4040
f 2259//4167 3963//4041 2258//4237
f 4384//4190 1246//4079 2268//4213
f 1292//4135 2259//4167 1327//4238
f 3526//4215 4841//4191 1293//4114
f 2677//4084 2675//3897 1196//3844
f 1183//3871 1858//4043 3108//3984
f 1233//4064 3108//3984 3993//4239
f 3114//4192 2693//4240 4837//4193
f 2693//4240 1835//4194 3964//4173
f 3109//4201 1303//4017 3090//3823
f 3957//3722 2243//3968 2695//4241
f 4362//3826 1842//4242 3111//4098
f 2266//4243 3509//4176 1288//4125
f 3111//4098 1318//4244 3120//4245
f 3533//4246 3111//4098 3120//4245
f 4375//3858 1226//3887 1297//4225
f 3977//4227 1281//4032 4389//4131
f 3969//4247 3102//4072 3122//4150
f 1840//4248 3968//4000 2251//4153
f 2689//3942 3960//4154 2703//4249
f 1221//4034 4845//4250 1272//4251
f 1306//4252 3115//4180 4396//4206
f 3522//4183 1841//4253 4396//4206
f 4400//4254 4395//4209 3522//4183
f 4395//4209 3116//4228 1273//4155
f 4395//4209 1838//4255 3116//4228
f 4395//4209 4400//4254 1838//4255
f 2274//4256 4836//4163 4839//4207
f 2686//3863 3123//4185 4395//4209
f 1837//4257 1308//4258 4843//4259
f 2265//4260 4397//4261 4843//4259
f 3113//4102 1291//4210 2681//4156
f 3113//4102 2253//4157 1291//4210
f 2687//4231 2253//4157 3112//4212
f 3525//4232 1299//4233 1324//4262
f 1324//4262 3972//4263 3525//4232
f 3085//3917 1277//4165 1310//4264
f 1279//4188 3085//3917 1310//4264
f 1279//4188 4384//4190 2268//4213
f 4384//4190 1279//4188 4841//4191
f 3114//4192 1835//4194 2693//4240
f 2271//4196 3964//4173 1830//4088
f 4393//4220 1257//4089 4860//4265
f 4393//4220 4390//4139 1256//3987
f 3529//4221 3965//4141 2694//4091
f 3117//4266 4392//4120 3529//4221
f 3110//3993 1304//4222 2725//4094
f 2273//4267 1238//4146 3975//4268
f 4842//4269 2244//4097 2685//4096
f 3980//4095 3126//4270 2249//4053
f 1288//4125 2696//4124 2266//4243
f 2249//4053 3126//4270 1295//4127
f 1239//4071 1289//4126 2698//4271
f 4831//4029 1319//4272 3121//4273
f 3534//4149 1190//3938 2689//3942
f 2251//4153 1240//4152 3142//4274
f 1306//4252 4396//4206 4399//4275
f 4399//4275 4396//4206 1841//4253
f 3115//4180 1306//4252 4400//4254
f 3522//4183 3115//4180 4400//4254
f 4395//4209 3123//4185 1841//4253
f 4394//3941 4369//3811 1366//4276
f 4834//4277 1223//3916 1370//4278
f 3123//4185 3970//4279 1838//4255
f 1837//4257 1838//4255 3970//4279
f 1341//4280 4836//4163 2274//4256
f 2691//4281 2267//4282 1308//4258
f 3143//4283 1283//3864 1224//3865
f 3531//4229 2267//4282 2691//4281
f 4846//4230 3531//4229 4397//4261
f 1370//4278 1223//3916 1253//4039
f 2681//4156 1291//4210 4846//4230
f 1291//4210 3112//4212 4846//4230
f 2253//4157 1298//4211 4846//4230
f 2253//4157 4846//4230 3112//4212
f 1253//4039 3124//4235 1370//4278
f 4398//4284 1298//4211 2253//4157
f 1298//4211 3972//4263 2257//4285
f 2253//4157 3113//4102 4398//4284
f 2687//4231 1298//4211 3525//4232
f 1300//4104 4830//3978 3974//4286
f 3124//4235 1124//3776 3989//4287
f 2259//4167 2258//4237 1326//4288
f 1350//4289 2688//4134 4841//4191
f 3526//4215 1350//4289 4841//4191
f 1228//3896 1828//4062 2260//4290
f 1858//4043 3993//4239 3108//3984
f 2270//4217 1859//4291 2683//3927
f 3958//3777 4838//4292 2238//4011
f 4844//4293 1336//4219 2254//4138
f 1236//4066 1259//4121 2262//4200
f 1368//4294 1815//3721 1823//4050
f 1294//4144 2676//4020 1317//4177
f 1317//4177 1188//3956 2684//4122
f 2244//4097 4842//4269 4381//4145
f 2699//4295 2702//4296 2690//4297
f 1842//4242 1318//4244 3111//4098
f 1289//4126 1295//4127 3126//4270
f 1261//4055 1305//4298 1218//3975
f 4402//4299 1332//4300 3535//4301
f 1297//4225 1281//4032 3977//4227
f 4402//4299 3535//4301 3981//4302
f 1320//4303 3981//4302 3535//4301
f 2703//4249 3534//4149 2689//3942
f 1306//4252 4399//4275 1841//4253
f 1290//4182 4832//4133 2269//4304
f 3135//4305 1307//4184 1832//4132
f 4400//4254 1841//4253 3123//4185
f 3123//4185 1838//4255 4400//4254
f 3971//4306 2691//4281 1308//4258
f 4836//4163 1341//4280 2697//4307
f 1323//4308 4398//4284 3113//4102
f 2687//4231 4398//4284 1323//4308
f 2687//4231 1323//4308 1324//4262
f 3972//4263 1324//4262 1309//4309
f 1309//4309 1324//4262 4850//4310
f 1276//4187 1313//4311 2250//4162
f 1327//4238 2259//4167 1326//4288
f 1228//3896 1315//4080 3067//3575
f 3526//4215 1328//4312 1350//4289
f 1192//3920 2692//4214 1263//4166
f 1280//4008 1839//4170 2692//4214
f 1316//4313 3526//4215 1334//4216
f 4419//4314 2693//4240 3132//4315
f 2238//4011 1836//4218 1204//3780
f 3527//4195 1302//3964 2716//4316
f 4891//4198 3521//4197 3547//4317
f 4860//4265 1257//4089 3547//4317
f 1236//4066 1849//4318 2694//4091
f 2262//4200 1849//4318 1236//4066
f 3117//4266 3528//4199 2261//4175
f 1329//4319 2252//4143 3528//4199
f 2255//4019 1364//4202 3119//4223
f 1311//4320 1824//3877 1260//3883
f 1337//4224 1319//4272 4831//4029
f 4405//4321 4402//4299 3536//4322
f 4405//4321 1332//4300 1320//4303
f 1320//4303 3535//4301 3536//4322
f 3981//4302 3536//4322 4402//4299
f 3981//4302 4417//4323 3536//4322
f 4845//4250 1290//4182 1321//4324
f 1240//4152 4834//4277 3142//4274
f 3135//4305 1832//4132 3969//4247
f 2257//4285 4832//4133 3961//4075
f 1847//4325 2276//4326 1309//4309
f 1325//4327 1847//4325 1309//4309
f 1325//4327 4850//4310 1324//4262
f 1326//4288 2258//4237 2697//4307
f 1277//4165 1300//4104 3979//4328
f 1263//4166 1276//4187 1152//3921
f 2260//4290 1315//4080 1228//3896
f 1285//4169 4851//4329 4847//4172
f 4406//4171 1334//4216 2677//4084
f 3521//4197 3527//4195 1335//4330
f 3521//4197 1335//4330 3547//4317
f 4407//4331 2694//4091 1849//4318
f 1368//4294 1823//4050 1329//4319
f 1842//4242 4362//3826 3545//4332
f 1209//3953 3997//4333 1304//4222
f 3524//4204 1294//4144 4848//4334
f 3533//4246 3120//4245 4842//4269
f 3524//4204 1365//4335 3976//4205
f 1318//4244 2282//4336 3973//4337
f 2698//4271 2284//4338 2264//4339
f 1219//3914 3534//4149 3962//4147
f 4402//4299 3986//4340 3973//4337
f 1320//4303 1332//4300 3981//4302
f 4403//4130 4375//3858 1297//4225
f 1297//4225 3977//4227 4403//4130
f 3121//4273 1339//4341 2274//4256
f 3969//4247 3122//4150 3135//4305
f 4411//4342 3960//4154 1322//4343
f 2280//4344 1321//4324 2275//4345
f 4832//4133 2275//4345 1321//4324
f 1321//4324 2272//4346 4832//4133
f 3538//4347 4410//4348 3542//4349
f 3538//4347 1340//4350 1342//4351
f 1340//4350 3538//4347 3542//4349
f 1843//4352 3538//4347 1342//4351
f 1344//4353 1843//4352 1343//4354
f 2700//4355 1843//4352 1344//4353
f 1844//4356 2701//4357 1843//4352
f 4853//4358 3127//4359 1844//4356
f 4853//4358 3129//4360 3127//4359
f 3539//4361 3985//4362 4853//4358
f 4849//4363 3129//4360 3978//4364
f 1346//4365 1347//4366 3978//4364
f 3978//4364 1846//4367 4849//4363
f 1347//4366 1846//4367 3978//4364
f 2250//4162 4426//4368 4369//3811
f 3537//4369 2257//4285 1309//4309
f 1323//4308 1846//4367 1324//4262
f 4416//4370 1846//4367 1348//4371
f 1324//4262 1846//4367 4416//4370
f 3537//4369 1309//4309 1348//4371
f 1348//4371 1324//4262 1349//4372
f 1348//4371 2276//4326 4854//4373
f 1348//4371 1309//4309 2276//4326
f 4854//4373 1847//4325 1348//4371
f 1348//4371 1847//4325 1324//4262
f 1324//4262 1847//4325 1325//4327
f 3974//4286 4830//3978 1377//4374
f 1309//4309 2277//4375 1325//4327
f 2277//4375 1309//4309 1386//4376
f 2277//4375 4850//4310 1325//4327
f 3113//4102 2263//4236 1848//4377
f 1292//4135 1327//4238 4855//4378
f 1350//4289 1328//4312 2283//4379
f 1267//4174 1336//4219 4844//4293
f 3532//4380 1849//4318 3118//4381
f 2273//4267 3975//4268 2705//4382
f 2705//4382 2699//4295 2273//4267
f 1352//4383 4401//4384 3120//4245
f 2282//4336 1318//4244 1842//4242
f 1262//4128 3976//4205 1365//4335
f 1218//3975 2292//4385 1374//4386
f 1218//3975 1305//4298 2292//4385
f 1856//4387 2284//4338 2698//4271
f 1261//4055 3966//4129 3133//4388
f 4408//4389 3530//4390 3986//4340
f 3530//4390 3973//4337 3986//4340
f 1331//4391 1289//4126 1850//4392
f 4405//4321 4417//4323 3986//4340
f 1296//4151 1333//4393 2708//4226
f 4845//4250 1321//4324 2280//4344
f 2289//4394 4411//4342 1322//4343
f 4832//4133 2280//4344 2269//4304
f 2280//4344 2275//4345 2269//4304
f 4010//4395 4412//4396 3959//4397
f 2281//4398 4852//4399 3130//4400
f 1355//4401 2281//4398 3130//4400
f 4852//4399 3540//4402 1355//4401
f 1851//4403 4856//4404 3540//4402
f 3540//4402 4852//4399 1851//4403
f 1851//4403 4852//4399 4413//4405
f 4856//4404 1851//4403 3982//4406
f 1356//4407 4414//4408 1851//4403
f 4414//4408 1356//4407 3983//4409
f 3983//4409 1852//4410 4414//4408
f 4418//4411 1341//4280 2274//4256
f 1852//4410 4415//4412 1357//4413
f 3541//4414 3131//4415 1357//4413
f 1358//4416 3541//4414 1357//4413
f 3131//4415 1853//4417 3987//4418
f 1853//4417 3541//4414 3984//4419
f 3541//4414 1854//4420 3984//4419
f 3984//4419 1854//4420 1340//4350
f 1340//4350 1854//4420 4410//4348
f 3542//4349 1854//4420 1853//4417
f 4410//4348 1854//4420 3542//4349
f 1340//4350 4410//4348 4892//4421
f 3538//4347 4892//4421 4410//4348
f 1344//4353 1343//4354 2704//4422
f 2704//4422 1343//4354 4892//4421
f 1344//4353 2704//4422 2700//4355
f 1843//4352 2701//4357 2704//4422
f 2700//4355 2704//4422 3543//4423
f 3995//4424 1341//4280 3992//4425
f 1307//4184 1377//4374 4830//3978
f 1844//4356 3543//4423 3544//4426
f 1345//4427 3543//4423 2701//4357
f 4853//4358 3544//4426 3539//4361
f 3544//4426 3127//4359 3539//4361
f 3128//4428 3985//4362 3539//4361
f 1346//4365 3978//4364 3129//4360
f 3129//4360 3985//4362 1346//4365
f 4849//4363 1346//4365 3128//4428
f 4849//4363 1846//4367 1346//4365
f 1323//4308 1347//4366 1346//4365
f 1846//4367 1323//4308 1346//4365
f 1326//4288 2697//4307 3995//4424
f 4416//4370 3537//4369 1347//4366
f 1349//4372 4854//4373 4416//4370
f 3537//4369 4854//4373 2276//4326
f 2277//4375 1386//4376 1847//4325
f 1386//4376 1309//4309 3137//4429
f 2263//4236 1314//4430 1350//4289
f 1350//4289 2283//4379 1361//4431
f 3136//4081 4857//4432 3092//4007
f 2270//4217 4419//4314 1859//4291
f 1336//4219 1389//4433 2271//4196
f 3529//4221 1351//4434 3117//4266
f 3529//4221 4407//4331 1351//4434
f 4862//4435 1824//3877 1855//4436
f 1287//3994 1824//3877 4862//4435
f 4848//4334 4421//4437 3524//4204
f 4421//4437 1365//4335 3524//4204
f 2292//4385 1305//4298 1261//4055
f 1352//4383 3530//4390 4408//4389
f 3133//4388 3966//4129 1365//4335
f 1262//4128 1365//4335 3966//4129
f 1332//4300 3973//4337 2282//4336
f 4417//4323 1353//4438 3134//4439
f 1862//4440 3981//4302 1332//4300
f 1376//4441 4394//3941 1366//4276
f 4845//4250 4409//4442 1272//4251
f 1370//4278 3142//4274 4834//4277
f 2272//4346 4845//4250 2280//4344
f 2256//4208 1840//4248 2289//4394
f 3540//4402 4856//4404 4413//4405
f 1356//4407 3982//4406 3983//4409
f 3982//4406 1356//4407 4413//4405
f 4856//4404 3982//4406 4413//4405
f 3983//4409 3982//4406 2706//4443
f 4415//4412 3983//4409 2706//4443
f 4415//4412 2706//4443 1359//4444
f 2706//4443 1357//4413 1359//4444
f 1358//4416 1359//4444 3131//4415
f 3131//4415 3987//4418 1358//4416
f 1853//4417 1854//4420 3987//4418
f 2257//4285 1845//4445 2275//4345
f 2276//4326 1847//4325 3537//4369
f 1347//4366 1323//4308 1349//4372
f 3537//4369 1847//4325 1386//4376
f 1323//4308 1848//4377 1349//4372
f 1848//4377 1847//4325 4854//4373
f 3995//4424 1327//4238 1326//4288
f 4850//4310 3137//4429 1309//4309
f 1372//4446 1360//4447 4850//4310
f 1360//4447 1372//4446 3137//4429
f 1379//4448 2263//4236 1350//4289
f 2707//4449 1361//4431 1328//4312
f 1316//4313 1334//4216 3125//4450
f 1351//4434 4407//4331 2279//4451
f 1351//4434 1368//4294 1329//4319
f 1351//4434 2279//4451 1368//4294
f 3109//4201 1368//4294 2279//4451
f 2243//3968 4862//4435 2695//4241
f 4862//4435 2243//3968 1287//3994
f 3975//4268 2266//4243 1390//4452
f 3126//4270 3980//4095 3550//4453
f 4401//4384 1352//4383 4423//4454
f 3134//4439 1373//4455 4408//4389
f 4409//4442 3981//4302 1862//4440
f 1375//4456 3534//4149 2703//4249
f 3981//4302 1353//4438 4417//4323
f 1371//4457 3122//4150 2287//4458
f 3537//4369 1386//4376 2257//4285
f 3146//4459 1312//4234 1283//3864
f 3136//4081 1312//4234 2715//4460
f 4855//4378 1327//4238 3546//4461
f 3979//4328 1300//4104 3549//4462
f 2260//4290 1362//4463 1315//4080
f 2260//4290 1828//4062 2285//4464
f 1858//4043 4847//4172 4000//4465
f 1388//4466 3132//4315 3964//4173
f 2271//4196 4001//4467 3964//4173
f 4420//4468 1842//4242 3545//4332
f 4381//4145 4842//4269 1394//4469
f 1261//4055 3133//4388 2292//4385
f 4408//4389 1373//4455 1352//4383
f 1337//4224 1339//4341 1319//4272
f 4394//3941 1376//4441 3107//4031
f 2287//4458 3122//4150 2708//4226
f 4418//4411 2274//4256 1391//4470
f 1371//4457 3135//4305 3122//4150
f 4418//4411 3552//4471 1341//4280
f 2290//4472 2257//4285 1386//4376
f 3546//4461 3995//4424 3553//4473
f 4850//4310 2709//4474 1372//4446
f 1278//4006 1315//4080 2713//4475
f 1285//4169 1310//4264 4859//4476
f 3955//4063 1233//4064 2295//4477
f 3990//4478 1302//3964 1836//4218
f 3990//4478 2716//4316 1302//3964
f 1438//4479 1364//4202 1176//3908
f 1382//4480 2699//4295 2705//4382
f 1330//4123 1419//4481 2684//4122
f 1431//4482 1317//4177 2684//4122
f 4848//4334 1317//4177 1369//4483
f 2282//4336 4420//4468 3548//4484
f 1862//4440 2282//4336 3548//4484
f 3534//4149 1375//4456 4404//4485
f 3134//4439 1353//4438 3991//4486
f 4409//4442 1862//4440 3554//4487
f 3138//4488 3998//4489 2703//4249
f 2703//4249 4411//4342 3138//4488
f 1401//4490 1391//4470 2274//4256
f 1366//4276 4369//3811 4426//4368
f 3996//4491 2257//4285 2290//4472
f 2709//4474 4850//4310 1848//4377
f 2713//4475 3989//4287 1278//4006
f 1300//4104 3974//4286 3549//4462
f 3125//4450 2712//4492 1328//4312
f 3139//4493 4859//4476 1310//4264
f 1859//4291 1380//4494 3994//3926
f 3990//4478 2238//4011 4838//4292
f 2737//4495 1176//3908 2725//4094
f 4019//4496 2705//4382 1393//4497
f 3988//4203 3119//4223 3550//4453
f 2702//4296 2699//4295 4431//4498
f 3550//4453 1381//4499 3126//4270
f 4423//4454 1352//4383 1373//4455
f 2711//4500 2292//4385 3133//4388
f 3998//4489 1375//4456 2703//4249
f 1354//4501 3142//4274 2293//4502
f 4861//4503 1401//4490 1339//4341
f 2275//4345 1845//4445 4858//4504
f 1391//4470 3552//4471 4418//4411
f 1845//4445 4422//4505 1383//4506
f 4433//4507 3143//4283 1224//3865
f 1385//4508 1383//4506 4422//4505
f 3996//4491 1385//4508 4424//4509
f 1383//4506 1385//4508 3996//4491
f 2257//4285 3996//4491 3551//4510
f 2710//4511 1383//4506 2290//4472
f 2709//4474 3137//4429 1372//4446
f 2715//4460 1312//4234 3146//4459
f 3141//4512 1263//4166 1864//4513
f 3979//4328 3139//4493 1310//4264
f 1233//4064 3993//4239 2295//4477
f 1387//4514 1859//4291 4419//4314
f 1388//4466 4419//4314 3132//4315
f 4001//4467 2271//4196 1389//4433
f 1382//4480 2705//4382 4019//4496
f 1393//4497 2705//4382 1390//4452
f 4437//4515 2266//4243 2284//4338
f 1218//3975 1374//4386 1338//4178
f 3156//4516 1856//4387 1331//4391
f 4861//4503 1337//4224 3155//4517
f 1411//4518 3998//4489 3138//4488
f 2251//4153 2286//4519 4009//4520
f 2708//4226 1861//4521 2287//4458
f 3559//4522 1392//4523 4412//4396
f 1392//4523 1224//3865 3519//4524
f 1371//4457 1377//4374 3135//4305
f 1383//4506 4858//4504 1384//4525
f 2257//4285 1385//4508 1384//4525
f 4858//4504 4422//4505 1384//4525
f 4422//4505 2257//4285 1384//4525
f 1385//4508 4422//4505 4858//4504
f 2714//4526 3995//4424 3992//4425
f 3996//4491 4424//4509 3551//4510
f 3999//4527 1383//4506 2710//4511
f 1386//4376 3551//4510 4424//4509
f 1386//4376 4424//4509 2290//4472
f 1386//4376 2710//4511 3551//4510
f 2710//4511 2290//4472 4424//4509
f 1377//4374 3560//4528 3974//4286
f 2250//4162 1313//4311 2298//4529
f 1378//4530 3140//4531 1848//4377
f 3140//4531 1378//4530 1379//4448
f 1362//4463 2713//4475 1315//4080
f 1418//4532 4859//4476 1869//4533
f 1363//4534 1418//4532 4004//4535
f 4000//4465 3144//4536 1858//4043
f 3144//4536 2288//4537 3993//4239
f 1380//4494 3557//4538 3994//3926
f 3994//3926 3557//4538 4838//4292
f 4001//4467 1388//4466 3964//4173
f 1311//4320 3151//4539 1824//3877
f 3997//4333 1396//4540 1304//4222
f 1338//4178 1374//4386 2719//4541
f 2717//4542 3107//4031 1376//4441
f 3558//4543 3145//4544 1354//4501
f 3554//4487 4863//4545 4409//4442
f 1840//4248 2251//4153 4009//4520
f 3559//4522 4412//4396 4010//4395
f 4428//4546 2275//4345 4858//4504
f 1371//4457 2291//4547 1377//4374
f 4433//4507 1224//3865 3555//4548
f 4858//4504 1845//4445 1385//4508
f 4424//4509 1385//4508 2710//4511
f 2714//4526 3553//4473 3995//4424
f 1414//4549 3999//4527 2710//4511
f 3141//4512 2298//4529 1313//4311
f 1848//4377 3140//4531 2709//4474
f 4855//4378 3546//4461 2285//4464
f 2715//4460 1417//4550 4857//4432
f 1362//4463 2285//4464 1416//4551
f 1362//4463 2260//4290 2285//4464
f 3125//4450 3152//4552 2712//4492
f 1334//4216 3152//4552 3125//4450
f 3152//4552 1334//4216 4002//4553
f 2288//4537 2295//4477 3993//4239
f 3150//4554 4860//4265 3547//4317
f 1389//4433 1336//4219 4860//4265
f 1330//4123 4381//4145 1394//4469
f 1365//4335 1409//4555 2711//4500
f 2717//4542 1860//4556 3107//4031
f 4447//4557 2284//4338 3567//4558
f 3156//4516 3567//4558 1856//4387
f 3148//4559 3991//4486 1395//4560
f 1392//4523 3555//4548 1224//3865
f 3974//4286 3560//4528 1863//4561
f 2707//4449 3556//4562 1379//4448
f 4857//4432 1864//4513 2692//4214
f 3979//4328 3549//4462 3139//4493
f 2707//4449 2712//4492 3556//4562
f 3139//4493 1869//4533 4859//4476
f 1387//4514 3153//4563 1380//4494
f 1389//4433 3150//4554 4001//4467
f 1369//4483 1317//4177 1431//4482
f 3157//4564 3997//4333 4404//4485
f 4423//4454 1373//4455 4425//4565
f 4003//4566 1399//4567 3145//4544
f 3134//4439 3991//4486 4425//4565
f 4009//4520 2286//4519 4005//4568
f 4427//4569 4861//4503 3155//4517
f 2293//4502 3142//4274 1397//4570
f 1376//4441 1366//4276 3562//4571
f 1412//4572 3992//4425 3552//4471
f 1383//4506 3999//4527 4429//4573
f 3999//4527 2294//4574 4429//4573
f 2291//4547 3560//4528 1377//4374
f 2709//4474 3140//4531 1414//4549
f 1367//4575 3989//4287 2713//4475
f 3974//4286 1863//4561 3549//4462
f 3144//4536 4000//4465 4444//4576
f 3153//4563 1387//4514 1388//4466
f 1335//4330 4012//4577 3547//4317
f 4848//4334 1398//4578 1867//4579
f 3545//4332 3548//4484 4420//4468
f 2718//4580 4003//4566 3145//4544
f 3145//4544 3558//4543 2718//4580
f 1399//4567 4003//4566 3998//4489
f 4425//4565 3991//4486 3148//4559
f 3145//4544 1399//4567 4005//4568
f 1333//4393 2719//4541 1406//4581
f 3998//4489 1411//4518 1399//4567
f 4861//4503 4427//4569 1401//4490
f 4009//4520 2289//4394 1840//4248
f 1421//4582 2293//4502 1397//4570
f 3959//4397 4863//4545 4010//4395
f 3562//4571 1410//4583 1376//4441
f 1391//4470 4432//4584 3552//4471
f 3563//4585 1397//4570 1370//4278
f 4429//4573 2294//4574 1402//4586
f 2713//4475 1415//4587 1367//4575
f 1404//4588 1417//4550 2715//4460
f 3546//4461 1416//4551 2285//4464
f 3955//4063 2295//4477 1874//4589
f 3557//4538 1380//4494 3153//4563
f 3153//4563 1388//4466 4430//4590
f 2304//4591 3550//4453 3119//4223
f 1394//4469 1870//4592 1330//4123
f 3151//4539 4865//4593 1855//4436
f 1409//4555 4848//4334 1867//4579
f 3548//4484 3545//4332 1408//4594
f 1441//4595 1381//4499 3550//4453
f 4423//4454 3561//4596 4014//4597
f 2297//4598 1374//4386 3154//4599
f 2722//4600 4867//4601 2711//4500
f 2292//4385 3565//4602 3154//4599
f 1861//4521 1333//4393 1406//4581
f 4009//4520 4005//4568 2289//4394
f 2289//4394 4005//4568 3138//4488
f 1391//4470 1401//4490 4432//4584
f 2723//4603 1395//4560 2275//4345
f 4428//4546 2723//4603 2275//4345
f 1397//4570 3563//4585 1421//4582
f 3552//4471 4432//4584 1412//4572
f 4428//4546 1383//4506 3149//4604
f 3563//4585 1370//4278 1403//4605
f 3149//4604 1383//4506 4429//4573
f 1866//4606 2294//4574 1413//4607
f 2294//4574 1866//4606 1402//4586
f 1402//4586 1866//4606 4434//4608
f 4434//4608 4006//4609 1402//4586
f 3999//4527 4006//4609 4434//4608
f 1403//4605 1367//4575 1424//4610
f 1864//4513 1444//4611 3141//4512
f 1416//4551 3546//4461 3553//4473
f 1362//4463 1416//4551 1865//4612
f 2724//4613 3557//4538 3153//4563
f 2300//4614 2716//4316 3990//4478
f 4013//4615 3150//4554 4440//4616
f 2305//4617 1419//4481 4869//4618
f 4431//4498 1382//4480 2735//4619
f 1369//4483 1431//4482 1398//4578
f 1311//4320 3147//4620 3151//4539
f 2732//4621 2711//4500 1409//4555
f 3157//4564 4404//4485 1375//4456
f 1374//4386 2297//4598 2719//4541
f 1381//4499 4435//4622 1331//4391
f 3548//4484 1405//4623 3554//4487
f 1411//4518 4005//4568 1399//4567
f 3149//4604 2723//4603 4428//4546
f 1413//4607 4429//4573 1866//4606
f 1402//4586 4006//4609 4429//4573
f 4006//4609 1866//4606 4429//4573
f 1866//4606 4006//4609 2299//4624
f 1866//4606 2299//4624 4434//4608
f 3999//4527 2299//4624 4006//4609
f 1414//4549 2299//4624 3999//4527
f 2714//4526 1425//4625 3553//4473
f 1404//4588 3146//4459 2728//4626
f 1865//4612 1416//4551 1425//4625
f 2311//4627 3140//4531 3556//4562
f 1418//4532 1869//4533 4436//4628
f 4004//4535 4444//4576 4000//4465
f 4440//4616 3150//4554 3547//4317
f 4012//4577 4440//4616 3547//4317
f 3119//4223 1438//4479 2304//4591
f 1870//4592 1419//4481 1330//4123
f 1396//4540 3997//4333 3157//4564
f 3154//4599 1868//4629 2297//4598
f 3561//4596 4425//4565 3564//4630
f 3554//4487 1405//4623 4863//4545
f 4425//4565 3148//4559 4008//4631
f 1395//4560 4008//4631 3148//4559
f 2721//4632 2293//4502 1421//4582
f 4870//4633 4010//4395 4863//4545
f 3559//4522 4870//4633 1427//4634
f 3559//4522 1427//4634 1392//4523
f 2301//4635 2721//4632 1421//4582
f 1421//4582 3563//4585 2301//4635
f 4011//4636 2714//4526 1412//4572
f 4429//4573 1413//4607 2299//4624
f 3563//4585 1403//4605 1424//4610
f 1413//4607 2294//4574 2299//4624
f 4434//4608 2299//4624 2294//4574
f 1367//4575 1415//4587 1424//4610
f 3143//4283 4433//4507 3146//4459
f 1425//4625 4007//4637 2302//4638
f 2303//4639 1437//4640 3139//4493
f 1437//4640 1869//4533 3139//4493
f 4441//4641 1867//4579 1398//4578
f 1426//4642 1408//4594 1407//4643
f 3548//4484 1408//4594 1405//4623
f 2711//4500 2732//4621 2722//4600
f 2719//4541 2297//4598 1433//4644
f 1868//4629 3154//4599 3565//4602
f 1420//4645 4003//4566 2718//4580
f 2718//4580 3558//4543 1434//4646
f 1406//4581 2719//4541 1433//4644
f 4010//4395 4870//4633 3559//4522
f 4008//4631 1395//4560 2723//4603
f 3563//4585 1424//4610 2301//4635
f 1415//4587 2727//4647 1442//4648
f 4438//4649 4007//4637 2714//4526
f 2727//4647 1415//4587 2302//4638
f 4438//4649 2727//4647 2302//4638
f 1443//4650 2298//4529 1444//4611
f 4433//4507 1448//4651 3146//4459
f 1415//4587 1865//4612 2302//4638
f 4436//4628 1869//4533 1430//4652
f 4002//4553 4406//4171 1422//4653
f 4436//4628 1430//4652 4871//4654
f 4406//4171 1874//4589 1422//4653
f 4866//4655 3557//4538 2724//4613
f 2724//4613 3153//4563 4439//4656
f 3153//4563 4430//4590 4439//4656
f 2296//4657 4440//4616 2300//4614
f 1335//4330 2300//4614 4012//4577
f 2729//4658 3150//4554 4013//4615
f 1409//4555 4872//4659 2732//4621
f 4425//4565 4008//4631 3564//4630
f 1429//4660 4432//4584 1423//4661
f 1435//4662 2723//4603 3149//4604
f 2301//4635 1424//4610 1442//4648
f 1371//4457 1436//4663 2291//4547
f 1445//4664 4864//4665 2291//4547
f 1404//4588 1453//4666 1417//4550
f 4002//4553 1422//4653 3152//4552
f 4004//4535 1418//4532 4436//4628
f 4444//4576 2288//4537 3144//4536
f 4866//4655 4868//4667 3557//4538
f 3557//4538 4868//4667 2296//4657
f 2729//4658 4439//4656 3150//4554
f 4019//4496 2735//4619 1382//4480
f 1390//4452 4437//4515 1472//4668
f 1867//4579 4441//4641 2720//4669
f 1439//4670 1433//4644 1440//4671
f 2297//4598 1440//4671 1433//4644
f 2297//4598 1868//4629 1440//4671
f 1860//4556 2717//4542 1873//4672
f 1868//4629 3565//4602 4017//4673
f 2722//4600 2312//4674 4867//4601
f 2731//4675 3558//4543 2721//4632
f 1423//4661 1400//4676 4427//4569
f 2306//4677 1863//4561 3560//4528
f 3556//4562 3152//4552 2734//4678
f 1437//4640 1430//4652 1869//4533
f 4019//4496 1393//4497 4015//4679
f 4015//4679 1875//4680 4019//4496
f 4869//4618 1439//4670 2305//4617
f 4441//4641 1446//4681 3566//4682
f 3550//4453 2304//4591 1441//4595
f 1450//4683 2720//4669 4441//4641
f 1432//4684 3151//4539 3147//4620
f 2730//4685 3155//4517 4431//4498
f 1872//4686 1860//4556 1873//4672
f 4017//4673 3565//4602 2312//4674
f 2312//4674 3565//4602 4867//4601
f 2731//4675 1434//4646 3558//4543
f 2721//4632 4446//4687 2731//4675
f 1428//4688 2741//4689 2301//4635
f 1417//4550 1453//4666 1444//4611
f 1445//4664 2306//4677 3560//4528
f 4866//4655 1449//4690 4868//4667
f 4439//4656 2729//4658 4866//4655
f 1454//4691 3566//4682 1446//4681
f 1870//4592 1394//4469 2307//4692
f 1451//4693 4431//4498 2735//4619
f 4865//4593 3151//4539 1432//4684
f 1439//4670 1452//4694 1433//4644
f 3568//4695 2726//4696 3564//4630
f 1447//4697 1452//4694 3568//4695
f 3568//4695 3564//4630 1447//4697
f 1420//4645 4020//4698 4003//4566
f 4870//4633 1405//4623 4874//4699
f 1436//4663 1406//4581 4448//4700
f 4008//4631 2723//4603 1435//4662
f 3555//4548 1427//4634 2733//4701
f 1876//4702 4426//4368 1443//4650
f 1444//4611 1453//4666 3570//4703
f 4436//4628 4444//4576 4004//4535
f 4868//4667 1449//4690 2296//4657
f 1449//4690 4013//4615 4440//4616
f 1450//4683 1454//4691 2310//4704
f 1446//4681 1398//4578 4016//4705
f 2308//4706 1871//4707 2305//4617
f 2304//4591 4445//4708 1441//4595
f 1451//4693 2730//4685 4431//4498
f 1455//4709 3568//4695 1452//4694
f 1381//4499 1441//4595 4435//4622
f 1433//4644 1452//4694 1882//4710
f 3564//4630 4008//4631 3159//4711
f 1410//4583 1879//4712 1873//4672
f 1879//4712 1410//4583 4873//4713
f 4446//4687 2721//4632 2301//4635
f 4873//4713 3562//4571 1876//4702
f 2299//4624 1435//4662 3149//4604
f 4438//4649 2714//4526 4018//4714
f 1863//4561 2306//4677 3572//4715
f 4866//4655 2729//4658 1449//4690
f 1398//4578 4442//4716 4016//4705
f 1472//4668 4437//4515 4447//4557
f 1454//4691 4449//4717 2310//4704
f 4869//4618 1884//4718 1439//4670
f 2310//4704 4872//4659 1450//4683
f 2305//4617 3569//4719 2308//4706
f 4865//4593 1432//4684 1426//4642
f 2732//4621 4872//4659 1883//4720
f 3567//4558 1466//4721 4447//4557
f 1868//4629 4017//4673 1440//4671
f 2738//4722 2722//4600 2732//4621
f 2312//4674 2722//4600 2738//4722
f 1441//4595 4022//4723 4435//4622
f 3564//4630 3159//4711 1447//4697
f 1882//4710 4448//4700 1406//4581
f 1435//4662 3159//4711 4008//4631
f 2309//4724 4011//4636 1412//4572
f 1445//4664 2291//4547 1436//4663
f 3572//4715 2303//4639 1863//4561
f 2734//4678 2311//4627 3556//4562
f 2295//4477 4444//4576 1462//4725
f 4872//4659 2310//4704 1883//4720
f 4020//4698 1880//4726 3157//4564
f 2726//4696 3568//4695 1881//4727
f 1432//4684 3147//4620 1457//4728
f 1873//4672 1457//4728 1872//4686
f 1434//4646 2731//4675 1456//4729
f 1458//4730 1456//4729 2731//4675
f 3156//4516 4435//4622 4022//4723
f 4874//4699 4025//4731 4870//4633
f 4870//4633 4025//4731 4023//4732
f 1423//4661 4427//4569 4443//4733
f 1876//4702 4450//4734 4873//4713
f 4450//4734 1876//4702 1443//4650
f 3570//4703 2728//4626 4021//4735
f 2306//4677 1445//4664 3573//4736
f 1870//4592 2307//4692 1468//4737
f 2304//4591 1438//4479 4445//4708
f 2726//4696 4026//4738 4014//4597
f 1455//4709 1469//4739 3568//4695
f 4445//4708 4875//4740 1441//4595
f 4881//4741 1466//4721 3156//4516
f 1873//4672 1879//4712 4024//4742
f 1447//4697 1882//4710 1452//4694
f 2311//4627 2736//4743 2299//4624
f 1437//4640 2303//4639 4871//4654
f 4016//4705 4442//4716 4449//4717
f 4026//4738 2726//4696 1881//4727
f 1473//4744 2732//4621 1883//4720
f 1432//4684 1464//4745 1426//4642
f 2732//4621 4454//4746 2738//4722
f 1434//4646 1456//4729 1465//4747
f 1473//4744 4454//4746 2732//4621
f 2731//4675 4446//4687 1458//4730
f 4870//4633 4023//4732 2733//4701
f 1879//4712 4873//4713 4450//4734
f 1448//4651 1878//4748 4021//4735
f 4438//4649 3571//4749 2727//4647
f 1436//4663 1460//4750 1445//4664
f 4442//4716 1463//4751 4449//4717
f 1472//4668 4447//4557 3574//4752
f 1883//4720 2310//4704 1463//4751
f 4014//4597 4026//4738 2307//4692
f 4020//4698 1420//4645 1465//4747
f 1464//4745 4025//4731 1426//4642
f 4879//4753 3155//4517 2730//4685
f 1456//4729 1458//4730 2316//4754
f 3161//4755 1447//4697 3159//4711
f 1877//4756 4023//4732 1476//4757
f 2733//4701 4023//4732 1877//4756
f 1877//4756 1476//4757 1878//4748
f 1461//4758 1422//4653 4876//4759
f 1874//4589 2295//4477 1422//4653
f 1470//4760 1462//4725 1480//4761
f 2307//4692 2745//4762 1468//4737
f 2745//4762 2307//4692 4026//4738
f 1451//4693 2735//4619 3575//4763
f 2308//4706 2743//4764 1431//4482
f 1463//4751 1473//4744 1883//4720
f 3569//4719 1475//4765 2308//4706
f 4017//4673 2312//4674 1475//4765
f 1464//4745 1432//4684 1457//4728
f 1879//4712 4450//4734 4024//4742
f 4021//4735 1476//4757 4451//4766
f 1460//4750 1436//4663 4448//4700
f 4444//4576 4871//4654 1480//4761
f 1467//4767 2744//4768 3158//4769
f 4445//4708 3158//4769 2744//4768
f 2742//4770 4020//4698 2314//4771
f 2742//4770 2314//4771 2315//4772
f 2315//4772 2314//4771 1474//4773
f 4875//4740 4445//4708 2744//4768
f 2314//4771 4020//4698 1474//4773
f 1465//4747 1474//4773 4020//4698
f 1475//4765 3569//4719 4017//4673
f 2316//4754 1474//4773 1456//4729
f 1457//4728 4024//4742 1471//4774
f 4025//4731 1464//4745 4023//4732
f 1464//4745 1457//4728 1471//4774
f 1476//4757 1471//4774 4451//4766
f 4448//4700 1882//4710 4453//4775
f 1429//4660 4882//4776 2309//4724
f 2739//4777 2309//4724 4027//4778
f 4878//4779 3573//4736 1445//4664
f 2311//4627 2734//4678 2736//4743
f 1467//4767 2742//4770 2315//4772
f 1467//4767 2315//4772 2744//4768
f 4020//4698 2742//4770 1880//4726
f 3574//4752 4880//4780 1472//4668
f 2743//4764 4452//4781 4442//4716
f 2743//4764 2308//4706 4452//4781
f 1474//4773 2316//4754 2744//4768
f 4875//4740 1477//4782 4022//4723
f 2316//4754 1458//4730 4456//4783
f 3571//4749 4438//4649 4018//4714
f 2735//4619 2740//4784 3575//4763
f 1880//4726 2742//4770 1467//4767
f 4457//4785 4026//4738 1881//4727
f 2744//4768 2316//4754 4875//4740
f 4456//4783 4875//4740 2316//4754
f 2736//4743 2748//4786 2746//4787
f 1482//4788 4015//4679 1472//4668
f 4026//4738 4457//4785 2745//4762
f 4454//4746 1473//4744 4452//4781
f 3574//4752 1466//4721 2747//4789
f 4443//4733 4427//4569 4879//4753
f 4448//4700 4877//4790 1460//4750
f 4878//4779 1445//4664 1460//4750
f 4876//4759 2734//4678 1461//4758
f 1469//4739 4457//4785 1881//4727
f 4452//4781 1475//4765 4454//4746
f 4459//4791 4879//4753 2730//4685
f 1477//4782 1485//4792 4881//4741
f 2313//4793 2741//4689 1459//4794
f 4453//4775 4877//4790 4448//4700
f 3573//4736 3572//4715 2306//4677
f 4457//4785 1468//4737 2745//4762
f 4455//4795 1469//4739 1884//4718
f 2747//4789 1483//4796 3574//4752
f 1479//4797 2734//4678 4876//4759
f 4876//4759 1422//4653 2749//4798
f 4457//4785 4455//4795 1468//4737
f 4457//4785 1469//4739 4455//4795
f 1478//4799 4881//4741 1484//4800
f 2752//4801 2739//4777 4027//4778
f 2753//4802 1459//4794 3571//4749
f 3160//4803 3159//4711 2746//4787
f 2318//4804 1480//4761 3572//4715
f 1482//4788 1472//4668 4880//4780
f 4879//4753 4030//4805 4443//4733
f 1470//4760 1480//4761 2749//4798
f 1488//4806 1483//4796 2750//4807
f 1478//4799 1484//4800 3163//4808
f 1460//4750 4877//4790 4458//4809
f 2748//4786 1885//4810 2746//4787
f 2751//4811 4878//4779 4458//4809
f 1470//4760 2749//4798 1422//4653
f 1481//4812 2740//4784 1875//4680
f 1489//4813 4880//4780 1487//4814
f 4881//4741 1485//4792 1484//4800
f 2752//4801 2317//4815 3571//4749
f 4028//4816 1885//4810 2748//4786
f 2318//4804 3573//4736 2751//4811
f 1483//4796 1487//4814 3574//4752
f 1451//4693 3575//4763 4459//4791
f 4443//4733 4030//4805 4882//4776
f 2318//4804 4877//4790 3161//4755
f 3163//4808 1488//4806 2750//4807
f 1885//4810 2318//4804 3161//4755
f 3160//4803 1885//4810 3161//4755
f 4458//4809 4877//4790 2318//4804
f 2318//4804 2751//4811 4458//4809
f 1875//4680 4015//4679 1482//4788
f 1489//4813 4029//4817 1482//4788
f 3576//4818 4459//4791 3575//4763
f 2754//4819 1886//4820 1485//4792
f 1479//4797 2749//4798 1491//4821
f 3163//4808 2320//4822 1488//4806
f 1489//4813 1487//4814 3577//4823
f 3577//4823 1488//4806 1490//4824
f 3578//4825 3162//4826 2753//4802
f 2753//4802 3571//4749 2317//4815
f 1491//4821 1885//4810 4028//4816
f 3166//4827 4029//4817 3167//4828
f 4029//4817 3166//4827 1482//4788
f 2319//4829 4030//4805 4885//4830
f 1886//4820 2754//4819 3578//4825
f 2318//4804 1885//4810 1491//4821
f 3578//4825 2753//4802 3579//4831
f 3577//4823 3582//4832 1489//4813
f 3580//4833 3578//4825 3579//4831
f 1493//4834 2317//4815 2752//4801
f 3166//4827 3167//4828 2755//4835
f 3577//4823 1490//4824 3582//4832
f 2320//4822 1887//4836 1488//4806
f 1498//4837 1887//4836 2320//4822
f 3576//4818 4461//4838 4459//4791
f 1498//4837 2320//4822 4884//4839
f 4884//4839 4031//4840 2756//4841
f 2756//4841 3580//4833 4460//4842
f 1886//4820 3578//4825 4031//4840
f 4884//4839 1886//4820 4031//4840
f 3581//4843 2752//4801 3165//4844
f 4884//4839 2756//4841 1495//4845
f 4030//4805 4879//4753 4885//4830
f 3165//4844 2319//4829 3581//4843
f 1481//4812 1875//4680 2322//4846
f 1497//4847 1494//4848 4029//4817
f 1887//4836 3582//4832 1490//4824
f 1495//4845 1889//4849 4884//4839
f 4459//4791 4461//4838 4879//4753
f 2323//4850 4879//4753 4461//4838
f 3584//4851 1495//4845 2756//4841
f 3580//4833 3579//4831 1501//4852
f 3579//4831 2317//4815 1493//4834
f 1888//4853 3166//4827 2321//4854
f 1495//4845 2321//4854 1889//4849
f 1498//4837 4884//4839 1889//4849
f 1887//4836 1497//4847 3582//4832
f 4887//4855 3576//4818 1492//4856
f 2321//4854 1495//4845 1890//4857
f 1889//4849 2321//4854 1494//4848
f 2756//4841 4460//4842 3584//4851
f 4460//4842 1496//4858 3584//4851
f 1481//4812 2322//4846 1492//4856
f 3583//4859 1891//4860 3581//4843
f 1889//4849 1494//4848 1497//4847
f 1498//4837 1889//4849 1497//4847
f 4461//4838 3576//4818 4887//4855
f 1496//4858 1892//4861 3584//4851
f 1501//4852 1496//4858 3580//4833
f 3581//4843 1891//4860 1893//4862
f 1492//4856 4886//4863 4887//4855
f 4462//4864 2323//4850 4461//4838
f 4885//4830 1499//4865 3583//4859
f 3581//4843 1893//4862 1493//4834
f 1894//4866 1890//4857 3584//4851
f 4885//4830 2323//4850 4462//4864
f 2322//4846 1888//4853 1500//4867
f 2322//4846 4886//4863 1492//4856
f 1501//4852 1892//4861 1496//4858
f 1891//4860 3583//4859 2324//4868
f 1500//4867 1890//4857 1894//4866
f 4887//4855 4463//4869 4461//4838
f 1501//4852 1493//4834 1893//4862
f 4885//4830 4462//4864 1499//4865
f 1892//4861 1501//4852 4032//4870
f 1499//4865 2324//4868 3583//4859
f 1503//4871 4887//4855 4886//4863
f 1502//4872 4463//4869 4887//4855
f 4032//4870 1501//4852 1893//4862
f 1503//4871 4886//4863 1894//4866
f 1892//4861 4032//4870 1503//4871
f 4032//4870 1504//4873 1503//4871
f 1891//4860 2324//4868 4464//4874
f 4888//4875 4463//4869 1502//4872
f 4462//4864 3585//4876 1499//4865
f 4032//4870 1505//4877 1504//4873
f 4464//4874 1505//4877 4032//4870
f 4888//4875 1502//4872 1504//4873
f 1503//4871 1504//4873 1502//4872
f 1506//4878 2324//4868 1499//4865
f 4888//4875 3585//4876 4463//4869
f 1506//4878 4464//4874 2324//4868
f 4464//4874 1506//4878 1505//4877
f 4888//4875 1504//4873 1505//4877
f 1506//4878 3585//4876 4888//4875
f 1506//4878 4888//4875 1505//4877
f 2757//2 4465//1 4033//6
f 3587//12 4033//6 4465//1
f 2//5 4466//10 1//3
f 3586//8 2325//4 4//21
f 6//11 3587//12 4465//1
f 2//5 3//7 5//19
f 2//5 5//19 4467//9
f 3587//12 2326//16 7//13
f 2327//4879 1895//23 9//25
f 4034//36 7//13 1507//17
f 4//21 3168//14 8//22
f 1895//23 3169//32 4035//24
f 4035//24 11//30 4469//27
f 2327//4879 9//25 4470//35
f 1896//20 7//13 4034//36
f 3168//14 3170//31 8//22
f 3170//31 1895//23 2327//4879
f 2758//38 3171//29 4035//24
f 3170//31 3172//40 8//22
f 9//25 4469//27 14//34
f 3168//14 10//28 15//33
f 12//37 3171//29 13//46
f 3586//8 8//22 4036//15
f 1899//142 5//19 4468//18
f 3171//29 2758//38 13//46
f 4470//35 2760//48 2327//4879
f 4034//36 1897//26 4037//43
f 1510//42 1897//26 4467//9
f 3170//31 17//49 3172//40
f 3173//45 2758//38 15//33
f 2758//38 2759//52 13//46
f 18//47 16//41 12//37
f 2327//4879 2760//48 3170//31
f 1898//70 1511//104 19//57
f 1509//56 1898//70 19//57
f 2758//38 4038//68 2759//52
f 1900//86 1511//104 1898//70
f 4038//68 2758//38 3173//45
f 16//41 26//55 4472//44
f 14//34 4469//27 4472//44
f 19//57 1511//104 2331//62
f 3175//72 4474//60 22//59
f 4039//61 2328//65 22//59
f 1897//26 1510//42 1512//66
f 4471//51 2759//52 4038//68
f 3588//53 3172//40 17//49
f 1902//67 5//19 1899//142
f 1511//104 1900//86 3591//88
f 34//78 4474//60 3175//72
f 23//50 4472//44 2761//84
f 1900//86 1898//70 4475//90
f 4039//61 4474//60 2329//162
f 23//50 2761//84 28//74
f 4473//118 28//74 2761//84
f 4473//118 2761//84 29//98
f 4473//118 29//98 2762//97
f 2330//77 4040//131 3590//75
f 4041//80 21//58 2331//62
f 39//96 20//54 4038//68
f 4481//141 1508//39 4487//114
f 30//100 4473//118 2762//97
f 46//101 3590//75 4040//131
f 53//103 2331//62 1511//104
f 2765//120 24//69 3177//79
f 4481//141 4468//18 1508//39
f 27//85 29//98 2761//84
f 2329//162 4474//60 40//121
f 34//78 4480//123 4474//60
f 32//93 33//92 4476//113
f 4040//131 2330//77 1903//132
f 3592//172 1513//76 3590//75
f 44//151 34//78 3589//71
f 3593//112 4476//113 4483//139
f 28//74 4473//118 2334//119
f 4484//117 28//74 2334//119
f 2767//197 4478//99 3595//130
f 2771//235 1903//132 2330//77
f 1513//76 2771//235 2330//77
f 3590//75 2332//102 3592//172
f 1900//86 1515//160 37//87
f 2763//89 4482//239 4475//90
f 4041//80 2331//62 58//105
f 4041//80 59//161 2766//107
f 4479//108 31//81 36//146
f 48//91 2328//65 4485//82
f 1902//67 41//83 1510//42
f 4044//138 33//92 35//157
f 3592//172 52//199 1513//76
f 31//81 3176//106 1906//135
f 4474//60 1908//124 40//121
f 4480//123 34//78 44//151
f 2339//137 1901//94 49//126
f 1901//94 1514//136 2335//147
f 2335//147 35//157 33//92
f 1912//259 1902//67 1899//142
f 55//185 3598//184 3595//130
f 2771//235 1513//76 2768//236
f 52//199 2768//236 1513//76
f 4482//239 2763//89 2765//120
f 2329//162 40//121 38//122
f 50//204 49//126 4488//125
f 35//157 2335//147 3180//152
f 4477//115 4487//114 3588//53
f 55//185 3595//130 4042//129
f 3595//130 3598//184 2767//197
f 1903//132 2771//235 4490//218
f 4485//82 4039//61 4489//176
f 3180//152 1514//136 1907//164
f 45//154 51//166 3181//155
f 41//83 3173//45 1512//66
f 45//154 3179//156 4494//178
f 4483//139 4046//180 1905//128
f 2777//210 2767//197 3598//184
f 1905//128 1911//194 3183//183
f 4042//129 64//209 55//185
f 3592//172 2337//171 52//199
f 42//159 37//87 1515//160
f 60//177 1907//164 68//190
f 4487//114 62//169 1518//182
f 4057//173 47//149 143//200
f 1517//175 43//109 4051//174
f 61//168 3181//155 1910//189
f 4486//181 4044//138 3180//152
f 1899//142 4481//141 1912//259
f 2338//192 4486//181 3184//208
f 3178//127 4048//193 4047//191
f 1911//194 4046//180 3184//208
f 2772//186 55//185 64//209
f 2337//171 2332//102 72//170
f 65//202 1906//135 1908//124
f 65//202 1908//124 2770//150
f 49//126 50//204 2339//137
f 3182//195 4043//116 4500//246
f 4484//117 2334//119 77//234
f 2777//210 3594//143 2767//197
f 4492//237 4490//218 2771//235
f 4475//90 3185//238 1515//160
f 2770//150 44//151 3596//110
f 60//177 68//190 2776//258
f 69//284 3602//216 3180//152
f 4494//178 3179//156 94//229
f 3179//156 3603//207 2340//230
f 4043//116 39//96 4500//246
f 64//209 3182//195 3601//232
f 4477//115 2341//217 62//169
f 2347//144 72//170 46//101
f 2773//219 52//199 57//187
f 143//200 47//149 3192//211
f 58//105 78//220 59//161
f 63//145 59//161 78//220
f 4489//176 38//122 1517//175
f 4049//228 4494//178 84//276
f 69//284 3180//152 60//177
f 62//169 71//264 1518//182
f 2773//219 1515//160 3185//238
f 4493//240 3185//238 4482//239
f 74//221 4513//279 121//241
f 3186//223 3189//254 1915//268
f 4496//282 66//213 50//204
f 67//214 51//166 4053//244
f 3607//287 3184//208 3602//216
f 3600//198 120//305 2347//144
f 3604//266 4054//267 72//170
f 63//145 78//220 3605//405
f 4495//253 1519//255 3200//310
f 1904//111 3191//226 1909//163
f 66//213 76//256 68//190
f 99//273 3603//207 3187//205
f 69//284 60//177 88//285
f 3608//346 2349//248 2775//247
f 1914//265 2778//249 3604//266
f 1914//265 3604//266 2347//144
f 2768//236 52//199 2773//219
f 4493//240 2765//120 73//188
f 4055//206 3173//45 41//83
f 76//256 3197//322 93//4880
f 69//284 1913//286 3602//216
f 1521//327 1913//286 1520//283
f 2780//292 96//294 4056//298
f 3195//336 2345//299 91//303
f 154//429 4054//267 3604//266
f 143//200 3192//211 3610//430
f 122//281 65//202 2770//150
f 2783//308 3188//252 121//241
f 48//91 1916//348 3596//110
f 1920//321 80//314 2779//215
f 3599//179 4049//228 4053//244
f 2776//258 76//256 93//4880
f 95//263 1945//378 1518//182
f 1924//293 1917//300 90//290
f 4056//298 2352//380 2780//292
f 4058//333 1522//317 2346//295
f 1914//265 2347//144 3196//304
f 4059//318 154//429 3604//266
f 111//403 3600//198 86//278
f 3192//211 4054//267 154//429
f 1916//348 122//281 3596//110
f 3189//254 131//349 87//269
f 1519//255 4073//471 3199//309
f 2342//224 1915//268 3190//270
f 2774//243 98//353 2343//271
f 1910//189 98//353 2774//243
f 2354//260 4067//552 1912//259
f 4055//206 155//245 54//95
f 3201//262 81//277 3601//232
f 4062//407 96//294 89//291
f 4070//383 3202//302 1522//317
f 3195//336 4504//335 2345//299
f 111//403 120//305 3600//198
f 1919//508 1915//268 131//349
f 1915//268 87//269 131//349
f 1519//255 4502//311 4073//471
f 1920//321 99//273 80//314
f 3191//226 4497//165 3225//475
f 107//376 41//83 3609//227
f 94//229 2340//230 1931//325
f 4062//407 89//291 88//285
f 1935//331 77//234 101//148
f 1921//361 102//359 3203//440
f 117//344 1523//343 106//368
f 3196//304 3628//371 2775//247
f 3197//322 123//275 93//4880
f 3602//216 1913//286 1541//326
f 2358//379 2346//295 96//294
f 2352//380 1521//327 2780//292
f 2781//438 3203//440 102//359
f 124//381 4505//360 1921//361
f 114//388 113//386 1526//410
f 1525//413 115//389 3614//387
f 1925//390 4507//421 4063//364
f 2782//370 118//400 105//369
f 1523//343 4065//345 110//372
f 110//372 3619//428 106//368
f 4492//237 4501//306 4512//528
f 79//250 63//145 3605//405
f 2783//308 121//241 4076//506
f 3199//309 4073//471 2361//431
f 4496//282 4066//313 1547//474
f 2343//271 98//353 1920//321
f 4067//552 196//477 1912//259
f 3603//207 1931//325 2340//230
f 2797//479 2781//438 3613//358
f 1526//410 3203//440 4068//442
f 3204//409 1921//361 3203//440
f 1527//416 128//418 1925//390
f 1926//367 142//398 117//344
f 1528//399 118//400 4509//426
f 4513//279 2793//632 121//241
f 2361//431 3188//252 3616//307
f 1923//351 3199//309 2361//431
f 204//433 3606//242 3190//270
f 83//203 1909//163 3641//374
f 180//512 88//285 2776//258
f 2351//330 3201//262 3214//534
f 2344//288 4069//329 159//478
f 4510//436 71//264 1935//331
f 2788//446 1921//361 3204//409
f 169//485 1525//413 3614//387
f 136//488 148//452 3622//449
f 150//494 137//451 2355//417
f 1537//450 1938//455 2355//417
f 150//494 2355//417 1527//416
f 3206//462 129//460 1929//464
f 3615//394 4063//364 140//420
f 4075//466 142//398 4508//397
f 3196//304 120//305 3212//548
f 86//278 112//504 2787//404
f 4050//201 1930//319 3605//405
f 1915//268 1919//508 2370//510
f 1912//259 1954//476 3609//227
f 123//275 3197//322 92//355
f 94//229 1931//325 2357//261
f 3208//274 93//4880 123//275
f 3201//262 155//245 133//4881
f 4062//407 167//623 2358//379
f 2800//481 1917//300 1924//293
f 108//297 1535//439 56//196
f 1535//439 1941//513 4068//442
f 146//444 4068//442 1941//513
f 4519//484 115//389 1539//414
f 4506//412 3620//492 127//415
f 149//491 1537//450 148//452
f 1933//493 2790//453 1928//454
f 149//491 1938//455 1537//450
f 174//559 128//418 1938//455
f 4072//419 150//494 1927//391
f 129//460 138//458 1939//520
f 3205//423 129//460 2359//499
f 4507//421 4078//461 4524//497
f 130//422 3209//465 1929//464
f 3615//394 141//500 1530//395
f 2349//248 152//347 4059//318
f 79//250 3630//529 4513//279
f 131//349 165//509 1919//508
f 2786//324 4061//272 2795//435
f 3227//568 3623//377 2357//261
f 2776//258 93//4880 3208//274
f 166//554 133//4881 155//245
f 3214//534 3201//262 133//4881
f 1937//571 4505//360 124//381
f 145//536 4069//329 4504//335
f 103//334 4511//443 1542//604
f 4504//335 1536//384 147//535
f 2789//556 4070//383 103//334
f 3624//447 1918//338 4086//514
f 3632//490 148//452 2791//517
f 137//451 3215//626 3622//449
f 3216//705 150//494 4072//419
f 3206//462 161//539 1949//496
f 2356//424 1943//498 4075//466
f 1940//540 3206//462 3209//465
f 3629//547 120//305 112//504
f 4516//525 154//429 2806//593
f 176//527 1930//319 143//200
f 122//281 1916//348 4517//530
f 2786//324 158//4882 1931//325
f 158//4882 2357//261 1931//325
f 4510//436 2375//624 95//263
f 4071//385 4519//484 135//483
f 4519//484 1539//414 3638//745
f 168//579 2360//486 136//488
f 4081//685 136//488 1957//687
f 1525//413 169//485 4506//412
f 4515//468 3608//346 4082//545
f 3212//548 120//305 3629//547
f 3628//371 163//546 3212//548
f 112//504 86//278 171//505
f 186//526 143//200 3610//430
f 4513//279 3630//529 177//631
f 2793//632 4513//279 172//633
f 121//241 2793//632 4083//549
f 4076//506 121//241 164//550
f 2794//551 2354//260 1945//378
f 155//245 4055//206 4097//621
f 2357//261 158//4882 2796//567
f 167//623 1936//332 2358//379
f 2800//481 3211//482 3194//301
f 4505//360 1937//571 2362//441
f 2371//515 146//444 4521//602
f 168//579 136//488 4081//685
f 4074//489 3638//745 1539//414
f 136//488 3622//449 1957//687
f 3215//626 1957//687 3622//449
f 1947//518 2790//453 173//519
f 3216//705 1946//581 150//494
f 174//559 192//522 128//418
f 156//366 157//542 1944//584
f 157//542 142//398 4075//466
f 163//546 3628//371 171//505
f 177//631 172//633 4513//279
f 1951//566 3222//676 1534//434
f 155//245 4097//621 179//553
f 3208//274 3623//377 1546//569
f 1935//331 2797//479 4510//436
f 3223//657 124//381 2788//446
f 4080//558 3219//576 2365//606
f 1536//384 208//577 3631//575
f 3631//575 208//577 4080//558
f 4080//558 2363//578 160//537
f 3219//576 1942//516 168//579
f 3626//487 160//537 2363//578
f 3220//609 183//561 152//347
f 2798//543 2792//467 4525//562
f 4085//629 153//503 3618//402
f 144//350 4076//506 178//596
f 2361//431 3233//712 1916//348
f 4073//471 217//565 4087//511
f 2796//567 158//4882 2786//324
f 212//717 166//554 179//553
f 180//512 1546//569 4062//407
f 1948//533 1531//408 3230//796
f 3631//575 2365//606 2364//603
f 103//334 1542//604 199//557
f 1536//384 3624//447 208//577
f 169//485 1932//448 1554//625
f 3632//490 2791//517 191//580
f 192//522 200//583 4078//461
f 4526//587 3625//501 1953//727
f 152//347 4515//468 3220//609
f 2798//543 1953//727 3625//501
f 3212//548 3629//547 185//592
f 171//505 185//592 163//546
f 3630//529 3605//405 177//631
f 177//631 3605//405 1930//319
f 4083//549 3221//595 164//550
f 4527//564 131//349 4522//507
f 3635//619 1545//616 187//615
f 2796//567 2786//324 2795//435
f 133//4881 166//554 3214//534
f 166//554 3226//679 3214//534
f 4523//742 4521//602 213//573
f 2366//744 1554//625 2371//515
f 3632//490 182//691 3627//538
f 4530//725 1934//523 141//500
f 1960//611 3217//470 1540//469
f 2382//630 1930//319 176//527
f 4083//549 2807//758 3221//595
f 3637//614 3221//595 2807//758
f 3224//617 1545//616 4091//715
f 4066//313 219//864 1547//474
f 92//355 3648//598 1560//599
f 1955//719 179//553 4097//621
f 212//717 3226//679 166//554
f 4105//700 3623//377 3227//568
f 124//381 198//656 1937//571
f 245//605 4535//816 1542//604
f 2359//499 193//706 1943//498
f 1943//498 193//706 1551//586
f 4082//545 3636//694 4515//468
f 1544//524 2809//645 184//544
f 153//503 4085//629 4525//562
f 228//647 175//613 4512//528
f 202//594 2353//373 3229//670
f 3233//712 2799//531 1916//348
f 1945//378 2375//624 4531//837
f 4503//357 190//574 134//480
f 215//683 2365//606 3219//576
f 1542//604 4535//816 199//557
f 3650//689 2363//578 208//577
f 4074//489 1947//518 209//723
f 2823//643 3627//538 182//691
f 210//662 2359//499 1939//520
f 193//706 2359//499 211//663
f 194//591 3640//669 4090//589
f 205//649 4091//715 1545//616
f 1963//791 1547//474 219//864
f 3231//651 2796//567 2795//435
f 1541//326 4528//652 3213//356
f 189//639 2800//481 2803//773
f 2801//740 134//480 190//574
f 1947//518 173//519 209//723
f 3216//705 4072//419 3659//704
f 3228//607 4101//693 2802//664
f 4515//468 3636//694 3220//609
f 83//203 2368//636 2815//312
f 2374//677 1951//566 1543//473
f 1543//473 3234//697 2374//677
f 3227//568 2796//567 3231//651
f 207//654 3230//796 1531//408
f 4532//681 2803//773 2800//481
f 4521//602 4523//742 2371//515
f 4077//555 2784//445 1958//775
f 2784//445 2789//556 262//777
f 3215//626 3654//817 1957//687
f 2367//661 222//702 170//521
f 192//522 174//559 3639//692
f 3633//560 1934//523 3644//644
f 4082//545 216//708 3636//694
f 219//864 4066//313 3253//472
f 4514//354 3652//768 1543//473
f 4537//834 212//717 4540//716
f 3218//532 2378//678 2380//870
f 4529//637 3218//532 2380//870
f 3227//568 4093//699 4105//700
f 1546//569 3642//720 167//623
f 4532//681 4528//652 3236//738
f 1937//571 198//656 1962//655
f 4099//690 191//580 220//688
f 1944//584 157//542 2384//973
f 157//542 1551//586 2384//973
f 1934//523 4530//725 1566//782
f 3224//617 4091//715 224//713
f 4093//699 3231//651 4105//700
f 167//623 3642//720 225//739
f 4532//681 3236//738 229//772
f 4092//640 2377//722 1956//601
f 2816//799 189//639 2803//773
f 189//639 2816//799 1549//701
f 3638//745 2822//778 4519//484
f 3240//642 209//723 173//519
f 246//820 210//662 221//659
f 236//585 1944//584 2384//973
f 3245//749 1952//628 1555//726
f 1555//726 3636//694 216//708
f 1558//785 227//753 4089//668
f 4517//530 4536//733 3229//670
f 277//899 2370//510 165//509
f 237//734 4100//808 3238//674
f 4095//675 259//714 205//649
f 2840//597 67//214 2401//620
f 239//771 240//770 3235//650
f 3648//598 241//810 1560//599
f 3654//817 3215//626 1971//780
f 222//702 2367//661 250//746
f 1551//586 263//747 2384//973
f 4534//731 184//544 2809//645
f 4090//589 2806//593 195//563
f 3661//827 4525//562 4085//629
f 2805//860 228//647 3657//710
f 3651//695 2806//593 2379//757
f 186//526 3651//695 223//732
f 177//631 2387//788 172//633
f 2799//531 3233//712 2825//830
f 204//433 4104//832 1950//432
f 2812//794 3653//737 4088//622
f 3231//651 4529//637 1964//871
f 2419//836 214//638 2820//892
f 2820//892 214//638 2377//722
f 248//795 1948//533 3230//796
f 4523//742 213//573 235//797
f 4544//776 1552//658 4086//514
f 4533//666 252//845 4101//693
f 1555//726 268//783 3245//749
f 3637//614 2811//759 206//671
f 165//509 1968//672 277//899
f 1950//432 4104//832 217//565
f 1559//763 2388//789 4095//675
f 1969//735 260//900 2368//636
f 1961//765 3658//766 3247//888
f 4103//849 233//767 1961//765
f 3226//679 4114//904 3242//680
f 248//795 229//772 3236//738
f 229//772 3243//800 2803//773
f 2822//778 3638//745 257//818
f 247//893 2804//703 3659//704
f 2814//878 3246//844 2802//664
f 4530//725 3643//665 4110//748
f 2385//754 1976//826 185//592
f 2818//730 227//753 4108//848
f 4108//848 2806//593 2818//730
f 217//565 293//831 203//648
f 1961//765 3247//888 4103//849
f 4540//716 255//835 4537//834
f 4531//837 4107//698 1945//378
f 211//663 210//662 2813//842
f 231//729 2798//543 3661//827
f 254//910 223//732 2379//757
f 2819//863 2370//510 277//899
f 3247//888 3658//766 1564//887
f 256//872 234//812 3231//651
f 234//812 3257//873 4105//700
f 4084//653 2397//1021 235//797
f 3250//854 2801//740 190//574
f 3258//1023 1970//686 3654//817
f 209//723 3240//642 3261//875
f 2813//842 263//747 211//663
f 4552//940 4542//821 3245//749
f 1980//846 3252//877 4101//693
f 4102//627 226//752 2395//930
f 3634//610 281//859 1556//755
f 223//732 254//910 3241//711
f 3229//670 292//957 4538//787
f 2811//759 2807//758 2387//788
f 3248//884 4100//808 237//734
f 4109//790 2808//696 238//762
f 3254//936 4540//716 243//718
f 1567//811 1977//867 3653//737
f 1955//719 266//851 243//718
f 233//767 242//850 2378//678
f 3251//1349 257//818 2817//724
f 2826//841 220//688 1965//857
f 3659//704 236//585 1972//925
f 2802//664 4101//693 3252//877
f 251//822 4542//821 1973//896
f 4546//879 1558//785 2393//784
f 1572//945 2809//645 3644//644
f 265//861 2385//754 228//647
f 2821//809 4100//808 4111//913
f 260//900 2815//312 2368//636
f 255//835 3254//936 1563//866
f 255//835 4540//716 3254//936
f 2812//794 197//600 2419//836
f 244//814 1974//905 4531//837
f 3259//921 2381//815 2816//799
f 295//939 2804//703 247//893
f 3246//844 2814//878 297//926
f 252//845 3647//707 299//929
f 227//753 1966//824 4108//848
f 1984//898 2824//882 1967//756
f 1963//791 278//865 3645//764
f 4103//849 1564//887 3273//902
f 335//793 266//851 4097//621
f 270//869 271//890 2380//870
f 273//1016 3257//873 256//872
f 303//891 2377//722 1569//839
f 3259//921 3243//800 1562//838
f 3650//689 4544//776 2389//874
f 1568//1107 3639//692 2823//643
f 3245//749 268//783 305//942
f 2833//992 2393//784 3656//805
f 3664//978 4549//880 253//825
f 2382//630 3241//711 301//955
f 2387//788 3255//862 2811//759
f 276//956 2830//959 3255//862
f 4104//832 4096//634 2819//863
f 217//565 4104//832 293//831
f 269//901 3253//472 2815//312
f 239//771 1553//736 313//963
f 3645//764 278//865 318//918
f 1969//735 1977//867 285//916
f 3273//902 3256//868 242//850
f 4542//821 4552//940 267//895
f 2384//973 1972//925 236//585
f 251//822 2833//992 3656//805
f 272//994 268//783 2838//858
f 4549//880 2394//947 258//823
f 1556//755 2405//1003 3232//646
f 3271//1034 2387//788 2382//630
f 2828//988 1962//655 2390//774
f 3251//1349 2817//724 336//908
f 251//822 3263//897 2833//992
f 3644//644 1566//782 1572//945
f 4102//627 2395//930 289//806
f 2824//882 1981//1399 3703//881
f 291//981 265//861 2805//860
f 3255//862 2830//959 277//899
f 259//714 312//933 1557//761
f 2396//917 3273//902 1564//887
f 4114//904 3226//679 1576//935
f 2401//620 1560//599 2827//903
f 1986//1017 273//1016 256//872
f 4084//653 4551//966 2397//1021
f 244//814 4554//967 1974//905
f 286//938 1580//968 245//605
f 3250//854 1574//969 2832//1342
f 3660//876 3244//843 297//926
f 4110//748 200//583 2383//781
f 253//825 4563//977 3664//978
f 2809//645 346//997 309//847
f 4108//848 4577//951 4539//786
f 231//729 3661//827 2410//1029
f 265//861 280//952 1976//826
f 1981//1399 2824//882 1984//898
f 2405//1003 1556//755 2843//1031
f 2852//984 1995//1246 2388//789
f 1985//1040 284//915 269//901
f 1986//1017 256//872 271//890
f 2402//987 225//739 294//937
f 3260//970 230//840 2822//778
f 209//723 3261//875 336//908
f 1577//1200 3270//972 3262//941
f 4552//940 350//1068 3262//941
f 290//953 3667//1000 2403//999
f 291//981 290//953 265//861
f 3249//883 4538//787 292//957
f 4553//1008 277//899 4560//958
f 3674//960 3233//712 3287//1009
f 4118//983 232//760 1561//833
f 312//933 2388//789 1995//1246
f 3268//889 3668//985 1553//736
f 3256//868 3273//902 270//869
f 1986//1017 270//869 3273//902
f 1986//1017 271//890 270//869
f 3250//854 4555//990 2801//740
f 262//777 2837//1044 1958//775
f 2849//1106 3266//804 279//803
f 2823//643 3266//804 1568//1107
f 3666//975 275//927 3270//972
f 3664//978 307//1047 288//948
f 2394//947 2839//979 258//823
f 281//859 3276//1030 1556//755
f 2810//709 1582//1002 4085//629
f 2404//1006 3249//883 4558//4883
f 3249//883 292//957 311//1080
f 3674//960 4569//1036 2825//830
f 3269//906 3257//873 273//1016
f 2419//836 2820//892 3293//1019
f 4106//741 4098//721 374//1059
f 2381//815 3259//921 383//1089
f 1958//775 4116//1062 1574//969
f 1970//686 3258//1023 4547//801
f 1565//856 3646//743 4599//1061
f 3654//817 304//1022 3258//1023
f 338//1069 1577//1200 3262//941
f 306//976 268//783 1591//1027
f 288//948 2412//1048 2394//947
f 280//952 2403//999 3665//995
f 3667//1000 4562//1078 2403//999
f 282//980 331//1053 254//910
f 4559//1145 2408//1052 2404//1006
f 2404//1006 4558//4883 4559//1145
f 311//1080 4558//4883 3249//883
f 2835//885 4566//1084 316//932
f 1978//886 4118//983 2847//1039
f 4567//1015 266//851 360//1283
f 335//793 360//1283 266//851
f 3273//902 3671//1252 1986//1017
f 274//853 1614//1502 1569//839
f 235//797 3290//1020 3239//798
f 4579//1042 1562//838 4555//990
f 3660//876 1603//1132 222//702
f 344//1065 3270//972 320//1199
f 320//1199 3270//972 1577//1200
f 246//820 287//819 1579//1092
f 2383//781 3639//692 1568//1107
f 2412//1048 345//1074 2394//947
f 346//997 1572//945 353//1172
f 4564//1075 308//1050 3665//995
f 3698//950 4572//998 231//729
f 2411//1077 3667//1000 1570//1001
f 311//1080 4565//1079 4558//4883
f 315//1122 324//1035 2830//959
f 2413//1124 1583//1055 3248//884
f 2836//912 4117//1123 3248//884
f 316//932 4566//1084 3670//1125
f 4118//983 1557//761 4132//1010
f 1986//1017 3671//1252 2850//1018
f 2402//987 361//1058 4098//721
f 2848//1063 4561//802 1580//968
f 1982//944 3690//1097 299//929
f 2833//992 367//1138 2400//943
f 2394//947 345//1074 3275//1209
f 346//997 330//1116 309//847
f 4577//951 3288//1551 1984//898
f 231//729 2410//1029 3677//949
f 1984//898 2025//1400 1981//1399
f 332//1146 4559//1145 4558//4883
f 2831//914 4111//913 317//1085
f 325//1086 342//1102 318//918
f 359//1131 4119//1159 3273//902
f 2396//917 359//1131 3273//902
f 294//937 1996//1224 2402//987
f 230//840 326//1088 2390//774
f 230//840 3260//970 326//1088
f 4555//990 3250//854 2832//1342
f 337//1134 327//1066 344//1065
f 307//1047 3664//978 321//1049
f 346//997 353//1172 380//1212
f 331//1053 4121//1302 301//955
f 4559//1145 348//1147 2408//1052
f 1578//1007 2417//1149 4560//958
f 4550//911 2842//1037 1987//931
f 4117//1123 2836//912 333//1056
f 313//963 2015//1248 240//770
f 2827//903 1994//1161 2401//620
f 4115//1057 1994//1161 2827//903
f 1599//1103 273//1016 2850//1018
f 3269//906 1996//1224 294//937
f 1614//1502 303//891 1569//839
f 3675//1291 344//1065 320//1199
f 3252//877 1980//846 2860//1093
f 1585//1170 3282//1096 329//1046
f 2833//992 3676//1072 367//1138
f 1581//1139 4571//1140 307//1047
f 2410//1029 347//1214 3677//949
f 332//1146 4558//4883 4565//1079
f 276//956 314//1054 3673//1273
f 4560//958 355//1150 4553//1008
f 2399//961 4553//1008 3302//1151
f 1583//1055 2413//1124 2415//1179
f 4574//1247 317//1085 356//1152
f 397//1130 2396//917 2840//597
f 3668//985 3268//889 1598//1590
f 4119//1159 3692//1253 3273//902
f 4116//1062 362//1191 1574//969
f 4116//1062 2837//1044 362//1191
f 4122//1166 4123//1230 3682//1193
f 344//1065 4126//1168 337//1134
f 3666//975 3281//1067 3684//1110
f 3684//1110 3676//1072 2392//928
f 345//1074 1990//1073 377//1261
f 2841//1028 4563//977 351//1111
f 2003//1175 354//1177 3276//1030
f 4573//1178 1582//1002 3669//1051
f 381//1219 2847//1039 4118//983
f 356//1152 3670//1125 1592//1182
f 1592//1182 1588//1154 356//1152
f 1588//1154 3679//1183 4124//1155
f 2031//1186 240//770 2015//1248
f 325//1086 341//1013 4125//1438
f 2005//1162 3692//1253 4119//1159
f 3717//1105 1614//1502 274//853
f 4122//1166 363//1190 1975//855
f 4122//1166 4570//907 4123//1230
f 337//1134 1590//1167 384//1197
f 384//1197 3274//1091 3683//1133
f 3266//804 385//1203 1568//1107
f 1581//1139 2423//1235 1990//1073
f 345//1074 377//1261 3275//1209
f 2412//1048 307//1047 3696//1207
f 369//1208 4571//1140 2412//1048
f 1571//946 2428//1297 1572//945
f 2001//1240 389//1215 2410//1029
f 370//1303 310//1033 301//955
f 1987//931 2432//1180 293//831
f 2007//1278 2852//984 4112//962
f 356//1152 1588//1154 4574//1247
f 1592//1182 373//1221 3679//1183
f 334//1100 2845//986 4143//1249
f 1573//1011 1985//1040 412//1127
f 2437//1341 1593//1223 342//1102
f 3682//1193 1590//1167 3685//1195
f 1590//1167 4126//1168 3685//1195
f 344//1065 3675//1291 3685//1195
f 3274//1091 3695//1294 3281//1067
f 4127//1136 2409//1095 1607//1233
f 369//1208 2423//1235 4571//1140
f 2394//947 1997//1210 2839//979
f 321//1049 379//1114 2425//1211
f 1586//1173 1572//945 2428//1297
f 4564//1075 3286//1213 3277//1112
f 282//980 3678//1117 3279//1098
f 2408//1052 348//1147 4578//1216
f 354//1177 390//1272 1999//1143
f 1602//1118 2414//1120 4576//1336
f 355//1150 3302//1151 4553//1008
f 2859//1242 4129//1243 2413//1124
f 3287//1009 2432//1180 382//1126
f 459//1277 396//1245 2852//984
f 357//1101 1983//964 4130//1311
f 341//1013 2869//1250 4125//1438
f 3689//1226 2402//987 3688//1225
f 1574//969 403//1227 2832//1342
f 3717//1105 4547//801 349//1165
f 3251//1349 4134//1189 257//818
f 4580//1192 2422//1196 249//779
f 375//1318 1971//780 2855//971
f 320//1199 399//1351 3675//1291
f 1600//1292 2855//971 295//939
f 366//1109 365//1356 1972//925
f 4575//1206 1591//1027 4127//1136
f 1585//1170 339//1113 378//1236
f 1990//1073 392//1234 387//1260
f 2423//1235 368//1171 392//1234
f 368//1171 369//1208 1581//1139
f 2423//1235 369//1208 368//1171
f 3285//1115 2029//1326 1982//944
f 307//1047 2425//1211 352//1141
f 388//1267 1595//1237 346//997
f 3288//1551 2025//1400 1984//898
f 2867//1364 3703//881 1981//1399
f 3678//1117 2440//1402 3279//1098
f 2001//1240 1582//1002 410//1270
f 395//1218 2858//1083 3267//982
f 2413//1124 2851//1181 2426//1241
f 2859//1242 2426//1241 4129//1243
f 333//1056 2004//1275 2426//1241
f 4129//1243 2426//1241 2004//1275
f 3670//1125 382//1126 2432//1180
f 4133//1276 1592//1182 3670//1125
f 2449//1310 373//1221 1592//1182
f 341//1013 278//865 2869//1250
f 2005//1162 358//1188 2011//1314
f 2000//1104 3688//1225 1996//1224
f 1615//1287 1580//968 286//938
f 436//1384 2389//874 1575//1043
f 2856//1194 2009//1289 362//1191
f 4123//1230 3694//1288 2421//1229
f 1600//1292 295//939 408//1387
f 2870//1169 338//1069 350//1068
f 297//926 4142//1256 1594//1204
f 3684//1110 3281//1067 1612//1321
f 1581//1139 3696//1207 2423//1235
f 368//1171 352//1141 392//1234
f 4138//1324 2425//1211 379//1114
f 1586//1173 2428//1297 3301//1327
f 4577//951 2839//979 3697//1325
f 3698//950 3677//949 2014//1329
f 1998//1238 1595//1237 1597//1331
f 3291//1518 2411//1077 4578//1216
f 2429//1492 4121//1302 331//1053
f 390//1272 354//1177 433//1269
f 324//1035 2018//1369 3283//1148
f 3299//1153 2831//914 317//1085
f 2436//1407 372//1220 1589//1156
f 2401//620 3300//1284 4545//769
f 3692//1253 2006//1254 3671//1252
f 2000//1104 1599//1103 2450//1381
f 1584//989 2828//988 1991//1060
f 425//1348 2008//1317 349//1165
f 2389//874 436//1384 343//1024
f 4135//1198 399//1351 320//1199
f 338//1069 2870//1169 4140//1201
f 2398//924 3702//1355 2861//1319
f 3686//1045 2860//1093 386//1358
f 3282//1096 391//1258 2439//1418
f 4582//1457 3690//1097 2424//1137
f 1587//1142 2411//1077 3291//1518
f 3296//1271 390//1272 3297//1493
f 433//1269 3297//1493 390//1272
f 3691//1217 1999//1143 3701//1335
f 2858//1083 2872//1434 1993//1121
f 3298//1371 2858//1083 395//1218
f 4112//962 3299//1153 2007//1278
f 4148//1340 4567//1015 448//1282
f 2011//1314 3710//1379 2005//1162
f 1994//1161 1593//1223 4597//1160
f 2002//1164 1598//1590 3268//889
f 1596//1041 2002//1164 302//919
f 2865//1286 374//1059 3689//1226
f 2434//1344 406//1346 349//1165
f 407//1347 425//1348 2434//1344
f 2421//1229 3694//1288 2438//1386
f 2854//1064 2447//1770 1579//1092
f 2861//1319 2012//1353 4581//1354
f 455//1389 2398//924 365//1356
f 3676//1072 3684//1110 1612//1321
f 1607//1233 3282//1096 2439//1418
f 400//1360 387//1260 392//1234
f 4128//1259 2863//4884 4587//1361
f 4572//998 429//1298 4120//1174
f 388//1267 2420//1266 3294//1328
f 4572//998 401//1428 3706//1363
f 3703//881 2867//1364 4568//1032
f 331//1053 3279//1098 2429//1492
f 4576//1336 2414//1120 1613//1366
f 4152//1433 2010//1333 332//1146
f 4114//904 1576//935 4593//1410
f 3711//1343 2832//1342 403//1227
f 404//1345 405//1316 3304//1382
f 3261//875 1603//1132 2441//1479
f 2866//1388 2012//1353 4136//1320
f 4581//1354 415//1025 4136//1320
f 4581//1354 4586//1412 3702//1355
f 296//991 2460//1508 1609//1070
f 426//1357 2442//1450 409//1205
f 4127//1136 1608//1390 4575//1206
f 417//1391 3705//1421 427//1420
f 3277//1112 2877//1395 378//1236
f 2863//4884 4128//1259 428//1394
f 401//1428 4572//998 3698//950
f 2431//1301 438//1404 3700//1268
f 432//1337 394//1305 1602//1118
f 4585//1307 1613//1366 371//1144
f 4132//1010 402//1244 4144//1372
f 3299//1153 4574//1247 4614//1373
f 2433//1280 373//1221 421//1374
f 2874//1689 1576//935 357//1101
f 435//1409 2016//1313 397//1130
f 1614//1502 492//1315 303//891
f 3290//1020 3693//1447 3239//798
f 3694//1288 2848//1063 2020//1613
f 452//1352 376//1290 3675//1291
f 2855//971 454//1293 2021//1350
f 2438//1386 4602//1744 4139//1255
f 4586//1412 2866//1388 3702//1355
f 4581//1354 2012//1353 2866//1388
f 366//1109 4113//974 2462//1413
f 3707//1419 4137//1296 1989//1071
f 3690//1097 4582//1457 2860//1093
f 471//1425 3275//1209 377//1261
f 2871//1427 3314//1332 388//1267
f 3314//1332 3313//1429 1605//1330
f 419//1299 389//1215 1616//1430
f 4121//1302 2429//1492 370//1303
f 2455//1403 438//1404 2431//1301
f 2456//1462 3296//1271 3297//1493
f 3295//1365 2001//1240 4147//1465
f 4147//1465 2001//1240 410//1270
f 314//1054 3699//1306 3673//1273
f 4152//1433 332//1146 1993//1121
f 2011//1314 435//1409 3710//1379
f 435//1409 2023//1442 3710//1379
f 414//1562 2006//1254 3692//1253
f 3293//1019 3307//1471 2041//1830
f 424//1476 1615//1287 2865//1286
f 4579//1042 2480//1566 383//1089
f 2020//1613 2848//1063 1615//1287
f 3694//1288 2020//1613 2048//1478
f 296//991 1579//1092 2447//1770
f 4556//1108 385//1203 464//1484
f 417//1391 463//1415 3705//1421
f 2448//1542 386//1358 2860//1093
f 1610//1322 3676//1072 469//1486
f 2877//1395 3312//1423 391//1258
f 1604//1396 351//1111 1610//1322
f 4145//1459 4587//1361 2863//4884
f 2864//1362 2428//1297 444//1458
f 4145//1459 2428//1297 4587//1361
f 1587//1142 3291//1518 431//1460
f 3310//1494 394//1305 432//1337
f 2026//1788 2458//1370 2018//1369
f 3292//1184 3687//1279 3303//1375
f 412//1127 334//1100 3709//1408
f 2019//1187 4545//769 3300//1284
f 2002//1164 1596//1041 1626//1472
f 2397//1021 398//1444 3290//1020
f 2032//1532 2427//1383 2009//1289
f 4166//1477 343//1024 436//1384
f 2032//1532 2009//1289 376//1290
f 2849//1106 1611//1449 385//1203
f 2870//1169 409//1205 440//1451
f 4600//1453 1608//1390 416//1416
f 2860//1093 2454//1487 2448//1542
f 2035//1512 3713//1392 2878//1488
f 4137//1296 3707//1419 4153//1511
f 4145//1459 2863//4884 428//1394
f 445//1516 3706//1363 401//1428
f 2418//1239 3313//1429 2455//1403
f 3722//1491 3279//1098 420//1401
f 4585//1307 3701//1335 3719//1468
f 3687//1279 476//1470 3303//1375
f 3325//1380 3293//1019 2041//1830
f 3692//1253 2023//1442 414//1562
f 2451//1445 3689//1226 3309//1443
f 3304//1382 406//1346 425//1348
f 451//1534 304//1022 4141//1228
f 2048//1478 453//1836 2438//1386
f 4602//1744 3712//1411 4139//1255
f 385//1203 4594//1596 464//1484
f 1594//1204 4142//1256 3311//1539
f 2034//1509 4160//1422 3705//1421
f 4137//1296 4153//1511 2443//1424
f 428//1394 2443//1424 483//1602
f 4145//1459 428//1394 483//1602
f 2029//1326 2047//1575 2013//1262
f 444//1458 473//1549 2864//1362
f 518//1550 2025//1400 3288//1551
f 2025//1400 4156//1628 2867//1364
f 438//1404 1619//1581 2876//1463
f 4592//1464 3308//1461 3678//1117
f 3296//1271 3719//1468 3701//1335
f 3699//1306 434//1525 3673//1273
f 3302//1151 4151//1309 2475//1526
f 3721//1587 3289//1157 4588//1312
f 3668//985 1598//1590 1625//1529
f 467//1501 2006//1254 414//1562
f 4605//1691 1615//1287 424//1476
f 2032//1532 376//1290 452//1352
f 4600//1453 2024//1537 2442//1450
f 416//1416 2028//1257 4162//1598
f 3705//1421 441//1454 2034//1509
f 457//1541 465//1570 4589//1417
f 2424//1137 2013//1262 472//1514
f 3288//1551 4577//951 4598//1552
f 2871//1427 2463//1555 3314//1332
f 2888//1629 420//1401 2440//1402
f 1616//1430 3708//1431 3720//1556
f 4608//1654 521//1582 3708//1431
f 3291//1518 4578//1216 4627//1519
f 4592//1464 3321//1633 3308//1461
f 4144//1372 480//1665 2426//1241
f 421//1374 461//1527 476//1470
f 2869//1250 4158//1377 4125//1438
f 449//1528 4597//1160 4596//1378
f 1593//1223 4596//1378 4597//1160
f 3260//970 1637//1504 3716//1530
f 403//1227 2427//1383 502//1533
f 4166//1477 4131//1231 364//1090
f 385//1203 1611//1449 493//1594
f 463//1415 3311//1539 456//1483
f 3312//1423 2877//1395 487//1650
f 4601//1548 475//1679 4138//1324
f 1997//1210 437//1359 3697//1325
f 4149//1490 429//1298 4615//1604
f 430//1398 2463//1555 2871//1427
f 4146//1466 2456//1462 3719//1468
f 3708//1431 4147//1465 4608//1654
f 3699//1306 2030//1405 4604//1584
f 2051//1560 2868//1376 422//1281
f 4177//1607 2015//1248 3721//1587
f 1576//935 2874//1689 4593//1410
f 467//1501 414//1562 2045//1589
f 452//1352 4135//1198 539//1670
f 453//1836 3320//1804 2438//1386
f 3320//1804 4602//1744 2438//1386
f 2036//1414 418//1393 2038//1619
f 470//1571 2034//1509 466//1544
f 470//1571 4160//1422 2034//1509
f 483//1602 2443//1424 2046//1600
f 4582//1457 496//1546 504//1573
f 473//1549 4145//1459 4163//1603
f 3725//1578 4150//1397 473//1549
f 2435//1368 3305//1367 3723//1635
f 3316//1436 2426//1241 480//1665
f 480//1665 4144//1372 402//1244
f 4161//1608 4588//1312 1625//1529
f 3715//1440 2045//1589 414//1562
f 1991//1060 2446//1446 3332//1640
f 4600//1453 3328//1644 2024//1537
f 366//1109 2462//1413 4603//1538
f 482//1621 2880//1647 457//1541
f 1631//1648 4610//1777 418//1393
f 4153//1511 2453//1510 2046//1600
f 4595//1455 443//1489 4607//1601
f 517//1754 4154//1426 2017//1323
f 437//1359 536//1895 3697//1325
f 3725//1578 2463//1555 430//1398
f 4598//1552 3697//1325 536//1895
f 3321//1633 499//1660 490//1634
f 1632//1557 370//1303 523//1632
f 4604//1584 2030//1405 4611//1730
f 4613//1758 2458//1370 2026//1788
f 3299//1153 507//1666 459//1277
f 501//1685 3303//1375 476//1470
f 2045//1589 2019//1187 4165//1561
f 3726//1669 4135//1198 468//1481
f 2473//1802 468//1481 503//1616
f 2873//1448 2469//1671 1611//1449
f 495//1485 542//1540 2466//2190
f 494//1720 4600//1453 4162//1598
f 465//1570 2880//1647 4606//1622
f 2046//1600 514//1697 483//1602
f 2043//1545 484//1623 470//1571
f 505//1572 2881//1723 3317//1543
f 486//1626 471//1425 4607//1601
f 2883//1649 2035//1512 2878//1488
f 534//1699 443//1489 474//1576
f 3742//1652 517//1754 2017//1323
f 3308//1461 4612//1658 522//1701
f 4164//1659 2464//1657 490//1634
f 499//1660 3321//1633 4164//1659
f 4619//4885 490//1634 499//1660
f 2030//1405 3331//1558 4611//1730
f 3324//1683 3723//1635 434//1525
f 1633//1559 2026//1788 2018//1369
f 500//1664 2474//1585 3316//1436
f 2449//1310 458//1586 461//1527
f 4148//1340 448//1282 2051//1560
f 3280//1163 4593//1410 1606//1285
f 3337//1503 3717//1105 3732//1564
f 425//1348 304//1022 510//1614
f 4131//1231 4166//1477 2465//1766
f 2048//1478 2476//1937 453//1836
f 3724//1568 462//1507 4620//1742
f 4625//1597 2036//1414 4616//1620
f 512//1617 440//1451 1623//1618
f 4594//1596 2052//1645 482//1621
f 418//1393 4610//1777 478//1646
f 4163//1603 2891//1625 473//1549
f 2876//1463 1619//1581 479//1517
f 2464//1657 3321//1633 498//1661
f 480//1665 500//1664 3316//1436
f 1624//1662 2475//1526 4151//1309
f 501//1685 507//1666 3303//1375
f 1625//1529 1598//1590 4159//1591
f 3693//1447 3290//1020 398//1444
f 3711//1343 403//1227 1644//1713
f 502//1533 1644//1713 403//1227
f 2441//1479 3718//1480 2486//1717
f 2886//1775 4603//1538 2462//1413
f 2880//1647 4618//1778 4606//1622
f 483//1602 2901//1696 2891//1625
f 515//1724 504//1573 496//1546
f 3730//1727 3737//1631 522//1701
f 4619//4885 522//1701 490//1634
f 2050//1702 498//1661 490//1634
f 4619//4885 499//1660 2053//1705
f 1617//1498 4143//1249 586//2173
f 4130//1311 2868//1376 1639//1497
f 3714//1129 671//1637 4143//1249
f 4597//1160 449//1528 1622//1611
f 529//1708 491//1639 2045//1589
f 3309//1443 2472//1690 3728//1592
f 3332//1640 2446//1446 566//1831
f 510//1614 2892//1762 425//1348
f 468//1481 2489//1800 3726//1669
f 2042//1615 2021//1350 454//1293
f 4620//1742 462//1507 512//1617
f 4603//1538 4617//1674 365//1356
f 526//1721 484//1623 2043//1545
f 2039//1574 486//1626 4622//1753
f 535//1698 2047//1575 488//1577
f 475//1679 2896//1809 3742//1652
f 4615//1604 516//1700 488//1577
f 3315//1583 4608//1654 2885//1606
f 3739//1818 1628//1467 3719//1468
f 2429//1492 3722//1491 2483//1784
f 490//1634 522//1701 2471//1703
f 522//1701 4612//1658 2471//1703
f 490//1634 498//1661 3730//1727
f 522//1701 2050//1702 3730//1727
f 498//1661 2050//1702 3731//1704
f 4632//1729 3324//1683 4604//1584
f 439//1435 556//1636 633//1823
f 537//1731 2022//1274 3704//1308
f 2446//1446 326//1088 566//1831
f 425//1348 2903//1735 3304//1382
f 2899//1798 4166//1477 436//1384
f 4131//1231 2465//1766 1643//1692
f 2461//1593 2469//1671 4626//1672
f 1645//1945 2038//1619 478//1646
f 4610//1777 1631//1648 569//1884
f 2887//1725 4621//1747 3729//1676
f 544//1783 3722//1491 3734//1630
f 522//1701 4619//4885 2050//1702
f 3731//1704 3730//1727 1629//1655
f 4628//1785 4619//4885 2053//1705
f 1632//1557 523//1632 1640//1756
f 2872//1434 439//1435 2078//1822
f 4130//1311 1639//1497 577//1853
f 4158//1377 565//1760 1620//1588
f 4635//1687 3709//1408 2055//1667
f 2441//1479 1642//1738 530//1737
f 547//1838 4620//1742 512//1617
f 3712//1411 549//2079 2482//1719
f 4621//1747 526//1721 3729//1676
f 553//1746 2887//1725 3743//1748
f 3349//1867 1610//1322 469//1486
f 496//1546 3743//1748 515//1724
f 2035//1512 3342//1846 485//1513
f 3746//1844 505//1572 485//1513
f 2039//1574 536//1895 437//1359
f 3734//1630 2888//1629 3737//1631
f 4619//4885 4628//1785 2050//1702
f 4628//1785 4170//1786 2050//1702
f 2078//1822 506//1706 2872//1434
f 624//2026 4613//1758 2026//1788
f 411//1406 4157//1469 458//1586
f 1625//1529 528//1732 4161//1608
f 2928//1790 4159//1591 2002//1164
f 1626//1472 2928//1790 2002//1164
f 2048//1478 2020//1613 1634//1714
f 3327//1739 2441//1479 2486//1717
f 4645//1912 3322//1595 4625//1597
f 3712//1411 552//1743 549//2079
f 408//1387 548//1482 3785//1866
f 3741//1773 482//1621 4636//1745
f 4618//1778 2880//1647 3329//1694
f 4186//1779 1631//1648 3317//1543
f 2481//1751 2883//1649 2882//1624
f 3354//1922 505//1572 2909//2121
f 3725//1578 3334//1651 595//1812
f 3738//1752 536//1895 2039//1574
f 4175//1870 2463//1555 595//1812
f 2065//1950 3338//1579 518//1550
f 446//1523 3319//1495 3339//1819
f 2429//1492 2483//1784 584//1726
f 3730//1727 2053//1705 4170//1786
f 4170//1786 4628//1785 4629//1656
f 3744//1953 563//1728 2467//1682
f 4632//1729 3735//1684 3324//1683
f 1650//1825 461//1527 458//1586
f 1630//1707 507//1666 501//1685
f 491//1639 529//1708 2472//1690
f 3332//1640 2057//1832 545//1710
f 3357//1793 566//1831 326//1088
f 450//1475 3340//1795 424//1476
f 477//1668 3757//1858 4580//1192
f 2473//1802 2494//1803 4639//1860
f 2469//1671 4169//1716 4173//1769
f 548//1482 408//1387 455//1389
f 2893//1695 4618//1778 3329//1694
f 505//1572 3354//1922 2881//1723
f 4175//1870 3313//1429 2463//1555
f 479//1517 3313//1429 543//1815
f 520//1605 1660//1816 527//1653
f 2456//1462 1638//1781 2884//1681
f 585//1821 3730//1727 4170//1786
f 622//1954 3346//1973 497//1521
f 3744//1953 2467//1682 506//1706
f 2898//1850 1632//1557 3336//1757
f 2044//1524 4648//1956 3331//1558
f 500//1664 556//1636 2474//1585
f 2475//1526 576//1852 3343//1663
f 1635//1338 2906//2138 4157//1469
f 449//1528 2037//1499 1636//1761
f 2479//1500 3389//1875 538//1609
f 3340//1795 4624//1612 4605//1691
f 3740//1736 2480//1566 550//1856
f 2911//1797 1641//1880 3323//1567
f 2027//1505 4580//1192 3341//1859
f 2476//1937 2048//1478 606//1910
f 2465//1766 567//1799 531//1767
f 3736//1741 4620//1742 547//1838
f 560//2152 513//1673 1648//1806
f 3745//2086 1610//1322 3349//1867
f 3362//1886 2882//1624 484//1623
f 2049//1547 2054//1749 555//2049
f 2049//1547 555//2049 4601//1548
f 505//1572 2074//1845 2069//1890
f 2896//1809 562//1868 2905//1869
f 4598//1552 4647//1896 518//1550
f 2060//1680 1661//2090 2902//1898
f 4634//2302 2040//1522 3339//1819
f 3747//2061 4632//1729 4611//1730
f 2026//1788 4630//1787 624//2026
f 565//1760 3709//1408 508//1686
f 1636//1761 1620//1588 565//1760
f 4187//2065 2055//1667 2889//1688
f 2031//1186 2502//1827 2445//1439
f 545//1710 2057//1832 2949//2288
f 559//1764 4167//1712 1644//1713
f 2904//2074 1643//1692 531//1767
f 511//1642 1658//2040 2042//1615
f 551//1939 2447//1770 2854//1064
f 1648//1806 2072//1915 560//2152
f 560//2152 3741//1773 513//1673
f 1631//1648 4186//1779 616//1885
f 574//1842 553//1746 3743//1748
f 514//1697 2891//1625 2901//1696
f 2492//1887 484//1623 526//1721
f 2054//1749 1610//1322 3745//2086
f 3354//1922 592//1920 2881//1723
f 2882//1624 3362//1886 2481//1751
f 505//1572 3355//1889 2909//2121
f 562//1868 3344//1892 533//1810
f 4601//1548 632//1998 475//1679
f 3351//1996 534//1699 2495//1811
f 3342//1846 3746//1844 485//1513
f 2065//1950 518//1550 4647//1896
f 4634//2302 4641//1817 2040//1522
f 3346//1973 4629//1656 497//1521
f 4157//1469 2066//2098 458//1586
f 1650//1825 458//1586 2066//2098
f 4143//1249 671//1637 586//2173
f 4196//2031 1622//1611 587//1876
f 3756//1933 3326//1711 2903//1735
f 550//1856 2894//1531 4167//1712
f 551//1939 541//1771 2447//1770
f 2058//1768 4616//1620 561//1772
f 542//1540 2482//1719 2530//2191
f 2038//1619 1645//1945 4180//1916
f 4643//1776 3749//1944 478//1646
f 2490//1882 573//1942 3348//1883
f 574//1842 2490//1882 4171//1807
f 2466//2190 3361//1918 495//1485
f 2914//1888 486//1626 4174//1750
f 631//1971 4622//1753 486//1626
f 3334//1651 620//2235 595//1812
f 2905//1869 533//1810 3344//1892
f 2905//1869 3345//1891 533//1810
f 475//1679 632//1998 562//1868
f 4168//1814 2897//1848 519//1627
f 1635//1338 3343//1663 2906//2138
f 1621//1610 2445//1439 2502//1827
f 413//1339 423//1251 3374//2029
f 1606//1285 4593//1410 3359//2142
f 2041//1830 4226//1829 4650//2249
f 588//1791 2056//1473 1651//1958
f 3783//4886 680//2430 3337//1503
f 524//1565 4637//1794 1662//1959
f 477//1668 524//1565 1662//1959
f 559//1764 525//1715 589//2007
f 4178//1935 2899//1798 4642//1907
f 589//2007 525//1715 3762//1908
f 1643//1692 2904//2074 2059//1862
f 4645//1912 4625//1597 597//1940
f 4173//1769 2059//1862 571//1913
f 572//1943 3752//1987 573//1942
f 2530//2191 2466//2190 542//1540
f 494//1720 630//2116 590//1865
f 569//1884 2907//1991 4643//1776
f 2908//1946 4621//1747 4640//1841
f 592//1920 3350//1947 2470//1722
f 604//1972 3738//1752 4622//1753
f 604//1972 1659//2052 3738//1752
f 570//1897 2897//1848 4168//1814
f 3734//1630 2076//1999 544//1783
f 3763//1899 523//1632 584//1726
f 3761//1851 2099//2167 3336//1757
f 1656//1926 2458//1370 2912//2335
f 2496//1901 1671//2028 4635//1687
f 4593//1410 4197//1789 3359//2142
f 1652//1906 559//1764 589//2007
f 2954//2070 2916//1909 1634//1714
f 3758//1936 567//1799 4178//1935
f 2042//1615 1658//2040 2033//1535
f 4172//1805 4656//1837 644//2347
f 2072//1915 4173//1769 571//1913
f 2459//1536 408//1387 3375//2012
f 547//1838 590//1865 4185//1863
f 601//1967 3748//1966 1654//1964
f 568//2113 2893//1695 3329//1694
f 2879//1599 691//1992 3349//1867
f 591//2084 4186//1779 3350//1947
f 631//1971 486//1626 2914//1888
f 2956//1948 516//1700 2493//2054
f 3345//1891 562//1868 632//1998
f 2905//1869 3344//1892 2063//1894
f 2075//2024 4190//1813 575//1820
f 2075//2024 575//1820 3744//1953
f 3370//1975 3352//1955 506//1706
f 2889//1688 1617//1498 586//2173
f 1653//1979 2496//1901 2055//1667
f 4196//2031 3363//1877 1622//1611
f 3307//1471 2509//1903 4226//1829
f 1651//1958 2056//1473 2468//1474
f 3347//1904 2067//1981 579//1930
f 3347//1904 3353//1833 596//1980
f 3356//1834 579//1930 2067//1981
f 4183//1982 579//1930 3356//1834
f 3357//1793 1637//1504 2064//1983
f 558//1796 1641//1880 2911//1797
f 1657//1960 4652//2109 2489//1800
f 2904//2074 531//1767 2922//1984
f 2904//2074 3364//1914 2059//1862
f 3785//1866 3375//2012 408//1387
f 2913//1963 601//1967 600//1969
f 572//1943 601//1967 602//1986
f 3748//1966 602//1986 3752//1987
f 3748//1966 3752//1987 582//1968
f 3334//1651 636//1919 593//2596
f 593//2596 620//2235 3334//1651
f 594//1997 4601//1548 555//2049
f 2087//2120 3354//1922 2909//2121
f 2063//1894 3344//1892 3345//1891
f 3352//1955 3755//2023 3744//1953
f 2458//1370 1646//1759 2912//2335
f 2906//2138 2066//2098 4157//1469
f 4623//1638 577//1853 2501//1854
f 1703//1929 3374//2029 423//1251
f 2067//1981 596//1980 4654//1855
f 596//1980 579//1930 4183//1982
f 3356//1834 1662//1959 4637//1794
f 688//2147 3758//1936 2921//2009
f 4652//2109 3726//1669 2489//1800
f 581//1962 2494//1803 2895//1740
f 4185//1863 2547//1961 2895//1740
f 549//2079 552//1743 614//2077
f 4657//2013 615//2016 599//2014
f 3759//2018 2498//2015 2913//1963
f 2498//2015 3759//2018 599//2014
f 1654//1964 2913//1963 599//2014
f 629//1970 3753//1988 1645//1945
f 4643//1776 2907//1991 3766//1989
f 3348//1883 2499//1993 4640//1841
f 1663//1808 2481//1751 4189//2087
f 3345//1891 632//1998 2063//1894
f 609//2055 2897//1848 570//1897
f 2544//2128 1660//1816 521//1582
f 544//1783 4659//2057 1649//1871
f 4649//1974 2061//1925 2898//1850
f 624//2026 4630//1787 2062//1976
f 529//1708 4212//2004 1647//1733
f 596//1980 4183//1982 4654//1855
f 3783//4886 3337//1503 4651//1879
f 2071//2035 2497//1835 530//1737
f 1642//1738 3765//2036 530//1737
f 3762//1908 3726//1669 4652//2109
f 2476//1937 606//1910 4656//1837
f 4188//2073 3364//1914 2904//2074
f 540//1911 3773//2258 551//1939
f 2503//2313 597//1940 2058//1768
f 4657//2013 1654//1964 615//2016
f 2498//2015 615//2016 628//2017
f 615//2016 3759//2018 628//2017
f 4704//2080 2530//2191 2482//1719
f 4180//1916 3753//1988 635//2081
f 2073//2193 568//2113 3329//1694
f 2492//1887 4189//2087 3362//1886
f 2091//2233 3738//1752 1659//2052
f 3369//2126 2075//2024 610//2056
f 640//2093 2500//2060 3755//2023
f 1665//2025 3352//1955 3370//1975
f 576//1852 3381//2097 3343//1663
f 1647//1733 4212//2004 4685//2104
f 680//2430 492//1315 3337//1503
f 3732//1564 4192//1932 4651//1879
f 2497//1835 2071//2035 1668//2033
f 540//1911 2485//1881 3773//2258
f 3327//1739 4665//2038 1642//1738
f 3784//2150 581//1962 2547//1961
f 552//1743 4172//1805 614//2077
f 2907//1991 4663//2154 3766//1989
f 2510//1990 4663//2154 2907//1991
f 569//1884 616//1885 646//2194
f 2093//2020 514//1697 2929//2045
f 3350//1947 3365//2047 617//2157
f 3354//1922 3767//2200 4646//1921
f 3354//1922 2087//2120 3767//2200
f 637//2279 2060//1680 3760//1952
f 3769//2127 2075//2024 3369//2126
f 1698//2165 2076//1999 4644//1872
f 621//2058 623//2059 3768//2164
f 4648//1956 3377//2062 4611//1730
f 3771//2096 2506//2095 4195//2136
f 4654//1855 1606//1285 4211//2250
f 492//1315 680//2430 2509//1903
f 673//2075 597//1940 2503//2313
f 4889//2039 2033//1535 1658//2040
f 3751//1861 643//2149 532//1718
f 682//2184 2503//2313 2058//1768
f 581//1962 3784//2150 580//1938
f 2073//2193 3329//1694 2900//1774
f 2084//2044 569//1884 646//2194
f 2908//1946 2499//1993 3366//2115
f 591//2084 3350//1947 4200//2117
f 4201//2230 617//2157 3365//2047
f 3774//2229 3365//2047 4646//1921
f 619//2051 604//1972 4666//2118
f 536//1895 3738//1752 2091//2233
f 2924//2021 2925//2122 3342//1846
f 536//1895 2091//2233 4647//1896
f 3746//1844 2082//2053 2074//1845
f 2933//2022 2884//1681 1638//1781
f 2927//2281 3768//2164 623//2059
f 3370//1975 2078//1822 633//1823
f 2506//2095 2511//2134 4195//2136
f 557//1902 3777//2286 2953//2101
f 546//1765 4655//2107 2892//1762
f 3758//1936 627//2148 2922//1984
f 4652//2109 653//2108 3762//1908
f 560//2152 2072//1915 1706//2151
f 2941//2320 3741//1773 1706//2151
f 561//1772 607//2041 2525//1985
f 2491//1864 634//2188 583//1840
f 4663//2154 2510//1990 2084//2044
f 616//1885 2504//2019 4198//2155
f 2505//1780 666//2201 605//1994
f 4175//1870 1685//2380 543//1815
f 2526//2089 2075//2024 3769//2127
f 639//2240 3763//1899 584//1726
f 4667//2241 3367//2131 3763//1899
f 2511//2134 3370//1975 3373//2309
f 2051//1560 2952//2336 447//1496
f 672//2180 3764//2006 3340//1795
f 4184//1934 2920//2034 652//2071
f 2920//2034 1664//2008 653//2108
f 3773//2258 2485//1881 708//2217
f 3770//2221 2515//2220 4665//2038
f 3770//2221 4665//2038 598//2010
f 4203//2186 628//2017 600//1969
f 4657//2013 4209//2112 1654//1964
f 654//2348 600//1969 2513//2187
f 629//1970 4663//2154 4194//2082
f 2090//2227 635//2081 4194//2082
f 645//2263 4194//2082 4663//2154
f 3395//2192 2466//2190 2932//2189
f 645//2263 4663//2154 2084//2044
f 2521//2265 2084//2044 646//2194
f 2956//1948 2572//2508 2103//2046
f 3774//2229 4646//1921 3372//2199
f 619//2051 4666//2118 2094//2198
f 1663//1808 1679//2205 4664//1923
f 3391//2204 4190//1813 3379//2207
f 2074//1845 648//2161 2514//2160
f 659//2162 2518//2273 647//2125
f 2957//2382 637//2279 3760//1952
f 2099//2167 3358//1873 3336//1757
f 3373//2309 1667//2135 2511//2134
f 2070//1828 2512//2140 4197//1789
f 2067//1981 663//2105 3356//1834
f 2068//1792 739//2253 3340//1795
f 558//1796 1668//2033 4193//2032
f 652//2071 4668//2372 4662//2146
f 708//2217 2485//1881 3341//1859
f 613//2037 4665//2038 1670//2183
f 2515//2220 1670//2183 4665//2038
f 653//2108 4652//2109 2936//2110
f 3364//1914 4188//2073 4669//2219
f 3770//2221 598//2010 643//2149
f 4656//1837 2937//2471 644//2347
f 4204//2078 4172//1805 644//2347
f 1654//1964 4678//2318 3360//2043
f 2085//2226 4194//2082 645//2263
f 2085//2226 665//2228 3366//2115
f 3787//2324 617//2157 4201//2230
f 2933//2022 543//1815 1685//2380
f 2923//1782 2884//1681 4675//2419
f 638//2130 2930//2163 3369//2126
f 2529//2208 4659//2057 1673//2330
f 639//2240 2943//2242 3763//1899
f 2959//2425 2066//2098 2906//2138
f 2551//2063 447//1496 2952//2336
f 649//2284 2488//1928 3791//2428
f 686//2066 578//2003 4225//2247
f 650//2176 2928//1790 4205//2251
f 566//1831 3357//1793 626//2068
f 4193//2032 1668//2033 2092//2290
f 2092//2290 1668//2033 4206//2254
f 2092//2290 4206//2254 4677//2256
f 4677//2256 1677//2255 3772//2218
f 4677//2256 3772//2218 2542//2257
f 689//2294 3371//2076 3784//2150
f 571//1913 1706//2151 2072//1915
f 2938//2261 4185//1863 590//1865
f 4681//2195 675//2266 4658//2083
f 4200//2117 617//2157 3787//2324
f 2114//2158 3745//2086 656//2085
f 4215//2376 3774//2229 3372//2199
f 744//2269 3355//1889 2069//1890
f 2087//2120 668//2159 726//2453
f 2106//2270 4181//1951 4647//1896
f 4675//2419 2884//1681 2933//2022
f 678//2328 669//2278 637//2279
f 2522//2418 3739//1818 2923//1782
f 4671//2239 610//2056 1666//2092
f 2927//2281 3376//2282 3768//2164
f 3343//1663 3381//2097 625//2137
f 3817//2712 2570//2100 2123//2099
f 2551//2063 3791//2428 2488//1928
f 4196//2031 2089//2214 3363//1877
f 4693//2215 4212//2004 3363//1877
f 650//2176 3386//2398 2931//2175
f 672//2180 2102//2145 3764//2006
f 3780//2291 3387//2311 4193//2032
f 655//2225 583//1840 721//2296
f 2073//2193 690//2321 2929//2045
f 691//1992 2086//2196 3349//1867
f 2094//2198 4207//2197 2945//2447
f 3767//2200 4222//2350 3372//2199
f 2531//2412 725//2232 619//2051
f 2091//2233 1682//2271 4647//1896
f 4223//2299 2069//1890 2514//2160
f 658//2272 2915//1949 4682//2206
f 3760//1952 609//2055 715//2274
f 4683//2355 639//2240 2529//2208
f 4667//2241 2943//2242 1683//2488
f 2533//2331 3367//2131 4667//2241
f 3368//2094 2939//2244 641//2132
f 4649//1974 3358//1873 1688//2306
f 1680//2168 684//2360 3771//2096
f 4210//2169 4661//2170 694//2283
f 1689//2527 633//1823 2079//2171
f 2079//2171 4191//1900 4216//2362
f 4224//2001 3896//2337 2051//1560
f 2508//2002 4213//2368 662//2213
f 4672//2139 2527//2395 578//2003
f 4211//2250 1701//2464 4654//1855
f 2081//2005 3779//2178 4214//2435
f 2920//2034 653//2108 709//2312
f 653//2108 697//2316 709//2312
f 2936//2110 697//2316 653//2108
f 664//2185 683//2345 1672//2259
f 3741//1773 2941//2320 2900//1774
f 2090//2227 2085//2226 712//2375
f 4198//2155 3786//2297 2516//2156
f 675//2266 3786//2297 4198//2155
f 4200//2117 713//2325 692//2267
f 3775//2231 4189//2087 665//2228
f 725//2232 1682//2271 2091//2233
f 726//2453 724//2268 2087//2120
f 4674//2123 4181//1951 2528//2327
f 3379//2207 2526//2089 3383//2275
f 4697//2485 2518//2273 3776//2276
f 2946//1924 1660//1816 3384//2301
f 2957//2382 3760//1952 715//2274
f 3739//1818 2559//2562 3339//1819
f 585//1821 622//1954 2948//2358
f 2066//2098 730//2392 4191//1900
f 662//2213 2947//2338 1671//2028
f 528//1732 1676//1878 4690//2584
f 4230//2400 4199//2144 4234//2340
f 687//2216 3792//2469 626//2068
f 2080//2106 3387//2311 687//2216
f 3387//2311 3780//2291 4686//2292
f 683//2345 3770//2221 643//2149
f 2917//1917 635//2081 607//2041
f 549//2079 4227//2319 4704//2080
f 700//2476 2521//2265 3788//2323
f 674//2264 3775//2231 665//2228
f 4201//2230 3774//2229 4215//2376
f 2924//2021 658//2272 667//2234
f 785//2604 3388//2300 2518//2273
f 4697//2485 785//2604 2518//2273
f 2930//2163 2942//2303 2096//2277
f 2523//2386 3768//2164 3407//2356
f 3771//2096 684//2360 3368//2094
f 694//2283 1680//2168 4210//2169
f 4687//2391 3793//2334 624//2026
f 577//1853 1675//2246 2601//3084
f 3392//2367 4187//2065 2940//2174
f 702//2497 3791//2428 2551//2063
f 1678//2433 651//2143 2949//2288
f 3387//2311 4688//2341 687//2216
f 707//2181 4176//1857 4655//2107
f 2100//2342 4668//2372 4701//2618
f 2503//2313 682//2184 2960//2954
f 607//2041 635//2081 711//2295
f 2085//2226 4680//2114 712//2375
f 721//2296 634//2188 1692//2551
f 2101//2349 645//2263 2521//2265
f 713//2325 3787//2324 4201//2230
f 1663//1808 3775//2231 1679//2205
f 3391//2204 4702//2515 3754//2088
f 2096//2277 4697//2485 3776//2276
f 2933//2022 2556//2763 4675//2419
f 727//2417 648//2161 4670//2237
f 2112//2384 669//2278 4217//2383
f 2942//2303 638//2130 2098//2280
f 2523//2386 1666//2092 3768//2164
f 3400//2421 4667//2241 1683//2488
f 1680//2168 694//2283 684//2360
f 3370//1975 2935//2212 4695//2308
f 2501//1854 4699//2578 2919//2027
f 2558//2369 1651//1958 651//2143
f 626//2068 2963//2399 2057//1832
f 4688//2341 718//2439 720//2401
f 696//2343 1695//2293 1669//2011
f 2960//2954 2951//2314 2503//2313
f 4208//2223 3773//2258 710//2655
f 3798//2317 2950//2373 4203//2186
f 766//2550 2938//2261 630//2116
f 692//2267 713//2325 3788//2323
f 3788//2323 713//2325 700//2476
f 4201//2230 4215//2376 713//2325
f 2945//2447 722//2408 2094//2198
f 2493//2054 2534//2599 2956//1948
f 2531//2412 2105//2481 725//2232
f 3388//2300 2538//2352 2095//2238
f 2556//2763 2933//2022 754//2416
f 2535//2420 678//2328 2955//2329
f 2112//2384 2535//2420 4218//2385
f 4217//2383 4218//2385 2535//2420
f 2079//2171 737//2363 1689//2527
f 2912//2335 3793//2334 3411//2423
f 1656//1926 2912//2335 716//2424
f 577//1853 4699//2578 2501//1854
f 4692//2496 3791//2428 702//2497
f 3791//2428 4692//2496 3818//2427
f 4225//2247 2527//2395 4220//2396
f 1690//2429 4220//2396 2104//2397
f 1676//1878 704//2370 4690//2584
f 704//2370 1676//1878 3782//2252
f 3386//2398 1713//2539 2931//2175
f 2968//2924 2931//2175 1713//2539
f 719//2466 3797//2468 718//2439
f 2562//2438 719//2466 718//2439
f 3750//1931 707//2181 706//2437
f 2950//2373 782//2683 2542//2257
f 769//2446 655//2225 721//2296
f 630//2116 2097//2322 768//2549
f 2521//2265 700//2476 741//2448
f 2101//2349 2521//2265 3810//2477
f 3767//2200 3806//2601 4222//2350
f 3351//1996 2132//2478 3789//1995
f 3413//2517 608//1893 2063//1894
f 2539//2378 4670//2237 2925//2122
f 3397//2559 725//2232 4703//2482
f 2112//2384 1687//2354 2955//2329
f 735//2454 669//2278 2112//2384
f 660//2129 735//2454 4689//2091
f 2958//2388 1673//2330 1698//2165
f 694//2283 2966//2526 684//2360
f 757//2493 3796//2245 661//2310
f 4216//2362 730//2392 3800//2529
f 4890//2426 695//2064 2947//2338
f 2108//2462 4672//2139 703//2285
f 4672//2139 2108//2462 4220//2396
f 2524//2102 528//1732 4690//2584
f 3783//4886 4651//1879 1691//2542
f 718//2439 3797//2468 720//2401
f 4668//2372 2546//2470 4701//2618
f 652//2071 2546//2470 4668//2372
f 606//1910 2916//1909 2995//2547
f 606//1910 2995//2547 698//2315
f 3781//2224 690//2321 2073//2193
f 741//2448 742//2410 693//2351
f 2537//2377 3799//2414 674//2264
f 620//2235 593//2596 2563//2634
f 3867//2479 3866//2937 2517//2203
f 620//2235 2563//2634 2109//2379
f 772//2450 2534//2599 2493//2054
f 732//2603 2538//2352 3388//2300
f 2122//2452 668//2159 2088//2236
f 3807//2483 4228//2606 2964//2605
f 649//2284 3818//2427 1693//2642
f 4220//2396 2108//2462 4225//2247
f 2575//2537 3386//2398 4205//2251
f 2949//2288 681//2289 1711//2434
f 626//2068 3797//2468 2963//2399
f 626//2068 3792//2469 3797//2468
f 3805//2543 4688//2341 4235//2501
f 4655//2107 749//3065 707//2181
f 2951//2314 2960//2954 751//2953
f 2553//2622 1672//2259 683//2345
f 765//2474 4209//2112 1672//2259
f 2571//2656 1681//2260 4208//2223
f 743//2510 2983//2512 761//2632
f 731//2409 722//2408 4233//2514
f 741//2448 4222//2350 4239//2554
f 2557//2563 3739//1818 2522//2418
f 757//2493 4695//2308 776//2640
f 1700//2569 3802//2573 748//2572
f 577//1853 2601//3084 4699//2578
f 3795//2394 703//2285 759//2581
f 759//2581 2961//2535 3795//2394
f 3795//2394 2961//2535 2104//2397
f 3778//2141 2512//2140 2560//2463
f 704//2370 2931//2175 2968//2924
f 706//2437 707//2181 749//3065
f 2111//2403 2951//2314 3826//2679
f 751//2953 3826//2679 2951//2314
f 2542//2257 782//2683 4235//2501
f 752//2344 1695//2293 781//2591
f 743//2510 761//2632 1697//2556
f 4239//2554 4222//2350 3806//2601
f 594//1997 4691//2298 1699//2660
f 632//1998 594//1997 1699//2660
f 724//2268 3396//2518 3767//2200
f 3391//2204 2538//2352 2119//2602
f 3811//2662 1682//2271 733//2451
f 4698//2484 2096//2277 2942//2303
f 3407//2356 3398//2772 2523//2386
f 746//2359 762//2523 755//2489
f 2540//2333 4684//2166 4229//2568
f 4695//2308 736//2459 776//2640
f 4687//2391 3411//2423 3793//2334
f 730//2392 2959//2425 4715//2866
f 2545//2531 3812//2534 702//2497
f 827//2716 2947//2338 662//2213
f 703//2285 3392//2367 759//2581
f 759//2581 4225//2247 3804//2536
f 2997//2646 1693//2642 3818//2427
f 738//2499 3814//2649 3818//2427
f 4685//2104 3382//2339 1705//2947
f 1715//2841 1678//2433 1711//2434
f 705//2465 680//2430 3783//4886
f 763//2467 719//2466 2118//2500
f 672//2180 3809//2371 2102//2145
f 689//2294 2547//1961 2969//2726
f 2982//2472 3378//1941 3375//2012
f 2086//2196 691//1992 4259//2627
f 4233//2514 2555//2597 753//2511
f 770//2509 2142//2658 593//2596
f 754//2416 2109//2379 4236//2811
f 772//2450 3384//2301 734//2519
f 3397//2559 2965//2607 3807//2483
f 4634//2302 804//2564 4696//2353
f 2098//2280 3398//2772 774//2486
f 747//2390 684//2360 3401//2612
f 2971//2492 4264//2777 2110//2422
f 3411//2423 2127//2864 716//2424
f 4890//2426 2947//2338 827//2716
f 2560//2463 2981//2650 4211//2250
f 4690//2584 704//2370 2968//2924
f 3386//2398 2575//2537 4242//2538
f 4685//2104 1705//2947 4234//2340
f 2963//2399 3797//2468 2972//2652
f 2972//2652 3797//2468 763//2467
f 710//2655 3773//2258 4232//2442
f 769//2446 721//2296 801//2657
f 836//3071 656//2085 2086//2196
f 3406//2513 657//2048 4702//2515
f 2534//2599 772//2450 802//2760
f 2964//2605 4228//2606 2566//2636
f 865//2664 734//2519 2544//2128
f 2965//2607 2992//2902 4228//2606
f 2992//2902 2566//2636 4228//2606
f 2098//2280 2523//2386 3398//2772
f 4676//2209 2918//1849 858//2908
f 1709//2638 3399//2487 728//2455
f 1709//2638 728//2455 4245//2565
f 2569//2702 3420//2704 1683//2488
f 3825//2667 2967//2613 4229//2568
f 2976//2669 756//2491 2115//2525
f 787//2528 3801//2494 1700//2569
f 642//2172 2502//1827 2507//1826
f 671//1637 3374//2029 2977//2615
f 3777//2286 780//2645 2953//2101
f 3804//2536 807//2643 3813//2580
f 2120//2644 2524//2102 4253//2585
f 3390//2374 689//2294 4249//2727
f 3412//2896 3822//2688 1692//2551
f 864//3042 2097//2322 3406//2513
f 2579//2555 2555//2597 722//2408
f 4702//2515 2135//2765 3824//2762
f 2135//2765 4702//2515 2119//2602
f 3396//2518 2580//2735 3806//2601
f 2088//2236 773//2415 2122//2452
f 2566//2636 3811//2662 733//2451
f 2548//2558 2974//2700 3397//2559
f 755//2489 786//2639 2567//2610
f 762//2523 4722//2820 786//2639
f 3401//2612 2966//2526 757//2493
f 2549//2457 4708//2743 3790//2307
f 790//2670 2110//2422 4264//2777
f 806//2709 4715//2866 2959//2425
f 825//2718 2116//2532 1710//2713
f 4707//2541 2962//2540 4258//2795
f 4230//2400 2973//2797 739//2253
f 2973//2797 4673//2179 739//2253
f 672//2180 4673//2179 2596//2653
f 4710//2544 4700//2402 2134//2724
f 1694//2405 2129//3196 4669//2219
f 800//2687 4227//2319 614//2077
f 4240//2594 3785//1866 835//2625
f 768//2549 2097//2322 864//3042
f 1697//2556 761//2632 1733//2694
f 4702//2515 3824//2762 2586//2695
f 2556//2763 3832//2697 4675//2419
f 4675//2419 854//2698 2522//2418
f 3811//2662 2566//2636 789//2817
f 732//2603 785//2604 2985//2767
f 2974//2700 2992//2902 2965//2607
f 1708//2566 858//2908 2918//1849
f 811//2665 2574//2738 3399//2487
f 3001//2822 2979//2490 745//2357
f 1683//2488 3420//2704 3819//2524
f 3819//2524 2980//2823 3400//2421
f 3400//2421 2980//2823 2533//2331
f 2971//2492 2533//2331 3421//2825
f 4275//2707 4687//2391 3790//2307
f 4715//2866 3800//2529 730//2392
f 777//2614 2581//2827 787//2528
f 4219//2365 3381//2097 716//2424
f 825//2718 1693//2642 4246//2673
f 4248//3093 3382//2339 4706//2586
f 3382//2339 4248//3093 1705//2947
f 817//2723 796//2678 2118//2500
f 3809//2371 2552//2681 2954//2070
f 749//3065 4655//2107 3848//2590
f 3826//2679 751//2953 819//2955
f 2129//3196 890//2503 4669//2219
f 698//2315 3425//2755 821//2502
f 2543//2407 4704//2080 4272//3003
f 656//2085 836//3071 3403//2629
f 802//2760 2131//2553 2534//2599
f 4252//2600 823//2734 773//2415
f 823//2734 2122//2452 773//2415
f 4714//2666 762//2523 747//2390
f 3421//2825 3439//2776 2971//2492
f 4705//2461 3800//2529 3827//2711
f 2986//2748 3812//2534 2545//2531
f 793//2717 4213//2368 3794//2248
f 794//2721 2576//2754 795//2675
f 3405//2676 1718//2753 4717//2752
f 3783//4886 1691//2542 705//2465
f 4254//2722 2963//2399 2972//2652
f 782//2683 4720//2685 2990//2846
f 4729//2758 1706//2151 822//2757
f 2130//2725 765//2474 2553//2622
f 710//2655 3849//2958 2571//2656
f 800//2687 4204//2078 2150//3166
f 4221//2475 3412//2896 1692//2551
f 753//2511 4731//2731 784//2630
f 4731//2731 2555//2597 2137//2759
f 2593//2852 3824//2762 2135//2765
f 3811//2662 789//2817 824//2814
f 3854//2699 4696//2353 804//2564
f 4257//2608 774//2486 3398//2772
f 3828//2821 2574//2738 811//2665
f 3420//2704 2569//2702 3828//2821
f 3846//2740 775//2609 2958//2388
f 904//2778 4708//2743 2549//2457
f 2126//2668 776//2640 2583//2779
f 4709//2460 787//2528 2581//2827
f 3834//2710 4732//2744 3408//2571
f 826//2870 3416//2672 825//2718
f 3862//2579 4247//2583 2089//2214
f 4246//2673 788//2647 828//2788
f 2988//2836 829//2719 2997//2646
f 3818//2427 3814//2649 2138//2720
f 4242//2538 2575//2537 848//2946
f 1718//2753 2989//2792 795//2675
f 3405//2676 4717//2752 832//2793
f 3805//2543 4235//2501 3423//2845
f 3826//2679 819//2955 888//2843
f 3798//2317 4720//2685 2950//2373
f 3798//2317 877//2729 4720//2685
f 2565//2346 2150//3166 4204//2078
f 864//3042 766//2550 768//2549
f 4259//2627 836//3071 2086//2196
f 754//2416 853//2933 3832//2697
f 3816//2637 804//2564 2559//2562
f 789//2817 3419//2816 824//2814
f 3418//2903 2140//2381 2957//2382
f 4257//2608 3002//2858 4241//2560
f 805//2611 3828//2821 2569//2702
f 867//2742 904//2778 2125//2567
f 2967//2613 2167//2912 886//2708
f 4219//2365 905//3023 685//2364
f 807//2643 2987//2785 4225//2247
f 828//2788 842//2833 829//2719
f 2988//2836 2997//2646 844//2839
f 2560//2463 3847//2983 2981//2650
f 4690//2584 2968//2924 4253//2585
f 831//2945 2561//2431 705//2465
f 3405//2676 849//2794 3836//2677
f 4717//2752 2576//2754 3836//2677
f 2139//3252 4254//2722 796//2678
f 2564//2436 706//2437 749//3065
f 818//2680 3826//2679 4721//2842
f 2134//2724 850//2798 4710//2544
f 4735//2888 834//2684 798//2654
f 808//2847 3424//2682 782//2683
f 3849//2958 4232//2442 850//2798
f 4232//2442 3849//2958 710//2655
f 2150//3166 2565//2346 4283//3165
f 3831//2810 2109//2379 3427//2732
f 855//2812 3811//2662 824//2814
f 824//2814 2566//2636 855//2812
f 4713//2736 1707//2635 4274//2768
f 3000//2855 824//2814 3419//2816
f 3419//2816 2992//2902 2974//2700
f 4744//3242 1702//2522 2948//2358
f 2136//2774 4744//3242 2948//2358
f 762//2523 4728//2860 4722//2820
f 2581//2827 885//2978 4709//2460
f 4715//2866 1720//2865 3800//2529
f 1720//2865 3827//2711 3800//2529
f 3416//2672 3821//2714 1704//2530
f 814//2784 4734//2872 2545//2531
f 4723//2873 2986//2748 2545//2531
f 4723//2873 4268//2871 814//2784
f 814//2784 2146//2783 4723//2873
f 826//2870 2584//2981 3416//2672
f 2576//2754 832//2793 2993//2881
f 3836//2677 2576//2754 2993//2881
f 862//2882 3805//2543 875//2883
f 3402//2545 4263//3164 2995//2547
f 890//2503 2129//3196 4300//3258
f 2591//2800 2937//2471 821//2502
f 2571//2656 3849//2958 2155//2960
f 3406//2513 2592//2898 864//3042
f 3844//3008 3427//2732 3823//2633
f 4261//2659 2592//2898 3406//2513
f 2579//2555 4737//3072 2137//2759
f 881//2936 3832//2697 853//2933
f 2999//2766 1719//2849 3816//2637
f 2587//2938 2135//2765 3428//2764
f 2594//3012 837//2813 2588//2853
f 2589//2905 3855//2904 2992//2902
f 3856//2940 3846//2740 2958//2388
f 4728//2860 4714//2666 884//2861
f 867//2742 2976//2669 2614//3022
f 913//2867 685//2364 905//3023
f 4740//2868 3404//2641 4265//2830
f 3042//2782 914//2745 671//1637
f 4723//2873 4267//2916 2986//2748
f 4267//2916 4268//2871 2986//2748
f 2146//2783 4267//2916 4723//2873
f 3433//3183 4734//2872 2146//2783
f 2536//2393 1703//1929 4269//2917
f 1721//2920 869//2919 842//2833
f 868//2834 842//2833 869//2919
f 4270//2921 1721//2920 842//2833
f 4270//2921 3840//2837 843//2838
f 870//2922 2598//2877 2997//2646
f 3004//2923 3835//2749 830//2879
f 845//2648 872//3034 2138//2720
f 872//3034 873//2987 2138//2720
f 4258//2795 2962//2540 2993//2881
f 862//2882 902//2994 4712//2588
f 2121//2441 1686//2440 4773//3574
f 2938//2261 4754//3135 2969//2726
f 2571//2656 863//2891 760//2505
f 4726//2803 2151//2965 2554//2593
f 1723//2808 3823//2633 2142//2658
f 2578//2806 801//2657 4730//2897
f 802//2760 2984//2696 3007//3044
f 4280//3011 761//2632 3410//2631
f 2586//2695 3432//3105 4261//2659
f 2144//2968 2588//2853 2531//2412
f 3419//2816 2145//2939 3000//2855
f 3855//2904 2145//2939 3852//2906
f 3418//2903 2163//3112 2140//2381
f 2986//2748 938//2747 758//2498
f 861//2875 869//2919 841//2835
f 869//2919 828//2788 906//2943
f 4270//2921 828//2788 869//2919
f 870//2922 3840//2837 4270//2921
f 4234//2340 1705//2947 4294//2928
f 2174//3036 1715//2841 1711//2434
f 847//2789 2138//2720 873//2987
f 3409//2651 926//3035 1711//2434
f 998//2991 2139//3252 796//2678
f 818//2680 4721//2842 1725//2884
f 2998//2952 862//2882 4724//2885
f 2100//2342 820//2997 3830//2619
f 2546//2470 2121//2441 1008//3129
f 889//3064 3848//2590 3869//3066
f 3009//2998 1694//2405 3830//2619
f 3009//2998 2129//3196 1694//2405
f 1686//2440 3390//2374 852//2930
f 916//3197 765//2474 2130//2725
f 4250//2728 2532//2111 1727//2686
f 4704//2080 4725//2890 4272//3003
f 3007//3044 3850//2851 802//2760
f 3838//2730 4298//3169 3410//2631
f 4279//2934 3007//3044 2984//2696
f 810//2449 1758//3139 2132//2478
f 3000//2855 2161//2970 2166//4887
f 897//3078 3428//2764 2985//2767
f 3420//2704 3828//2821 899//2974
f 2133//2706 3859//3019 2583//2779
f 642//2172 901//3087 813//2671
f 4734//2872 3433//3183 2986//2748
f 847//2789 873//2987 2148//2929
f 874//2949 816//2790 2148//2929
f 862//2882 2603//3037 902//2994
f 3849//2958 3843//2844 1726//2956
f 1726//2956 3424//2682 808//2847
f 4300//3258 822//2757 890//2503
f 2990//2846 4720//2685 4282//3000
f 2982//2472 2156//2966 3417//2473
f 2604//3002 2577//2506 891//3001
f 878//3134 2938//2261 3878//2802
f 2124//2626 836//3071 4259//2627
f 2153//3007 3431//2931 835//2625
f 4285//3068 893//2932 894//2895
f 4278//2894 853//2933 2153//3007
f 3831//2810 2153//3007 853//2933
f 881//2936 4278//2894 2578//2806
f 932//3010 4256//2690 2573//2598
f 3442//3141 3000//2855 2166//4887
f 3442//3141 4286//2854 3000//2855
f 1708//2566 4303//3015 2595//2909
f 3438//2910 4728//2860 1734//2975
f 3833//2824 1724//2703 899//2974
f 2600//3018 899//2974 3828//2821
f 884//2861 4738//2911 4743//3048
f 923//3020 2133//2706 885//2978
f 3003//3150 4275//2707 4708//2743
f 1720//2865 806//2709 2622//3121
f 1717//2780 886//2708 4281//3123
f 3834//2710 2143//2915 3868//2914
f 3817//2712 3481//3024 2570//2100
f 780//2645 3871//3089 3449//3086
f 861//2875 956//2982 4270//2921
f 870//2922 3004//2923 906//2943
f 2612//3032 3005//2985 4711//2533
f 871//2876 3434//3031 4711//2533
f 848//2946 3443//2986 4242//2538
f 1725//2884 4721//2842 4742//3128
f 2151//2965 4726//2803 892//2689
f 4285//3068 2151//2965 893//2932
f 895//2967 3426//2893 4277//3006
f 3403//2629 836//3071 2573//2598
f 3007//3044 4277//3006 3850//2851
f 4279//2934 895//2967 3007//3044
f 946//3235 3410//2631 4298//3169
f 4261//2659 3432//3105 920//3075
f 4760//3293 3866//2937 3867//2479
f 2587//2938 3428//2764 897//3078
f 3418//2903 855//2812 4286//2854
f 4286//2854 3010//3142 3418//2903
f 866//2859 3839//2773 903//3016
f 2590//2828 3853//2863 2608//3049
f 815//2751 4745//3094 3842//2927
f 4258//2795 927//2990 928//2992
f 4742//3128 4721//2842 2602//3062
f 902//2994 1737//3161 4741//2993
f 4287//3038 1725//2884 4742//3128
f 4262//2889 4735//2888 3008//3099
f 2552//2681 4263//3164 3402//2545
f 2960//2954 682//2184 4250//2728
f 917//2959 1726//2956 4282//3000
f 2585//2799 799//2621 1000//3131
f 3857//2962 917//2959 4282//3000
f 918//3040 2157//2964 2155//2960
f 918//3040 1730//2892 2157//2964
f 2165//2804 767//2445 2543//2407
f 2153//3007 919//3069 3431//2931
f 2186//3138 2579//2555 3851//2809
f 880//2899 4261//2659 2162//3074
f 4280//3011 3410//2631 946//3235
f 933//3077 2161//2970 909//2969
f 2594//3012 1728//3240 896//2972
f 1728//3240 2594//3012 4748//3013
f 3011//3014 2582//2771 883//2770
f 912//2976 899//2974 2600//3018
f 4743//3048 4738//2911 948//3149
f 923//3020 936//3148 4738//2911
f 3859//3019 923//3020 4738//2911
f 913//2867 1032//3151 859//2829
f 3827//2711 1720//2865 924//3053
f 4746//3217 3821//2714 3416//2672
f 793//2717 2616//3055 2978//2715
f 942//3088 1741//3090 2598//2877
f 3863//3058 2612//3032 1735//3033
f 3841//2840 874//2949 1735//3033
f 874//2949 2610//3097 4749//3095
f 2597//2988 2610//3097 2148//2929
f 3441//3155 2602//3062 1736//3061
f 928//2992 3006//2951 3430//2616
f 797//2589 2603//3037 2998//2952
f 930//2963 765//2474 916//3197
f 999//3362 4736//2961 4729//2758
f 1000//3131 799//2621 3417//2473
f 4251//2507 2604//3002 2605//2805
f 882//2935 932//3010 2159//3045
f 991//3106 3867//2479 3413//2517
f 933//3077 2166//4887 2161//2970
f 1731//3110 4289//3111 896//2972
f 896//2972 4289//3111 4274//2768
f 897//3078 2607//3108 2587//2938
f 2163//3112 3418//2903 3010//3142
f 857//2857 898//2973 910//3144
f 3861//2977 2996//2941 3421//2825
f 923//3020 4739//3021 971//3119
f 3003//3150 4291//3118 4275//2707
f 4265//2830 2615//3124 4740//2868
f 2987//2785 807//2643 860//2787
f 4746//3217 3416//2672 2609//3153
f 2584//2981 2623//3025 956//2982
f 4650//2249 4292//3057 3858//2878
f 2176//2944 4706//2586 1714//2674
f 906//2943 3004//2923 925//3030
f 3874//3096 2597//2988 873//2987
f 1736//3061 2619//3192 3441//3155
f 3016//3383 3875//3127 2602//3062
f 1740//3136 2124//2626 3880//3103
f 931//3231 4288//3070 836//3071
f 3455//2691 3865//3366 1029//3424
f 2159//3045 2173//3104 1001//3292
f 2173//3104 880//2899 2162//3074
f 2166//4887 933//3077 3442//3141
f 934//3046 4727//2761 2607//3108
f 2171//3145 897//3078 1732//2856
f 948//3149 1734//2975 4743//3048
f 2621//3204 3846//2740 3856//2940
f 913//2867 905//3023 3041//3246
f 2609//3153 941//3216 4746//3217
f 3860//2925 907//3059 949//3156
f 3441//3155 2619//3192 949//3156
f 985//3158 3441//3155 907//3059
f 908//3039 962//3223 3008//3099
f 1686//2440 852//2930 4773//3574
f 1000//3131 963//3227 876//2756
f 964//3133 3444//3005 2605//2805
f 4288//3070 975//3137 932//3010
f 1728//3240 992//3109 896//2972
f 904//2778 867//2742 3885//3083
f 4281//3123 2614//3022 1717//2780
f 1016//3434 3817//2712 4890//2426
f 3821//2714 4746//3217 996//3085
f 1794//3152 778//2287 4296//3300
f 792//2576 4296//3300 778//2287
f 2623//3025 915//3056 956//2982
f 915//3056 906//2943 3450//3184
f 906//2943 942//3088 3450//3184
f 943//3189 958//3187 959//3218
f 906//2943 944//3125 942//3088
f 907//3059 4745//3094 3873//3157
f 794//2721 1701//2464 3440//2950
f 3874//3096 3005//2985 4749//3095
f 4752//3226 3008//3099 962//3223
f 4753//3314 749//3065 889//3064
f 820//2997 1729//3393 3009//2998
f 4262//2889 3008//3099 3898//2957
f 2552//2681 3901//3602 4263//3164
f 4773//3574 1008//3129 2121//2441
f 4729//2758 973//3198 999//3362
f 974//3230 2605//2805 2604//3002
f 2169//3263 951//2900 882//2935
f 2160//3076 920//3075 3432//3105
f 922//2971 4289//3111 933//3077
f 2163//3112 3010//3142 2625//3341
f 4748//3013 1743//3140 2170//3241
f 903//3016 3864//3081 4755//3272
f 3870//3082 954//3147 2600//3018
f 3870//3082 3846//2740 2621//3204
f 3021//3207 936//3148 923//3020
f 969//3245 4291//3118 982//3206
f 3022//3248 2143//2915 2615//3124
f 3896//2337 4716//2366 1114//3277
f 813//2671 901//3087 4331//3182
f 939//3027 3015//3154 2616//3055
f 3450//3184 942//3088 956//2982
f 941//3216 3872//3188 958//3187
f 3871//3089 2120//2644 4747//3091
f 2604//3002 891//3001 3452//3228
f 1740//3136 931//3231 836//3071
f 951//2900 1040//3267 991//3106
f 3462//3238 965//3200 3442//3141
f 2595//2909 2180//3400 2639//3508
f 2180//3400 2595//2909 3018//3146
f 2595//2909 2639//3508 4744//3242
f 1744//3273 2164//3115 935//3175
f 981//3203 936//3148 3021//3207
f 3912//3431 2996//2941 3861//2977
f 3439//2776 2633//3590 3014//3180
f 3439//2776 3014//3180 3429//2979
f 2146//2783 940//3281 3433//3183
f 986//3159 3874//3096 960//3190
f 2168//2989 3887//3356 927//2990
f 4767//3253 945//3160 4254//2722
f 916//3197 3017//3395 930//2963
f 882//2935 2159//3045 3881//3264
f 3013//3239 2144//2968 3471//3268
f 3912//3431 3439//2776 2996//2941
f 2633//3590 3439//2776 3912//3431
f 984//3181 2606//3050 3868//2914
f 1017//3280 2618//3215 2987//2785
f 4746//3217 3019//3250 4756//3278
f 3019//3250 955//3028 4756//3278
f 1033//3414 3847//2983 2617//2874
f 959//3218 958//3187 3872//3188
f 2602//3062 985//3158 3016//3383
f 4307//3310 1736//3061 3435//3063
f 4701//2618 3055//2886 1047//3098
f 3008//3099 4752//3226 1745//3421
f 822//2757 1746//3287 973//3198
f 2185//3364 963//3227 1000//3131
f 3017//3395 2179//3101 930//2963
f 4283//3165 2591//2800 3012//3316
f 974//3230 2604//3002 3452//3228
f 4318//3291 931//3231 1740//3136
f 3455//2691 1029//3424 3851//2809
f 3020//3173 978//3323 977//3172
f 980//3404 935//3175 3445//3080
f 970//3208 1004//3120 1031//3345
f 2175//3211 924//3053 3882//3054
f 3042//2782 1081//3450 914//2745
f 1748//2869 1016//3434 4890//2426
f 937//3213 2617//2874 4699//2578
f 939//3027 2616//3055 2618//3215
f 3879//2918 1026//3501 2977//2615
f 3027//3308 2178//3305 4763//3304
f 3468//3351 1742//2750 831//2945
f 3443//2986 4758//3382 985//3158
f 985//3158 4758//3382 3016//3383
f 4307//3310 3435//3063 2193//3222
f 3898//2957 3008//3099 1745//3421
f 3452//3228 1009//3289 974//3230
f 2159//3045 1001//3292 3881//3264
f 2169//3263 3881//3264 1057//3396
f 1049//3320 910//3144 3011//3014
f 977//3172 978//3323 1050//3322
f 3856//2940 1012//3274 2621//3204
f 4316//3449 4291//3118 969//3245
f 1014//3325 1031//3345 1004//3120
f 1042//3432 3457//3177 4291//3118
f 2628//3346 3882//3054 2188//3178
f 3025//3326 2614//3022 4281//3123
f 938//2747 1038//3413 2623//3025
f 2189//3566 3042//2782 1026//3501
f 2977//2615 1026//3501 3042//2782
f 1019//3329 3890//3476 996//3085
f 2178//3305 3886//3307 1763//3331
f 1007//3306 3027//3308 4312//3332
f 1007//3306 3886//3307 3027//3308
f 4771//3251 3443//2986 3422//2926
f 1771//3355 2168//2989 3440//2950
f 3047//3386 1021//3220 972//3221
f 3006//2951 3911//3525 972//3221
f 1047//3098 1729//3393 820//2997
f 3892//3359 4300//3258 3889//3195
f 3446//3163 2190//3260 3425//2755
f 4736//2961 999//3362 4766//3336
f 2185//3364 1000//3131 1009//3289
f 4276//3004 4272//3003 1760//3338
f 990//3262 4273//2733 1716//2693
f 3456//3232 3030//3367 1022//3233
f 2170//3241 4315//3319 1728//3240
f 4315//3319 2170//3241 4769//3343
f 1743//3140 4769//3343 2170//3241
f 4305//3294 3877//3201 1050//3322
f 3447//3114 3922//3295 4306//3296
f 4303//3015 1041//3427 4770//3369
f 1762//3370 1747//3297 3021//3207
f 2628//3346 1031//3345 1014//3325
f 4321//3411 2188//3178 2622//3121
f 3457//3177 3915//3412 994//2942
f 3829//2781 1005//3347 2551//2063
f 860//2787 2940//2174 3031//2831
f 4304//3214 1025//3303 1017//3280
f 4756//3278 1019//3329 1020//3328
f 1025//3303 2618//3215 1017//3280
f 1019//3329 3026//3186 1020//3328
f 2184//3374 1006//3378 4311//3375
f 4312//3332 2626//3330 2178//3305
f 4292//3057 1742//2750 3468//3351
f 3006//2951 928//2992 3911//3525
f 3055//2886 4345//3626 1047//3098
f 3884//3288 3458//3130 4250//2728
f 3452//3228 1752//3365 1009//3289
f 883//2770 976//3321 4341//3493
f 4305//3294 1050//3322 1756//3507
f 3018//3146 4303//3015 4770//3369
f 1747//3297 4755//3272 953//3176
f 1032//3151 4321//3411 4762//3052
f 3890//3476 3467//3516 996//3085
f 4302//3327 1025//3303 4304//3214
f 1006//3378 2184//3374 3899//3376
f 4293//3249 3883//3283 1052//3437
f 1771//3355 3440//2950 3034//3126
f 3062//3384 4764//3254 2973//2797
f 4761//3285 3897//3357 3046//3416
f 3035//3388 3048//3312 2172//3224
f 1752//3365 963//3227 2185//3364
f 1028//3361 4766//3336 999//3362
f 4308//3167 4283//3165 3012//3316
f 4725//2890 800//2687 3049//3229
f 1001//3292 1022//3233 3881//3264
f 1758//3139 3866//2937 4760//3293
f 4341//3493 1023//3143 883//2770
f 978//3323 4770//3369 1050//3322
f 1041//3427 1050//3322 4770//3369
f 1762//3370 4755//3272 1747//3297
f 2181//3298 2183//3205 1059//3371
f 2183//3205 2197//3510 2627//3405
f 2183//3205 2621//3204 2197//3510
f 4321//3411 1767//3408 2188//3178
f 4762//3052 4321//3411 2622//3121
f 3467//3516 2601//3084 996//3085
f 1025//3303 4302//3327 3477//3302
f 1039//3440 4763//3304 4312//3332
f 1763//3331 3027//3308 1034//3349
f 945//3160 4767//3253 3045//3861
f 3016//3383 2195//3381 3875//3127
f 3897//3357 3474//3391 3046//3416
f 4754//3135 1010//3290 3037//3503
f 3880//3103 3040//3489 4318//3291
f 3893//3318 1010//3290 1749//3261
f 4318//3291 3893//3318 931//3231
f 3902//3550 2209//3549 2624//3073
f 2187//3653 1716//2693 1758//3139
f 1766//3465 3464//3236 946//3235
f 976//3321 2163//3112 2625//3341
f 4325//3448 1003//3270 979//3202
f 993//3243 3463//3117 3466//3409
f 2617//2874 937//3213 1033//3414
f 3449//3086 3032//3478 4331//3182
f 2634//3454 3899//3376 3043//3373
f 1039//3440 1044//3439 2192//3377
f 3899//3376 3052//3456 2192//3377
f 3052//3456 1039//3440 2192//3377
f 3476//3455 3052//3456 3899//3376
f 3052//3456 1750//3334 3044//3350
f 3046//3416 2195//3381 4771//3251
f 3465//3311 3047//3386 3053//3482
f 1798//3385 1045//3443 3897//3357
f 1035//3389 3048//3312 3035//3388
f 3472//3392 1729//3393 3913//3597
f 1048//3461 1028//3361 1746//3287
f 3446//3163 4263//3164 3901//3602
f 4313//3363 4249//2727 4324//3317
f 4754//3135 3037//3503 4324//3317
f 990//3262 1716//2693 2187//3653
f 4315//3319 3051//3471 4310//3342
f 1762//3370 4339//3529 4755//3272
f 1024//3407 2197//3510 2621//3204
f 1032//3151 3041//3246 4329//3473
f 2191//3438 3483//3475 4293//3249
f 2215//3639 2177//3282 2201//3477
f 1759//3309 1054//3480 3024//2984
f 3908//3457 4772//3441 997//3219
f 4772//3441 1034//3349 3904//3415
f 1139//3502 3468//3351 3891//3354
f 998//2991 1079//3442 4767//3253
f 3913//3597 1729//3393 4765//3459
f 1055//3420 4753//3314 1061//3445
f 1066//3488 1746//3287 3892//3359
f 3036//3360 4766//3336 1028//3361
f 2209//3549 989//3170 2624//3073
f 4776//3406 1031//3345 1058//3430
f 3467//3516 1076//3561 2601//3084
f 2177//3282 2215//3639 3883//3283
f 3903//3623 3052//3456 3476//3455
f 4772//3441 3904//3415 3454//3092
f 3903//3623 2199//3481 4327//3458
f 3904//3415 2182//3335 2199//3481
f 2182//3335 1750//3334 2199//3481
f 3047//3386 4322//3523 3053//3482
f 3907//3573 3474//3391 1045//3443
f 3910//3745 2552//2681 3905//3358
f 3910//3745 3901//3602 2552//2681
f 4780//3398 2632//3340 1040//3267
f 3906//3468 3471//3268 4782//3171
f 976//3321 4332//3505 4341//3493
f 3013//3239 3906//3468 4319//3344
f 1049//3320 3922//3295 910//3144
f 4776//3406 4339//3529 1762//3370
f 4316//3449 969//3245 3475//3559
f 1042//3432 4316//3449 1777//3560
f 2189//3566 1043//3451 3042//2782
f 1759//3309 1033//3414 3061//3706
f 3903//3623 4327//3458 3052//3456
f 1140//3483 1079//3442 3465//3311
f 2220//3484 833//2796 4764//3254
f 852//2930 4313//3363 4773//3574
f 929//3100 3451//3067 987//3102
f 2179//3101 1063//3462 3029//3337
f 4338//3466 2187//3653 1758//3139
f 4781//3675 4760//3293 2632//3340
f 1073//3494 1761//3446 4314//3447
f 969//3245 1069//3509 3475//3559
f 3917//3472 1059//3371 1770//3496
f 3475//3559 1777//3560 4316//3449
f 4330//3520 2634//3454 1060//3436
f 1066//3488 1772//3601 1062//3460
f 1772//3601 1776//3527 1062//3460
f 1765//3490 2208//3609 3037//3503
f 1760//3338 1773//3543 3040//3489
f 2196//3464 3894//3397 1761//3446
f 989//3170 4335//3552 3473//3426
f 1766//3465 4782//3171 3464//3236
f 1067//3504 976//3321 1074//3506
f 3051//3471 1089//3470 2200//3633
f 1780//3555 4775//3368 4306//3296
f 4750//3017 1744//3273 2210//3583
f 3475//3559 1095//3531 2635//3530
f 4334//3498 1781//3433 4301//3247
f 2641//3515 2642//3534 1038//3413
f 1083//3452 3061//3706 1033//3414
f 1070//3569 1763//3331 1053//3479
f 1052//3437 3883//3283 2215//3639
f 4783//3524 3047//3386 3888//3387
f 1776//3527 1055//3420 1061//3445
f 1760//3338 3049//3229 3484//3544
f 1072//3234 1143//3463 1154//3778
f 3902//3550 2624//3073 1072//3234
f 4780//3398 1769//3492 3916//3579
f 989//3170 2209//3549 4335//3552
f 4338//3466 4760//3293 4781//3675
f 1756//3507 1780//3555 1073//3494
f 1780//3555 4306//3296 3922//3295
f 4776//3406 1058//3430 2206//3557
f 1075//3558 3475//3559 1069//3509
f 2636//3511 2635//3530 3057//3532
f 2635//3530 2636//3511 1090//3588
f 4751//3210 995//3276 1051//3499
f 3025//3326 1781//3433 4777//3592
f 2641//3515 3058//3564 3467//3516
f 1187//3765 4317//3372 2146//2783
f 2642//3534 3058//3564 2202//3536
f 1038//3413 2204//3474 2202//3536
f 4344//3598 1772//3601 1066//3488
f 1080//3394 1782//3605 1056//3259
f 4778//3606 4308//3167 3012//3316
f 3040//3489 2208//3609 4318//3291
f 1002//3339 3931//3548 3865//3366
f 4780//3398 4781//3675 2632//3340
f 1084//3593 1085//3517 4317//3372
f 2204//3474 3890//3476 2202//3536
f 1091//3568 2637//3435 1085//3517
f 4330//3520 1060//3436 2638//3519
f 1065//3571 1139//3502 3920//3666
f 4808//3541 3898//2957 1745//3421
f 2205//3604 3446//3163 4337//3603
f 4759//3491 1143//3463 2186//3138
f 1769//3492 2196//3464 1779//3581
f 1094//3582 3906//3468 4791//3678
f 1744//3273 1064//3403 1788//3719
f 1788//3719 2210//3583 1744//3273
f 2653//3634 4325//3448 4339//3529
f 1753//3428 1068//3585 4800//3701
f 1069//3509 1786//3584 1075//3558
f 3915//3412 1777//3560 4329//3473
f 1781//3433 3924//3703 4777//3592
f 4785//3618 4317//3372 1177//4018
f 4788//3640 1077//3518 1052//3437
f 4353//3621 2212//3665 3476//3455
f 3479//3485 1103//3625 1086//3540
f 3056//3547 4349//3695 1071//3545
f 1110//3717 2200//3633 1128//3632
f 1770//3496 2197//3510 1096//3587
f 1770//3496 1111//3680 3917//3472
f 4329//3473 1777//3560 1090//3588
f 3077//3616 1076//3561 3467//3516
f 1099//3500 4779//3453 3925//3620
f 2211//3594 1070//3569 1053//3479
f 3061//3706 2222//3622 1759//3309
f 1775//3521 2199//3481 2648//3624
f 3936//3668 3045//3861 4767//3253
f 945//3160 3045//3861 1778//3572
f 4783//3524 3063//3813 4322//3523
f 1098//3818 1087//3546 1126//3610
f 1030//3199 990//3262 4351//3654
f 4781//3675 4780//3398 1116//3629
f 3054//3467 3076//3698 4795//3613
f 1094//3582 4791//3678 4361//3657
f 1089//3470 4361//3657 1128//3632
f 4329//3473 1090//3588 1774//3513
f 1781//3433 2644//3591 3924//3703
f 1015//3301 3820//2832 4792//3562
f 1091//3568 1084//3593 4340//3638
f 1078//3567 1077//3518 1097//3886
f 1102//3661 1070//3569 2211//3594
f 2211//3594 1107//3664 1102//3661
f 1789//3662 1102//3661 1107//3664
f 1796//3689 2648//3624 3903//3623
f 3910//3745 3905//3358 3060//3726
f 3067//3575 4773//3574 4784//3747
f 3012//3316 2216//3648 4778//3606
f 3081//3650 1087//3546 1098//3818
f 4349//3695 1126//3610 1071//3545
f 1088//3580 3916//3579 3933//3652
f 3931//3548 1030//3199 4351//3654
f 1134//3656 1073//3494 1780//3555
f 3051//3471 2200//3633 1110//3717
f 2653//3634 4339//3529 2206//3557
f 1106//3659 1101//3686 1102//3661
f 1802//3688 4336//3570 1107//3664
f 1789//3662 1802//3688 3065//3660
f 4336//3570 3908//3457 1789//3662
f 1093//3595 4307//3310 4328//3538
f 1140//3483 3053//3482 2647//3644
f 1778//3572 1224//3865 1798//3385
f 4773//3574 4313//3363 4784//3747
f 1063//3462 987//3102 3029//3337
f 2643//3542 987//3102 4346//3693
f 2214//3694 1104//3750 4350//3749
f 2646//3607 1104//3750 2214//3694
f 3916//3579 1779//3581 4797//3755
f 3914//3611 1134//3656 1117//3697
f 3485//3783 4361//3657 4791//3678
f 3466//3409 3495//3589 2226//3635
f 1016//3434 2651//3615 3481//3024
f 1806//3764 1129//3996 3481//3024
f 4798//3687 4330//3520 3923//3685
f 4816//3891 3039//3380 3033//3353
f 4793//3669 4322//3523 3063//3813
f 4342//3599 1768//3487 1173//3725
f 3913//3597 1173//3725 1768//3487
f 3910//3745 4337//3603 3901//3602
f 1779//3581 1117//3697 4797//3755
f 3493//3904 2649//3676 4332//3505
f 2649//3676 4341//3493 4332//3505
f 4332//3505 1123//3699 3493//3904
f 4320//3402 1799//3700 1787//3495
f 2203//3586 1786//3584 3929//3658
f 1792//3718 4326//3429 2210//3583
f 1129//3996 4792//3562 3481//3024
f 4789//3641 1802//3688 3908//3457
f 2647//3644 4793//3669 2225//3860
f 3911//3525 2247//3867 4347//3645
f 4346//3693 1063//3462 4367//3815
f 2646//3607 1790//3651 1104//3750
f 1121//3845 4794//3608 1803//3715
f 1122//3673 4794//3608 1121//3845
f 1117//3697 1134//3656 3938//3757
f 1811//3875 4326//3429 1792//3718
f 1092//3619 3920//3666 2219//3741
f 2212//3665 4353//3621 1138//3807
f 1775//3521 4803//3837 1164//3667
f 1116//3629 3492//3900 2228//3753
f 4782//3171 1155//3630 3934//3782
f 1067//3504 4804//3759 1123//3699
f 1112//3682 3064//3702 3924//3703
f 1757//3348 4813//3708 4757//3029
f 4375//3858 1078//3567 1097//3886
f 4353//3621 4798//3687 4802//3808
f 1802//3688 3486//3705 3069//3742
f 3039//3380 4816//3891 2657//3642
f 1140//3483 3936//3668 1079//3442
f 1151//3775 3063//3813 4783//3524
f 1124//3776 2630//3422 4345//3626
f 1152//3921 1036//3526 3496//3671
f 4350//3749 1808//3841 2214//3694
f 3932//3672 4778//3606 2235//3870
f 3040//3489 4360//3731 4809//3714
f 1134//3656 1156//3614 3074//3758
f 4357//3852 1792//3718 1788//3719
f 995//3276 1113//3514 1200//4093
f 4787//3637 2189//3566 1145//3788
f 3071//3792 3489//3787 2654//3790
f 3071//3792 2218//3739 4805//3791
f 1800//3738 2224//3766 3489//3787
f 3071//3792 4806//3796 1146//3794
f 1800//3738 4358//3795 2218//3739
f 4806//3796 2218//3739 1804//3797
f 2655//3684 2224//3766 1147//3767
f 4812//3803 1807//3799 2655//3684
f 4807//3800 1800//3738 2656//3801
f 3935//3770 1146//3794 1804//3797
f 1813//3830 1137//3740 1083//3452
f 1805//3802 4807//3800 3935//3770
f 1136//3771 1805//3802 1801//3805
f 3920//3666 1178//3954 2219//3741
f 2222//3622 3486//3705 1802//3688
f 4803//3837 1775//3521 4354//3710
f 3937//3646 1195//3918 1141//3647
f 1174//3816 1795//3729 3930//3649
f 1165//3842 4350//3749 1142//3748
f 1790//3651 1196//3844 1104//3750
f 2228//3753 1131//3779 2187//3653
f 2649//3676 3076//3698 2213//3677
f 2246//3932 1791//3528 2653//3634
f 2206//3557 3929//3658 2653//3634
f 1786//3584 4800//3701 1185//3822
f 4812//3803 2224//3766 1160//3798
f 3071//3792 3940//3793 4806//3796
f 4358//3795 4806//3796 3489//3787
f 2224//3766 4811//3827 1171//3831
f 1146//3794 1805//3802 3940//3793
f 4358//3795 1171//3831 1807//3799
f 1171//3831 1160//3798 1807//3799
f 1804//3797 4807//3800 3940//3793
f 1147//3767 4807//3800 4358//3795
f 1147//3767 4358//3795 1807//3799
f 3501//3957 1757//3348 1794//3152
f 1136//3771 3940//3793 4807//3800
f 2656//3801 1161//3832 1149//3834
f 1148//3804 2656//3801 1149//3834
f 3920//3666 3070//3809 1178//3954
f 3062//3384 2657//3642 1202//3723
f 1195//3918 3937//3646 1150//3712
f 1124//3776 4345//3626 3075//3728
f 1782//3605 4808//3541 3502//3922
f 3088//3843 2216//3648 2205//3604
f 1121//3845 1183//3871 1125//3674
f 4814//3899 4356//3754 1132//3781
f 1827//3851 1788//3719 4370//3786
f 2237//3821 1787//3495 1799//3700
f 1167//3735 4326//3429 1811//3875
f 2658//3736 1186//3681 1111//3680
f 1159//3829 2660//3853 1158//3825
f 1081//3450 4787//3637 2664//4052
f 1169//3855 1171//3831 1168//3828
f 2224//3766 4812//3803 1159//3829
f 1077//3518 4788//3640 1226//3887
f 1138//3807 1796//3689 2212//3665
f 1796//3689 4354//3710 2648//3624
f 3926//3690 1120//3643 2689//3942
f 2227//3979 2247//3867 3921//3539
f 1172//3743 1241//3943 1150//3712
f 2230//3711 1173//3725 2217//3724
f 1121//3845 1803//3715 3497//3817
f 1029//3424 2683//3927 1755//3423
f 1116//3629 4356//3754 3492//3900
f 2649//3676 3493//3904 3082//3903
f 2664//4052 1201//3878 1081//3450
f 2660//3853 1159//3829 1194//3880
f 1793//3683 1176//3908 1208//3789
f 4364//3879 1159//3829 3941//3882
f 2219//3741 1194//3880 4812//3803
f 3079//3856 1171//3831 1169//3855
f 4364//3879 3941//3882 1161//3832
f 1135//3704 1208//3789 1145//3788
f 1794//3152 3950//3565 3501//3957
f 2229//3833 1188//3956 1115//3707
f 3070//3809 1139//3502 1219//3914
f 1778//3572 3045//3861 1119//3862
f 4764//3254 1203//3893 2220//3484
f 3060//3726 1810//3919 4359//3746
f 3491//3751 4809//3714 1814//3898
f 4759//3491 3851//2809 3994//3926
f 1197//3901 1132//3781 3938//3757
f 3938//3757 3074//3758 1193//3902
f 1797//3734 1175//3876 4801//3679
f 3917//3472 1815//3721 2640//3512
f 1159//3829 1170//3854 2661//3909
f 1129//3996 1806//3764 1812//3997
f 1169//3855 4364//3879 2661//3909
f 3078//3881 2661//3909 4364//3879
f 1070//3569 1115//3707 1188//3956
f 3923//3685 2239//3911 4798//3687
f 3927//3691 4786//3537 1180//3958
f 3927//3691 1180//3958 2236//3692
f 1809//3866 1173//3725 1191//3915
f 1173//3725 2230//3711 1191//3915
f 3502//3922 4367//3815 1153//3730
f 3491//3751 1814//3898 1182//3923
f 2228//3753 1816//3946 1131//3779
f 4817//3947 3492//3900 4814//3899
f 1785//3631 2668//3950 1184//3820
f 4379//3907 3485//3783 4352//3612
f 3929//3658 1185//3822 1207//3967
f 3494//3762 3068//3636 2226//3635
f 2658//3736 1175//3876 1186//3681
f 995//3276 1200//4093 1819//3720
f 1194//3880 2219//3741 1178//3954
f 1251//3955 3923//3685 1070//3569
f 1189//3889 4354//3710 1163//3859
f 1108//3663 3953//3884 4799//3709
f 1164//3667 3499//3836 4820//3838
f 1140//3483 1210//3810 1221//4034
f 4371//3894 4824//3960 2665//3939
f 3921//3539 2236//3692 2227//3979
f 4369//3811 3909//3419 1036//3526
f 1821//3982 4363//3869 4359//3746
f 2683//3927 1029//3424 3931//3548
f 1197//3901 4817//3947 4814//3899
f 2667//3965 1133//3760 1184//3820
f 1198//3949 1205//4012 4818//3850
f 4818//3850 1199//4014 3096//3905
f 1268//4142 3495//3589 2663//3935
f 3487//3824 1187//3765 1005//3347
f 3509//4176 1812//3997 1806//3764
f 4824//3960 4371//3894 1191//3915
f 4793//3669 3942//3812 2686//3863
f 4371//3894 1241//3943 1172//3743
f 1151//3775 3085//3917 2245//3981
f 1790//3651 3081//3650 3503//3962
f 3504//3985 3488//3732 1131//3779
f 1197//3901 1193//3902 2672//3963
f 1199//4014 4818//3850 1205//4012
f 3508//3933 1811//3875 2673//3951
f 1819//3720 3090//3823 1112//3682
f 3951//3952 2651//3615 2232//3936
f 3945//3972 3946//3973 2669//3971
f 3094//3961 1220//3959 2665//3939
f 4824//3960 1191//3915 1223//3916
f 1152//3921 1276//4187 1036//3526
f 1810//3919 3963//4041 4359//3746
f 1814//3898 2235//3870 1225//3983
f 1212//3948 2672//3963 3074//3758
f 1214//3988 3485//3783 4379//3907
f 1110//3717 1166//3784 1213//3929
f 2226//3635 3495//3589 1268//4142
f 2659//3763 3090//3823 1303//4017
f 3829//2781 1114//3277 1287//3994
f 3951//3952 3509//4176 1806//3764
f 4792//3562 3952//4025 3950//3565
f 4376//4023 3946//3973 3945//3972
f 3091//3910 3111//4098 1813//3830
f 3499//3836 1218//3975 4822//3976
f 3094//3961 4824//3960 4834//4277
f 4824//3960 1223//3916 4834//4277
f 1222//4036 2674//4004 1818//4005
f 4371//3894 3095//4074 1241//3943
f 3085//3917 4796//3670 4347//3645
f 2241//4042 2235//3870 3088//3843
f 1196//3844 2675//3897 1142//3748
f 2242//3986 1822//3966 1184//3820
f 2231//3733 1213//3929 4374//3906
f 3101//4067 1827//3851 4370//3786
f 1194//3880 1209//3953 3110//3993
f 4802//3808 3946//3973 1252//3974
f 1825//4056 4822//3976 1218//3975
f 3510//4073 3087//3999 1825//4056
f 1820//4003 1227//4100 2674//4004
f 1211//4001 1820//4003 1222//4036
f 4371//3894 4823//3940 3095//4074
f 4347//3645 1277//4165 3085//3917
f 1280//4008 4367//3815 3502//3922
f 1121//3845 1858//4043 1183//3871
f 3955//4063 3083//3872 2221//3752
f 1816//3946 1229//4044 3504//3985
f 3956//3848 3082//3903 1830//4088
f 3100//4046 2667//3965 2242//3986
f 3934//3782 4891//4198 1157//3849
f 1166//3784 3505//4065 1213//3929
f 1144//3785 3947//3873 1831//4048
f 1207//3967 3093//3934 1259//4121
f 1177//4018 2243//3968 4785//3618
f 2244//4097 2670//3937 1813//3830
f 2244//4097 1813//3830 3111//4098
f 2249//4053 4787//3637 1145//3788
f 4376//4023 1216//4022 3514//4054
f 1252//3974 3946//3973 4825//4026
f 1820//4003 1826//4002 1227//4100
f 2674//4004 1227//4100 3097//4037
f 3523//4040 3113//4102 3942//3812
f 3082//3903 3096//3905 1830//4088
f 3106//4116 1205//4012 1198//3949
f 1157//3849 4891//4198 3512//4047
f 1831//4048 3505//4065 1144//3785
f 3513//3992 1823//4050 1186//3681
f 1076//3561 3077//3616 2243//3968
f 3948//4024 2239//3911 1251//3955
f 1295//4127 2664//4052 2249//4053
f 4373//3998 1262//4128 4368//3888
f 3507//4033 2225//3860 3944//3977
f 3523//4040 3515//3980 3103//4107
f 3516//4060 3103//4107 3515//3980
f 1231//4061 3104//4111 1246//4079
f 1280//4008 3502//3922 3092//4007
f 1143//3463 4759//3491 4838//4292
f 1229//4044 1254//4136 2680//4009
f 1255//4115 1234//4010 1212//3948
f 2246//3932 1207//3967 1259//4121
f 1217//4021 4833//3995 3518//4070
f 1250//4051 3509//4176 3951//3952
f 1145//3788 1208//3789 3980//4095
f 3518//4070 3514//4054 1216//4022
f 2664//4052 1289//4126 1201//3878
f 3102//4072 3510//4073 1296//4151
f 1221//4034 3507//4033 1271//4181
f 1240//4152 3094//3961 4834//4277
f 3936//3668 3959//4397 1119//3862
f 3519//4524 1778//3572 1119//3862
f 3519//4524 1224//3865 1778//3572
f 1241//3943 3967//4103 1195//3918
f 1312//4234 1130//3744 4365//3774
f 4372//3944 1203//3893 4827//3892
f 1242//4105 1284//4109 3516//4060
f 1284//4109 3098//4108 3103//4107
f 2248//4110 1243//4076 3515//3980
f 1244//4078 4383//4112 1231//4061
f 1244//4078 3104//4111 3517//4059
f 2679//4113 1246//4079 4383//4112
f 1244//4078 2688//4134 2679//4113
f 4808//3541 3136//4081 3092//4007
f 1182//3923 1828//4062 1228//3896
f 1247//3945 2677//4084 1232//4082
f 2221//3752 3108//3984 1233//4064
f 3994//3926 4838//4292 4759//3491
f 1235//4013 1266//4087 3096//3905
f 2242//3986 4385//4137 3100//4046
f 1206//3930 4386//4140 4826//4015
f 4391//4119 1213//3929 3505//4065
f 2676//4020 1294//4144 3086//3969
f 3111//4098 3533//4246 2685//4096
f 1250//4051 1239//4071 2696//4124
f 1261//4055 4368//3888 3966//4129
f 4820//3838 1832//4132 1180//3958
f 4827//3892 1230//4035 3954//4057
f 2245//3981 2240//4189 2248//4110
f 2240//4189 3104//4111 2248//4110
f 2688//4134 4383//4112 1246//4079
f 1196//3844 3503//3962 3955//4063
f 3527//4195 1127//3696 1302//3964
f 1248//4117 1267//4174 2242//3986
f 3512//4047 4891//4198 1257//4089
f 4828//4118 3512//4047 1257//4089
f 4386//4140 1831//4048 4826//4015
f 2244//4097 4381//4145 2670//3937
f 1238//4146 2690//4297 3952//4025
f 3501//3957 3952//4025 4831//4029
f 1282//4058 3960//4154 1817//3895
f 3511//4038 2681//4156 3961//4075
f 1307//4184 4830//3978 2236//3692
f 4372//3944 4827//3892 1275//4164
f 3085//3917 1279//4188 2245//3981
f 2240//4189 2268//4213 3104//4111
f 2688//4134 1246//4079 4384//4190
f 1264//4083 1285//4169 1265//4085
f 3114//4192 2680//4009 1254//4136
f 1143//3463 3958//3777 1154//3778
f 4374//3906 1256//3987 4390//4139
f 1258//4068 4380//4049 2261//4175
f 1259//4121 1236//4066 2246//3932
f 3118//4381 1268//4142 2663//3935
f 1208//3789 3988//4203 3980//4095
f 3962//4147 1209//3953 1178//3954
f 3506//3912 2201//3477 4403//4130
f 3959//4397 4412//4396 1119//3862
f 3961//4075 2681//4156 4835//4161
f 3961//4075 3520//4186 2682//4160
f 2682//4160 4840//4158 2687//4231
f 3104//4111 2268//4213 1246//4079
f 1279//4188 1264//4083 1293//4114
f 4837//4193 1286//4086 2680//4009
f 1255//4115 1835//4194 1254//4136
f 3099//4045 2254//4138 3106//4116
f 4810//3819 3521//4197 3934//3782
f 3528//4199 2252//4143 4387//3990
f 2663//3935 1303//4017 3532//4380
f 1294//4144 3518//4070 4833//3995
f 3518//4070 3524//4204 1269//4148
f 1269//4148 3976//4205 4378//4030
f 4831//4029 3121//4273 3954//4057
f 3954//4057 3121//4273 4839//4207
f 4845//4250 1221//4034 1290//4182
f 3115//4180 3522//4183 1271//4181
f 3936//3668 1272//4251 3959//4397
f 1833//4101 1273//4155 3123//4185
f 2682//4160 2257//4285 3961//4075
f 3520//4186 4835//4161 1274//4159
f 2687//4231 4840//4158 2253//4157
f 1275//4164 2258//4237 3963//4041
f 1285//4169 2678//3924 1265//4085
f 4847//4172 2666//3925 2678//3924
f 1836//4218 1302//3964 4366//3756
f 3965//4141 3529//4221 1829//4016
f 2252//4143 1823//4050 3513//3992
f 1287//3994 2243//3968 1187//3765
f 2702//4296 3952//4025 2690//4297
f 1163//3859 1218//3975 1189//3889
f 4373//3998 3976//4205 1262//4128
f 3969//4247 1832//4132 3102//4072
f 3102//4072 1832//4132 4820//3838
f 1272//4251 3936//3668 1221//4034
f 1270//4179 3944//3977 4396//4206
f 1282//4058 1322//4343 3960//4154
f 1322//4343 1282//4058 3967//4103
f 2681//4156 1833//4101 2686//3863
f 2265//4260 3531//4229 2681//4156
f 2257//4285 2682//4160 1298//4211
f 1299//4233 3525//4232 3112//4212
f 3972//4263 2682//4160 3525//4232
f 3972//4263 1299//4233 2682//4160
f 1275//4164 4836//4163 2697//4307
f 1124//3776 1278//4006 3989//4287
f 2248//4110 2688//4134 1314//4430
f 1264//4083 1279//4188 1301//4168
f 1280//4008 2692//4214 4346//3693
f 1196//3844 4406//4171 2677//4084
f 1286//4086 4837//4193 2270//4217
f 4838//4292 3958//3777 1143//3463
f 2271//4196 3106//4116 1336//4219
f 1266//4087 3106//4116 2271//4196
f 2254//4138 4385//4137 4844//4293
f 3532//4380 3118//4381 2663//3935
f 2279//4451 1303//4017 3109//4201
f 2695//4241 4362//3826 3957//3722
f 3111//4098 3091//3910 4362//3826
f 4842//4269 2685//4096 3533//4246
f 1238//4146 3509//4176 2266//4243
f 1239//4071 2264//4339 2696//4124
f 3506//3912 4403//4130 1834//4099
f 4396//4206 3115//4180 1270//4179
f 3522//4183 4395//4209 1841//4253
f 1322//4343 3967//4103 2256//4208
f 3116//4228 1838//4255 1837//4257
f 3970//4279 3116//4228 3971//4306
f 3116//4228 1837//4257 3971//4306
f 2691//4281 3971//4306 1837//4257
f 1837//4257 4843//4259 2691//4281
f 3531//4229 4843//4259 4397//4261
f 4843//4259 2267//4282 2265//4260
f 2681//4156 4397//4261 2265//4260
f 3112//4212 4398//4284 2687//4231
f 4398//4284 3112//4212 3525//4232
f 2258//4237 1275//4164 2697//4307
f 1312//4234 3136//4081 1130//3744
f 1310//4264 1277//4165 3979//4328
f 1859//4291 3994//3926 2683//3927
f 3547//4317 1257//4089 4891//4198
f 2261//4175 4392//4120 3117//4266
f 2676//4020 1251//3955 1317//4177
f 3952//4025 2702//4296 1337//4224
f 3120//4245 3973//4337 3530//4390
f 3524//4204 3976//4205 1269//4148
f 2264//4339 1239//4071 2698//4271
f 1834//4099 4403//4130 3977//4227
f 1119//3862 4412//4396 3519//4524
f 3123//4185 3116//4228 3970//4279
f 1308//4258 1837//4257 3970//4279
f 3531//4229 2691//4281 4843//4259
f 4843//4259 1308//4258 2267//4282
f 2265//4260 2267//4282 3531//4229
f 4397//4261 2681//4156 4846//4230
f 3525//4232 1298//4211 4398//4284
f 1298//4211 1324//4262 1299//4233
f 2687//4231 1324//4262 1298//4211
f 1298//4211 1299//4233 3972//4263
f 3113//4102 3523//4040 2263//4236
f 2248//4110 2263//4236 1284//4109
f 4841//4191 1279//4188 1293//4114
f 1285//4169 1301//4168 1310//4264
f 2678//3924 1285//4169 4847//4172
f 3527//4195 3521//4197 4810//3819
f 1267//4174 4844//4293 4385//4137
f 3532//4380 1303//4017 2279//4451
f 2695//4241 3545//4332 4362//3826
f 2273//4267 2690//4297 1238//4146
f 1238//4146 2266//4243 3975//4268
f 2696//4124 2264//4339 2284//4338
f 1318//4244 3973//4337 3120//4245
f 4402//4299 3973//4337 1332//4300
f 1321//4324 1290//4182 2269//4304
f 4400//4254 1306//4252 1841//4253
f 3971//4306 1308//4258 3970//4279
f 3972//4263 1309//4309 2257//4285
f 1279//4188 1310//4264 1301//4168
f 4855//4378 1828//4062 1292//4135
f 3125//4450 1328//4312 3526//4215
f 3092//4007 4857//4432 1839//4170
f 2270//4217 4837//4193 4419//4314
f 4419//4314 4837//4193 2693//4240
f 2693//4240 3964//4173 3132//4315
f 3528//4199 3117//4266 1329//4319
f 2262//4200 1268//4142 3118//4381
f 1823//4050 2252//4143 1329//4319
f 2273//4267 2699//4295 2690//4297
f 2266//4243 2696//4124 2284//4338
f 1331//4391 2698//4271 1289//4126
f 1296//4151 1338//4178 1333//4393
f 4402//4299 4405//4321 3986//4340
f 4405//4321 3536//4322 3535//4301
f 3535//4301 1332//4300 4405//4321
f 4405//4321 1320//4303 4417//4323
f 1320//4303 3536//4322 4417//4323
f 3121//4273 1319//4272 1339//4341
f 4839//4207 3121//4273 2274//4256
f 1321//4324 2269//4304 2272//4346
f 2257//4285 2275//4345 4832//4133
f 2263//4236 2248//4110 1314//4430
f 3526//4215 1316//4313 3125//4450
f 1248//4117 4390//4139 2278//4888
f 1248//4117 2278//4888 1267//4174
f 2694//4091 4407//4331 3529//4221
f 2262//4200 3118//4381 1849//4318
f 4388//4092 1815//3721 1368//4294
f 4401//4384 4842//4269 3120//4245
f 1260//3883 3107//4031 1860//4556
f 1850//4392 1289//4126 3126//4270
f 3534//4149 4404//4485 3962//4147
f 4411//4342 2703//4249 3960//4154
f 1840//4248 2256//4208 3968//4000
f 2269//4304 2275//4345 2272//4346
f 3519//4524 4412//4396 1392//4523
f 1340//4350 3542//4349 3984//4419
f 1342//4351 1340//4350 4892//4421
f 4892//4421 1343//4354 1342//4351
f 1843//4352 4892//4421 3538//4347
f 1343//4354 1843//4352 1342//4351
f 1844//4356 1843//4352 2700//4355
f 1345//4427 2701//4357 1844//4356
f 1345//4427 1844//4356 3127//4359
f 3127//4359 3129//4360 3539//4361
f 4853//4358 3985//4362 3129//4360
f 3539//4361 3129//4360 3128//4428
f 4849//4363 3128//4428 3129//4360
f 1348//4371 1846//4367 3537//4369
f 1324//4262 1347//4366 1349//4372
f 4416//4370 1348//4371 1349//4372
f 1263//4166 1313//4311 1276//4187
f 1314//4430 2688//4134 1350//4289
f 4407//4331 1849//4318 3532//4380
f 3532//4380 2279//4451 4407//4331
f 1368//4294 3109//4201 4388//4092
f 4401//4384 4423//4454 4842//4269
f 3981//4302 4845//4250 1353//4438
f 4845//4250 2272//4346 1353//4438
f 4832//4133 2272//4346 2280//4344
f 1355//4401 3540//4402 2281//4398
f 2281//4398 4413//4405 4852//4399
f 3982//4406 1851//4403 4414//4408
f 4414//4408 1852//4410 3982//4406
f 2706//4443 3982//4406 1852//4410
f 1357//4413 2706//4443 1852//4410
f 1357//4413 4415//4412 1857//4889
f 1359//4444 1357//4413 3131//4415
f 1857//4889 1358//4416 1357//4413
f 1358//4416 3987//4418 3541//4414
f 3131//4415 3541//4414 1853//4417
f 3541//4414 3987//4418 1854//4420
f 3542//4349 1853//4417 3984//4419
f 1843//4352 2704//4422 4892//4421
f 2704//4422 2701//4357 3543//4423
f 2700//4355 3543//4423 1844//4356
f 1345//4427 3544//4426 3543//4423
f 1844//4356 3544//4426 4853//4358
f 1345//4427 3127//4359 3544//4426
f 2697//4307 1341//4280 3995//4424
f 3985//4362 3128//4428 1346//4365
f 3537//4369 1846//4367 1347//4366
f 1324//4262 4416//4370 1347//4366
f 3143//4283 3146//4459 1283//3864
f 4416//4370 4854//4373 3537//4369
f 1848//4377 1323//4308 3113//4102
f 1361//4431 1379//4448 1350//4289
f 1335//4330 3527//4195 2716//4316
f 1336//4219 1267//4174 2278//4888
f 4390//4139 4393//4220 2278//4888
f 1351//4434 1329//4319 3117//4266
f 1317//4177 4848//4334 1294//4144
f 1311//4320 1260//3883 1860//4556
f 3120//4245 3530//4390 1352//4383
f 1825//4056 1218//3975 1338//4178
f 2698//4271 1331//4391 1856//4387
f 2282//4336 1862//4440 1332//4300
f 3981//4302 4409//4442 4845//4250
f 1354//4501 2251//4153 3142//4274
f 1322//4343 2256//4208 2289//4394
f 1355//4401 3130//4400 4852//4399
f 2281//4398 3540//4402 4413//4405
f 4413//4405 1356//4407 1851//4403
f 3983//4409 4415//4412 1852//4410
f 1359//4444 1857//4889 4415//4412
f 1359//4444 1358//4416 1857//4889
f 1307//4184 3135//4305 1377//4374
f 4854//4373 1349//4372 1848//4377
f 2277//4375 1847//4325 1848//4377
f 4850//4310 1360//4447 3137//4429
f 1848//4377 2263//4236 1378//4530
f 2283//4379 1328//4312 1361//4431
f 1839//4170 4857//4432 2692//4214
f 4851//4329 1285//4169 4859//4476
f 4847//4172 4851//4329 1363//4534
f 3134//4439 4408//4389 3986//4340
f 3986//4340 4417//4323 3134//4439
f 1401//4490 2274//4256 1339//4341
f 2277//4375 1848//4377 4850//4310
f 3546//4461 1327//4238 3995//4424
f 3989//4287 1367//4575 3124//4235
f 2285//4464 1828//4062 4855//4378
f 4000//4465 4847//4172 1363//4534
f 3144//4536 3993//4239 1858//4043
f 2238//4011 3990//4478 1836//4218
f 4393//4220 1336//4219 2278//4888
f 3975//4268 1390//4452 2705//4382
f 1390//4452 2266//4243 4437//4515
f 1353//4438 2272//4346 3991//4486
f 2251//4153 1354//4501 2286//4519
f 1379//4448 1378//4530 2263//4236
f 1263//4166 3141//4512 1313//4311
f 2695//4241 4862//4435 1407//4643
f 3980//4095 3988//4203 3550//4453
f 4842//4269 4423//4454 1394//4469
f 2282//4336 1842//4242 4420//4468
f 3133//4388 1365//4335 2711//4500
f 1381//4499 1331//4391 1850//4392
f 1861//4521 2708//4226 1333//4393
f 3136//4081 2715//4460 4857//4432
f 1864//4513 1263//4166 2692//4214
f 2707//4449 1328//4312 2712//4492
f 1418//4532 4851//4329 4859//4476
f 4851//4329 1418//4532 1363//4534
f 4406//4171 3955//4063 1874//4589
f 1407//4643 3545//4332 2695//4241
f 3962//4147 3997//4333 1209//3953
f 3962//4147 4404//4485 3997//4333
f 1381//4499 1850//4392 3126//4270
f 3155//4517 1337//4224 2702//4296
f 3142//4274 1370//4278 1397//4570
f 1384//4525 1845//4445 1383//4506
f 4422//4505 1845//4445 2257//4285
f 1385//4508 2257//4285 3551//4510
f 2290//4472 1383//4506 3996//4491
f 1367//4575 1403//4605 3124//4235
f 2709//4474 1386//4376 3137//4429
f 1379//4448 1361//4431 2707//4449
f 4002//4553 1334//4216 4406//4171
f 4421//4437 4848//4334 1409//4555
f 1373//4455 3134//4439 4425//4565
f 2284//4338 1856//4387 3567//4558
f 1339//4341 1337//4224 4861//4503
f 1272//4251 4409//4442 4863//4545
f 3959//4397 1272//4251 4863//4545
f 1384//4525 1385//4508 1845//4445
f 3124//4235 1403//4605 1370//4278
f 1414//4549 2710//4511 1386//4376
f 2709//4474 1414//4549 1386//4376
f 1404//4588 2715//4460 3146//4459
f 4004//4535 4000//4465 1363//4534
f 1380//4494 1859//4291 1387//4514
f 4419//4314 1388//4466 1387//4514
f 4860//4265 1336//4219 4393//4220
f 1824//3877 3151//4539 1855//4436
f 4431//4498 3155//4517 2702//4296
f 1333//4393 1338//4178 2719//4541
f 1354//4501 3145//4544 2286//4519
f 3991//4486 2272//4346 1395//4560
f 4411//4342 2289//4394 3138//4488
f 2275//4345 1395//4560 2272//4346
f 1341//4280 3552//4471 3992//4425
f 1383//4506 4428//4546 4858//4504
f 1385//4508 3551//4510 2710//4511
f 3140//4531 1379//4448 3556//4562
f 1864//4513 4857//4432 1417//4550
f 3990//4478 4838//4292 3557//4538
f 4431//4498 2699//4295 1382//4480
f 1365//4335 4421//4437 1409//4555
f 1374//4386 2292//4385 3154//4599
f 2293//4502 3558//4543 1354//4501
f 4426//4368 2250//4162 2298//4529
f 4430//4590 1388//4466 4001//4467
f 2725//4094 1304//4222 1396//4540
f 4865//4593 4862//4435 1855//4436
f 1398//4578 4848//4334 1369//4483
f 1394//4469 4423//4454 4014//4597
f 3565//4602 2711//4500 4867//4601
f 2292//4385 2711//4500 3565//4602
f 3554//4487 1862//4440 3548//4484
f 1400//4676 1401//4490 4427//4569
f 3990//4478 3557//4538 2296//4657
f 4430//4590 4001//4467 4439//4656
f 4425//4565 3561//4596 4423//4454
f 4005//4568 2286//4519 3145//4544
f 4005//4568 1411//4518 3138//4488
f 3999//4527 4434//4608 2294//4574
f 3560//4528 2291//4547 4864//4665
f 2713//4475 1362//4463 1865//4612
f 4860//4265 3150//4554 1389//4433
f 1176//3908 2737//4495 1438//4479
f 1408//4594 3545//4332 1407//4643
f 1375//4456 3998//4489 4003//4566
f 2721//4632 3558//4543 2293//4502
f 2287//4458 1861//4521 1436//4663
f 1366//4276 4426//4368 3562//4571
f 2298//4529 3141//4512 1444//4611
f 4439//4656 4001//4467 3150//4554
f 3119//4223 1364//4202 1438//4479
f 1409//4555 1867//4579 2720//4669
f 3147//4620 1311//4320 1860//4556
f 1331//4391 4435//4622 3156//4516
f 2717//4542 1376//4441 1410//4583
f 1423//4661 1401//4490 1400//4676
f 1401//4490 1423//4661 4432//4584
f 1436//4663 1371//4457 2287//4458
f 2714//4526 4007//4637 1425//4625
f 3553//4473 1425//4625 1416//4551
f 1865//4612 1415//4587 2713//4475
f 1417//4550 1444//4611 1864//4513
f 2712//4492 3152//4552 3556//4562
f 2716//4316 2300//4614 1335//4330
f 2305//4617 1871//4707 1419//4481
f 1407//4643 4862//4435 4865//4593
f 1431//4482 2684//4122 1419//4481
f 4437//4515 2284//4338 4447//4557
f 1872//4686 3147//4620 1860//4556
f 3561//4596 2726//4696 4014//4597
f 3992//4425 1412//4572 2714//4526
f 1425//4625 2302//4638 1865//4612
f 3549//4462 1863//4561 2303//4639
f 3990//4478 2296//4657 2300//4614
f 3561//4596 3564//4630 2726//4696
f 4432//4584 1429//4660 1412//4572
f 4007//4637 4438//4649 2302//4638
f 3146//4459 1448//4651 2728//4626
f 1445//4664 3560//4528 4864//4665
f 2311//4627 1414//4549 3140//4531
f 3549//4462 2303//4639 3139//4493
f 1419//4481 1870//4592 4869//4618
f 1407//4643 4865//4593 1426//4642
f 1392//4523 1427//4634 3555//4548
f 1442//4648 1428//4688 2301//4635
f 1424//4610 1415//4587 1442//4648
f 3562//4571 4426//4368 1876//4702
f 1453//4666 1404//4588 2728//4626
f 4012//4577 2300//4614 4440//4616
f 1393//4497 1390//4452 4015//4679
f 1871//4707 1431//4482 1419//4481
f 1440//4671 2305//4617 1439//4670
f 4872//4659 1409//4555 2720//4669
f 4020//4698 1375//4456 4003//4566
f 1410//4583 1873//4672 2717//4542
f 1410//4583 3562//4571 4873//4713
f 1861//4521 1406//4581 1436//4663
f 4011//4636 4018//4714 2714//4526
f 2298//4529 1443//4650 4426//4368
f 2724//4613 4439//4656 4866//4655
f 4441//4641 1398//4578 1446//4681
f 3566//4682 1450//4683 4441//4641
f 1405//4623 1408//4594 4874//4699
f 3157//4564 1375//4456 4020//4698
f 1466//4721 3567//4558 3156//4516
f 1405//4623 4870//4633 4863//4545
f 1412//4572 1429//4660 2309//4724
f 3149//4604 4429//4573 2299//4624
f 3570//4703 1443//4650 1444//4611
f 2299//4624 1414//4549 2311//4627
f 4444//4576 2295//4477 2288//4537
f 3566//4682 1454//4691 1450//4683
f 2307//4692 1394//4469 4014//4597
f 1455//4709 1452//4694 1439//4670
f 1434//4646 1420//4645 2718//4580
f 3555//4548 2733//4701 1877//4756
f 4433//4507 3555//4548 1877//4756
f 4433//4507 1877//4756 1878//4748
f 4433//4507 1878//4748 1448//4651
f 4444//4576 4436//4628 4871//4654
f 2296//4657 1449//4690 4440//4616
f 2729//4658 4013//4615 1449//4690
f 1454//4691 1446//4681 4016//4705
f 3157//4564 1880//4726 1396//4540
f 2720//4669 1450//4683 4872//4659
f 1440//4671 3569//4719 2305//4617
f 1426//4642 4874//4699 1408//4594
f 1882//4710 1406//4581 1433//4644
f 2301//4635 2741//4689 4446//4687
f 2741//4689 1428//4688 1442//4648
f 1461//4758 3152//4552 1422//4653
f 1390//4452 1472//4668 4015//4679
f 1880//4726 2725//4094 1396//4540
f 2309//4724 2739//4777 4011//4636
f 4018//4714 4011//4636 2739//4777
f 1453//4666 2728//4626 3570//4703
f 1430//4652 1437//4640 4871//4654
f 2725//4094 1880//4726 2737//4495
f 1398//4578 2743//4764 4442//4716
f 1398//4578 1431//4482 2743//4764
f 1872//4686 1457//4728 3147//4620
f 1440//4671 4017//4673 3569//4719
f 1420//4645 1434//4646 1465//4747
f 2733//4701 1427//4634 4870//4633
f 1443//4650 3570//4703 4451//4766
f 2728//4626 1448//4651 4021//4735
f 2736//4743 1435//4662 2299//4624
f 4449//4717 1454//4691 4016//4705
f 2308//4706 1431//4482 1871//4707
f 1884//4718 1469//4739 1455//4709
f 4025//4731 4874//4699 1426//4642
f 1873//4672 4024//4742 1457//4728
f 2313//4793 4446//4687 2741//4689
f 4451//4766 4450//4734 1443//4650
f 2734//4678 3152//4552 1461//4758
f 3572//4715 4871//4654 2303//4639
f 2310//4704 4449//4717 1463//4751
f 1884//4718 1455//4709 1439//4670
f 1469//4739 1881//4727 3568//4695
f 4447//4557 1466//4721 3574//4752
f 4443//4733 1429//4660 1423//4661
f 3570//4703 4021//4735 4451//4766
f 4444//4576 1480//4761 1462//4725
f 2740//4784 2735//4619 4019//4496
f 1438//4479 3158//4769 4445//4708
f 4879//4753 4427//4569 3155//4517
f 4875//4740 4022//4723 1441//4595
f 4022//4723 4881//4741 3156//4516
f 1882//4710 1447//4697 3161//4755
f 4021//4735 1878//4748 1476//4757
f 1442//4648 2727//4647 1459//4794
f 1467//4767 1438//4479 2737//4495
f 1438//4479 1467//4767 3158//4769
f 2737//4495 1880//4726 1467//4767
f 4452//4781 2308//4706 1475//4765
f 1456//4729 1474//4773 1465//4747
f 4024//4742 4451//4766 1471//4774
f 4024//4742 4450//4734 4451//4766
f 1442//4648 1459//4794 2741//4689
f 4869//4618 1870//4592 1468//4737
f 2738//4722 4454//4746 2312//4674
f 1476//4757 4023//4732 1464//4745
f 1476//4757 1464//4745 1471//4774
f 2313//4793 1458//4730 4446//4687
f 4443//4733 4882//4776 1429//4660
f 3159//4711 1435//4662 2746//4787
f 1422//4653 2295//4477 1462//4725
f 1463//4751 4442//4716 4452//4781
f 1474//4773 2744//4768 2315//4772
f 2727//4647 3571//4749 1459//4794
f 4871//4654 3572//4715 1480//4761
f 4452//4781 1473//4744 1463//4751
f 1475//4765 2312//4674 4454//4746
f 4022//4723 1477//4782 4881//4741
f 3161//4755 4453//4775 1882//4710
f 2736//4743 2734//4678 2748//4786
f 1462//4725 1470//4760 1422//4653
f 4455//4795 4869//4618 1468//4737
f 1478//4799 1466//4721 4881//4741
f 1486//4890 4875//4740 4456//4783
f 4875//4740 1486//4890 1477//4782
f 1458//4730 2313//4793 4456//4783
f 2309//4724 4882//4776 4027//4778
f 2746//4787 1435//4662 2736//4743
f 1884//4718 4869//4618 4455//4795
f 2747//4789 1466//4721 1478//4799
f 2739//4777 2752//4801 4018//4714
f 3573//4736 4878//4779 2751//4811
f 1486//4890 1485//4792 1477//4782
f 1486//4890 4456//4783 2313//4793
f 2752//4801 3571//4749 4018//4714
f 4459//4791 2730//4685 1451//4693
f 3159//4711 3160//4803 3161//4755
f 1479//4797 2748//4786 2734//4678
f 1459//4794 1486//4890 2313//4793
f 4453//4775 3161//4755 4877//4790
f 2747//4789 1478//4799 1483//4796
f 3163//4808 2750//4807 1478//4799
f 4028//4816 2748//4786 1479//4797
f 3573//4736 2318//4804 3572//4715
f 1483//4796 1478//4799 2750//4807
f 3165//4844 4027//4778 4882//4776
f 1486//4890 1459//4794 3162//4826
f 3160//4803 2746//4787 1885//4810
f 1479//4797 4876//4759 2749//4798
f 2740//4784 4019//4496 1875//4680
f 3574//4752 1487//4814 4880//4780
f 1485//4792 1486//4890 2754//4819
f 1460//4750 4458//4809 4878//4779
f 1480//4761 1491//4821 2749//4798
f 1482//4788 4880//4780 1489//4813
f 1484//4800 1485//4792 1886//4820
f 2740//4784 1481//4812 3164//4891
f 3164//4891 3575//4763 2740//4784
f 3577//4823 1483//4796 1488//4806
f 1486//4890 3162//4826 2754//4819
f 2753//4802 3162//4826 1459//4794
f 3575//4763 3164//4891 3576//4818
f 4030//4805 2319//4829 4882//4776
f 1480//4761 2318//4804 1491//4821
f 3577//4823 1487//4814 1483//4796
f 3163//4808 1484//4800 1886//4820
f 4028//4816 1479//4797 1491//4821
f 4882//4776 2319//4829 3165//4844
f 4027//4778 3165//4844 2752//4801
f 4883//4892 3163//4808 1886//4820
f 3578//4825 2754//4819 3162//4826
f 3163//4808 4883//4892 2320//4822
f 2753//4802 2317//4815 3579//4831
f 1489//4813 3582//4832 4029//4817
f 1887//4836 1490//4824 1488//4806
f 1492//4856 3164//4891 1481//4812
f 1482//4788 3166//4827 1888//4853
f 4884//4839 2320//4822 4883//4892
f 4883//4892 1886//4820 4884//4839
f 3580//4833 2756//4841 4031//4840
f 4031//4840 3578//4825 3580//4833
f 1888//4853 1875//4680 1482//4788
f 2755//4835 4029//4817 1494//4848
f 2755//4835 3167//4828 4029//4817
f 2321//4854 3166//4827 2755//4835
f 2323//4850 4885//4830 4879//4753
f 4460//4842 3580//4833 1496//4858
f 4029//4817 3582//4832 1497//4847
f 2755//4835 1494//4848 2321//4854
f 3583//4859 3581//4843 2319//4829
f 2322//4846 1875//4680 1888//4853
f 4885//4830 3583//4859 2319//4829
f 2752//4801 3581//4843 1493//4834
f 1492//4856 3576//4818 3164//4891
f 1887//4836 1498//4837 1497//4847
f 1501//4852 3579//4831 1493//4834
f 1890//4857 1888//4853 2321//4854
f 1495//4845 3584//4851 1890//4857
f 1892//4861 1894//4866 3584//4851
f 1888//4853 1890//4857 1500//4867
f 4461//4838 4463//4869 4462//4864
f 2322//4846 1500//4867 4886//4863
f 1500//4867 1894//4866 4886//4863
f 1502//4872 4887//4855 1503//4871
f 1894//4866 1892//4861 1503//4871
f 1893//4862 1891//4860 4464//4874
f 4032//4870 1893//4862 4464//4874
f 4462//4864 4463//4869 3585//4876
f 1499//4865 3585//4876 1506//4878
