# Blender 5.0.1
# www.blender.org
mtllib train.mtl
o Cube
v 3.755943 -0.159462 -24.813503
v 3.625463 0.077737 -24.603449
v 2.575830 9.371284 -24.813641
v 2.489223 9.132629 -24.603411
v 0.000000 -0.150838 -24.826189
v 0.000000 0.075375 -24.599974
v 0.000000 9.361518 -24.826189
v 0.000000 9.135304 -24.599974
v 3.751199 -0.150836 0.000000
v 3.626762 0.075377 -0.000000
v 2.490193 9.135306 -0.000001
v 2.572285 9.361520 -0.000001
v 0.000000 9.361520 -0.000001
v 0.000000 9.135306 -0.000001
v 0.000000 0.075377 -0.000000
v 0.000000 -0.150836 0.000000
v 5.106235 2.413996 -24.603046
v 5.343262 2.343400 -24.814978
v 5.408512 7.003053 -24.813086
v 5.168767 6.893014 -24.603563
v 4.306085 7.912289 -24.826189
v 4.161007 7.738724 -24.599974
v 4.306085 7.912291 -0.000001
v 4.161007 7.738726 -0.000001
v 4.590581 1.173300 -24.826189
v 4.399521 1.294414 -24.599974
v 4.590581 1.173302 -0.000000
v 4.399521 1.294416 -0.000000
v 3.042818 8.968214 -24.826189
v 2.897740 8.794649 -24.599974
v 3.042818 8.968217 -0.000001
v 2.897740 8.794651 -0.000001
v 5.364775 4.545073 -24.826189
v 5.138583 4.548233 -24.599974
v 3.751199 -0.150837 -8.578883
v 3.626762 0.075376 -8.578883
v 2.572285 9.361519 -8.578884
v 2.490193 9.135305 -8.578884
v 0.000000 9.361519 -8.578884
v 0.000000 9.135305 -8.578884
v 0.000000 0.075376 -8.578883
v 0.000000 -0.150837 -8.578883
v 5.334055 2.346143 -8.578883
v 5.108757 2.413246 -8.578883
v 5.399054 6.998713 -8.578884
v 5.171358 6.894206 -8.578884
v 4.306085 7.912291 -8.578884
v 4.161007 7.738726 -8.578884
v 4.590581 1.173301 -8.578883
v 4.399521 1.294415 -8.578883
v 3.042818 8.968216 -8.578884
v 2.897741 8.794650 -8.578884
v 5.364775 4.545074 -8.578883
v 5.138583 4.548234 -8.578883
v 2.490193 9.135306 -4.922431
v 2.572285 9.361520 -4.922431
v 0.000000 9.361520 -4.922431
v 0.000000 9.135306 -4.922431
v 0.000000 0.075377 -4.922430
v 0.000000 -0.150836 -4.922430
v 5.334055 2.346143 -4.922430
v 5.108757 2.413247 -4.922430
v 5.171358 6.894206 -4.922431
v 5.399054 6.998713 -4.922431
v 4.306085 7.912291 -4.922431
v 4.161007 7.738726 -4.922431
v 4.399521 1.294416 -4.922430
v 4.590581 1.173302 -4.922430
v 2.897741 8.794651 -4.922431
v 3.042818 8.968217 -4.922431
v 5.364775 4.545074 -4.922431
v 5.138583 4.548234 -4.922431
v 3.751199 -0.150836 -4.922430
v 3.626762 0.075377 -4.922430
v 3.626762 0.075376 -19.429800
v 3.751199 -0.150837 -19.429800
v 2.490193 9.135304 -19.429800
v 2.572285 9.361518 -19.429800
v 0.000000 9.361518 -19.429800
v 0.000000 9.135304 -19.429800
v 0.000000 0.075376 -19.429800
v 0.000000 -0.150837 -19.429800
v 5.334055 2.346143 -19.429800
v 5.108757 2.413246 -19.429800
v 5.399054 6.998712 -19.429800
v 5.171358 6.894205 -19.429800
v 4.306085 7.912290 -19.429800
v 4.161007 7.738725 -19.429800
v 4.399521 1.294415 -19.429800
v 4.590581 1.173301 -19.429800
v 2.897740 8.794649 -19.429800
v 3.042818 8.968215 -19.429800
v 5.364775 4.545074 -19.429800
v 5.138583 4.548234 -19.429800
v 3.751199 -0.150838 -23.419764
v 3.626762 0.075375 -23.419764
v 2.490193 9.135304 -23.419764
v 2.572285 9.361518 -23.419764
v 0.000000 9.361518 -23.419764
v 0.000000 9.135304 -23.419764
v 0.000000 0.075375 -23.419764
v 0.000000 -0.150838 -23.419764
v 5.334055 2.346142 -23.419764
v 5.108757 2.413245 -23.419764
v 5.171358 6.894204 -23.419764
v 5.399054 6.998711 -23.419764
v 4.306085 7.912289 -23.419764
v 4.161007 7.738724 -23.419764
v 4.399521 1.294414 -23.419764
v 4.590581 1.173300 -23.419764
v 2.897740 8.794649 -23.419764
v 3.042818 8.968215 -23.419764
v 5.364775 4.545073 -23.419764
v 5.138583 4.548233 -23.419764
v 5.119395 3.174718 -24.599974
v 5.345586 3.171558 -24.826189
v 5.119395 3.174719 -8.578883
v 5.345586 3.171559 -8.578883
v 5.119395 3.174720 -4.922431
v 5.345586 3.171560 -4.922431
v 5.345586 3.171559 -19.429800
v 5.119395 3.174719 -19.429800
v 5.119395 3.174718 -23.419764
v 5.345586 3.171558 -23.419764
v 2.490193 9.135305 -15.571321
v 2.572285 9.361519 -15.571321
v 0.000000 9.361519 -15.571321
v 0.000000 9.135305 -15.571321
v 0.000000 0.075376 -15.571321
v 0.000000 -0.150837 -15.571321
v 5.334055 2.346143 -15.571321
v 5.108757 2.413246 -15.571321
v 5.399054 6.998712 -15.571321
v 5.171358 6.894205 -15.571321
v 4.306085 7.912290 -15.571321
v 4.161007 7.738725 -15.571321
v 4.590581 1.173301 -15.571321
v 4.399521 1.294415 -15.571321
v 3.042818 8.968216 -15.571321
v 2.897740 8.794650 -15.571321
v 5.138583 4.548234 -15.571321
v 5.364775 4.545074 -15.571321
v 3.626762 0.075376 -15.571321
v 3.751199 -0.150837 -15.571321
v 5.119395 3.174719 -15.571321
v 5.345586 3.171559 -15.571321
v -4.255748 1.271445 24.595537
v -4.481962 1.045231 24.821751
v 4.255748 1.271445 24.595537
v 4.481962 1.045231 24.821751
v -4.255748 1.271441 -24.595537
v -4.481962 1.045227 -24.821751
v 4.255748 1.271441 -24.595537
v 4.481962 1.045227 -24.821751
v -4.481962 1.285023 -24.821751
v -4.255748 1.058810 -24.595537
v -4.481962 1.285027 24.821751
v -4.255748 1.058814 24.595537
v 4.481962 1.285027 24.821751
v 4.255748 1.058814 24.595537
v 4.481962 1.285023 -24.821751
v 4.255748 1.058810 -24.595537
v 4.590581 1.173302 -5.219171
v 4.399521 1.294416 -5.219171
v 4.440598 1.268376 -5.396748
v 4.440598 1.268376 -5.170535
v 5.334055 2.346143 -5.219171
v 5.108757 2.413247 -5.219171
v 5.157196 2.398819 -5.396748
v 5.157196 2.398819 -5.170535
v 5.119395 3.174720 -5.219172
v 5.345586 3.171560 -5.219172
v 5.168026 3.174041 -5.396749
v 5.168026 3.174041 -5.170536
v 5.364775 4.545074 -5.219172
v 5.138583 4.548234 -5.219172
v 5.187214 4.547555 -5.396749
v 5.187214 4.547555 -5.170536
v 5.171358 6.894206 -5.219172
v 5.399054 6.998713 -5.219172
v 5.220313 6.916675 -5.396749
v 5.220313 6.916675 -5.170536
v 4.161007 7.738726 -5.219172
v 4.306085 7.912291 -5.219172
v 4.192199 7.776042 -5.396749
v 4.192199 7.776042 -5.170536
v 3.042818 8.968217 -5.219172
v 2.897741 8.794651 -5.219172
v 2.928932 8.831967 -5.396749
v 2.928932 8.831967 -5.170536
v 2.507843 9.183942 -5.396749
v 2.507843 9.183942 -5.170536
v 2.572285 9.361520 -5.219172
v 2.490193 9.135306 -5.219172
v 2.434891 1.268376 -5.170535
v 2.434891 1.268376 -5.396748
v 2.681085 2.588294 -5.170535
v 2.681085 2.588294 -5.396748
v 3.545327 3.670582 -5.170536
v 3.545327 3.670582 -5.396749
v 3.804507 5.013391 -5.170536
v 3.804507 5.013391 -5.396749
v 3.651336 6.916675 -5.170536
v 3.651336 6.916675 -5.396749
v 2.903675 7.776042 -5.170536
v 2.903675 7.776042 -5.396749
v 0.645035 9.183942 -5.170536
v 0.645035 9.183942 -5.396749
v 1.370595 8.561189 -5.170536
v 1.370595 8.561189 -5.396749
v -3.625463 0.077737 -24.603449
v -3.755943 -0.159462 -24.813503
v -2.489223 9.132629 -24.603411
v -2.575830 9.371284 -24.813641
v -3.626762 0.075377 -0.000000
v -3.751199 -0.150836 0.000000
v -2.572285 9.361520 -0.000001
v -2.490193 9.135306 -0.000001
v -5.343262 2.343400 -24.814978
v -5.106235 2.413996 -24.603046
v -5.168767 6.893014 -24.603563
v -5.408512 7.003053 -24.813086
v -4.161007 7.738724 -24.599974
v -4.306085 7.912289 -24.826189
v -4.161007 7.738726 -0.000001
v -4.306085 7.912291 -0.000001
v -4.399521 1.294414 -24.599974
v -4.590581 1.173300 -24.826189
v -4.399521 1.294416 -0.000000
v -4.590581 1.173302 -0.000000
v -2.897740 8.794649 -24.599974
v -3.042818 8.968214 -24.826189
v -2.897741 8.794651 -0.000001
v -3.042818 8.968217 -0.000001
v -5.138583 4.548233 -24.599974
v -5.364775 4.545073 -24.826189
v -3.626762 0.075376 -8.578883
v -3.751199 -0.150837 -8.578883
v -2.490193 9.135305 -8.578884
v -2.572285 9.361519 -8.578884
v -5.108757 2.413246 -8.578883
v -5.334055 2.346143 -8.578883
v -5.171358 6.894206 -8.578884
v -5.399054 6.998713 -8.578884
v -4.161007 7.738726 -8.578884
v -4.306085 7.912291 -8.578884
v -4.399521 1.294415 -8.578883
v -4.590581 1.173301 -8.578883
v -2.897741 8.794650 -8.578884
v -3.042818 8.968216 -8.578884
v -5.138583 4.548234 -8.578883
v -5.364775 4.545074 -8.578883
v -2.572285 9.361520 -4.922431
v -2.490193 9.135306 -4.922431
v -5.108757 2.413247 -4.922430
v -5.334055 2.346143 -4.922430
v -5.399054 6.998713 -4.922431
v -5.171358 6.894206 -4.922431
v -4.161007 7.738726 -4.922431
v -4.306085 7.912291 -4.922431
v -4.590581 1.173302 -4.922430
v -4.399521 1.294416 -4.922430
v -3.042818 8.968217 -4.922431
v -2.897741 8.794651 -4.922431
v -5.138583 4.548234 -4.922431
v -5.364775 4.545074 -4.922431
v -3.626762 0.075377 -4.922430
v -3.751199 -0.150836 -4.922430
v -3.751199 -0.150837 -19.429800
v -3.626762 0.075376 -19.429800
v -2.572285 9.361518 -19.429800
v -2.490193 9.135304 -19.429800
v -5.108757 2.413246 -19.429800
v -5.334055 2.346143 -19.429800
v -5.171358 6.894205 -19.429800
v -5.399054 6.998712 -19.429800
v -4.161007 7.738725 -19.429800
v -4.306085 7.912290 -19.429800
v -4.590581 1.173301 -19.429800
v -4.399521 1.294415 -19.429800
v -3.042818 8.968215 -19.429800
v -2.897740 8.794649 -19.429800
v -5.138583 4.548234 -19.429800
v -5.364775 4.545074 -19.429800
v -3.626762 0.075375 -23.419764
v -3.751199 -0.150838 -23.419764
v -2.572285 9.361518 -23.419764
v -2.490193 9.135304 -23.419764
v -5.108757 2.413245 -23.419764
v -5.334055 2.346142 -23.419764
v -5.399054 6.998711 -23.419764
v -5.171358 6.894204 -23.419764
v -4.161007 7.738724 -23.419764
v -4.306085 7.912289 -23.419764
v -4.590581 1.173300 -23.419764
v -4.399521 1.294414 -23.419764
v -3.042818 8.968215 -23.419764
v -2.897740 8.794649 -23.419764
v -5.138583 4.548233 -23.419764
v -5.364775 4.545073 -23.419764
v -5.345586 3.171558 -24.826189
v -5.119395 3.174718 -24.599974
v -5.345586 3.171559 -8.578883
v -5.119395 3.174719 -8.578883
v -5.345586 3.171560 -4.922431
v -5.119395 3.174720 -4.922431
v -5.119395 3.174719 -19.429800
v -5.345586 3.171559 -19.429800
v -5.345586 3.171558 -23.419764
v -5.119395 3.174718 -23.419764
v -2.572285 9.361519 -15.571321
v -2.490193 9.135305 -15.571321
v -5.108757 2.413246 -15.571321
v -5.334055 2.346143 -15.571321
v -5.171358 6.894205 -15.571321
v -5.399054 6.998712 -15.571321
v -4.161007 7.738725 -15.571321
v -4.306085 7.912290 -15.571321
v -4.399521 1.294415 -15.571321
v -4.590581 1.173301 -15.571321
v -2.897740 8.794650 -15.571321
v -3.042818 8.968216 -15.571321
v -5.364775 4.545074 -15.571321
v -5.138583 4.548234 -15.571321
v -3.751199 -0.150837 -15.571321
v -3.626762 0.075376 -15.571321
v -5.345586 3.171559 -15.571321
v -5.119395 3.174719 -15.571321
v 4.481962 1.045231 24.821751
v 4.255748 1.271445 24.595537
v -4.481962 1.045231 24.821751
v -4.255748 1.271445 24.595537
v 4.481962 1.045227 -24.821751
v 4.255748 1.271441 -24.595537
v -4.481962 1.045227 -24.821751
v -4.255748 1.271441 -24.595537
v 4.255748 1.058810 -24.595537
v 4.481962 1.285023 -24.821751
v 4.255748 1.058814 24.595537
v 4.481962 1.285027 24.821751
v -4.255748 1.058814 24.595537
v -4.481962 1.285027 24.821751
v -4.255748 1.058810 -24.595537
v -4.481962 1.285023 -24.821751
v -4.399521 1.294416 -5.219171
v -4.590581 1.173302 -5.219171
v -4.440598 1.268376 -5.170535
v -4.440598 1.268376 -5.396748
v -5.108757 2.413247 -5.219171
v -5.334055 2.346143 -5.219171
v -5.157196 2.398819 -5.170535
v -5.157196 2.398819 -5.396748
v -5.345586 3.171560 -5.219172
v -5.119395 3.174720 -5.219172
v -5.168026 3.174041 -5.170536
v -5.168026 3.174041 -5.396749
v -5.138583 4.548234 -5.219172
v -5.364775 4.545074 -5.219172
v -5.187214 4.547555 -5.170536
v -5.187214 4.547555 -5.396749
v -5.399054 6.998713 -5.219172
v -5.171358 6.894206 -5.219172
v -5.220313 6.916675 -5.170536
v -5.220313 6.916675 -5.396749
v -4.306085 7.912291 -5.219172
v -4.161007 7.738726 -5.219172
v -4.192199 7.776042 -5.170536
v -4.192199 7.776042 -5.396749
v -2.897741 8.794651 -5.219172
v -3.042818 8.968217 -5.219172
v -2.928932 8.831967 -5.170536
v -2.928932 8.831967 -5.396749
v -2.507843 9.183942 -5.170536
v -2.507843 9.183942 -5.396749
v -2.490193 9.135306 -5.219172
v -2.572285 9.361520 -5.219172
v -2.434891 1.268376 -5.396748
v -2.434891 1.268376 -5.170535
v -2.681085 2.588294 -5.396748
v -2.681085 2.588294 -5.170535
v -3.545327 3.670582 -5.396749
v -3.545327 3.670582 -5.170536
v -3.804507 5.013391 -5.396749
v -3.804507 5.013391 -5.170536
v -3.651336 6.916675 -5.396749
v -3.651336 6.916675 -5.170536
v -2.903675 7.776042 -5.396749
v -2.903675 7.776042 -5.170536
v -0.645035 9.183942 -5.396749
v -0.645035 9.183942 -5.170536
v -1.370595 8.561189 -5.396749
v -1.370595 8.561189 -5.170536
v 3.625463 0.077741 24.603449
v 3.755943 -0.159458 24.813503
v 2.489223 9.132633 24.603411
v 2.575830 9.371288 24.813641
v 0.000000 0.075379 24.599974
v 0.000000 -0.150834 24.826189
v 0.000000 9.135308 24.599974
v 0.000000 9.361522 24.826189
v 5.343262 2.343404 24.814978
v 5.106235 2.414000 24.603046
v 0.000000 2.398822 24.826189
v 0.000000 2.398822 24.599974
v 5.168767 6.893018 24.603563
v 5.408512 7.003057 24.813086
v 0.000000 6.916677 24.826189
v 0.000000 6.916677 24.599974
v 4.161007 7.738728 24.599974
v 4.306085 7.912293 24.826189
v 0.000000 7.776044 24.826189
v 0.000000 7.776044 24.599974
v 4.399521 1.294418 24.599974
v 4.590581 1.173304 24.826189
v 0.000000 1.268378 24.826189
v 0.000000 1.268378 24.599974
v 2.897740 8.794653 24.599974
v 3.042818 8.968218 24.826189
v 0.000000 8.831969 24.826189
v 0.000000 8.831969 24.599974
v 5.138583 4.548237 24.599974
v 5.364775 4.545077 24.826189
v 0.000000 4.547558 24.826189
v 0.000000 4.547558 24.599974
v 3.626762 0.075378 8.578883
v 3.751199 -0.150835 8.578883
v 2.490193 9.135307 8.578882
v 2.572285 9.361521 8.578882
v 0.000000 9.135307 8.578882
v 0.000000 9.361521 8.578882
v 0.000000 -0.150835 8.578883
v 0.000000 0.075378 8.578883
v 5.108757 2.413248 8.578883
v 5.334055 2.346145 8.578883
v 5.171358 6.894207 8.578882
v 5.399054 6.998713 8.578882
v 4.161007 7.738727 8.578882
v 4.306085 7.912292 8.578882
v 4.399521 1.294417 8.578883
v 4.590581 1.173303 8.578883
v 2.897741 8.794652 8.578882
v 3.042818 8.968218 8.578882
v 5.138583 4.548235 8.578883
v 5.364775 4.545075 8.578883
v 2.572285 9.361520 4.922430
v 2.490193 9.135306 4.922430
v 0.000000 9.135306 4.922430
v 0.000000 9.361520 4.922430
v 0.000000 -0.150836 4.922430
v 0.000000 0.075377 4.922430
v 5.108757 2.413248 4.922430
v 5.334055 2.346144 4.922430
v 5.399054 6.998713 4.922430
v 5.171358 6.894207 4.922430
v 4.161007 7.738727 4.922430
v 4.306085 7.912292 4.922430
v 4.590581 1.173302 4.922430
v 4.399521 1.294416 4.922430
v 3.042818 8.968217 4.922430
v 2.897741 8.794651 4.922430
v 5.138583 4.548235 4.922430
v 5.364775 4.545075 4.922430
v 3.626762 0.075377 4.922430
v 3.751199 -0.150836 4.922430
v 3.751199 -0.150835 19.429800
v 3.626762 0.075378 19.429800
v 2.572285 9.361522 19.429800
v 2.490193 9.135308 19.429800
v 0.000000 9.135308 19.429800
v 0.000000 9.361522 19.429800
v 0.000000 -0.150835 19.429800
v 0.000000 0.075378 19.429800
v 5.108757 2.413249 19.429800
v 5.334055 2.346145 19.429800
v 5.171358 6.894207 19.429800
v 5.399054 6.998714 19.429800
v 4.161007 7.738728 19.429800
v 4.306085 7.912292 19.429800
v 4.590581 1.173303 19.429800
v 4.399521 1.294417 19.429800
v 3.042818 8.968219 19.429800
v 2.897740 8.794653 19.429800
v 5.138583 4.548236 19.429800
v 5.364775 4.545076 19.429800
v 3.626762 0.075379 23.419764
v 3.751199 -0.150834 23.419764
v 2.572285 9.361522 23.419764
v 2.490193 9.135308 23.419764
v 0.000000 9.135308 23.419764
v 0.000000 9.361522 23.419764
v 0.000000 -0.150834 23.419764
v 0.000000 0.075379 23.419764
v 5.108757 2.413249 23.419764
v 5.334055 2.346146 23.419764
v 5.399054 6.998715 23.419764
v 5.171358 6.894208 23.419764
v 4.161007 7.738728 23.419764
v 4.306085 7.912293 23.419764
v 4.590581 1.173304 23.419764
v 4.399521 1.294418 23.419764
v 3.042818 8.968219 23.419764
v 2.897740 8.794653 23.419764
v 5.138583 4.548237 23.419764
v 5.364775 4.545077 23.419764
v 5.345586 3.171562 24.826189
v 5.119395 3.174722 24.599974
v 0.000000 3.174043 24.826189
v 0.000000 3.174043 24.599974
v 5.345586 3.171561 8.578883
v 5.119395 3.174721 8.578883
v 5.345586 3.171561 4.922430
v 5.119395 3.174721 4.922430
v 5.119395 3.174721 19.429800
v 5.345586 3.171561 19.429800
v 5.345586 3.171562 23.419764
v 5.119395 3.174722 23.419764
v 2.572285 9.361521 15.571320
v 2.490193 9.135307 15.571320
v 0.000000 9.135307 15.571320
v 0.000000 9.361521 15.571320
v 0.000000 -0.150835 15.571321
v 0.000000 0.075378 15.571321
v 5.108757 2.413248 15.571321
v 5.334055 2.346145 15.571321
v 5.171358 6.894207 15.571320
v 5.399054 6.998714 15.571320
v 4.161007 7.738727 15.571320
v 4.306085 7.912292 15.571320
v 4.399521 1.294417 15.571321
v 4.590581 1.173303 15.571321
v 2.897740 8.794652 15.571320
v 3.042818 8.968218 15.571320
v 5.364775 4.545076 15.571321
v 5.138583 4.548236 15.571321
v 3.751199 -0.150835 15.571321
v 3.626762 0.075378 15.571321
v 5.345586 3.171561 15.571321
v 5.119395 3.174721 15.571321
v -4.481962 1.045227 -24.821751
v -4.255748 1.271441 -24.595537
v 4.481962 1.045227 -24.821751
v 4.255748 1.271441 -24.595537
v -4.481962 1.045231 24.821751
v -4.255748 1.271445 24.595537
v 4.481962 1.045231 24.821751
v 4.255748 1.271445 24.595537
v -4.255748 1.058814 24.595537
v -4.481962 1.285027 24.821751
v -4.255748 1.058810 -24.595537
v -4.481962 1.285023 -24.821751
v 4.255748 1.058810 -24.595537
v 4.481962 1.285023 -24.821751
v 4.255748 1.058814 24.595537
v 4.481962 1.285027 24.821751
v 4.399521 1.294416 5.219171
v 4.590581 1.173302 5.219171
v 4.440598 1.268376 5.170535
v 4.440598 1.268376 5.396748
v 5.108757 2.413248 5.219171
v 5.334055 2.346144 5.219171
v 5.157196 2.398820 5.170535
v 5.157196 2.398820 5.396748
v 5.345586 3.171561 5.219171
v 5.119395 3.174721 5.219171
v 5.168026 3.174042 5.170535
v 5.168026 3.174042 5.396748
v 5.138583 4.548235 5.219171
v 5.364775 4.545075 5.219171
v 5.187214 4.547556 5.170535
v 5.187214 4.547556 5.396748
v 5.399054 6.998713 5.219171
v 5.171358 6.894207 5.219171
v 5.220313 6.916676 5.170535
v 5.220313 6.916676 5.396748
v 4.306085 7.912292 5.219171
v 4.161007 7.738727 5.219171
v 4.192199 7.776042 5.170535
v 4.192199 7.776042 5.396748
v 2.897741 8.794651 5.219171
v 3.042818 8.968217 5.219171
v 2.928932 8.831967 5.170535
v 2.928932 8.831967 5.396748
v 2.507843 9.183942 5.170535
v 2.507843 9.183942 5.396748
v 2.490193 9.135306 5.219171
v 2.572285 9.361520 5.219171
v 2.434891 1.268376 5.396748
v 2.434891 1.268376 5.170535
v 2.681085 2.588295 5.396748
v 2.681085 2.588295 5.170535
v 3.545327 3.670583 5.396748
v 3.545327 3.670583 5.170535
v 3.804507 5.013392 5.396748
v 3.804507 5.013392 5.170535
v 3.651336 6.916676 5.396748
v 3.651336 6.916676 5.170535
v 2.903675 7.776042 5.396748
v 2.903675 7.776042 5.170535
v 0.645035 9.183942 5.396748
v 0.645035 9.183942 5.170535
v 1.370595 8.561189 5.396748
v 1.370595 8.561189 5.170535
v -3.755943 -0.159458 24.813503
v -3.625463 0.077741 24.603449
v -2.575830 9.371288 24.813641
v -2.489223 9.132633 24.603411
v -5.106235 2.414000 24.603046
v -5.343262 2.343404 24.814978
v -5.408512 7.003057 24.813086
v -5.168767 6.893018 24.603563
v -4.306085 7.912293 24.826189
v -4.161007 7.738728 24.599974
v -4.590581 1.173304 24.826189
v -4.399521 1.294418 24.599974
v -3.042818 8.968218 24.826189
v -2.897740 8.794653 24.599974
v -5.364775 4.545077 24.826189
v -5.138583 4.548237 24.599974
v -3.751199 -0.150835 8.578883
v -3.626762 0.075378 8.578883
v -2.572285 9.361521 8.578882
v -2.490193 9.135307 8.578882
v -5.334055 2.346145 8.578883
v -5.108757 2.413248 8.578883
v -5.399054 6.998713 8.578882
v -5.171358 6.894207 8.578882
v -4.306085 7.912292 8.578882
v -4.161007 7.738727 8.578882
v -4.590581 1.173303 8.578883
v -4.399521 1.294417 8.578883
v -3.042818 8.968218 8.578882
v -2.897741 8.794652 8.578882
v -5.364775 4.545075 8.578883
v -5.138583 4.548235 8.578883
v -2.490193 9.135306 4.922430
v -2.572285 9.361520 4.922430
v -5.334055 2.346144 4.922430
v -5.108757 2.413248 4.922430
v -5.171358 6.894207 4.922430
v -5.399054 6.998713 4.922430
v -4.306085 7.912292 4.922430
v -4.161007 7.738727 4.922430
v -4.399521 1.294416 4.922430
v -4.590581 1.173302 4.922430
v -2.897741 8.794651 4.922430
v -3.042818 8.968217 4.922430
v -5.364775 4.545075 4.922430
v -5.138583 4.548235 4.922430
v -3.751199 -0.150836 4.922430
v -3.626762 0.075377 4.922430
v -3.626762 0.075378 19.429800
v -3.751199 -0.150835 19.429800
v -2.490193 9.135308 19.429800
v -2.572285 9.361522 19.429800
v -5.334055 2.346145 19.429800
v -5.108757 2.413249 19.429800
v -5.399054 6.998714 19.429800
v -5.171358 6.894207 19.429800
v -4.306085 7.912292 19.429800
v -4.161007 7.738728 19.429800
v -4.399521 1.294417 19.429800
v -4.590581 1.173303 19.429800
v -2.897740 8.794653 19.429800
v -3.042818 8.968219 19.429800
v -5.364775 4.545076 19.429800
v -5.138583 4.548236 19.429800
v -3.751199 -0.150834 23.419764
v -3.626762 0.075379 23.419764
v -2.490193 9.135308 23.419764
v -2.572285 9.361522 23.419764
v -5.334055 2.346146 23.419764
v -5.108757 2.413249 23.419764
v -5.171358 6.894208 23.419764
v -5.399054 6.998715 23.419764
v -4.306085 7.912293 23.419764
v -4.161007 7.738728 23.419764
v -4.399521 1.294418 23.419764
v -4.590581 1.173304 23.419764
v -2.897740 8.794653 23.419764
v -3.042818 8.968219 23.419764
v -5.364775 4.545077 23.419764
v -5.138583 4.548237 23.419764
v -5.119395 3.174722 24.599974
v -5.345586 3.171562 24.826189
v -5.119395 3.174721 8.578883
v -5.345586 3.171561 8.578883
v -5.119395 3.174721 4.922430
v -5.345586 3.171561 4.922430
v -5.345586 3.171561 19.429800
v -5.119395 3.174721 19.429800
v -5.119395 3.174722 23.419764
v -5.345586 3.171562 23.419764
v -2.490193 9.135307 15.571320
v -2.572285 9.361521 15.571320
v -5.334055 2.346145 15.571321
v -5.108757 2.413248 15.571321
v -5.399054 6.998714 15.571320
v -5.171358 6.894207 15.571320
v -4.306085 7.912292 15.571320
v -4.161007 7.738727 15.571320
v -4.590581 1.173303 15.571321
v -4.399521 1.294417 15.571321
v -3.042818 8.968218 15.571320
v -2.897740 8.794652 15.571320
v -5.138583 4.548236 15.571321
v -5.364775 4.545076 15.571321
v -3.626762 0.075378 15.571321
v -3.751199 -0.150835 15.571321
v -5.119395 3.174721 15.571321
v -5.345586 3.171561 15.571321
v 4.255748 1.271441 -24.595537
v 4.481962 1.045227 -24.821751
v -4.255748 1.271441 -24.595537
v -4.481962 1.045227 -24.821751
v 4.255748 1.271445 24.595537
v 4.481962 1.045231 24.821751
v -4.255748 1.271445 24.595537
v -4.481962 1.045231 24.821751
v 4.481962 1.285027 24.821751
v 4.255748 1.058814 24.595537
v 4.481962 1.285023 -24.821751
v 4.255748 1.058810 -24.595537
v -4.481962 1.285023 -24.821751
v -4.255748 1.058810 -24.595537
v -4.481962 1.285027 24.821751
v -4.255748 1.058814 24.595537
v -4.590581 1.173302 5.219171
v -4.399521 1.294416 5.219171
v -4.440598 1.268376 5.396748
v -4.440598 1.268376 5.170535
v -5.334055 2.346144 5.219171
v -5.108757 2.413248 5.219171
v -5.157196 2.398820 5.396748
v -5.157196 2.398820 5.170535
v -5.119395 3.174721 5.219171
v -5.345586 3.171561 5.219171
v -5.168026 3.174042 5.396748
v -5.168026 3.174042 5.170535
v -5.364775 4.545075 5.219171
v -5.138583 4.548235 5.219171
v -5.187214 4.547556 5.396748
v -5.187214 4.547556 5.170535
v -5.171358 6.894207 5.219171
v -5.399054 6.998713 5.219171
v -5.220313 6.916676 5.396748
v -5.220313 6.916676 5.170535
v -4.161007 7.738727 5.219171
v -4.306085 7.912292 5.219171
v -4.192199 7.776042 5.396748
v -4.192199 7.776042 5.170535
v -3.042818 8.968217 5.219171
v -2.897741 8.794651 5.219171
v -2.928932 8.831967 5.396748
v -2.928932 8.831967 5.170535
v -2.507843 9.183942 5.396748
v -2.507843 9.183942 5.170535
v -2.572285 9.361520 5.219171
v -2.490193 9.135306 5.219171
v -2.434891 1.268376 5.170535
v -2.434891 1.268376 5.396748
v -2.681085 2.588295 5.170535
v -2.681085 2.588295 5.396748
v -3.545327 3.670583 5.170535
v -3.545327 3.670583 5.396748
v -3.804507 5.013392 5.170535
v -3.804507 5.013392 5.396748
v -3.651336 6.916676 5.170535
v -3.651336 6.916676 5.396748
v -2.903675 7.776042 5.170535
v -2.903675 7.776042 5.396748
v -0.645035 9.183942 5.170535
v -0.645035 9.183942 5.396748
v -1.370595 8.561189 5.170535
v -1.370595 8.561189 5.396748
vn 0.7673 -0.6413 -0.0000
vn 0.5354 0.8446 -0.0000
vn -0.0000 -0.0000 -1.0000
vn -0.6513 -0.7588 -0.0000
vn -0.0000 -0.0000 1.0000
vn 0.0140 0.9999 -0.0000
vn -0.7814 0.6240 -0.0000
vn 0.8446 -0.5354 -0.0000
vn 0.9999 -0.0140 -0.0000
vn 0.6413 0.7673 -0.0000
vn -0.7544 -0.6564 -0.0000
vn -0.9968 -0.0802 -0.0000
vn -0.9819 0.1895 -0.0000
vn -0.9830 0.1834 -0.0000
vn -0.4558 -0.8901 -0.0000
vn -0.0000 1.0000 -0.0000
vn -0.0000 -1.0000 -0.0000
vn -0.7673 -0.6413 -0.0000
vn -0.5354 0.8446 -0.0000
vn 0.6513 -0.7588 -0.0000
vn -0.0140 0.9999 -0.0000
vn 0.7814 0.6240 -0.0000
vn -0.8446 -0.5354 -0.0000
vn -0.9999 -0.0140 -0.0000
vn -0.6413 0.7673 -0.0000
vn 0.7544 -0.6564 -0.0000
vn 0.9968 -0.0802 -0.0000
vn 0.9819 0.1895 -0.0000
vn 0.9830 0.1834 -0.0000
vn 0.4558 -0.8901 -0.0000
vn -0.6413 -0.7673 -0.0000
vn -0.8446 0.5354 -0.0000
vn -0.9999 0.0140 -0.0000
vn -0.0000 -1.0000 0.0006
vn -0.0003 -1.0000 0.0006
vn -0.0000 1.0000 0.0017
vn -0.0010 1.0000 0.0017
vn -0.0002 1.0000 0.0005
vn -0.0000 1.0000 0.0005
vn -0.0006 -1.0000 0.0015
vn -0.0000 -1.0000 0.0015
vn -0.6404 -0.7681 0.0006
vn -0.6408 -0.7677 0.0003
vn 0.6444 0.7647 0.0017
vn 0.6429 0.7660 0.0009
vn -0.8446 0.5354 0.0007
vn -0.8444 0.5357 0.0005
vn 0.8445 -0.5356 0.0021
vn 0.8453 -0.5342 0.0015
vn -0.6416 -0.7671 0.0004
vn 0.6405 0.7680 0.0011
vn -0.9999 0.0137 0.0005
vn -0.9999 0.0148 0.0005
vn 0.9999 -0.0149 0.0017
vn 0.9999 -0.0112 0.0016
vn -0.6417 -0.7670 0.0005
vn 0.6401 0.7683 0.0017
vn -0.8446 0.5353 0.0010
vn -0.8442 0.5361 0.0010
vn 0.8444 -0.5356 0.0032
vn 0.8461 -0.5331 0.0031
vn -0.6421 -0.7666 0.0011
vn 0.6388 0.7694 0.0034
vn -0.9999 0.0134 0.0011
vn 0.9999 -0.0159 0.0034
vn -0.8451 0.5346 0.0011
vn 0.8428 -0.5382 0.0033
vn -0.6394 -0.7689 0.0011
vn 0.6474 0.7621 0.0035
vn -0.0003 1.0000 0.0010
vn -0.0000 1.0000 0.0010
vn -0.0012 -1.0000 0.0031
vn -0.0000 -1.0000 0.0031
vn -0.0000 -1.0000 0.0011
vn -0.0005 -1.0000 0.0011
vn -0.0000 1.0000 0.0035
vn -0.0019 1.0000 0.0035
vn -0.9999 0.0156 0.0011
vn 1.0000 -0.0084 0.0033
vn 1.0000 -0.0000 -0.0000
vn -1.0000 -0.0000 -0.0000
vn 0.6413 -0.7673 -0.0000
vn 0.8446 0.5354 -0.0000
vn 0.9999 0.0140 -0.0000
vn 0.0003 -1.0000 0.0006
vn 0.0010 1.0000 0.0017
vn 0.0002 1.0000 0.0005
vn 0.0006 -1.0000 0.0015
vn 0.6408 -0.7677 0.0003
vn 0.6404 -0.7681 0.0006
vn -0.6444 0.7647 0.0017
vn -0.6429 0.7660 0.0009
vn 0.8444 0.5357 0.0005
vn 0.8446 0.5354 0.0007
vn -0.8445 -0.5356 0.0021
vn -0.8453 -0.5342 0.0015
vn 0.6416 -0.7671 0.0004
vn -0.6405 0.7680 0.0011
vn 0.9999 0.0148 0.0005
vn 0.9999 0.0137 0.0005
vn -0.9999 -0.0112 0.0016
vn -0.9999 -0.0149 0.0017
vn 0.6417 -0.7670 0.0005
vn -0.6401 0.7683 0.0017
vn 0.8442 0.5361 0.0010
vn 0.8446 0.5353 0.0010
vn -0.8444 -0.5356 0.0032
vn -0.8461 -0.5331 0.0031
vn 0.6421 -0.7666 0.0011
vn -0.6388 0.7694 0.0034
vn 0.9999 0.0134 0.0011
vn -0.9999 -0.0159 0.0034
vn 0.8451 0.5346 0.0011
vn -0.8428 -0.5382 0.0033
vn 0.6394 -0.7689 0.0011
vn -0.6474 0.7621 0.0035
vn 0.0003 1.0000 0.0010
vn 0.0012 -1.0000 0.0031
vn 0.0005 -1.0000 0.0011
vn 0.0019 1.0000 0.0035
vn 0.9999 0.0156 0.0011
vn -1.0000 -0.0084 0.0033
vn 0.0006 0.0046 -1.0000
vn -0.0000 0.0029 -1.0000
vn -0.0000 0.0058 -1.0000
vn 0.0007 0.0058 -1.0000
vn 0.0019 0.0144 0.9999
vn -0.0000 0.0144 0.9999
vn 0.0003 -0.0011 -1.0000
vn -0.0000 -0.0002 -1.0000
vn -0.0000 -0.0004 -1.0000
vn 0.0003 0.0009 -1.0000
vn 0.0015 -0.0036 1.0000
vn 0.0011 0.0034 1.0000
vn -0.0000 -0.0013 1.0000
vn -0.0000 -0.0002 1.0000
vn 0.0002 0.0004 -1.0000
vn -0.0000 0.0004 -1.0000
vn -0.0000 -0.0006 -1.0000
vn 0.0003 -0.0015 -1.0000
vn 0.0006 0.0014 1.0000
vn 0.0015 -0.0051 1.0000
vn -0.0000 -0.0018 1.0000
vn -0.0000 0.0014 1.0000
vn -0.0000 -0.0009 -1.0000
vn 0.0001 -0.0003 -1.0000
vn 0.0003 -0.0013 1.0000
vn -0.0000 -0.0033 1.0000
vn 0.0004 -0.0016 -1.0000
vn -0.0000 -0.0016 -1.0000
vn -0.0000 -0.0051 1.0000
vn 0.0002 -0.0010 -1.0000
vn -0.0000 -0.0010 -1.0000
vn 0.0005 -0.0035 1.0000
vn -0.0000 -0.0035 1.0000
vn -0.0003 -1.0000 -0.0006
vn -0.0000 -1.0000 -0.0006
vn -0.0000 1.0000 -0.0017
vn -0.0010 1.0000 -0.0017
vn -0.0000 1.0000 -0.0005
vn -0.0002 1.0000 -0.0005
vn -0.0006 -1.0000 -0.0015
vn -0.0000 -1.0000 -0.0015
vn -0.6408 -0.7677 -0.0003
vn -0.6404 -0.7681 -0.0006
vn 0.6444 0.7647 -0.0017
vn 0.6429 0.7660 -0.0009
vn -0.8444 0.5357 -0.0005
vn -0.8446 0.5354 -0.0007
vn 0.8445 -0.5356 -0.0021
vn 0.8453 -0.5342 -0.0015
vn -0.6416 -0.7671 -0.0004
vn 0.6405 0.7680 -0.0011
vn -0.9999 0.0148 -0.0005
vn -0.9999 0.0137 -0.0005
vn 0.9999 -0.0112 -0.0016
vn 0.9999 -0.0149 -0.0017
vn -0.6417 -0.7670 -0.0005
vn 0.6401 0.7683 -0.0017
vn -0.8442 0.5361 -0.0010
vn -0.8446 0.5353 -0.0010
vn 0.8444 -0.5356 -0.0032
vn 0.8461 -0.5331 -0.0031
vn -0.6421 -0.7666 -0.0011
vn 0.6388 0.7694 -0.0034
vn -0.9999 0.0134 -0.0011
vn 0.9999 -0.0159 -0.0034
vn -0.8451 0.5346 -0.0011
vn 0.8428 -0.5382 -0.0033
vn -0.6394 -0.7689 -0.0011
vn 0.6474 0.7621 -0.0035
vn -0.0000 1.0000 -0.0010
vn -0.0003 1.0000 -0.0010
vn -0.0012 -1.0000 -0.0031
vn -0.0000 -1.0000 -0.0031
vn -0.0005 -1.0000 -0.0011
vn -0.0000 -1.0000 -0.0011
vn -0.0000 1.0000 -0.0035
vn -0.0019 1.0000 -0.0035
vn -0.9999 0.0156 -0.0011
vn 1.0000 -0.0084 -0.0033
vn -0.0006 0.0046 -1.0000
vn -0.0007 0.0058 -1.0000
vn -0.0019 0.0144 0.9999
vn -0.0003 -0.0011 -1.0000
vn -0.0003 0.0009 -1.0000
vn -0.0012 0.0034 1.0000
vn -0.0015 -0.0037 1.0000
vn -0.0002 0.0004 -1.0000
vn -0.0003 -0.0015 -1.0000
vn -0.0015 -0.0051 1.0000
vn -0.0006 0.0014 1.0000
vn -0.0001 -0.0003 -1.0000
vn -0.0003 -0.0013 1.0000
vn -0.0004 -0.0016 -1.0000
vn -0.0002 -0.0010 -1.0000
vn -0.0005 -0.0035 1.0000
vn 0.0003 -1.0000 -0.0006
vn 0.0010 1.0000 -0.0017
vn 0.0002 1.0000 -0.0005
vn 0.0006 -1.0000 -0.0015
vn 0.6404 -0.7681 -0.0006
vn 0.6408 -0.7677 -0.0003
vn -0.6444 0.7647 -0.0017
vn -0.6429 0.7660 -0.0009
vn 0.8446 0.5354 -0.0007
vn 0.8444 0.5357 -0.0005
vn -0.8445 -0.5356 -0.0021
vn -0.8453 -0.5342 -0.0015
vn 0.6416 -0.7671 -0.0004
vn -0.6405 0.7680 -0.0011
vn 0.9999 0.0137 -0.0005
vn 0.9999 0.0148 -0.0005
vn -0.9999 -0.0149 -0.0017
vn -0.9999 -0.0112 -0.0016
vn 0.6417 -0.7670 -0.0005
vn -0.6401 0.7683 -0.0017
vn 0.8446 0.5353 -0.0010
vn 0.8442 0.5361 -0.0010
vn -0.8444 -0.5356 -0.0032
vn -0.8461 -0.5331 -0.0031
vn 0.6421 -0.7666 -0.0011
vn -0.6388 0.7694 -0.0034
vn 0.9999 0.0134 -0.0011
vn -0.9999 -0.0159 -0.0034
vn 0.8451 0.5346 -0.0011
vn -0.8428 -0.5382 -0.0033
vn 0.6394 -0.7689 -0.0011
vn -0.6474 0.7621 -0.0035
vn 0.0003 1.0000 -0.0010
vn 0.0012 -1.0000 -0.0031
vn 0.0005 -1.0000 -0.0011
vn 0.0019 1.0000 -0.0035
vn 0.9999 0.0156 -0.0011
vn -1.0000 -0.0084 -0.0033
vt 0.590983 0.600037
vt 0.590983 0.625000
vt 0.419838 0.600037
vt 0.419838 0.625000
vt 0.616496 0.539279
vt 0.616496 0.562500
vt 0.590983 0.562500
vt 0.570220 0.562500
vt 0.512768 0.562500
vt 0.000000 0.000000
vt 0.479459 0.600037
vt 0.460660 0.600037
vt 0.570220 0.600037
vt 0.512768 0.600037
vt 0.590983 0.506232
vt 0.590983 0.526466
vt 0.419838 0.506232
vt 0.419838 0.526466
vt 0.460660 0.526466
vt 0.570220 0.526466
vt 0.512768 0.526466
vt 0.479459 0.526466
vt 0.479459 0.506232
vt 0.460660 0.506232
vt 0.570220 0.506232
vt 0.512768 0.506232
vt 0.479459 0.562500
vt 0.479459 0.539279
vt 0.570220 0.539279
vt 0.512768 0.539279
vt 0.590983 0.539279
vt 0.750000 0.600037
vt 0.625000 0.600037
vt 0.625000 0.625000
vt 0.750000 0.625000
vt 0.375000 0.600037
vt 0.250000 0.600037
vt 0.250000 0.625000
vt 0.375000 0.625000
vt 0.616496 0.600037
vt 0.616496 0.625000
vt 0.419838 0.539279
vt 0.375000 0.539279
vt 0.375000 0.562500
vt 0.419838 0.562500
vt 0.460660 0.539279
vt 0.460660 0.562500
vt 0.625000 0.539279
vt 0.625000 0.562500
vt 0.250000 0.539279
vt 0.250000 0.562500
vt 0.750000 0.539279
vt 0.479459 0.581268
vt 0.512768 0.581268
vt 0.590983 0.581268
vt 0.616496 0.581268
vt 0.419838 0.581268
vt 0.570220 0.581268
vt 0.460660 0.581268
vt 0.625000 0.581268
vt 0.750000 0.506232
vt 0.625000 0.506232
vt 0.625000 0.526466
vt 0.750000 0.526466
vt 0.375000 0.506232
vt 0.250000 0.506232
vt 0.250000 0.526466
vt 0.375000 0.526466
vt 0.616496 0.506232
vt 0.616496 0.526466
vt 0.512768 0.500000
vt 0.479459 0.500000
vt 0.616496 0.500000
vt 0.590983 0.500000
vt 0.419838 0.500000
vt 0.375000 0.500000
vt 0.570220 0.500000
vt 0.460660 0.500000
vt 0.625000 0.500000
vt 0.250000 0.500000
vt 0.750000 0.500000
vt 1.000000 0.000000
vt 0.000000 1.000000
vt 1.000000 1.000000
vt 0.616496 0.375000
vt 0.625000 0.375000
vt 0.419838 0.375000
vt 0.460660 0.375000
vt 0.512768 0.375000
vt 0.570220 0.375000
vt 0.590983 0.375000
vt 0.375000 0.375000
vt 0.479459 0.375000
s 1
f 65/1/1 23/2/1 24/2/1 66/1/1
f 67/3/2 28/4/2 27/4/2 68/3/2
f 139/5/1 51/6/1 52/6/1 140/5/1
f 51/6/3 47/7/3 48/7/3 52/6/3
f 47/7/3 45/8/3 46/8/3 48/7/3
f 45/8/3 53/9/3 54/9/3 46/8/3
f 209/10/4 207/10/4 208/10/4 210/10/4
f 119/11/5 62/12/5 61/12/5 120/11/5
f 66/1/5 63/13/5 64/13/5 65/1/5
f 63/13/5 72/14/5 71/14/5 64/13/5
f 62/12/5 67/3/5 68/3/5 61/12/5
f 107/15/1 87/16/1 88/16/1 108/15/1
f 109/17/2 89/18/2 90/18/2 110/17/2
f 83/19/3 90/18/3 89/18/3 84/19/3
f 85/20/3 93/21/3 94/21/3 86/20/3
f 87/16/3 85/20/3 86/20/3 88/16/3
f 121/22/3 83/19/3 84/19/3 122/22/3
f 123/23/5 104/24/5 103/24/5 124/23/5
f 108/15/5 105/25/5 106/25/5 107/15/5
f 105/25/5 114/26/5 113/26/5 106/25/5
f 104/24/5 109/17/5 110/17/5 103/24/5
f 53/9/3 118/27/3 117/27/3 54/9/3
f 72/14/5 119/11/5 120/11/5 71/14/5
f 93/21/3 121/22/3 122/22/3 94/21/3
f 114/26/5 123/23/5 124/23/5 113/26/5
f 145/28/6 117/27/6 118/27/6 146/28/6
f 134/29/5 141/30/5 142/30/5 133/29/5
f 136/31/5 134/29/5 133/29/5 135/31/5
f 140/5/5 136/31/5 135/31/5 139/5/5
f 141/30/5 145/28/5 146/28/5 142/30/5
f 197/10/7 199/10/7 200/10/7 198/10/7
f 165/10/8 169/10/8 170/10/8 166/10/8
f 173/10/9 177/10/9 178/10/9 174/10/9
f 169/10/9 173/10/9 174/10/9 170/10/9
f 177/10/9 181/10/9 182/10/9 178/10/9
f 181/10/10 185/10/10 186/10/10 182/10/10
f 185/10/10 189/10/10 190/10/10 186/10/10
f 189/10/10 191/10/10 192/10/10 190/10/10
f 203/10/11 205/10/11 206/10/11 204/10/11
f 201/10/12 203/10/12 204/10/12 202/10/12
f 199/10/13 201/10/13 202/10/13 200/10/13
f 195/10/14 197/10/14 198/10/14 196/10/14
f 205/10/15 209/10/15 210/10/15 206/10/15
f 191/10/16 208/10/16 207/10/16 192/10/16
f 196/10/17 165/10/17 166/10/17 195/10/17
f 259/1/18 225/2/18 226/2/18 260/1/18
f 261/3/19 230/4/19 229/4/19 262/3/19
f 321/5/18 249/6/18 250/6/18 322/5/18
f 249/6/3 245/7/3 246/7/3 250/6/3
f 245/7/3 243/8/3 244/8/3 246/7/3
f 243/8/3 251/9/3 252/9/3 244/8/3
f 391/10/20 389/10/20 390/10/20 392/10/20
f 305/11/5 256/12/5 255/12/5 306/11/5
f 260/1/5 257/13/5 258/13/5 259/1/5
f 257/13/5 266/14/5 265/14/5 258/13/5
f 256/12/5 261/3/5 262/3/5 255/12/5
f 293/15/18 277/16/18 278/16/18 294/15/18
f 295/17/19 279/18/19 280/18/19 296/17/19
f 273/19/3 280/18/3 279/18/3 274/19/3
f 275/20/3 283/21/3 284/21/3 276/20/3
f 277/16/3 275/20/3 276/20/3 278/16/3
f 307/22/3 273/19/3 274/19/3 308/22/3
f 309/23/5 290/24/5 289/24/5 310/23/5
f 294/15/5 291/25/5 292/25/5 293/15/5
f 291/25/5 300/26/5 299/26/5 292/25/5
f 290/24/5 295/17/5 296/17/5 289/24/5
f 251/9/3 304/27/3 303/27/3 252/9/3
f 266/14/5 305/11/5 306/11/5 265/14/5
f 283/21/3 307/22/3 308/22/3 284/21/3
f 300/26/5 309/23/5 310/23/5 299/26/5
f 327/28/21 303/27/21 304/27/21 328/28/21
f 316/29/5 323/30/5 324/30/5 315/29/5
f 318/31/5 316/29/5 315/29/5 317/31/5
f 322/5/5 318/31/5 317/31/5 321/5/5
f 323/30/5 327/28/5 328/28/5 324/30/5
f 379/10/22 381/10/22 382/10/22 380/10/22
f 347/10/23 351/10/23 352/10/23 348/10/23
f 355/10/24 359/10/24 360/10/24 356/10/24
f 351/10/24 355/10/24 356/10/24 352/10/24
f 359/10/24 363/10/24 364/10/24 360/10/24
f 363/10/25 367/10/25 368/10/25 364/10/25
f 367/10/25 371/10/25 372/10/25 368/10/25
f 371/10/25 373/10/25 374/10/25 372/10/25
f 385/10/26 387/10/26 388/10/26 386/10/26
f 383/10/27 385/10/27 386/10/27 384/10/27
f 381/10/28 383/10/28 384/10/28 382/10/28
f 377/10/29 379/10/29 380/10/29 378/10/29
f 387/10/30 391/10/30 392/10/30 388/10/30
f 373/10/16 390/10/16 389/10/16 374/10/16
f 378/10/17 347/10/17 348/10/17 377/10/17
f 455/1/1 24/2/1 23/2/1 456/1/1
f 457/3/2 27/4/2 28/4/2 458/3/2
f 531/5/1 441/6/1 442/6/1 532/5/1
f 441/6/5 437/7/5 438/7/5 442/6/5
f 437/7/5 435/8/5 436/8/5 438/7/5
f 435/8/5 443/9/5 444/9/5 436/8/5
f 601/10/4 599/10/4 600/10/4 602/10/4
f 511/11/3 452/12/3 451/12/3 512/11/3
f 456/1/3 453/13/3 454/13/3 455/1/3
f 453/13/3 462/14/3 461/14/3 454/13/3
f 452/12/3 457/3/3 458/3/3 451/12/3
f 497/15/1 477/16/1 478/16/1 498/15/1
f 499/17/2 479/18/2 480/18/2 500/17/2
f 473/19/5 480/18/5 479/18/5 474/19/5
f 475/20/5 483/21/5 484/21/5 476/20/5
f 477/16/5 475/20/5 476/20/5 478/16/5
f 513/22/5 473/19/5 474/19/5 514/22/5
f 515/23/3 494/24/3 493/24/3 516/23/3
f 498/15/3 495/25/3 496/25/3 497/15/3
f 495/25/3 504/26/3 503/26/3 496/25/3
f 494/24/3 499/17/3 500/17/3 493/24/3
f 443/9/5 510/27/5 509/27/5 444/9/5
f 462/14/3 511/11/3 512/11/3 461/14/3
f 483/21/5 513/22/5 514/22/5 484/21/5
f 504/26/3 515/23/3 516/23/3 503/26/3
f 537/28/6 509/27/6 510/27/6 538/28/6
f 526/29/3 533/30/3 534/30/3 525/29/3
f 528/31/3 526/29/3 525/29/3 527/31/3
f 532/5/3 528/31/3 527/31/3 531/5/3
f 533/30/3 537/28/3 538/28/3 534/30/3
f 589/10/7 591/10/7 592/10/7 590/10/7
f 557/10/8 561/10/8 562/10/8 558/10/8
f 565/10/9 569/10/9 570/10/9 566/10/9
f 561/10/9 565/10/9 566/10/9 562/10/9
f 569/10/9 573/10/9 574/10/9 570/10/9
f 573/10/10 577/10/10 578/10/10 574/10/10
f 577/10/10 581/10/10 582/10/10 578/10/10
f 581/10/10 583/10/10 584/10/10 582/10/10
f 595/10/11 597/10/11 598/10/11 596/10/11
f 593/10/12 595/10/12 596/10/12 594/10/12
f 591/10/13 593/10/13 594/10/13 592/10/13
f 587/10/14 589/10/14 590/10/14 588/10/14
f 597/10/15 601/10/15 602/10/15 598/10/15
f 583/10/16 600/10/16 599/10/16 584/10/16
f 588/10/17 557/10/17 558/10/17 587/10/17
f 641/1/18 226/2/18 225/2/18 642/1/18
f 643/3/19 229/4/19 230/4/19 644/3/19
f 703/5/18 631/6/18 632/6/18 704/5/18
f 631/6/5 627/7/5 628/7/5 632/6/5
f 627/7/5 625/8/5 626/8/5 628/7/5
f 625/8/5 633/9/5 634/9/5 626/8/5
f 773/10/20 771/10/20 772/10/20 774/10/20
f 687/11/3 638/12/3 637/12/3 688/11/3
f 642/1/3 639/13/3 640/13/3 641/1/3
f 639/13/3 648/14/3 647/14/3 640/13/3
f 638/12/3 643/3/3 644/3/3 637/12/3
f 675/15/18 659/16/18 660/16/18 676/15/18
f 677/17/19 661/18/19 662/18/19 678/17/19
f 655/19/5 662/18/5 661/18/5 656/19/5
f 657/20/5 665/21/5 666/21/5 658/20/5
f 659/16/5 657/20/5 658/20/5 660/16/5
f 689/22/5 655/19/5 656/19/5 690/22/5
f 691/23/3 672/24/3 671/24/3 692/23/3
f 676/15/3 673/25/3 674/25/3 675/15/3
f 673/25/3 682/26/3 681/26/3 674/25/3
f 672/24/3 677/17/3 678/17/3 671/24/3
f 633/9/5 686/27/5 685/27/5 634/9/5
f 648/14/3 687/11/3 688/11/3 647/14/3
f 665/21/5 689/22/5 690/22/5 666/21/5
f 682/26/3 691/23/3 692/23/3 681/26/3
f 709/28/21 685/27/21 686/27/21 710/28/21
f 698/29/3 705/30/3 706/30/3 697/29/3
f 700/31/3 698/29/3 697/29/3 699/31/3
f 704/5/3 700/31/3 699/31/3 703/5/3
f 705/30/3 709/28/3 710/28/3 706/30/3
f 761/10/22 763/10/22 764/10/22 762/10/22
f 729/10/23 733/10/23 734/10/23 730/10/23
f 737/10/24 741/10/24 742/10/24 738/10/24
f 733/10/24 737/10/24 738/10/24 734/10/24
f 741/10/24 745/10/24 746/10/24 742/10/24
f 745/10/25 749/10/25 750/10/25 746/10/25
f 749/10/25 753/10/25 754/10/25 750/10/25
f 753/10/25 755/10/25 756/10/25 754/10/25
f 767/10/26 769/10/26 770/10/26 768/10/26
f 765/10/27 767/10/27 768/10/27 766/10/27
f 763/10/28 765/10/28 766/10/28 764/10/28
f 759/10/29 761/10/29 762/10/29 760/10/29
f 769/10/30 773/10/30 774/10/30 770/10/30
f 755/10/16 772/10/16 771/10/16 756/10/16
f 760/10/17 729/10/17 730/10/17 759/10/17
f 58/32/17 55/33/17 11/34/17 14/35/17
f 57/32/16 13/35/16 12/34/16 56/33/16
f 74/36/16 59/37/16 15/38/16 10/39/16
f 73/36/17 9/39/17 16/38/17 60/37/17
f 55/33/31 69/40/31 32/41/31 11/34/31
f 56/33/10 12/34/10 31/41/10 70/40/10
f 67/3/32 74/36/32 10/39/32 28/4/32
f 68/3/8 27/4/8 9/39/8 73/36/8
f 69/40/31 66/1/31 24/2/31 32/41/31
f 70/40/10 31/41/10 23/2/10 65/1/10
f 138/42/32 143/43/32 36/44/32 50/45/32
f 137/42/8 49/45/8 35/44/8 144/43/8
f 132/46/32 138/42/32 50/45/32 44/47/32
f 131/46/8 43/47/8 49/45/8 137/42/8
f 125/48/31 140/5/31 52/6/31 38/49/31
f 126/48/10 37/49/10 51/6/10 139/5/10
f 143/43/16 129/50/16 41/51/16 36/44/16
f 144/43/17 35/44/17 42/51/17 130/50/17
f 125/48/17 38/49/17 40/10/17 128/52/17
f 126/48/16 127/52/16 39/10/16 37/49/16
f 54/9/33 117/27/33 171/53/33 119/11/33 72/14/33 176/54/33
f 53/9/9 175/54/9 71/14/9 120/11/9 172/53/9 118/27/9
f 52/6/31 48/7/31 183/55/31 66/1/31 69/40/31 188/56/31
f 51/6/10 187/56/10 70/40/10 65/1/10 184/55/10 47/7/10
f 50/45/32 36/44/32 74/36/32 67/3/32 164/57/32
f 49/45/8 163/57/8 68/3/8 73/36/8 35/44/8
f 48/7/31 46/8/31 179/58/31 63/13/31 66/1/31 183/55/31
f 47/7/10 184/55/10 65/1/10 64/13/10 180/58/10 45/8/10
f 46/8/33 54/9/33 176/54/33 72/14/33 63/13/33 179/58/33
f 45/8/9 180/58/9 64/13/9 71/14/9 175/54/9 53/9/9
f 44/47/32 50/45/32 164/57/32 67/3/32 62/12/32 168/59/32
f 43/47/8 167/59/8 61/12/8 68/3/8 163/57/8 49/45/8
f 38/49/31 52/6/31 188/56/31 69/40/31 55/33/31 194/60/31
f 37/49/10 193/60/10 56/33/10 70/40/10 187/56/10 51/6/10
f 36/44/16 41/51/16 59/37/16 74/36/16
f 35/44/17 73/36/17 60/37/17 42/51/17
f 205/10/5 203/10/5 182/10/5 186/10/5
f 206/10/3 185/10/3 181/10/3 204/10/3
f 100/61/34 97/62/35 77/63/17 80/64/17
f 99/61/36 79/64/16 78/63/16 98/62/37
f 96/65/38 101/66/39 81/67/16 75/68/16
f 95/65/40 76/68/17 82/67/17 102/66/41
f 97/62/42 111/69/43 91/70/31 77/63/31
f 98/62/44 78/63/10 92/70/10 112/69/45
f 109/17/46 96/65/47 75/68/32 89/18/32
f 110/17/48 90/18/8 76/68/8 95/65/49
f 111/69/43 108/15/50 88/16/31 91/70/31
f 112/69/45 92/70/10 87/16/10 107/15/51
f 34/71/52 115/72/53 123/23/53 114/26/52
f 33/71/54 113/26/54 124/23/55 116/72/55
f 30/73/42 22/74/56 108/15/50 111/69/43
f 29/73/44 112/69/45 107/15/51 21/74/57
f 26/75/58 2/76/59 96/65/47 109/17/46
f 25/75/60 110/17/48 95/65/49 1/76/61
f 22/74/56 20/77/62 105/25/62 108/15/50
f 21/74/57 107/15/51 106/25/63 19/77/63
f 20/77/64 34/71/52 114/26/52 105/25/64
f 19/77/65 106/25/65 113/26/54 33/71/54
f 17/78/66 26/75/58 109/17/46 104/24/66
f 18/78/67 103/24/67 110/17/48 25/75/60
f 4/79/68 30/73/42 111/69/43 97/62/42
f 3/79/69 98/62/44 112/69/45 29/73/44
f 2/76/70 6/80/71 101/66/39 96/65/38
f 1/76/72 95/65/40 102/66/41 5/80/73
f 8/81/74 4/79/75 97/62/35 100/61/34
f 7/81/76 99/61/36 98/62/37 3/79/77
f 115/72/53 17/78/78 104/24/78 123/23/53
f 116/72/55 124/23/55 103/24/79 18/78/79
f 117/27/33 44/47/33 168/59/33 62/12/33 119/11/33 171/53/33
f 118/27/9 172/53/9 120/11/9 61/12/9 167/59/9 43/47/9
f 145/28/33 132/46/33 44/47/33 117/27/33
f 146/28/9 118/27/9 43/47/9 131/46/9
f 122/22/33 84/19/33 132/46/33 145/28/33
f 121/22/9 146/28/9 131/46/9 83/19/9
f 80/64/17 77/63/17 125/48/17 128/52/17
f 79/64/16 127/52/16 126/48/16 78/63/16
f 75/68/16 81/67/16 129/50/16 143/43/16
f 76/68/17 144/43/17 130/50/17 82/67/17
f 77/63/31 91/70/31 140/5/31 125/48/31
f 78/63/10 126/48/10 139/5/10 92/70/10
f 84/19/32 89/18/32 138/42/32 132/46/32
f 83/19/8 131/46/8 137/42/8 90/18/8
f 86/20/33 94/21/33 141/30/33 134/29/33
f 85/20/9 133/29/9 142/30/9 93/21/9
f 88/16/31 86/20/31 134/29/31 136/31/31
f 87/16/10 135/31/10 133/29/10 85/20/10
f 89/18/32 75/68/32 143/43/32 138/42/32
f 90/18/8 137/42/8 144/43/8 76/68/8
f 91/70/31 88/16/31 136/31/31 140/5/31
f 92/70/10 139/5/10 135/31/10 87/16/10
f 94/21/33 122/22/33 145/28/33 141/30/33
f 93/21/9 142/30/9 146/28/9 121/22/9
f 150/82/17 148/10/17 152/83/17 154/84/17
f 149/82/16 153/84/16 151/83/16 147/10/16
f 155/83/16 157/10/16 159/82/16 161/84/16
f 156/83/17 162/84/17 160/82/17 158/10/17
f 159/82/80 150/82/80 154/84/80 161/84/80
f 160/82/80 162/84/80 153/84/80 149/82/80
f 155/83/81 152/83/81 148/10/81 157/10/81
f 156/83/81 158/10/81 147/10/81 151/83/81
f 161/84/3 154/84/3 152/83/3 155/83/3
f 162/84/3 156/83/3 151/83/3 153/84/3
f 157/10/5 148/10/5 150/82/5 159/82/5
f 158/10/5 160/82/5 149/82/5 147/10/5
f 186/10/5 190/10/5 209/10/5 205/10/5
f 185/10/3 206/10/3 210/10/3 189/10/3
f 195/10/5 166/10/5 170/10/5 197/10/5
f 196/10/3 198/10/3 169/10/3 165/10/3
f 201/10/5 178/10/5 182/10/5 203/10/5
f 202/10/3 204/10/3 181/10/3 177/10/3
f 197/10/5 170/10/5 174/10/5 199/10/5
f 198/10/3 200/10/3 173/10/3 169/10/3
f 199/10/5 174/10/5 178/10/5 201/10/5
f 200/10/3 202/10/3 177/10/3 173/10/3
f 207/10/5 209/10/5 190/10/5 192/10/5
f 208/10/3 191/10/3 189/10/3 210/10/3
f 194/60/17 55/33/17 58/10/17 40/10/17 38/49/17
f 193/60/16 37/49/16 39/10/16 57/10/16 56/33/16
f 218/34/17 254/33/17 58/32/17 14/35/17
f 217/34/16 13/35/16 57/32/16 253/33/16
f 15/38/16 59/37/16 267/36/16 215/39/16
f 16/38/17 216/39/17 268/36/17 60/37/17
f 233/41/82 264/40/82 254/33/82 218/34/82
f 234/41/25 217/34/25 253/33/25 263/40/25
f 215/39/83 267/36/83 262/3/83 229/4/83
f 216/39/23 230/4/23 261/3/23 268/36/23
f 225/2/82 259/1/82 264/40/82 233/41/82
f 226/2/25 234/41/25 263/40/25 260/1/25
f 237/44/83 326/43/83 319/42/83 247/45/83
f 238/44/23 248/45/23 320/42/23 325/43/23
f 247/45/83 319/42/83 313/46/83 241/47/83
f 248/45/23 242/47/23 314/46/23 320/42/23
f 249/6/82 321/5/82 312/48/82 239/49/82
f 250/6/25 240/49/25 311/48/25 322/5/25
f 41/51/16 129/50/16 326/43/16 237/44/16
f 42/51/17 238/44/17 325/43/17 130/50/17
f 40/10/17 239/49/17 312/48/17 128/52/17
f 39/10/16 127/52/16 311/48/16 240/49/16
f 354/53/84 304/27/84 251/9/84 357/54/84 265/14/84 306/11/84
f 353/53/24 305/11/24 266/14/24 358/54/24 252/9/24 303/27/24
f 366/55/82 245/7/82 249/6/82 369/56/82 264/40/82 259/1/82
f 365/55/25 260/1/25 263/40/25 370/56/25 250/6/25 246/7/25
f 267/36/83 237/44/83 247/45/83 345/57/83 262/3/83
f 268/36/23 261/3/23 346/57/23 248/45/23 238/44/23
f 362/58/82 243/8/82 245/7/82 366/55/82 259/1/82 258/13/82
f 361/58/25 257/13/25 260/1/25 365/55/25 246/7/25 244/8/25
f 357/54/84 251/9/84 243/8/84 362/58/84 258/13/84 265/14/84
f 358/54/24 266/14/24 257/13/24 361/58/24 244/8/24 252/9/24
f 345/57/83 247/45/83 241/47/83 349/59/83 255/12/83 262/3/83
f 346/57/23 261/3/23 256/12/23 350/59/23 242/47/23 248/45/23
f 369/56/82 249/6/82 239/49/82 375/60/82 254/33/82 264/40/82
f 370/56/25 263/40/25 253/33/25 376/60/25 240/49/25 250/6/25
f 59/37/16 41/51/16 237/44/16 267/36/16
f 60/37/17 268/36/17 238/44/17 42/51/17
f 363/10/5 386/10/5 388/10/5 367/10/5
f 364/10/3 368/10/3 387/10/3 385/10/3
f 272/63/17 288/62/85 100/61/34 80/64/17
f 271/63/16 79/64/16 99/61/36 287/62/86
f 81/67/16 101/66/39 285/65/87 270/68/16
f 82/67/17 269/68/17 286/65/88 102/66/41
f 282/70/82 298/69/89 288/62/90 272/63/82
f 281/70/25 271/63/25 287/62/91 297/69/92
f 270/68/83 285/65/93 296/17/94 280/18/83
f 269/68/23 279/18/23 295/17/95 286/65/96
f 277/16/82 293/15/97 298/69/89 282/70/82
f 278/16/25 281/70/25 297/69/92 294/15/98
f 310/23/99 302/72/99 235/71/100 299/26/100
f 309/23/101 300/26/102 236/71/102 301/72/101
f 293/15/97 223/74/103 231/73/90 298/69/89
f 294/15/98 297/69/92 232/73/91 224/74/104
f 285/65/93 211/76/105 227/75/106 296/17/94
f 286/65/96 295/17/95 228/75/107 212/76/108
f 292/25/109 221/77/109 223/74/103 293/15/97
f 291/25/110 294/15/98 224/74/104 222/77/110
f 299/26/100 235/71/100 221/77/111 292/25/111
f 300/26/102 291/25/112 222/77/112 236/71/102
f 296/17/94 227/75/106 220/78/113 289/24/113
f 295/17/95 290/24/114 219/78/114 228/75/107
f 298/69/89 231/73/90 213/79/115 288/62/90
f 297/69/92 287/62/91 214/79/116 232/73/91
f 101/66/39 6/80/71 211/76/117 285/65/87
f 102/66/41 286/65/88 212/76/118 5/80/73
f 288/62/85 213/79/119 8/81/74 100/61/34
f 287/62/86 99/61/36 7/81/76 214/79/120
f 289/24/121 220/78/121 302/72/99 310/23/99
f 290/24/122 309/23/101 301/72/101 219/78/122
f 349/59/84 241/47/84 304/27/84 354/53/84 306/11/84 255/12/84
f 350/59/24 256/12/24 305/11/24 353/53/24 303/27/24 242/47/24
f 241/47/84 313/46/84 328/28/84 304/27/84
f 242/47/24 303/27/24 327/28/24 314/46/24
f 313/46/84 273/19/84 307/22/84 328/28/84
f 314/46/24 327/28/24 308/22/24 274/19/24
f 312/48/17 272/63/17 80/64/17 128/52/17
f 311/48/16 127/52/16 79/64/16 271/63/16
f 129/50/16 81/67/16 270/68/16 326/43/16
f 130/50/17 325/43/17 269/68/17 82/67/17
f 321/5/82 282/70/82 272/63/82 312/48/82
f 322/5/25 311/48/25 271/63/25 281/70/25
f 319/42/83 280/18/83 273/19/83 313/46/83
f 320/42/23 314/46/23 274/19/23 279/18/23
f 324/30/84 283/21/84 275/20/84 315/29/84
f 323/30/24 316/29/24 276/20/24 284/21/24
f 315/29/82 275/20/82 277/16/82 317/31/82
f 316/29/25 318/31/25 278/16/25 276/20/25
f 326/43/83 270/68/83 280/18/83 319/42/83
f 325/43/23 320/42/23 279/18/23 269/68/23
f 317/31/82 277/16/82 282/70/82 321/5/82
f 318/31/25 322/5/25 281/70/25 278/16/25
f 328/28/84 307/22/84 283/21/84 324/30/84
f 327/28/24 323/30/24 284/21/24 308/22/24
f 333/83/17 329/10/17 331/82/17 335/84/17
f 334/83/16 336/84/16 332/82/16 330/10/16
f 342/82/16 340/10/16 338/83/16 344/84/16
f 341/82/17 343/84/17 337/83/17 339/10/17
f 335/84/81 331/82/81 342/82/81 344/84/81
f 336/84/81 343/84/81 341/82/81 332/82/81
f 329/10/80 333/83/80 338/83/80 340/10/80
f 330/10/80 339/10/80 337/83/80 334/83/80
f 333/83/3 335/84/3 344/84/3 338/83/3
f 334/83/3 337/83/3 343/84/3 336/84/3
f 331/82/5 329/10/5 340/10/5 342/82/5
f 332/82/5 341/82/5 339/10/5 330/10/5
f 392/10/5 371/10/5 367/10/5 388/10/5
f 391/10/3 387/10/3 368/10/3 372/10/3
f 351/10/5 347/10/5 378/10/5 380/10/5
f 352/10/3 379/10/3 377/10/3 348/10/3
f 363/10/5 359/10/5 384/10/5 386/10/5
f 364/10/3 385/10/3 383/10/3 360/10/3
f 355/10/5 351/10/5 380/10/5 382/10/5
f 356/10/3 381/10/3 379/10/3 352/10/3
f 359/10/5 355/10/5 382/10/5 384/10/5
f 360/10/3 383/10/3 381/10/3 356/10/3
f 371/10/5 392/10/5 390/10/5 373/10/5
f 372/10/3 374/10/3 389/10/3 391/10/3
f 58/10/17 254/33/17 375/60/17 239/49/17 40/10/17
f 57/10/16 39/10/16 240/49/16 376/60/16 253/33/16
f 417/73/123 420/85/124 399/86/125 395/79/126
f 418/73/127 396/79/127 400/86/128 419/85/128
f 11/34/17 446/33/17 447/32/17 14/35/17
f 12/34/16 13/35/16 448/32/16 445/33/16
f 15/38/16 450/37/16 463/36/16 10/39/16
f 16/38/17 9/39/17 464/36/17 449/37/17
f 32/41/31 460/40/31 446/33/31 11/34/31
f 31/41/10 12/34/10 445/33/10 459/40/10
f 413/75/129 416/87/130 404/88/131 402/78/132
f 414/75/133 401/78/134 403/88/135 415/87/136
f 421/71/137 424/89/138 408/90/139 405/77/140
f 422/71/141 406/77/142 407/90/143 423/89/144
f 405/77/140 408/90/139 412/91/145 409/74/146
f 406/77/142 410/74/147 411/91/148 407/90/143
f 393/76/149 397/92/150 416/87/130 413/75/129
f 394/76/142 414/75/133 415/87/136 398/92/151
f 10/39/32 463/36/32 458/3/32 28/4/32
f 9/39/8 27/4/8 457/3/8 464/36/8
f 24/2/31 455/1/31 460/40/31 32/41/31
f 23/2/10 31/41/10 459/40/10 456/1/10
f 409/74/146 412/91/145 420/85/124 417/73/123
f 410/74/147 418/73/5 419/85/5 411/91/148
f 506/72/152 508/93/153 424/89/138 421/71/137
f 505/72/154 422/71/141 423/89/144 507/93/155
f 425/44/32 536/43/32 529/42/32 439/45/32
f 426/44/8 440/45/8 530/42/8 535/43/8
f 439/45/32 529/42/32 523/46/32 433/47/32
f 440/45/8 434/47/8 524/46/8 530/42/8
f 441/6/31 531/5/31 518/48/31 427/49/31
f 442/6/10 428/49/10 517/48/10 532/5/10
f 432/51/16 522/50/16 536/43/16 425/44/16
f 431/51/17 426/44/17 535/43/17 521/50/17
f 429/10/17 427/49/17 518/48/17 519/52/17
f 430/10/16 520/52/16 517/48/16 428/49/16
f 564/53/33 510/27/33 443/9/33 567/54/33 461/14/33 512/11/33
f 563/53/9 511/11/9 462/14/9 568/54/9 444/9/9 509/27/9
f 576/55/31 437/7/31 441/6/31 579/56/31 460/40/31 455/1/31
f 575/55/10 456/1/10 459/40/10 580/56/10 442/6/10 438/7/10
f 463/36/32 425/44/32 439/45/32 555/57/32 458/3/32
f 464/36/8 457/3/8 556/57/8 440/45/8 426/44/8
f 572/58/31 435/8/31 437/7/31 576/55/31 455/1/31 454/13/31
f 571/58/10 453/13/10 456/1/10 575/55/10 438/7/10 436/8/10
f 567/54/33 443/9/33 435/8/33 572/58/33 454/13/33 461/14/33
f 568/54/9 462/14/9 453/13/9 571/58/9 436/8/9 444/9/9
f 555/57/32 439/45/32 433/47/32 559/59/32 451/12/32 458/3/32
f 556/57/8 457/3/8 452/12/8 560/59/8 434/47/8 440/45/8
f 579/56/31 441/6/31 427/49/31 585/60/31 446/33/31 460/40/31
f 580/56/10 459/40/10 445/33/10 586/60/10 428/49/10 442/6/10
f 450/37/16 432/51/16 425/44/16 463/36/16
f 449/37/17 464/36/17 426/44/17 431/51/17
f 573/10/3 596/10/3 598/10/3 577/10/3
f 574/10/5 578/10/5 597/10/5 595/10/5
f 468/63/17 488/62/156 489/61/157 469/64/17
f 467/63/16 470/64/16 490/61/158 487/62/159
f 472/67/16 492/66/160 485/65/161 466/68/16
f 471/67/17 465/68/17 486/65/162 491/66/163
f 482/70/31 502/69/164 488/62/165 468/63/31
f 481/70/10 467/63/10 487/62/166 501/69/167
f 466/68/32 485/65/168 500/17/169 480/18/32
f 465/68/8 479/18/8 499/17/170 486/65/171
f 477/16/31 497/15/172 502/69/164 482/70/31
f 478/16/10 481/70/10 501/69/167 498/15/173
f 516/23/174 506/72/174 421/71/175 503/26/175
f 515/23/176 504/26/177 422/71/177 505/72/176
f 497/15/172 409/74/178 417/73/165 502/69/164
f 498/15/173 501/69/167 418/73/166 410/74/179
f 485/65/168 393/76/180 413/75/181 500/17/169
f 486/65/171 499/17/170 414/75/182 394/76/183
f 496/25/184 405/77/184 409/74/178 497/15/172
f 495/25/185 498/15/173 410/74/179 406/77/185
f 503/26/175 421/71/175 405/77/186 496/25/186
f 504/26/177 495/25/187 406/77/187 422/71/177
f 500/17/169 413/75/181 402/78/188 493/24/188
f 499/17/170 494/24/189 401/78/189 414/75/182
f 502/69/164 417/73/165 395/79/190 488/62/165
f 501/69/167 487/62/166 396/79/191 418/73/166
f 492/66/160 397/80/192 393/76/193 485/65/161
f 491/66/163 486/65/162 394/76/194 398/80/195
f 488/62/156 395/79/196 399/81/197 489/61/157
f 487/62/159 490/61/158 400/81/198 396/79/199
f 493/24/200 402/78/200 506/72/174 516/23/174
f 494/24/201 515/23/176 505/72/176 401/78/201
f 559/59/33 433/47/33 510/27/33 564/53/33 512/11/33 451/12/33
f 560/59/9 452/12/9 511/11/9 563/53/9 509/27/9 434/47/9
f 433/47/33 523/46/33 538/28/33 510/27/33
f 434/47/9 509/27/9 537/28/9 524/46/9
f 402/78/132 404/88/131 508/93/153 506/72/152
f 401/78/134 505/72/154 507/93/155 403/88/135
f 523/46/33 473/19/33 513/22/33 538/28/33
f 524/46/9 537/28/9 514/22/9 474/19/9
f 518/48/17 468/63/17 469/64/17 519/52/17
f 517/48/16 520/52/16 470/64/16 467/63/16
f 522/50/16 472/67/16 466/68/16 536/43/16
f 521/50/17 535/43/17 465/68/17 471/67/17
f 531/5/31 482/70/31 468/63/31 518/48/31
f 532/5/10 517/48/10 467/63/10 481/70/10
f 529/42/32 480/18/32 473/19/32 523/46/32
f 530/42/8 524/46/8 474/19/8 479/18/8
f 534/30/33 483/21/33 475/20/33 525/29/33
f 533/30/9 526/29/9 476/20/9 484/21/9
f 525/29/31 475/20/31 477/16/31 527/31/31
f 526/29/10 528/31/10 478/16/10 476/20/10
f 536/43/32 466/68/32 480/18/32 529/42/32
f 535/43/8 530/42/8 479/18/8 465/68/8
f 527/31/31 477/16/31 482/70/31 531/5/31
f 528/31/10 532/5/10 481/70/10 478/16/10
f 538/28/33 513/22/33 483/21/33 534/30/33
f 537/28/9 533/30/9 484/21/9 514/22/9
f 543/83/17 539/10/17 541/82/17 545/84/17
f 544/83/16 546/84/16 542/82/16 540/10/16
f 552/82/16 550/10/16 548/83/16 554/84/16
f 551/82/17 553/84/17 547/83/17 549/10/17
f 545/84/80 541/82/80 552/82/80 554/84/80
f 546/84/80 553/84/80 551/82/80 542/82/80
f 539/10/81 543/83/81 548/83/81 550/10/81
f 540/10/81 549/10/81 547/83/81 544/83/81
f 543/83/5 545/84/5 554/84/5 548/83/5
f 544/83/5 547/83/5 553/84/5 546/84/5
f 541/82/3 539/10/3 550/10/3 552/82/3
f 542/82/3 551/82/3 549/10/3 540/10/3
f 602/10/3 581/10/3 577/10/3 598/10/3
f 601/10/5 597/10/5 578/10/5 582/10/5
f 561/10/3 557/10/3 588/10/3 590/10/3
f 562/10/5 589/10/5 587/10/5 558/10/5
f 573/10/3 569/10/3 594/10/3 596/10/3
f 574/10/5 595/10/5 593/10/5 570/10/5
f 565/10/3 561/10/3 590/10/3 592/10/3
f 566/10/5 591/10/5 589/10/5 562/10/5
f 569/10/3 565/10/3 592/10/3 594/10/3
f 570/10/5 593/10/5 591/10/5 566/10/5
f 581/10/3 602/10/3 600/10/3 583/10/3
f 582/10/5 584/10/5 599/10/5 601/10/5
f 447/10/17 446/33/17 585/60/17 427/49/17 429/10/17
f 448/10/16 430/10/16 428/49/16 586/60/16 445/33/16
f 399/86/125 420/85/124 616/73/202 606/79/203
f 400/86/128 605/79/204 615/73/204 419/85/128
f 447/32/17 635/33/17 218/34/17 14/35/17
f 448/32/16 13/35/16 217/34/16 636/33/16
f 650/36/16 450/37/16 15/38/16 215/39/16
f 649/36/17 216/39/17 16/38/17 449/37/17
f 635/33/82 645/40/82 233/41/82 218/34/82
f 636/33/25 217/34/25 234/41/25 646/40/25
f 404/88/131 416/87/130 614/75/205 607/78/206
f 403/88/135 608/78/207 613/75/208 415/87/136
f 408/90/139 424/89/138 618/71/209 610/77/210
f 407/90/143 609/77/211 617/71/212 423/89/144
f 412/91/145 408/90/139 610/77/210 612/74/213
f 411/91/148 611/74/214 609/77/211 407/90/143
f 416/87/130 397/92/150 604/76/215 614/75/205
f 415/87/136 613/75/208 603/76/211 398/92/151
f 643/3/83 650/36/83 215/39/83 229/4/83
f 644/3/23 230/4/23 216/39/23 649/36/23
f 645/40/82 642/1/82 225/2/82 233/41/82
f 646/40/25 234/41/25 226/2/25 641/1/25
f 420/85/124 412/91/145 612/74/213 616/73/202
f 419/85/5 615/73/5 611/74/214 411/91/148
f 424/89/138 508/93/153 683/72/216 618/71/209
f 423/89/144 617/71/212 684/72/217 507/93/155
f 702/42/83 707/43/83 620/44/83 630/45/83
f 701/42/23 629/45/23 619/44/23 708/43/23
f 696/46/83 702/42/83 630/45/83 624/47/83
f 695/46/23 623/47/23 629/45/23 701/42/23
f 693/48/82 704/5/82 632/6/82 622/49/82
f 694/48/25 621/49/25 631/6/25 703/5/25
f 707/43/16 522/50/16 432/51/16 620/44/16
f 708/43/17 619/44/17 431/51/17 521/50/17
f 693/48/17 622/49/17 429/10/17 519/52/17
f 694/48/16 520/52/16 430/10/16 621/49/16
f 634/9/84 685/27/84 735/53/84 687/11/84 648/14/84 740/54/84
f 633/9/24 739/54/24 647/14/24 688/11/24 736/53/24 686/27/24
f 632/6/82 628/7/82 747/55/82 642/1/82 645/40/82 752/56/82
f 631/6/25 751/56/25 646/40/25 641/1/25 748/55/25 627/7/25
f 630/45/83 620/44/83 650/36/83 643/3/83 728/57/83
f 629/45/23 727/57/23 644/3/23 649/36/23 619/44/23
f 628/7/82 626/8/82 743/58/82 639/13/82 642/1/82 747/55/82
f 627/7/25 748/55/25 641/1/25 640/13/25 744/58/25 625/8/25
f 626/8/84 634/9/84 740/54/84 648/14/84 639/13/84 743/58/84
f 625/8/24 744/58/24 640/13/24 647/14/24 739/54/24 633/9/24
f 624/47/83 630/45/83 728/57/83 643/3/83 638/12/83 732/59/83
f 623/47/23 731/59/23 637/12/23 644/3/23 727/57/23 629/45/23
f 622/49/82 632/6/82 752/56/82 645/40/82 635/33/82 758/60/82
f 621/49/25 757/60/25 636/33/25 646/40/25 751/56/25 631/6/25
f 620/44/16 432/51/16 450/37/16 650/36/16
f 619/44/17 649/36/17 449/37/17 431/51/17
f 769/10/3 767/10/3 746/10/3 750/10/3
f 770/10/5 749/10/5 745/10/5 768/10/5
f 489/61/157 669/62/218 653/63/17 469/64/17
f 490/61/158 470/64/16 654/63/16 670/62/219
f 668/65/220 492/66/160 472/67/16 651/68/16
f 667/65/221 652/68/17 471/67/17 491/66/163
f 669/62/222 679/69/223 663/70/82 653/63/82
f 670/62/224 654/63/25 664/70/25 680/69/225
f 677/17/226 668/65/227 651/68/83 661/18/83
f 678/17/228 662/18/23 652/68/23 667/65/229
f 679/69/223 676/15/230 660/16/82 663/70/82
f 680/69/225 664/70/25 659/16/25 675/15/231
f 618/71/232 683/72/233 691/23/233 682/26/232
f 617/71/234 681/26/234 692/23/235 684/72/235
f 616/73/222 612/74/236 676/15/230 679/69/223
f 615/73/224 680/69/225 675/15/231 611/74/237
f 614/75/238 604/76/239 668/65/227 677/17/226
f 613/75/240 678/17/228 667/65/229 603/76/241
f 612/74/236 610/77/242 673/25/242 676/15/230
f 611/74/237 675/15/231 674/25/243 609/77/243
f 610/77/244 618/71/232 682/26/232 673/25/244
f 609/77/245 674/25/245 681/26/234 617/71/234
f 607/78/246 614/75/238 677/17/226 672/24/246
f 608/78/247 671/24/247 678/17/228 613/75/240
f 606/79/248 616/73/222 679/69/223 669/62/222
f 605/79/249 670/62/224 680/69/225 615/73/224
f 604/76/250 397/80/192 492/66/160 668/65/220
f 603/76/251 667/65/221 491/66/163 398/80/195
f 399/81/197 606/79/252 669/62/218 489/61/157
f 400/81/198 490/61/158 670/62/219 605/79/253
f 683/72/233 607/78/254 672/24/254 691/23/233
f 684/72/235 692/23/235 671/24/255 608/78/255
f 685/27/84 624/47/84 732/59/84 638/12/84 687/11/84 735/53/84
f 686/27/24 736/53/24 688/11/24 637/12/24 731/59/24 623/47/24
f 709/28/84 696/46/84 624/47/84 685/27/84
f 710/28/24 686/27/24 623/47/24 695/46/24
f 508/93/153 404/88/131 607/78/206 683/72/216
f 507/93/155 684/72/217 608/78/207 403/88/135
f 690/22/84 656/19/84 696/46/84 709/28/84
f 689/22/24 710/28/24 695/46/24 655/19/24
f 469/64/17 653/63/17 693/48/17 519/52/17
f 470/64/16 520/52/16 694/48/16 654/63/16
f 651/68/16 472/67/16 522/50/16 707/43/16
f 652/68/17 708/43/17 521/50/17 471/67/17
f 653/63/82 663/70/82 704/5/82 693/48/82
f 654/63/25 694/48/25 703/5/25 664/70/25
f 656/19/83 661/18/83 702/42/83 696/46/83
f 655/19/23 695/46/23 701/42/23 662/18/23
f 658/20/84 666/21/84 705/30/84 698/29/84
f 657/20/24 697/29/24 706/30/24 665/21/24
f 660/16/82 658/20/82 698/29/82 700/31/82
f 659/16/25 699/31/25 697/29/25 657/20/25
f 661/18/83 651/68/83 707/43/83 702/42/83
f 662/18/23 701/42/23 708/43/23 652/68/23
f 663/70/82 660/16/82 700/31/82 704/5/82
f 664/70/25 703/5/25 699/31/25 659/16/25
f 666/21/84 690/22/84 709/28/84 705/30/84
f 665/21/24 706/30/24 710/28/24 689/22/24
f 714/82/17 712/10/17 716/83/17 718/84/17
f 713/82/16 717/84/16 715/83/16 711/10/16
f 719/83/16 721/10/16 723/82/16 725/84/16
f 720/83/17 726/84/17 724/82/17 722/10/17
f 723/82/81 714/82/81 718/84/81 725/84/81
f 724/82/81 726/84/81 717/84/81 713/82/81
f 719/83/80 716/83/80 712/10/80 721/10/80
f 720/83/80 722/10/80 711/10/80 715/83/80
f 725/84/5 718/84/5 716/83/5 719/83/5
f 726/84/5 720/83/5 715/83/5 717/84/5
f 722/10/3 724/82/3 713/82/3 711/10/3
f 750/10/3 754/10/3 773/10/3 769/10/3
f 749/10/5 770/10/5 774/10/5 753/10/5
f 759/10/3 730/10/3 734/10/3 761/10/3
f 760/10/5 762/10/5 733/10/5 729/10/5
f 765/10/3 742/10/3 746/10/3 767/10/3
f 766/10/5 768/10/5 745/10/5 741/10/5
f 761/10/3 734/10/3 738/10/3 763/10/3
f 762/10/5 764/10/5 737/10/5 733/10/5
f 763/10/3 738/10/3 742/10/3 765/10/3
f 764/10/5 766/10/5 741/10/5 737/10/5
f 771/10/3 773/10/3 754/10/3 756/10/3
f 772/10/5 755/10/5 753/10/5 774/10/5
f 758/60/17 635/33/17 447/10/17 429/10/17 622/49/17
f 757/60/16 621/49/16 430/10/16 448/10/16 636/33/16
o Cylinder
v 0.027220 1.221602 -0.136842
v 0.027220 9.239897 -0.136843
v 0.116009 1.221602 -0.077515
v 0.116009 9.239897 -0.077516
v 0.136842 1.221602 0.027220
v 0.136842 9.239897 0.027219
v 0.077515 1.221602 0.116009
v 0.077515 9.239897 0.116008
v -0.027220 1.221602 0.136842
v -0.027220 9.239897 0.136841
v -0.116009 1.221602 0.077515
v -0.116009 9.239897 0.077514
v -0.136842 1.221602 -0.027220
v -0.136842 9.239897 -0.027221
v -0.077515 1.221602 -0.116009
v -0.077515 9.239897 -0.116010
v 0.000000 1.237387 0.329223
v 0.000000 1.372771 0.270816
v -0.232796 1.237387 0.232796
v -0.191496 1.372771 0.191496
v -0.329223 1.237387 -0.000000
v -0.270816 1.372771 -0.000000
v -0.232796 1.237387 -0.232796
v -0.191496 1.372771 -0.191496
v 0.000000 1.237387 -0.329223
v 0.000000 1.372771 -0.270816
v 0.232796 1.237387 -0.232796
v 0.191496 1.372771 -0.191496
v 0.329223 1.237387 -0.000000
v 0.270816 1.372771 -0.000000
v 0.232796 1.237387 0.232796
v 0.191496 1.372771 0.191496
v -0.125988 9.191662 -0.304164
v -0.103637 9.056279 -0.250203
v -0.304162 9.191662 -0.125990
v -0.250202 9.056278 -0.103638
v -0.304162 9.191662 0.125987
v -0.250202 9.056278 0.103635
v -0.125988 9.191662 0.304161
v -0.103637 9.056278 0.250200
v 0.125988 9.191662 0.304161
v 0.103637 9.056278 0.250200
v 0.304162 9.191662 0.125987
v 0.250202 9.056278 0.103635
v 0.304162 9.191662 -0.125990
v 0.250202 9.056278 -0.103638
v 0.125988 9.191662 -0.304164
v 0.103637 9.056279 -0.250203
vn 0.5556 -0.0000 -0.8315
vn 0.9808 -0.0000 -0.1951
vn 0.8315 -0.0000 0.5556
vn 0.1951 -0.0000 0.9808
vn -0.5556 -0.0000 0.8315
vn -0.9808 -0.0000 0.1951
vn -0.8315 -0.0000 -0.5556
vn -0.1951 -0.0000 -0.9808
vn -0.0000 1.0000 -0.0000
vn -0.0000 -1.0000 -0.0000
vn -0.3555 0.3703 0.8582
vn -0.8582 0.3703 0.3555
vn -0.8582 0.3703 -0.3555
vn -0.3555 0.3703 -0.8582
vn 0.3555 0.3703 -0.8582
vn 0.8582 0.3703 -0.3555
vn 0.8582 0.3703 0.3555
vn 0.3555 0.3703 0.8582
vn -0.6569 -0.3703 -0.6569
vn -0.9289 -0.3702 -0.0000
vn -0.6569 -0.3702 0.6569
vn -0.0000 -0.3703 0.9289
vn 0.6569 -0.3702 0.6569
vn 0.9289 -0.3702 -0.0000
vn 0.6569 -0.3703 -0.6569
vn -0.0000 -0.3703 -0.9289
vt 0.968750 1.000000
vt 0.843750 1.000000
vt 0.843750 0.500000
vt 0.968750 0.500000
vt 0.718750 1.000000
vt 0.718750 0.500000
vt 0.593750 1.000000
vt 0.593750 0.500000
vt 0.468750 1.000000
vt 0.468750 0.500000
vt 0.343750 1.000000
vt 0.343750 0.500000
vt 0.218750 1.000000
vt 0.218750 0.500000
vt 0.093750 1.000000
vt 0.093750 0.500000
vt 0.296822 0.485388
vt 0.116663 0.449553
vt 0.014612 0.296822
vt 0.050447 0.116663
vt 0.203178 0.014612
vt 0.383337 0.050447
vt 0.485388 0.203178
vt 0.449553 0.383337
vt 0.796822 0.485388
vt 0.949553 0.383337
vt 0.985388 0.203178
vt 0.883337 0.050447
vt 0.703178 0.014612
vt 0.550447 0.116663
vt 0.514612 0.296822
vt 0.616663 0.449553
vt 1.000000 1.000000
vt 0.875000 1.000000
vt 0.875000 0.500000
vt 1.000000 0.500000
vt 0.750000 1.000000
vt 0.750000 0.500000
vt 0.625000 1.000000
vt 0.625000 0.500000
vt 0.500000 1.000000
vt 0.500000 0.500000
vt 0.375000 1.000000
vt 0.375000 0.500000
vt 0.250000 1.000000
vt 0.250000 0.500000
vt 0.125000 1.000000
vt 0.125000 0.500000
vt 0.250000 0.490000
vt 0.080294 0.419706
vt 0.010000 0.250000
vt 0.080294 0.080294
vt 0.250000 0.010000
vt 0.419706 0.080294
vt 0.490000 0.250000
vt 0.419706 0.419706
vt 0.000000 1.000000
vt 0.000000 0.500000
vt 0.750000 0.490000
vt 0.919706 0.419706
vt 0.990000 0.250000
vt 0.919706 0.080294
vt 0.750000 0.010000
vt 0.580294 0.080294
vt 0.510000 0.250000
vt 0.580294 0.419706
vt 0.937500 1.000000
vt 0.812500 1.000000
vt 0.812500 0.500000
vt 0.937500 0.500000
vt 0.687500 1.000000
vt 0.687500 0.500000
vt 0.562500 1.000000
vt 0.562500 0.500000
vt 0.437500 1.000000
vt 0.437500 0.500000
vt 0.312500 1.000000
vt 0.312500 0.500000
vt 0.187500 1.000000
vt 0.187500 0.500000
vt 0.062500 1.000000
vt 0.062500 0.500000
vt 0.341844 0.471731
vt 0.158156 0.471731
vt 0.028269 0.341844
vt 0.028269 0.158156
vt 0.158156 0.028269
vt 0.341844 0.028269
vt 0.471731 0.158156
vt 0.471731 0.341844
vt 0.841844 0.471731
vt 0.971731 0.341844
vt 0.971731 0.158156
vt 0.841844 0.028269
vt 0.658156 0.028269
vt 0.528269 0.158156
vt 0.528269 0.341844
vt 0.658156 0.471731
s 1
f 776/94/256 778/95/256 777/96/256 775/97/256
f 778/95/257 780/98/257 779/99/257 777/96/257
f 780/98/258 782/100/258 781/101/258 779/99/258
f 782/100/259 784/102/259 783/103/259 781/101/259
f 784/102/260 786/104/260 785/105/260 783/103/260
f 786/104/261 788/106/261 787/107/261 785/105/261
f 788/106/262 790/108/262 789/109/262 787/107/262
f 790/108/263 776/94/263 775/97/263 789/109/263
f 776/110/264 790/111/264 788/112/264 786/113/264 784/114/264 782/115/264 780/116/264 778/117/264
f 775/118/265 777/119/265 779/120/265 781/121/265 783/122/265 785/123/265 787/124/265 789/125/265
f 792/126/266 794/127/266 793/128/266 791/129/266
f 794/127/267 796/130/267 795/131/267 793/128/267
f 796/130/268 798/132/268 797/133/268 795/131/268
f 798/132/269 800/134/269 799/135/269 797/133/269
f 800/134/270 802/136/270 801/137/270 799/135/270
f 802/136/271 804/138/271 803/139/271 801/137/271
f 804/138/272 806/140/272 805/141/272 803/139/272
f 792/142/264 806/143/264 804/144/264 802/145/264 800/146/264 798/147/264 796/148/264 794/149/264
f 806/140/273 792/150/273 791/151/273 805/141/273
f 791/152/265 793/153/265 795/154/265 797/155/265 799/156/265 801/157/265 803/158/265 805/159/265
f 808/160/274 810/161/274 809/162/274 807/163/274
f 810/161/275 812/164/275 811/165/275 809/162/275
f 812/164/276 814/166/276 813/167/276 811/165/276
f 814/166/277 816/168/277 815/169/277 813/167/277
f 816/168/278 818/170/278 817/171/278 815/169/278
f 818/170/279 820/172/279 819/173/279 817/171/279
f 820/172/280 822/174/280 821/175/280 819/173/280
f 822/174/281 808/160/281 807/163/281 821/175/281
f 808/176/265 822/177/265 820/178/265 818/179/265 816/180/265 814/181/265 812/182/265 810/183/265
f 807/184/264 809/185/264 811/186/264 813/187/264 815/188/264 817/189/264 819/190/264 821/191/264
o Cylinder.001
v 2.393740 1.201261 5.420514
v 2.393740 8.166995 5.420514
v 2.349896 1.201261 5.354896
v 2.349896 8.166995 5.354896
v 2.365292 1.201261 5.277494
v 2.365292 8.166995 5.277493
v 2.430910 1.201261 5.233650
v 2.430910 8.166995 5.233650
v 2.508311 1.201261 5.249046
v 2.508311 8.166995 5.249045
v 2.552155 1.201261 5.314664
v 2.552155 8.166995 5.314663
v 2.536759 1.201261 5.392065
v 2.536759 8.166995 5.392065
v 2.471142 1.201261 5.435909
v 2.471142 8.166995 5.435908
vn -0.1951 -0.0000 0.9808
vn -0.8315 -0.0000 0.5556
vn -0.9808 -0.0000 -0.1951
vn -0.5556 -0.0000 -0.8315
vn 0.1951 -0.0000 -0.9808
vn 0.8315 -0.0000 -0.5556
vn 0.9808 -0.0000 0.1951
vn 0.5556 -0.0000 0.8315
vn -0.0000 1.0000 -0.0000
vn -0.0000 -1.0000 -0.0000
vt 0.031250 0.500000
vt 0.031250 1.000000
vt 0.906250 1.000000
vt 0.906250 0.500000
vt 0.781250 1.000000
vt 0.781250 0.500000
vt 0.656250 1.000000
vt 0.656250 0.500000
vt 0.531250 1.000000
vt 0.531250 0.500000
vt 0.406250 1.000000
vt 0.406250 0.500000
vt 0.281250 1.000000
vt 0.281250 0.500000
vt 0.156250 1.000000
vt 0.156250 0.500000
vt 0.383337 0.449553
vt 0.203178 0.485388
vt 0.050447 0.383337
vt 0.014612 0.203178
vt 0.116663 0.050447
vt 0.296822 0.014612
vt 0.449553 0.116663
vt 0.485388 0.296822
vt 0.883337 0.449553
vt 0.985388 0.296822
vt 0.949553 0.116663
vt 0.796822 0.014612
vt 0.616663 0.050447
vt 0.514612 0.203178
vt 0.550447 0.383337
vt 0.703178 0.485388
s 1
f 837/192/282 838/193/282 824/194/282 823/195/282
f 824/194/283 826/196/283 825/197/283 823/195/283
f 826/196/284 828/198/284 827/199/284 825/197/284
f 828/198/285 830/200/285 829/201/285 827/199/285
f 830/200/286 832/202/286 831/203/286 829/201/286
f 832/202/287 834/204/287 833/205/287 831/203/287
f 834/204/288 836/206/288 835/207/288 833/205/288
f 836/206/289 838/193/289 837/192/289 835/207/289
f 824/208/290 838/209/290 836/210/290 834/211/290 832/212/290 830/213/290 828/214/290 826/215/290
f 823/216/291 825/217/291 827/218/291 829/219/291 831/220/291 833/221/291 835/222/291 837/223/291
o Cylinder.002
v -2.541372 1.201261 5.420514
v -2.541372 8.166995 5.420514
v -2.585217 1.201261 5.354896
v -2.585217 8.166995 5.354896
v -2.569820 1.201261 5.277494
v -2.569820 8.166995 5.277493
v -2.504203 1.201261 5.233650
v -2.504203 8.166995 5.233650
v -2.426801 1.201261 5.249046
v -2.426801 8.166995 5.249045
v -2.382957 1.201261 5.314664
v -2.382957 8.166995 5.314663
v -2.398353 1.201261 5.392065
v -2.398353 8.166995 5.392065
v -2.463971 1.201261 5.435909
v -2.463971 8.166995 5.435908
vn -0.1951 -0.0000 0.9808
vn -0.8315 -0.0000 0.5556
vn -0.9808 -0.0000 -0.1951
vn -0.5556 -0.0000 -0.8315
vn 0.1951 -0.0000 -0.9808
vn 0.8315 -0.0000 -0.5556
vn 0.9808 -0.0000 0.1951
vn 0.5556 -0.0000 0.8315
vn -0.0000 1.0000 -0.0000
vn -0.0000 -1.0000 -0.0000
vt 0.031250 0.500000
vt 0.031250 1.000000
vt 0.906250 1.000000
vt 0.906250 0.500000
vt 0.781250 1.000000
vt 0.781250 0.500000
vt 0.656250 1.000000
vt 0.656250 0.500000
vt 0.531250 1.000000
vt 0.531250 0.500000
vt 0.406250 1.000000
vt 0.406250 0.500000
vt 0.281250 1.000000
vt 0.281250 0.500000
vt 0.156250 1.000000
vt 0.156250 0.500000
vt 0.383337 0.449553
vt 0.203178 0.485388
vt 0.050447 0.383337
vt 0.014612 0.203178
vt 0.116663 0.050447
vt 0.296822 0.014612
vt 0.449553 0.116663
vt 0.485388 0.296822
vt 0.883337 0.449553
vt 0.985388 0.296822
vt 0.949553 0.116663
vt 0.796822 0.014612
vt 0.616663 0.050447
vt 0.514612 0.203178
vt 0.550447 0.383337
vt 0.703178 0.485388
s 1
f 853/224/292 854/225/292 840/226/292 839/227/292
f 840/226/293 842/228/293 841/229/293 839/227/293
f 842/228/294 844/230/294 843/231/294 841/229/294
f 844/230/295 846/232/295 845/233/295 843/231/295
f 846/232/296 848/234/296 847/235/296 845/233/296
f 848/234/297 850/236/297 849/237/297 847/235/297
f 850/236/298 852/238/298 851/239/298 849/237/298
f 852/238/299 854/225/299 853/224/299 851/239/299
f 840/240/300 854/241/300 852/242/300 850/243/300 848/244/300 846/245/300 844/246/300 842/247/300
f 839/248/301 841/249/301 843/250/301 845/251/301 847/252/301 849/253/301 851/254/301 853/255/301
o Cylinder.003
v -2.541372 1.201261 -5.201013
v -2.541372 8.166995 -5.201014
v -2.585217 1.201261 -5.266631
v -2.585217 8.166995 -5.266632
v -2.569820 1.201261 -5.344032
v -2.569820 8.166995 -5.344032
v -2.504203 1.201261 -5.387876
v -2.504203 8.166995 -5.387877
v -2.426801 1.201261 -5.372480
v -2.426801 8.166995 -5.372480
v -2.382957 1.201261 -5.306862
v -2.382957 8.166995 -5.306862
v -2.398353 1.201261 -5.229461
v -2.398353 8.166995 -5.229462
v -2.463971 1.201261 -5.185617
v -2.463971 8.166995 -5.185617
vn -0.1951 -0.0000 0.9808
vn -0.8315 -0.0000 0.5556
vn -0.9808 -0.0000 -0.1951
vn -0.5556 -0.0000 -0.8315
vn 0.1951 -0.0000 -0.9808
vn 0.8315 -0.0000 -0.5556
vn 0.9808 -0.0000 0.1951
vn 0.5556 -0.0000 0.8315
vn -0.0000 1.0000 -0.0000
vn -0.0000 -1.0000 -0.0000
vt 0.031250 0.500000
vt 0.031250 1.000000
vt 0.906250 1.000000
vt 0.906250 0.500000
vt 0.781250 1.000000
vt 0.781250 0.500000
vt 0.656250 1.000000
vt 0.656250 0.500000
vt 0.531250 1.000000
vt 0.531250 0.500000
vt 0.406250 1.000000
vt 0.406250 0.500000
vt 0.281250 1.000000
vt 0.281250 0.500000
vt 0.156250 1.000000
vt 0.156250 0.500000
vt 0.383337 0.449553
vt 0.203178 0.485388
vt 0.050447 0.383337
vt 0.014612 0.203178
vt 0.116663 0.050447
vt 0.296822 0.014612
vt 0.449553 0.116663
vt 0.485388 0.296822
vt 0.883337 0.449553
vt 0.985388 0.296822
vt 0.949553 0.116663
vt 0.796822 0.014612
vt 0.616663 0.050447
vt 0.514612 0.203178
vt 0.550447 0.383337
vt 0.703178 0.485388
s 1
f 869/256/302 870/257/302 856/258/302 855/259/302
f 856/258/303 858/260/303 857/261/303 855/259/303
f 858/260/304 860/262/304 859/263/304 857/261/304
f 860/262/305 862/264/305 861/265/305 859/263/305
f 862/264/306 864/266/306 863/267/306 861/265/306
f 864/266/307 866/268/307 865/269/307 863/267/307
f 866/268/308 868/270/308 867/271/308 865/269/308
f 868/270/309 870/257/309 869/256/309 867/271/309
f 856/272/310 870/273/310 868/274/310 866/275/310 864/276/310 862/277/310 860/278/310 858/279/310
f 855/280/311 857/281/311 859/282/311 861/283/311 863/284/311 865/285/311 867/286/311 869/287/311
o Cylinder.004
v 2.393740 1.201261 -5.196596
v 2.393740 8.166995 -5.196597
v 2.349896 1.201261 -5.262214
v 2.349896 8.166995 -5.262215
v 2.365292 1.201261 -5.339615
v 2.365292 8.166995 -5.339615
v 2.430910 1.201261 -5.383460
v 2.430910 8.166995 -5.383461
v 2.508311 1.201261 -5.368064
v 2.508311 8.166995 -5.368064
v 2.552155 1.201261 -5.302446
v 2.552155 8.166995 -5.302446
v 2.536759 1.201261 -5.225045
v 2.536759 8.166995 -5.225046
v 2.471142 1.201261 -5.181201
v 2.471142 8.166995 -5.181201
vn -0.1951 -0.0000 0.9808
vn -0.8315 -0.0000 0.5556
vn -0.9808 -0.0000 -0.1951
vn -0.5556 -0.0000 -0.8315
vn 0.1951 -0.0000 -0.9808
vn 0.8315 -0.0000 -0.5556
vn 0.9808 -0.0000 0.1951
vn 0.5556 -0.0000 0.8315
vn -0.0000 1.0000 -0.0000
vn -0.0000 -1.0000 -0.0000
vt 0.031250 0.500000
vt 0.031250 1.000000
vt 0.906250 1.000000
vt 0.906250 0.500000
vt 0.781250 1.000000
vt 0.781250 0.500000
vt 0.656250 1.000000
vt 0.656250 0.500000
vt 0.531250 1.000000
vt 0.531250 0.500000
vt 0.406250 1.000000
vt 0.406250 0.500000
vt 0.281250 1.000000
vt 0.281250 0.500000
vt 0.156250 1.000000
vt 0.156250 0.500000
vt 0.383337 0.449553
vt 0.203178 0.485388
vt 0.050447 0.383337
vt 0.014612 0.203178
vt 0.116663 0.050447
vt 0.296822 0.014612
vt 0.449553 0.116663
vt 0.485388 0.296822
vt 0.883337 0.449553
vt 0.985388 0.296822
vt 0.949553 0.116663
vt 0.796822 0.014612
vt 0.616663 0.050447
vt 0.514612 0.203178
vt 0.550447 0.383337
vt 0.703178 0.485388
s 1
f 885/288/312 886/289/312 872/290/312 871/291/312
f 872/290/313 874/292/313 873/293/313 871/291/313
f 874/292/314 876/294/314 875/295/314 873/293/314
f 876/294/315 878/296/315 877/297/315 875/295/315
f 878/296/316 880/298/316 879/299/316 877/297/316
f 880/298/317 882/300/317 881/301/317 879/299/317
f 882/300/318 884/302/318 883/303/318 881/301/318
f 884/302/319 886/289/319 885/288/319 883/303/319
f 872/304/320 886/305/320 884/306/320 882/307/320 880/308/320 878/309/320 876/310/320 874/311/320
f 871/312/321 873/313/321 875/314/321 877/315/321 879/316/321 881/317/321 883/318/321 885/319/321
o Cylinder.005
v 3.556683 6.591917 -17.584671
v 3.550417 6.598053 -5.343029
v 3.622369 6.568540 -17.584595
v 3.611107 6.574536 -5.343029
v 3.648654 6.509024 -17.582787
v 3.637393 6.514994 -5.343029
v 3.625137 6.448360 -17.580990
v 3.613877 6.454305 -5.343029
v 3.558759 6.421885 -17.580257
v 3.554334 6.428019 -5.343029
v 3.499908 6.445464 -17.580334
v 3.493645 6.451535 -5.343029
v 3.473623 6.504980 -17.582138
v 3.467359 6.511076 -5.343029
v 3.497140 6.565641 -17.583937
v 3.490875 6.571766 -5.343029
v 3.675622 6.587311 -17.855206
v 3.725663 6.564514 -17.820385
v 3.747595 6.505288 -17.804653
v 3.728569 6.444326 -17.817223
v 3.679732 6.417341 -17.850731
v 3.633887 6.440260 -17.885551
v 3.611955 6.499487 -17.901283
v 3.630981 6.560449 -17.888714
v 4.014057 6.585337 -18.018515
v 4.043603 6.562490 -17.965210
v 4.057155 6.503242 -17.941921
v 4.046774 6.442304 -17.962288
v 4.018542 6.415368 -18.014378
v 3.988996 6.438215 -18.067684
v 3.975444 6.497460 -18.090973
v 3.985825 6.558402 -18.070606
v 5.191828 6.589148 -18.012569
v 5.171402 6.564932 -17.955713
v 5.173511 6.505393 -17.930969
v 5.175220 6.444764 -17.952835
v 5.197227 6.419203 -18.008499
v 5.213545 6.443295 -18.065357
v 5.220424 6.503101 -18.090099
v 5.209727 6.563466 -18.068233
v 3.555587 6.592990 -15.443208
v 3.620399 6.569589 -15.443144
v 3.646684 6.510068 -15.441653
v 3.623167 6.449401 -15.440171
v 3.557985 6.422958 -15.439565
v 3.498812 6.446526 -15.439629
v 3.472527 6.506046 -15.441118
v 3.496044 6.566714 -15.442602
v 3.555492 6.593083 -15.258424
v 3.620229 6.569679 -15.258361
v 3.646514 6.510158 -15.256897
v 3.622997 6.449491 -15.255443
v 3.557918 6.423050 -15.254848
v 3.498718 6.446618 -15.254910
v 3.472433 6.506138 -15.256371
v 3.495949 6.566806 -15.257829
v 3.552182 6.596324 -8.791073
v 3.614279 6.572847 -8.791051
v 3.640565 6.513312 -8.790542
v 3.617049 6.452631 -8.790036
v 3.555581 6.426291 -8.789829
v 3.495409 6.449824 -8.789851
v 3.469123 6.509359 -8.790359
v 3.492640 6.570042 -8.790866
v 3.552085 6.596419 -8.601783
v 3.614105 6.572939 -8.601762
v 3.640390 6.513404 -8.601281
v 3.616874 6.452723 -8.600802
v 3.555512 6.426385 -8.600607
v 3.495312 6.449919 -8.600628
v 3.469026 6.509453 -8.601109
v 3.492543 6.570137 -8.601587
v 4.441983 6.503983 -17.938145
v 4.432375 6.563332 -17.961937
v 4.407725 6.560146 -18.069790
v 4.404611 6.499405 -18.090673
v 4.411119 6.439967 -18.066883
v 4.424856 6.416689 -18.012352
v 4.435770 6.443151 -17.959030
v 4.420055 6.586650 -18.016466
v 4.615524 6.504318 -17.936443
v 4.597985 6.560934 -18.069420
v 4.601480 6.440755 -18.066521
v 4.611190 6.443533 -17.957561
v 4.607695 6.563712 -17.960459
v 4.598146 6.500283 -18.090538
v 4.608086 6.417285 -18.011436
v 4.603144 6.587243 -18.015541
v 4.606583 6.546645 -17.790798
v 4.431263 6.546265 -17.792274
v 4.434657 6.463331 -17.797197
v 4.440870 6.507414 -17.816658
v 4.614411 6.507750 -17.814957
v 4.610078 6.463714 -17.795727
v 3.778793 6.552393 -15.258244
v 3.778963 6.552302 -15.443027
v 3.754975 6.513159 -15.256779
v 3.755145 6.513069 -15.441535
v 3.781561 6.473209 -15.251447
v 3.781731 6.473119 -15.436175
v 3.785213 6.550331 -8.601646
v 3.785387 6.550238 -8.790936
v 3.757525 6.516328 -8.601166
v 3.757699 6.516235 -8.790427
v 3.787982 6.474999 -8.600688
v 3.788156 6.474907 -8.789921
vn 0.9148 0.4040 0.0006
vn 0.9324 -0.3614 0.0010
vn 0.3747 -0.9272 0.0007
vn 0.3732 -0.9278 0.0007
vn -0.3705 -0.9288 0.0003
vn -0.3710 -0.9286 0.0003
vn -0.9148 -0.4040 -0.0003
vn -0.9324 0.3614 -0.0007
vn -0.4037 0.9149 -0.0007
vn 0.3386 0.9409 -0.0002
vn 0.3374 0.9413 -0.0002
vn -0.0000 -0.0000 1.0000
vn -0.3979 0.8975 -0.1901
vn -0.4321 0.3309 -0.8389
vn -0.8441 -0.3961 -0.3614
vn 0.3715 -0.9108 0.1799
vn 0.8424 0.3960 0.3655
vn -0.8615 0.3351 -0.3815
vn -0.3611 -0.9213 -0.1443
vn 0.8598 -0.3349 0.3855
vn 0.3333 0.9338 0.1303
vn -0.0092 0.3787 0.9255
vn -0.1719 -0.9267 -0.3342
vn 0.3860 -0.3263 0.8629
vn 0.1625 0.9284 0.3341
vn -0.1934 0.8964 -0.3988
vn -0.4239 -0.3954 -0.8149
vn 0.1829 -0.8977 0.4008
vn 0.3797 0.3900 0.8389
vn 0.9525 0.0375 0.3021
vn -0.0002 0.3308 -0.9437
vn -0.0002 0.3347 -0.9423
vn 0.0048 -0.9200 -0.3918
vn 0.0048 -0.9200 -0.3919
vn 0.0047 -0.9205 -0.3907
vn -0.0079 -0.3336 0.9427
vn -0.0051 0.9196 0.3928
vn -0.0051 0.9197 0.3927
vn -0.0051 0.9201 0.3917
vn -0.0019 0.9033 -0.4289
vn 0.0028 -0.3756 -0.9268
vn 0.0028 -0.3754 -0.9269
vn 0.0028 -0.3783 -0.9257
vn -0.0004 -0.9040 0.4275
vn 0.3432 0.9392 -0.0002
vn -0.4038 0.9149 -0.0007
vn -0.3685 -0.9296 0.0003
vn 0.3805 -0.9248 0.0007
vn 0.3806 -0.9247 0.0007
vn 0.1479 -0.9890 0.0006
vn -0.0220 0.0666 0.9975
vn 0.9148 0.4039 0.0006
vn 0.3895 -0.9210 0.0007
vn 0.3896 -0.9210 0.0007
vn -0.3656 -0.9308 0.0003
vn -0.9148 -0.4039 -0.0003
vn -0.4038 0.9148 -0.0007
vn 0.3503 0.9366 -0.0002
vn 0.3558 0.9346 -0.0002
vn -0.9324 0.3613 -0.0007
vn -0.3634 -0.9316 0.0003
vn 0.3966 -0.9180 0.0007
vn -0.0001 0.0103 0.9999
vn -0.0009 0.0098 1.0000
vn -0.0008 0.0098 1.0000
vn 0.0009 -0.0103 -0.9999
vn 0.0001 -0.0109 -0.9999
vn 0.0008 -0.0104 -0.9999
vn 0.9324 -0.3613 0.0010
vn 0.3991 -0.9169 0.0007
vn -0.3627 -0.9319 0.0003
vn 0.3577 0.9339 -0.0002
vn -0.0006 -0.8920 0.4521
vn -0.0007 -0.8971 0.4419
vn -0.0008 -0.8923 0.4514
vn 0.0028 -0.3683 -0.9297
vn 0.0027 -0.3725 -0.9280
vn 0.0026 -0.3685 -0.9296
vn -0.0017 0.8922 -0.4516
vn -0.0017 0.8925 -0.4510
vn -0.0017 0.8968 -0.4423
vn -0.0051 0.9186 0.3952
vn -0.0051 0.9189 0.3944
vn -0.0050 0.9191 0.3940
vn -0.0080 -0.3199 0.9474
vn 0.0048 -0.9187 -0.3949
vn 0.0051 -0.9194 -0.3932
vn 0.0050 -0.9188 -0.3947
vn -0.0001 0.3211 -0.9471
vn -0.0002 0.3241 -0.9460
vn 0.0001 0.3269 -0.9451
vn -0.0092 0.3674 0.9300
vn -0.0005 -0.8974 0.4413
vn -0.0018 0.8972 -0.4417
vn -0.0030 0.9950 0.1001
vn 0.9874 0.1573 0.0149
vn -0.0091 0.4029 0.9152
vn -0.0066 -0.5307 0.8476
vn -0.9929 0.1178 -0.0176
vn 0.0011 -0.9923 0.1237
vn 0.9965 -0.0827 0.0147
vn -0.9813 -0.1919 -0.0165
vn 0.8325 0.5541 0.0005
vn 0.8548 -0.5189 0.0010
vn 0.0221 -0.0672 -0.9975
vn 0.1084 0.9941 -0.0004
vn -0.0007 -0.0302 -0.9995
vn 0.0007 0.0297 0.9996
vn 0.8050 0.5933 0.0005
vn 0.7754 -0.6314 0.0010
vn -0.0016 0.0093 1.0000
vn 0.1291 -0.9916 0.0006
vn 0.0017 -0.0098 -1.0000
vn 0.1310 0.9914 -0.0004
vt 0.843750 0.587466
vt 0.718750 0.587466
vt 0.718750 0.500000
vt 0.843750 0.500000
vt 0.593750 0.587466
vt 0.593750 0.500000
vt 0.468750 0.587466
vt 0.468750 0.500000
vt 0.343750 0.587466
vt 0.343750 0.500000
vt 0.218750 0.587466
vt 0.218750 0.500000
vt 0.093750 0.587466
vt 0.093750 0.500000
vt 0.968750 0.587466
vt 0.968750 0.500000
vt 0.296822 0.485388
vt 0.116663 0.449553
vt 0.014612 0.296822
vt 0.050447 0.116663
vt 0.203178 0.014612
vt 0.383337 0.050447
vt 0.485388 0.203178
vt 0.449553 0.383337
vt 0.796822 0.485388
vt 0.949553 0.383337
vt 0.985388 0.203178
vt 0.883337 0.050447
vt 0.703178 0.014612
vt 0.550447 0.116663
vt 0.514612 0.296822
vt 0.616663 0.449553
vt 0.968750 0.595014
vt 0.843750 0.595014
vt 0.093750 0.595014
vt 0.218750 0.595014
vt 0.343750 0.595014
vt 0.468750 0.595014
vt 0.593750 0.595014
vt 0.718750 0.595014
vt 0.843750 0.859167
vt 0.718750 0.859167
vt 0.593750 0.859167
vt 0.468750 0.859167
vt 0.343750 0.859168
vt 0.218750 0.859167
vt 0.093750 0.859167
vt 0.968750 0.859167
vt 0.968750 0.866899
vt 0.843750 0.866899
vt 0.093750 0.866899
vt 0.218750 0.866899
vt 0.343750 0.866899
vt 0.468750 0.866899
vt 0.593750 0.866899
vt 0.718750 0.866899
vt 0.843750 1.000000
vt 0.718750 1.000000
vt 0.593750 1.000000
vt 0.468750 1.000000
vt 0.343750 1.000000
vt 0.218750 1.000000
vt 0.093750 1.000000
vt 0.968750 1.000000
s 1
f 928/320/322 929/321/322 891/322/322 889/323/322
f 929/321/323 930/324/323 893/325/323 891/322/323
f 930/324/324 931/326/324 895/327/325 893/325/325
f 931/326/326 932/328/326 897/329/327 895/327/327
f 932/328/328 933/330/328 899/331/328 897/329/328
f 933/330/329 934/332/329 901/333/329 899/331/329
f 934/332/330 927/334/330 887/335/330 901/333/330
f 927/334/331 928/320/331 889/323/332 887/335/332
f 888/336/333 902/337/333 900/338/333 898/339/333 896/340/333 894/341/333 892/342/333 890/343/333
f 901/333/334 887/335/334 903/335/334 910/333/334
f 909/331/335 910/333/335 918/333/335 917/331/335
f 897/329/336 899/331/336 909/331/336 908/329/336
f 893/325/337 895/327/337 907/327/337 906/325/337
f 889/323/338 891/322/338 905/322/338 904/323/338
f 899/331/339 901/333/339 910/333/339 909/331/339
f 895/327/340 897/329/340 908/329/340 907/327/340
f 891/322/341 893/325/341 906/325/341 905/322/341
f 887/335/342 889/323/342 904/323/342 903/335/342
f 971/323/343 967/322/343 921/322/343 920/323/343
f 907/327/344 908/329/344 916/329/344 915/327/344
f 905/322/345 906/325/345 914/325/345 913/322/345
f 903/335/346 904/323/346 912/323/346 911/335/346
f 910/333/347 903/335/347 911/335/347 918/333/347
f 908/329/348 909/331/348 917/331/348 916/329/348
f 906/325/349 907/327/349 915/327/349 914/325/349
f 904/323/350 905/322/350 913/322/350 912/323/350
f 919/344/351 920/345/351 921/346/351 922/347/351 923/348/351 924/349/351 925/350/351 926/351/351
f 972/331/352 968/333/352 926/333/353 925/331/353
f 973/327/354 969/329/355 924/329/356 923/327/356
f 967/322/357 970/325/357 922/325/357 921/322/357
f 974/335/358 971/323/359 920/323/360 919/335/360
f 968/333/361 974/335/361 919/335/361 926/333/361
f 969/329/362 972/331/363 925/331/364 924/329/364
f 970/325/365 973/327/365 923/327/365 922/325/365
f 935/352/366 936/353/366 928/320/331 927/334/331
f 942/354/367 935/352/367 927/334/330 934/332/330
f 941/355/329 942/354/329 934/332/329 933/330/329
f 940/356/328 941/355/328 933/330/328 932/328/328
f 939/357/368 940/356/368 932/328/326 931/326/326
f 938/358/369 939/357/370 931/326/324 930/324/324
f 938/358/371 930/324/371 986/324/371 985/358/371
f 937/359/372 938/358/372 985/358/372 983/359/372
f 944/360/373 945/361/373 937/359/373 936/353/373
f 945/361/323 946/362/323 938/358/323 937/359/323
f 946/362/374 947/363/375 939/357/370 938/358/369
f 947/363/376 948/364/376 940/356/368 939/357/368
f 948/364/377 949/365/377 941/355/328 940/356/328
f 949/365/329 950/366/329 942/354/329 941/355/329
f 950/366/378 943/367/378 935/352/367 942/354/367
f 943/367/379 944/360/379 936/353/366 935/352/366
f 951/368/380 952/369/380 944/360/379 943/367/379
f 958/370/378 951/368/378 943/367/378 950/366/378
f 957/371/381 958/370/381 950/366/329 949/365/329
f 956/372/377 957/371/377 949/365/377 948/364/377
f 955/373/382 956/372/382 948/364/376 947/363/376
f 954/374/383 955/373/383 947/363/375 946/362/374
f 952/369/384 953/375/385 989/375/386 987/369/384
f 945/361/387 944/360/388 988/360/388 990/361/389
f 890/376/373 892/377/373 953/375/373 952/369/373
f 892/377/390 894/378/390 954/374/390 953/375/390
f 894/378/391 896/379/391 955/373/383 954/374/383
f 896/379/392 898/380/392 956/372/382 955/373/382
f 898/380/377 900/381/377 957/371/377 956/372/377
f 900/381/381 902/382/381 958/370/381 957/371/381
f 902/382/378 888/383/378 951/368/378 958/370/378
f 888/383/393 890/376/393 952/369/380 951/368/380
f 914/325/394 915/327/394 964/327/395 965/325/396
f 916/329/397 917/331/397 962/331/398 963/329/399
f 918/333/400 911/335/400 966/335/401 961/333/402
f 911/335/403 912/323/403 960/323/404 966/335/405
f 913/322/406 914/325/406 965/325/406 959/322/406
f 915/327/407 916/329/407 963/329/408 964/327/409
f 917/331/410 918/333/410 961/333/411 962/331/412
f 912/323/413 913/322/413 959/322/413 960/323/413
f 965/325/396 964/327/395 973/327/414 970/325/414
f 963/329/399 962/331/398 972/331/363 969/329/362
f 961/333/402 966/335/401 974/335/415 968/333/415
f 966/335/405 960/323/404 971/323/359 974/335/358
f 971/323/416 960/323/416 976/323/416 975/323/416
f 964/327/409 963/329/408 969/329/355 973/327/354
f 962/331/412 961/333/411 968/333/352 972/331/352
f 967/322/417 971/323/417 975/323/417 979/322/417
f 978/322/418 977/325/418 980/325/418 979/322/418
f 976/323/419 978/322/419 979/322/419 975/323/419
f 959/322/420 965/325/420 977/325/420 978/322/420
f 965/325/421 970/325/421 980/325/421 977/325/421
f 970/325/422 967/322/422 979/322/422 980/325/422
f 960/323/423 959/322/423 978/322/423 976/323/423
f 983/359/424 985/358/424 986/324/424 984/321/424
f 981/353/425 983/359/425 984/321/425 982/320/425
f 930/324/426 929/321/426 984/321/426 986/324/426
f 928/320/427 936/353/427 981/353/427 982/320/427
f 929/321/428 928/320/428 982/320/428 984/321/428
f 936/353/429 937/359/429 983/359/429 981/353/429
f 989/375/430 991/374/430 992/362/430 990/361/430
f 987/369/431 989/375/431 990/361/431 988/360/431
f 953/375/385 954/374/432 991/374/432 989/375/386
f 954/374/433 946/362/433 992/362/433 991/374/433
f 946/362/434 945/361/387 990/361/389 992/362/434
f 944/360/435 952/369/435 987/369/435 988/360/435
o Cylinder.006
v 3.568747 6.659381 -5.369361
v 3.568747 6.659381 -5.283978
v 3.566858 6.366690 -5.369361
v 3.566858 6.366690 -5.283978
v 3.463653 6.410222 -5.369361
v 3.463653 6.410222 -5.283978
v 3.421457 6.513979 -5.369361
v 3.421457 6.513979 -5.283978
v 3.464988 6.617186 -5.369361
v 3.464988 6.617186 -5.283978
v 3.785981 6.657979 -5.369361
v 3.785981 6.657979 -5.283978
v 3.784092 6.365287 -5.369361
v 3.784092 6.365287 -5.283978
vn -0.0000 -0.0000 -1.0000
vn -0.3886 -0.9214 -0.0000
vn -0.9263 -0.3767 -0.0000
vn -0.9214 0.3886 -0.0000
vn -0.3767 0.9263 -0.0000
vn -0.0000 -0.0000 1.0000
vn 1.0000 -0.0065 -0.0000
vn -0.0065 -1.0000 -0.0000
vn 0.0065 1.0000 -0.0000
vt 0.968750 0.500000
vt 0.343750 0.500000
vt 0.218750 0.500000
vt 0.093750 0.500000
vt 0.468750 1.000000
vt 0.343750 1.000000
vt 0.468750 0.500000
vt 0.218750 1.000000
vt 0.093750 1.000000
vt 0.968750 1.000000
vt 0.000000 0.000000
s 1
f 993/384/436 997/385/436 999/386/436
f 993/384/436 999/386/436 1001/387/436
f 996/388/437 998/389/437 997/385/437 995/390/437
f 998/389/438 1000/391/438 999/386/438 997/385/438
f 1000/391/439 1002/392/439 1001/387/439 999/386/439
f 1002/392/440 994/393/440 993/384/440 1001/387/440
f 997/385/436 993/384/436 995/390/436
f 994/394/441 996/394/441 1006/394/441 1004/394/441
f 1003/384/442 1004/393/442 1006/388/442 1005/390/442
f 996/388/443 995/390/443 1005/390/443 1006/388/443
f 995/390/436 993/384/436 1003/384/436 1005/390/436
f 993/384/444 994/393/444 1004/393/444 1003/384/444
f 1000/391/441 998/389/441 1002/392/441
f 1002/392/441 998/389/441 994/393/441
f 998/389/441 996/394/441 994/393/441
o Cylinder.007
v 5.222228 6.596446 -18.090927
v 5.112415 6.575727 -18.075830
v 5.221833 6.628685 -18.005527
v 5.112088 6.602432 -18.005093
v 5.223124 6.591114 -17.922344
v 5.113157 6.571311 -17.936192
v 5.225344 6.505742 -17.890106
v 5.114996 6.500597 -17.909489
v 5.227193 6.422577 -17.927696
v 5.116528 6.431712 -17.940624
v 5.227588 6.390338 -18.013098
v 5.116855 6.405007 -18.011362
v 5.226297 6.427909 -18.096281
v 5.115786 6.436129 -18.080263
v 5.224077 6.513283 -18.128519
v 5.113946 6.506844 -18.106968
vn -0.2112 0.8896 0.4051
vn -0.1780 0.3436 0.9221
vn -0.1391 -0.4104 0.9012
vn -0.1176 -0.9292 0.3502
vn -0.1262 -0.9048 -0.4067
vn -0.1599 -0.3524 -0.9221
vn -0.1985 0.4000 -0.8948
vn -0.9997 -0.0243 0.0045
vn 0.9997 0.0243 -0.0045
vn -0.2196 0.9124 -0.3454
vt 0.781250 1.000000
vt 0.656250 1.000000
vt 0.656250 0.500000
vt 0.781250 0.500000
vt 0.531250 1.000000
vt 0.531250 0.500000
vt 0.406250 1.000000
vt 0.406250 0.500000
vt 0.281250 1.000000
vt 0.281250 0.500000
vt 0.156250 1.000000
vt 0.156250 0.500000
vt 0.031250 1.000000
vt 0.031250 0.500000
vt 0.906250 1.000000
vt 0.906250 0.500000
vt 0.203178 0.485388
vt 0.050447 0.383337
vt 0.014612 0.203178
vt 0.116663 0.050447
vt 0.296822 0.014612
vt 0.449553 0.116663
vt 0.485388 0.296822
vt 0.383337 0.449553
vt 0.703178 0.485388
vt 0.883337 0.449553
vt 0.985388 0.296822
vt 0.949553 0.116663
vt 0.796822 0.014612
vt 0.616663 0.050447
vt 0.514612 0.203178
vt 0.550447 0.383337
s 1
f 1010/395/445 1012/396/445 1011/397/445 1009/398/445
f 1012/396/446 1014/399/446 1013/400/446 1011/397/446
f 1014/399/447 1016/401/447 1015/402/447 1013/400/447
f 1016/401/448 1018/403/448 1017/404/448 1015/402/448
f 1018/403/449 1020/405/449 1019/406/449 1017/404/449
f 1020/405/450 1022/407/450 1021/408/450 1019/406/450
f 1022/407/451 1008/409/451 1007/410/451 1021/408/451
f 1022/411/452 1020/412/452 1018/413/452 1016/414/452 1014/415/452 1012/416/452 1010/417/452 1008/418/452
f 1021/419/453 1007/420/453 1009/421/453 1011/422/453 1013/423/453 1015/424/453 1017/425/453 1019/426/453
f 1008/409/454 1010/395/454 1009/398/454 1007/410/454
o Cylinder.008
v -5.161271 6.425076 18.091990
v -5.051457 6.445795 18.076893
v -5.160876 6.392838 18.006590
v -5.051131 6.419090 18.006155
v -5.162167 6.430408 17.923407
v -5.052200 6.450211 17.937254
v -5.164387 6.515780 17.891169
v -5.054039 6.520926 17.910551
v -5.166236 6.598945 17.928759
v -5.055570 6.589810 17.941687
v -5.166631 6.631184 18.014160
v -5.055897 6.616514 18.012424
v -5.165340 6.593612 18.097343
v -5.054828 6.585393 18.081326
v -5.163120 6.508239 18.129581
v -5.052989 6.514679 18.108030
vn 0.2112 -0.8896 -0.4051
vn 0.1780 -0.3436 -0.9221
vn 0.1392 0.4104 -0.9012
vn 0.1176 0.9292 -0.3502
vn 0.1262 0.9048 0.4067
vn 0.1598 0.3524 0.9221
vn 0.1985 -0.4000 0.8947
vn 0.9997 0.0243 -0.0045
vn -0.9997 -0.0243 0.0045
vn 0.2196 -0.9124 0.3454
vt 0.781250 1.000000
vt 0.781250 0.500000
vt 0.656250 0.500000
vt 0.656250 1.000000
vt 0.531250 0.500000
vt 0.531250 1.000000
vt 0.406250 0.500000
vt 0.406250 1.000000
vt 0.281250 0.500000
vt 0.281250 1.000000
vt 0.156250 0.500000
vt 0.156250 1.000000
vt 0.031250 0.500000
vt 0.031250 1.000000
vt 0.906250 0.500000
vt 0.906250 1.000000
vt 0.203178 0.485388
vt 0.383337 0.449553
vt 0.485388 0.296822
vt 0.449553 0.116663
vt 0.296822 0.014612
vt 0.116663 0.050447
vt 0.014612 0.203178
vt 0.050447 0.383337
vt 0.703178 0.485388
vt 0.550447 0.383337
vt 0.514612 0.203178
vt 0.616663 0.050447
vt 0.796822 0.014612
vt 0.949553 0.116663
vt 0.985388 0.296822
vt 0.883337 0.449553
s 1
f 1026/427/455 1025/428/455 1027/429/455 1028/430/455
f 1028/430/456 1027/429/456 1029/431/456 1030/432/456
f 1030/432/457 1029/431/457 1031/433/457 1032/434/457
f 1032/434/458 1031/433/458 1033/435/458 1034/436/458
f 1034/436/459 1033/435/459 1035/437/459 1036/438/459
f 1036/438/460 1035/437/460 1037/439/460 1038/440/460
f 1038/440/461 1037/439/461 1023/441/461 1024/442/461
f 1038/443/462 1024/444/462 1026/445/462 1028/446/462 1030/447/462 1032/448/462 1034/449/462 1036/450/462
f 1037/451/463 1035/452/463 1033/453/463 1031/454/463 1029/455/463 1027/456/463 1025/457/463 1023/458/463
f 1024/442/464 1023/441/464 1025/428/464 1026/427/464
o Cylinder.009
v -3.507789 6.362142 5.370422
v -3.507789 6.362142 5.285039
v -3.505900 6.654832 5.370422
v -3.505900 6.654832 5.285039
v -3.402695 6.611300 5.370422
v -3.402695 6.611300 5.285039
v -3.360499 6.507543 5.370422
v -3.360499 6.507543 5.285039
v -3.404031 6.404336 5.370422
v -3.404031 6.404336 5.285039
v -3.725023 6.363544 5.370422
v -3.725023 6.363544 5.285039
v -3.723134 6.656234 5.370422
v -3.723134 6.656234 5.285039
vn -0.0000 -0.0000 1.0000
vn 0.3886 0.9214 -0.0000
vn 0.9263 0.3767 -0.0000
vn 0.9214 -0.3886 -0.0000
vn 0.3767 -0.9263 -0.0000
vn -0.0000 -0.0000 -1.0000
vn -1.0000 0.0065 -0.0000
vn 0.0065 1.0000 -0.0000
vn -0.0065 -1.0000 -0.0000
vt 0.968750 0.500000
vt 0.218750 0.500000
vt 0.343750 0.500000
vt 0.093750 0.500000
vt 0.468750 1.000000
vt 0.468750 0.500000
vt 0.343750 1.000000
vt 0.218750 1.000000
vt 0.093750 1.000000
vt 0.968750 1.000000
vt 0.000000 0.000000
s 1
f 1039/459/465 1045/460/465 1043/461/465
f 1039/459/465 1047/462/465 1045/460/465
f 1042/463/466 1041/464/466 1043/461/466 1044/465/466
f 1044/465/467 1043/461/467 1045/460/467 1046/466/467
f 1046/466/468 1045/460/468 1047/462/468 1048/467/468
f 1048/467/469 1047/462/469 1039/459/469 1040/468/469
f 1043/461/465 1041/464/465 1039/459/465
f 1040/469/470 1050/469/470 1052/469/470 1042/469/470
f 1049/459/471 1051/464/471 1052/463/471 1050/468/471
f 1042/463/472 1052/463/472 1051/464/472 1041/464/472
f 1041/464/465 1051/464/465 1049/459/465 1039/459/465
f 1039/459/473 1049/459/473 1050/468/473 1040/468/473
f 1046/466/470 1048/467/470 1044/465/470
f 1048/467/470 1040/468/470 1044/465/470
f 1044/465/470 1040/468/470 1042/469/470
o Cylinder.010
v -3.495725 6.429605 17.585733
v -3.489460 6.423470 5.344090
v -3.561411 6.452982 17.585657
v -3.550149 6.446985 5.344090
v -3.587696 6.512498 17.583849
v -3.576435 6.506528 5.344090
v -3.564179 6.573162 17.582052
v -3.552919 6.567217 5.344090
v -3.497802 6.599638 17.581318
v -3.493377 6.593503 5.344090
v -3.438950 6.576058 17.581394
v -3.432687 6.569987 5.344090
v -3.412665 6.516542 17.583200
v -3.406401 6.510446 5.344090
v -3.436182 6.455881 17.584999
v -3.429917 6.449756 5.344090
v -3.614664 6.434211 17.856268
v -3.664706 6.457008 17.821447
v -3.686637 6.516234 17.805716
v -3.667612 6.577196 17.818285
v -3.618774 6.604181 17.851793
v -3.572929 6.581262 17.886614
v -3.550998 6.522035 17.902346
v -3.570023 6.461073 17.889776
v -3.953099 6.436185 18.019577
v -3.982646 6.459033 17.966272
v -3.996197 6.518280 17.942984
v -3.985817 6.579218 17.963348
v -3.957584 6.606154 18.015440
v -3.928038 6.583307 18.068745
v -3.914486 6.524061 18.092035
v -3.924867 6.463121 18.071669
v -5.130870 6.432375 18.013632
v -5.110444 6.456589 17.956776
v -5.112554 6.516130 17.932032
v -5.114263 6.576758 17.953897
v -5.136270 6.602319 18.009562
v -5.152587 6.578227 18.066418
v -5.159466 6.518420 18.091162
v -5.148769 6.458056 18.069296
v -3.494629 6.428532 15.444268
v -3.559441 6.451933 15.444203
v -3.585726 6.511454 15.442714
v -3.562210 6.572121 15.441232
v -3.497027 6.598564 15.440625
v -3.437855 6.574996 15.440688
v -3.411570 6.515476 15.442178
v -3.435086 6.454808 15.443662
v -3.494534 6.428439 15.259484
v -3.559271 6.451843 15.259421
v -3.585556 6.511364 15.257957
v -3.562040 6.572032 15.256503
v -3.496961 6.598472 15.255908
v -3.437760 6.574904 15.255969
v -3.411475 6.515384 15.257432
v -3.434992 6.454716 15.258889
v -3.491224 6.425198 8.792132
v -3.553321 6.448675 8.792111
v -3.579607 6.508210 8.791602
v -3.556091 6.568892 8.791097
v -3.494623 6.595232 8.790889
v -3.434451 6.571698 8.790911
v -3.408165 6.512163 8.791420
v -3.431682 6.451480 8.791926
v -3.491127 6.425103 8.602843
v -3.553147 6.448583 8.602822
v -3.579433 6.508118 8.602341
v -3.555917 6.568799 8.601863
v -3.494555 6.595137 8.601667
v -3.434354 6.571603 8.601687
v -3.408069 6.512068 8.602169
v -3.431585 6.451385 8.602648
v -4.381025 6.517539 17.939207
v -4.371418 6.458190 17.962997
v -4.346767 6.461375 18.070852
v -4.343653 6.522117 18.091736
v -4.350162 6.581555 18.067944
v -4.363898 6.604833 18.013414
v -4.374812 6.578372 17.960091
v -4.359098 6.434871 18.017529
v -4.554566 6.517204 17.937506
v -4.537027 6.460588 18.070482
v -4.540522 6.580766 18.067583
v -4.550232 6.577989 17.958622
v -4.546738 6.457810 17.961521
v -4.537189 6.521239 18.091600
v -4.547128 6.604237 18.012499
v -4.542186 6.434279 18.016603
v -4.545625 6.474877 17.791859
v -4.370305 6.475257 17.793337
v -4.373699 6.558191 17.798260
v -4.379912 6.514107 17.817720
v -4.553453 6.513773 17.816019
v -4.549120 6.557808 17.796789
v -3.717835 6.469129 15.259303
v -3.718005 6.469220 15.444087
v -3.694018 6.508363 15.257838
v -3.694188 6.508453 15.442595
v -3.720603 6.548313 15.252507
v -3.720773 6.548403 15.437236
v -3.724255 6.471191 8.602707
v -3.724429 6.471284 8.791996
v -3.696568 6.505194 8.602225
v -3.696742 6.505287 8.791487
v -3.727024 6.546523 8.601748
v -3.727198 6.546615 8.790980
vn -0.9148 -0.4040 -0.0006
vn -0.9324 0.3614 -0.0010
vn -0.3747 0.9272 -0.0007
vn -0.3732 0.9278 -0.0007
vn 0.3705 0.9288 -0.0003
vn 0.3710 0.9286 -0.0003
vn 0.9148 0.4040 0.0003
vn 0.9324 -0.3614 0.0007
vn 0.4037 -0.9149 0.0007
vn -0.3386 -0.9409 0.0002
vn -0.3374 -0.9414 0.0002
vn -0.0000 -0.0000 -1.0000
vn 0.3979 -0.8975 0.1901
vn 0.4321 -0.3309 0.8389
vn 0.8441 0.3961 0.3614
vn -0.3715 0.9108 -0.1799
vn -0.8424 -0.3960 -0.3655
vn 0.8615 -0.3351 0.3815
vn 0.3611 0.9213 0.1443
vn -0.8598 0.3349 -0.3855
vn -0.3333 -0.9338 -0.1304
vn 0.0092 -0.3787 -0.9255
vn 0.1719 0.9267 0.3342
vn -0.3860 0.3262 -0.8629
vn -0.1625 -0.9284 -0.3341
vn 0.1934 -0.8964 0.3988
vn 0.4239 0.3954 0.8149
vn -0.1829 0.8977 -0.4008
vn -0.3797 -0.3900 -0.8389
vn -0.9525 -0.0375 -0.3021
vn 0.0002 -0.3308 0.9437
vn 0.0002 -0.3347 0.9423
vn -0.0048 0.9200 0.3918
vn -0.0047 0.9205 0.3907
vn -0.0048 0.9200 0.3919
vn 0.0079 0.3336 -0.9427
vn 0.0051 -0.9196 -0.3927
vn 0.0051 -0.9201 -0.3917
vn 0.0051 -0.9197 -0.3926
vn 0.0019 -0.9033 0.4289
vn -0.0020 0.3729 0.9279
vn -0.0028 0.3783 0.9257
vn -0.0028 0.3754 0.9268
vn 0.0004 0.9040 -0.4275
vn -0.3432 -0.9392 0.0002
vn 0.4038 -0.9149 0.0007
vn 0.3685 0.9296 -0.0003
vn -0.3805 0.9248 -0.0007
vn -0.3806 0.9247 -0.0007
vn -0.1479 0.9890 -0.0006
vn 0.0220 -0.0666 -0.9975
vn -0.3895 0.9210 -0.0007
vn -0.3896 0.9210 -0.0007
vn 0.3656 0.9308 -0.0003
vn 0.9148 0.4039 0.0003
vn 0.4038 -0.9148 0.0007
vn -0.3503 -0.9366 0.0002
vn -0.3558 -0.9346 0.0002
vn -0.3557 -0.9346 0.0002
vn 0.9324 -0.3613 0.0007
vn 0.3634 0.9316 -0.0003
vn -0.3966 0.9180 -0.0007
vn 0.0001 -0.0103 -0.9999
vn 0.0008 -0.0098 -1.0000
vn 0.0009 -0.0098 -1.0000
vn -0.0009 0.0103 0.9999
vn -0.0008 0.0104 0.9999
vn -0.0001 0.0109 0.9999
vn -0.9148 -0.4039 -0.0006
vn -0.9324 0.3613 -0.0010
vn -0.3991 0.9169 -0.0007
vn 0.3627 0.9319 -0.0003
vn -0.3576 -0.9339 0.0002
vn 0.0006 0.8920 -0.4520
vn 0.0008 0.8923 -0.4514
vn 0.0007 0.8971 -0.4419
vn -0.0028 0.3683 0.9297
vn -0.0027 0.3684 0.9297
vn -0.0026 0.3726 0.9280
vn 0.0017 -0.8922 0.4516
vn 0.0017 -0.8968 0.4423
vn 0.0017 -0.8925 0.4510
vn 0.0051 -0.9186 -0.3952
vn 0.0049 -0.9192 -0.3938
vn 0.0051 -0.9189 -0.3944
vn 0.0080 0.3198 -0.9474
vn -0.0048 0.9187 0.3949
vn -0.0050 0.9188 0.3947
vn -0.0050 0.9194 0.3933
vn 0.0002 -0.3211 0.9471
vn -0.0001 -0.3269 0.9451
vn 0.0002 -0.3241 0.9460
vn 0.0092 -0.3674 -0.9300
vn 0.0005 0.8974 -0.4413
vn 0.0018 -0.8972 0.4417
vn 0.0030 -0.9950 -0.1001
vn -0.9874 -0.1573 -0.0149
vn 0.0092 -0.4029 -0.9152
vn 0.0066 0.5307 -0.8475
vn 0.9929 -0.1178 0.0176
vn -0.0011 0.9923 -0.1237
vn -0.9965 0.0827 -0.0147
vn 0.9813 0.1919 0.0165
vn -0.8325 -0.5540 -0.0005
vn -0.8548 0.5189 -0.0010
vn -0.0221 0.0672 0.9975
vn -0.1084 -0.9941 0.0004
vn 0.0007 0.0302 0.9995
vn -0.0007 -0.0297 -0.9996
vn -0.8050 -0.5932 -0.0004
vn -0.7755 0.6314 -0.0010
vn 0.0016 -0.0093 -1.0000
vn -0.1291 0.9916 -0.0006
vn -0.0017 0.0098 1.0000
vn -0.1310 -0.9914 0.0004
vt 0.843750 0.587466
vt 0.843750 0.500000
vt 0.718750 0.500000
vt 0.718750 0.587466
vt 0.593750 0.500000
vt 0.593750 0.587466
vt 0.468750 0.500000
vt 0.468750 0.587466
vt 0.343750 0.500000
vt 0.343750 0.587466
vt 0.218750 0.500000
vt 0.218750 0.587466
vt 0.093750 0.500000
vt 0.093750 0.587466
vt 0.968750 0.500000
vt 0.968750 0.587466
vt 0.296822 0.485388
vt 0.449553 0.383337
vt 0.485388 0.203178
vt 0.383337 0.050447
vt 0.203178 0.014612
vt 0.050447 0.116663
vt 0.014612 0.296822
vt 0.116663 0.449553
vt 0.796822 0.485388
vt 0.616663 0.449553
vt 0.514612 0.296822
vt 0.550447 0.116663
vt 0.703178 0.014612
vt 0.883337 0.050447
vt 0.985388 0.203178
vt 0.949553 0.383337
vt 0.968750 0.595014
vt 0.843750 0.595014
vt 0.093750 0.595014
vt 0.218750 0.595014
vt 0.343750 0.595014
vt 0.468750 0.595014
vt 0.593750 0.595014
vt 0.718750 0.595014
vt 0.843750 0.859167
vt 0.718750 0.859167
vt 0.593750 0.859167
vt 0.468750 0.859167
vt 0.343750 0.859168
vt 0.218750 0.859167
vt 0.093750 0.859167
vt 0.968750 0.859167
vt 0.968750 0.866899
vt 0.843750 0.866899
vt 0.093750 0.866899
vt 0.218750 0.866899
vt 0.343750 0.866899
vt 0.468750 0.866899
vt 0.593750 0.866899
vt 0.718750 0.866899
vt 0.843750 1.000000
vt 0.718750 1.000000
vt 0.593750 1.000000
vt 0.468750 1.000000
vt 0.343750 1.000000
vt 0.218750 1.000000
vt 0.093750 1.000000
vt 0.968750 1.000000
s 1
f 1094/470/474 1055/471/474 1057/472/474 1095/473/474
f 1095/473/475 1057/472/475 1059/474/475 1096/475/475
f 1096/475/476 1059/474/477 1061/476/477 1097/477/476
f 1097/477/478 1061/476/479 1063/478/479 1098/479/478
f 1098/479/480 1063/478/480 1065/480/480 1099/481/480
f 1099/481/481 1065/480/481 1067/482/481 1100/483/481
f 1100/483/482 1067/482/482 1053/484/482 1093/485/482
f 1093/485/483 1053/484/484 1055/471/484 1094/470/483
f 1054/486/485 1056/487/485 1058/488/485 1060/489/485 1062/490/485 1064/491/485 1066/492/485 1068/493/485
f 1067/482/486 1076/482/486 1069/484/486 1053/484/486
f 1075/480/487 1083/480/487 1084/482/487 1076/482/487
f 1063/478/488 1074/478/488 1075/480/488 1065/480/488
f 1059/474/489 1072/474/489 1073/476/489 1061/476/489
f 1055/471/490 1070/471/490 1071/472/490 1057/472/490
f 1065/480/491 1075/480/491 1076/482/491 1067/482/491
f 1061/476/492 1073/476/492 1074/478/492 1063/478/492
f 1057/472/493 1071/472/493 1072/474/493 1059/474/493
f 1053/484/494 1069/484/494 1070/471/494 1055/471/494
f 1137/471/495 1086/471/495 1087/472/495 1133/472/495
f 1073/476/496 1081/476/496 1082/478/496 1074/478/496
f 1071/472/497 1079/472/497 1080/474/497 1072/474/497
f 1069/484/498 1077/484/498 1078/471/498 1070/471/498
f 1076/482/499 1084/482/499 1077/484/499 1069/484/499
f 1074/478/500 1082/478/500 1083/480/500 1075/480/500
f 1072/474/501 1080/474/501 1081/476/501 1073/476/501
f 1070/471/502 1078/471/502 1079/472/502 1071/472/502
f 1085/494/503 1092/495/503 1091/496/503 1090/497/503 1089/498/503 1088/499/503 1087/500/503 1086/501/503
f 1138/480/504 1091/480/505 1092/482/505 1134/482/504
f 1139/476/506 1089/476/507 1090/478/507 1135/478/508
f 1133/472/509 1087/472/509 1088/474/509 1136/474/509
f 1140/484/510 1085/484/511 1086/471/511 1137/471/512
f 1134/482/513 1092/482/513 1085/484/513 1140/484/513
f 1135/478/514 1090/478/515 1091/480/515 1138/480/516
f 1136/474/517 1088/474/517 1089/476/517 1139/476/517
f 1101/502/518 1093/485/483 1094/470/483 1102/503/518
f 1108/504/519 1100/483/482 1093/485/482 1101/502/519
f 1107/505/481 1099/481/481 1100/483/481 1108/504/481
f 1106/506/480 1098/479/480 1099/481/480 1107/505/480
f 1105/507/520 1097/477/478 1098/479/478 1106/506/520
f 1104/508/521 1096/475/476 1097/477/476 1105/507/522
f 1104/508/523 1151/508/523 1152/475/523 1096/475/523
f 1103/509/524 1149/509/524 1151/508/524 1104/508/524
f 1110/510/474 1102/503/474 1103/509/474 1111/511/474
f 1111/511/475 1103/509/475 1104/508/475 1112/512/475
f 1112/512/525 1104/508/521 1105/507/522 1113/513/526
f 1113/513/527 1105/507/520 1106/506/520 1114/514/527
f 1114/514/528 1106/506/480 1107/505/480 1115/515/528
f 1115/515/481 1107/505/481 1108/504/481 1116/516/481
f 1116/516/529 1108/504/519 1101/502/519 1109/517/529
f 1109/517/530 1101/502/518 1102/503/518 1110/510/530
f 1117/518/531 1109/517/530 1110/510/530 1118/519/532
f 1124/520/529 1116/516/529 1109/517/529 1117/518/529
f 1123/521/533 1115/515/481 1116/516/481 1124/520/533
f 1122/522/528 1114/514/528 1115/515/528 1123/521/528
f 1121/523/534 1113/513/527 1114/514/527 1122/522/534
f 1120/524/535 1112/512/525 1113/513/526 1121/523/535
f 1118/519/536 1153/519/536 1155/525/537 1119/525/538
f 1111/511/539 1156/511/540 1154/510/541 1110/510/541
f 1056/526/542 1118/519/542 1119/525/542 1058/527/542
f 1058/527/543 1119/525/543 1120/524/543 1060/528/543
f 1060/528/544 1120/524/535 1121/523/535 1062/529/544
f 1062/529/545 1121/523/534 1122/522/534 1064/530/545
f 1064/530/528 1122/522/528 1123/521/528 1066/531/528
f 1066/531/533 1123/521/533 1124/520/533 1068/532/533
f 1068/532/529 1124/520/529 1117/518/529 1054/533/529
f 1054/533/546 1117/518/531 1118/519/532 1056/526/546
f 1080/474/547 1131/474/548 1130/476/549 1081/476/547
f 1082/478/550 1129/478/551 1128/480/552 1083/480/550
f 1084/482/553 1127/482/554 1132/484/555 1077/484/553
f 1077/484/556 1132/484/557 1126/471/558 1078/471/556
f 1079/472/559 1125/472/559 1131/474/559 1080/474/559
f 1081/476/560 1130/476/561 1129/478/562 1082/478/560
f 1083/480/563 1128/480/564 1127/482/565 1084/482/563
f 1078/471/566 1126/471/566 1125/472/566 1079/472/566
f 1131/474/548 1136/474/567 1139/476/567 1130/476/549
f 1129/478/551 1135/478/514 1138/480/516 1128/480/552
f 1127/482/554 1134/482/568 1140/484/568 1132/484/555
f 1132/484/557 1140/484/510 1137/471/512 1126/471/558
f 1137/471/569 1141/471/569 1142/471/569 1126/471/569
f 1130/476/561 1139/476/506 1135/478/508 1129/478/562
f 1128/480/564 1138/480/504 1134/482/504 1127/482/565
f 1133/472/570 1145/472/570 1141/471/570 1137/471/570
f 1144/472/571 1145/472/571 1146/474/571 1143/474/571
f 1142/471/572 1141/471/572 1145/472/572 1144/472/572
f 1125/472/573 1144/472/573 1143/474/573 1131/474/573
f 1131/474/574 1143/474/574 1146/474/574 1136/474/574
f 1136/474/575 1146/474/575 1145/472/575 1133/472/575
f 1126/471/576 1142/471/576 1144/472/576 1125/472/576
f 1149/509/577 1150/473/577 1152/475/577 1151/508/577
f 1147/503/578 1148/470/578 1150/473/578 1149/509/578
f 1096/475/579 1152/475/579 1150/473/579 1095/473/579
f 1094/470/580 1148/470/580 1147/503/580 1102/503/580
f 1095/473/581 1150/473/581 1148/470/581 1094/470/581
f 1102/503/582 1147/503/582 1149/509/582 1103/509/582
f 1155/525/583 1156/511/583 1158/512/583 1157/524/583
f 1153/519/584 1154/510/584 1156/511/584 1155/525/584
f 1119/525/538 1155/525/537 1157/524/585 1120/524/585
f 1120/524/586 1157/524/586 1158/512/586 1112/512/586
f 1112/512/587 1158/512/587 1156/511/540 1111/511/539
f 1110/510/588 1154/510/588 1153/519/588 1118/519/588
o Cylinder.011
v 3.544242 6.433414 17.575676
v 3.537977 6.427279 5.334033
v 3.609929 6.456791 17.575600
v 3.598666 6.450795 5.334033
v 3.636214 6.516307 17.573792
v 3.624952 6.510336 5.334033
v 3.612697 6.576971 17.571995
v 3.601436 6.571026 5.334033
v 3.546319 6.603446 17.571260
v 3.541893 6.597312 5.334033
v 3.487468 6.579866 17.571337
v 3.481204 6.573796 5.334033
v 3.461183 6.520351 17.573143
v 3.454918 6.514254 5.334033
v 3.484699 6.459689 17.574942
v 3.478434 6.453565 5.334033
v 3.663181 6.438020 17.846210
v 3.713223 6.460817 17.811390
v 3.735154 6.520043 17.795658
v 3.716129 6.581005 17.808228
v 3.667291 6.607990 17.841736
v 3.621447 6.585070 17.876556
v 3.599515 6.525844 17.892288
v 3.618541 6.464882 17.879719
v 4.001617 6.439993 18.009520
v 4.031163 6.462842 17.956215
v 4.044715 6.522088 17.932926
v 4.034334 6.583027 17.953291
v 4.006102 6.609963 18.005383
v 3.976555 6.587116 18.058687
v 3.963003 6.527869 18.081978
v 3.973384 6.466929 18.061611
v 5.179388 6.436183 18.003574
v 5.158961 6.460398 17.946718
v 5.161071 6.519939 17.921974
v 5.162780 6.580567 17.943840
v 5.184787 6.606128 17.999504
v 5.201105 6.582036 18.056360
v 5.207984 6.522229 18.081104
v 5.197287 6.461865 18.059238
v 3.543146 6.432341 15.434211
v 3.607958 6.455742 15.434146
v 3.634243 6.515263 15.432656
v 3.610727 6.575930 15.431174
v 3.545545 6.602373 15.430568
v 3.486372 6.578805 15.430631
v 3.460087 6.519285 15.432120
v 3.483603 6.458617 15.433604
v 3.543051 6.432248 15.249427
v 3.607788 6.455652 15.249364
v 3.634073 6.515173 15.247899
v 3.610557 6.575841 15.246446
v 3.545478 6.602281 15.245852
v 3.486277 6.578713 15.245912
v 3.459992 6.519193 15.247374
v 3.483509 6.458525 15.248832
v 3.539741 6.429007 8.782075
v 3.601839 6.452484 8.782054
v 3.628124 6.512019 8.781545
v 3.604608 6.572701 8.781039
v 3.543140 6.599040 8.780831
v 3.482968 6.575505 8.780853
v 3.456683 6.515972 8.781362
v 3.480199 6.455288 8.781869
v 3.539644 6.428912 8.592786
v 3.601664 6.452391 8.592765
v 3.627950 6.511926 8.592283
v 3.604434 6.572608 8.591805
v 3.543072 6.598945 8.591610
v 3.482871 6.575412 8.591630
v 3.456586 6.515876 8.592112
v 3.480102 6.455194 8.592590
v 4.429543 6.521348 17.929150
v 4.419935 6.461999 17.952940
v 4.395285 6.465184 18.060795
v 4.392170 6.525926 18.081678
v 4.398679 6.585364 18.057886
v 4.412415 6.608642 18.003357
v 4.423329 6.582180 17.950033
v 4.407615 6.438681 18.007471
v 4.603084 6.521012 17.927448
v 4.585545 6.464397 18.060425
v 4.589039 6.584574 18.057526
v 4.598750 6.581798 17.948565
v 4.595255 6.461619 17.951464
v 4.585706 6.525048 18.081543
v 4.595645 6.608046 18.002441
v 4.590703 6.438088 18.006546
v 4.594142 6.478686 17.781801
v 4.418822 6.479065 17.783279
v 4.422216 6.561999 17.788202
v 4.428430 6.517915 17.807663
v 4.601971 6.517582 17.805962
v 4.597637 6.561617 17.786732
v 3.766352 6.472938 15.249246
v 3.766522 6.473028 15.434030
v 3.742535 6.512172 15.247781
v 3.742705 6.512262 15.432538
v 3.769121 6.552122 15.242450
v 3.769291 6.552212 15.427178
v 3.772772 6.475000 8.592649
v 3.772946 6.475093 8.781940
v 3.745085 6.509003 8.592168
v 3.745259 6.509095 8.781429
v 3.775541 6.550332 8.591690
v 3.775715 6.550424 8.780923
vn 0.9148 -0.4040 -0.0006
vn 0.9324 0.3614 -0.0010
vn 0.3747 0.9272 -0.0007
vn 0.3732 0.9278 -0.0007
vn -0.3705 0.9288 -0.0003
vn -0.3710 0.9286 -0.0003
vn -0.9148 0.4040 0.0003
vn -0.9324 -0.3614 0.0007
vn -0.4037 -0.9149 0.0007
vn 0.3386 -0.9409 0.0002
vn 0.3374 -0.9414 0.0002
vn -0.0000 -0.0000 -1.0000
vn -0.3979 -0.8975 0.1901
vn -0.4321 -0.3309 0.8389
vn -0.8441 0.3961 0.3614
vn 0.3715 0.9108 -0.1799
vn 0.8424 -0.3960 -0.3655
vn -0.8615 -0.3351 0.3815
vn -0.3611 0.9213 0.1443
vn 0.8598 0.3349 -0.3855
vn 0.3333 -0.9338 -0.1304
vn -0.0092 -0.3787 -0.9255
vn -0.1719 0.9267 0.3342
vn 0.3860 0.3262 -0.8629
vn 0.1625 -0.9284 -0.3341
vn -0.1934 -0.8964 0.3988
vn -0.4239 0.3954 0.8149
vn 0.1829 0.8977 -0.4008
vn 0.3797 -0.3900 -0.8389
vn 0.9525 -0.0375 -0.3021
vn -0.0002 -0.3308 0.9437
vn -0.0002 -0.3347 0.9423
vn 0.0048 0.9200 0.3918
vn 0.0053 0.9204 0.3909
vn 0.0047 0.9205 0.3907
vn -0.0079 0.3336 -0.9427
vn -0.0051 -0.9196 -0.3927
vn -0.0051 -0.9197 -0.3926
vn -0.0051 -0.9201 -0.3917
vn -0.0019 -0.9033 0.4289
vn 0.0020 0.3729 0.9279
vn 0.0028 0.3754 0.9268
vn 0.0028 0.3783 0.9257
vn -0.0004 0.9040 -0.4275
vn 0.3432 -0.9392 0.0002
vn -0.4038 -0.9149 0.0007
vn -0.3685 0.9296 -0.0003
vn 0.3805 0.9248 -0.0007
vn 0.3806 0.9247 -0.0007
vn 0.1479 0.9890 -0.0006
vn -0.0220 -0.0666 -0.9975
vn 0.9148 -0.4039 -0.0006
vn 0.3895 0.9210 -0.0007
vn -0.3656 0.9308 -0.0003
vn -0.9148 0.4039 0.0003
vn -0.4038 -0.9148 0.0007
vn 0.3503 -0.9366 0.0002
vn 0.3557 -0.9346 0.0002
vn -0.9324 -0.3613 0.0007
vn -0.3634 0.9316 -0.0003
vn 0.3966 0.9180 -0.0007
vn -0.0001 -0.0103 -0.9999
vn -0.0009 -0.0098 -1.0000
vn -0.0008 -0.0098 -1.0000
vn 0.0009 0.0104 0.9999
vn 0.0001 0.0109 0.9999
vn 0.0008 0.0104 0.9999
vn 0.9324 0.3613 -0.0010
vn 0.3991 0.9169 -0.0007
vn -0.3627 0.9319 -0.0003
vn 0.3576 -0.9339 0.0002
vn -0.0006 0.8920 -0.4521
vn -0.0007 0.8971 -0.4419
vn -0.0007 0.8923 -0.4514
vn 0.0028 0.3683 0.9297
vn 0.0026 0.3726 0.9280
vn 0.0026 0.3685 0.9296
vn -0.0017 -0.8922 0.4516
vn -0.0017 -0.8925 0.4510
vn -0.0017 -0.8969 0.4423
vn -0.0051 -0.9186 -0.3952
vn -0.0051 -0.9189 -0.3944
vn -0.0050 -0.9191 -0.3941
vn -0.0080 0.3198 -0.9474
vn 0.0048 0.9187 0.3949
vn 0.0051 0.9195 0.3932
vn 0.0050 0.9188 0.3947
vn -0.0001 -0.3211 0.9471
vn -0.0002 -0.3241 0.9460
vn 0.0002 -0.3269 0.9451
vn -0.0092 -0.3674 -0.9300
vn -0.0005 0.8974 -0.4413
vn -0.0018 -0.8972 0.4417
vn -0.0030 -0.9950 -0.1001
vn 0.9874 -0.1573 -0.0149
vn -0.0091 -0.4029 -0.9152
vn -0.0066 0.5307 -0.8475
vn -0.9929 -0.1179 0.0176
vn 0.0011 0.9923 -0.1238
vn 0.9965 0.0827 -0.0147
vn -0.9813 0.1919 0.0165
vn 0.8325 -0.5541 -0.0005
vn 0.8548 0.5189 -0.0010
vn 0.0221 0.0672 0.9975
vn 0.1084 -0.9941 0.0004
vn -0.0007 0.0302 0.9995
vn 0.0007 -0.0297 -0.9996
vn 0.8050 -0.5932 -0.0005
vn 0.7754 0.6314 -0.0010
vn -0.0016 -0.0093 -1.0000
vn 0.1291 0.9916 -0.0006
vn 0.0017 0.0098 1.0000
vn 0.1310 -0.9914 0.0004
vt 0.843750 0.587466
vt 0.718750 0.587466
vt 0.718750 0.500000
vt 0.843750 0.500000
vt 0.593750 0.587466
vt 0.593750 0.500000
vt 0.468750 0.587466
vt 0.468750 0.500000
vt 0.343750 0.587466
vt 0.343750 0.500000
vt 0.218750 0.587466
vt 0.218750 0.500000
vt 0.093750 0.587466
vt 0.093750 0.500000
vt 0.968750 0.587466
vt 0.968750 0.500000
vt 0.296822 0.485388
vt 0.116663 0.449553
vt 0.014612 0.296822
vt 0.050447 0.116663
vt 0.203178 0.014612
vt 0.383337 0.050447
vt 0.485388 0.203178
vt 0.449553 0.383337
vt 0.796822 0.485388
vt 0.949553 0.383337
vt 0.985388 0.203178
vt 0.883337 0.050447
vt 0.703178 0.014612
vt 0.550447 0.116663
vt 0.514612 0.296822
vt 0.616663 0.449553
vt 0.968750 0.595014
vt 0.843750 0.595014
vt 0.093750 0.595014
vt 0.218750 0.595014
vt 0.343750 0.595014
vt 0.468750 0.595014
vt 0.593750 0.595014
vt 0.718750 0.595014
vt 0.843750 0.859167
vt 0.718750 0.859167
vt 0.593750 0.859167
vt 0.468750 0.859167
vt 0.343750 0.859168
vt 0.218750 0.859167
vt 0.093750 0.859167
vt 0.968750 0.859167
vt 0.968750 0.866899
vt 0.843750 0.866899
vt 0.093750 0.866899
vt 0.218750 0.866899
vt 0.343750 0.866899
vt 0.468750 0.866899
vt 0.593750 0.866899
vt 0.718750 0.866899
vt 0.843750 1.000000
vt 0.718750 1.000000
vt 0.593750 1.000000
vt 0.468750 1.000000
vt 0.343750 1.000000
vt 0.218750 1.000000
vt 0.093750 1.000000
vt 0.968750 1.000000
s 1
f 1200/534/589 1201/535/589 1163/536/589 1161/537/589
f 1201/535/590 1202/538/590 1165/539/590 1163/536/590
f 1202/538/591 1203/540/591 1167/541/592 1165/539/592
f 1203/540/593 1204/542/593 1169/543/594 1167/541/594
f 1204/542/595 1205/544/595 1171/545/595 1169/543/595
f 1205/544/596 1206/546/596 1173/547/596 1171/545/596
f 1206/546/597 1199/548/597 1159/549/597 1173/547/597
f 1199/548/598 1200/534/598 1161/537/599 1159/549/599
f 1160/550/600 1174/551/600 1172/552/600 1170/553/600 1168/554/600 1166/555/600 1164/556/600 1162/557/600
f 1173/547/601 1159/549/601 1175/549/601 1182/547/601
f 1181/545/602 1182/547/602 1190/547/602 1189/545/602
f 1169/543/603 1171/545/603 1181/545/603 1180/543/603
f 1165/539/604 1167/541/604 1179/541/604 1178/539/604
f 1161/537/605 1163/536/605 1177/536/605 1176/537/605
f 1171/545/606 1173/547/606 1182/547/606 1181/545/606
f 1167/541/607 1169/543/607 1180/543/607 1179/541/607
f 1163/536/608 1165/539/608 1178/539/608 1177/536/608
f 1159/549/609 1161/537/609 1176/537/609 1175/549/609
f 1243/537/610 1239/536/610 1193/536/610 1192/537/610
f 1179/541/611 1180/543/611 1188/543/611 1187/541/611
f 1177/536/612 1178/539/612 1186/539/612 1185/536/612
f 1175/549/613 1176/537/613 1184/537/613 1183/549/613
f 1182/547/614 1175/549/614 1183/549/614 1190/547/614
f 1180/543/615 1181/545/615 1189/545/615 1188/543/615
f 1178/539/616 1179/541/616 1187/541/616 1186/539/616
f 1176/537/617 1177/536/617 1185/536/617 1184/537/617
f 1191/558/618 1192/559/618 1193/560/618 1194/561/618 1195/562/618 1196/563/618 1197/564/618 1198/565/618
f 1244/545/619 1240/547/619 1198/547/620 1197/545/620
f 1245/541/621 1241/543/622 1196/543/623 1195/541/623
f 1239/536/624 1242/539/624 1194/539/624 1193/536/624
f 1246/549/625 1243/537/626 1192/537/627 1191/549/627
f 1240/547/628 1246/549/628 1191/549/628 1198/547/628
f 1241/543/629 1244/545/630 1197/545/631 1196/543/631
f 1242/539/632 1245/541/632 1195/541/632 1194/539/632
f 1207/566/633 1208/567/633 1200/534/598 1199/548/598
f 1214/568/634 1207/566/634 1199/548/597 1206/546/597
f 1213/569/596 1214/568/596 1206/546/596 1205/544/596
f 1212/570/595 1213/569/595 1205/544/595 1204/542/595
f 1211/571/635 1212/570/635 1204/542/593 1203/540/593
f 1210/572/636 1211/571/637 1203/540/591 1202/538/591
f 1210/572/638 1202/538/638 1258/538/638 1257/572/638
f 1209/573/639 1210/572/639 1257/572/639 1255/573/639
f 1216/574/640 1217/575/640 1209/573/640 1208/567/640
f 1217/575/590 1218/576/590 1210/572/590 1209/573/590
f 1218/576/641 1219/577/641 1211/571/637 1210/572/636
f 1219/577/642 1220/578/642 1212/570/635 1211/571/635
f 1220/578/643 1221/579/643 1213/569/595 1212/570/595
f 1221/579/596 1222/580/596 1214/568/596 1213/569/596
f 1222/580/644 1215/581/644 1207/566/634 1214/568/634
f 1215/581/645 1216/574/645 1208/567/633 1207/566/633
f 1223/582/646 1224/583/646 1216/574/645 1215/581/645
f 1230/584/644 1223/582/644 1215/581/644 1222/580/644
f 1229/585/647 1230/584/647 1222/580/596 1221/579/596
f 1228/586/643 1229/585/643 1221/579/643 1220/578/643
f 1227/587/648 1228/586/648 1220/578/642 1219/577/642
f 1226/588/649 1227/587/649 1219/577/641 1218/576/641
f 1224/583/650 1225/589/651 1261/589/652 1259/583/650
f 1217/575/653 1216/574/654 1260/574/654 1262/575/655
f 1162/590/640 1164/591/640 1225/589/640 1224/583/640
f 1164/591/656 1166/592/656 1226/588/656 1225/589/656
f 1166/592/657 1168/593/657 1227/587/649 1226/588/649
f 1168/593/658 1170/594/658 1228/586/648 1227/587/648
f 1170/594/643 1172/595/643 1229/585/643 1228/586/643
f 1172/595/647 1174/596/647 1230/584/647 1229/585/647
f 1174/596/644 1160/597/644 1223/582/644 1230/584/644
f 1160/597/659 1162/590/659 1224/583/646 1223/582/646
f 1186/539/660 1187/541/660 1236/541/661 1237/539/662
f 1188/543/663 1189/545/663 1234/545/664 1235/543/665
f 1190/547/666 1183/549/666 1238/549/667 1233/547/668
f 1183/549/669 1184/537/669 1232/537/670 1238/549/671
f 1185/536/672 1186/539/672 1237/539/672 1231/536/672
f 1187/541/673 1188/543/673 1235/543/674 1236/541/675
f 1189/545/676 1190/547/676 1233/547/677 1234/545/678
f 1184/537/679 1185/536/679 1231/536/679 1232/537/679
f 1237/539/662 1236/541/661 1245/541/680 1242/539/680
f 1235/543/665 1234/545/664 1244/545/630 1241/543/629
f 1233/547/668 1238/549/667 1246/549/681 1240/547/681
f 1238/549/671 1232/537/670 1243/537/626 1246/549/625
f 1243/537/682 1232/537/682 1248/537/682 1247/537/682
f 1236/541/675 1235/543/674 1241/543/622 1245/541/621
f 1234/545/678 1233/547/677 1240/547/619 1244/545/619
f 1239/536/683 1243/537/683 1247/537/683 1251/536/683
f 1250/536/684 1249/539/684 1252/539/684 1251/536/684
f 1248/537/685 1250/536/685 1251/536/685 1247/537/685
f 1231/536/686 1237/539/686 1249/539/686 1250/536/686
f 1237/539/687 1242/539/687 1252/539/687 1249/539/687
f 1242/539/688 1239/536/688 1251/536/688 1252/539/688
f 1232/537/689 1231/536/689 1250/536/689 1248/537/689
f 1255/573/690 1257/572/690 1258/538/690 1256/535/690
f 1253/567/691 1255/573/691 1256/535/691 1254/534/691
f 1202/538/692 1201/535/692 1256/535/692 1258/538/692
f 1200/534/693 1208/567/693 1253/567/693 1254/534/693
f 1201/535/694 1200/534/694 1254/534/694 1256/535/694
f 1208/567/695 1209/573/695 1255/573/695 1253/567/695
f 1261/589/696 1263/588/696 1264/576/696 1262/575/696
f 1259/583/697 1261/589/697 1262/575/697 1260/574/697
f 1225/589/651 1226/588/698 1263/588/698 1261/589/652
f 1226/588/699 1218/576/699 1264/576/699 1263/588/699
f 1218/576/700 1217/575/653 1262/575/655 1264/576/700
f 1216/574/701 1224/583/701 1259/583/701 1260/574/701
o Cylinder.012
v 3.556306 6.365950 5.360365
v 3.556306 6.365950 5.274981
v 3.554417 6.658640 5.360365
v 3.554417 6.658640 5.274981
v 3.451212 6.615109 5.360365
v 3.451212 6.615109 5.274981
v 3.409016 6.511351 5.360365
v 3.409016 6.511351 5.274981
v 3.452548 6.408144 5.360365
v 3.452548 6.408144 5.274981
v 3.773540 6.367352 5.360365
v 3.773540 6.367352 5.274981
v 3.771651 6.660043 5.360365
v 3.771651 6.660043 5.274981
vn -0.0000 -0.0000 1.0000
vn -0.3886 0.9214 -0.0000
vn -0.9263 0.3767 -0.0000
vn -0.9214 -0.3886 -0.0000
vn -0.3767 -0.9263 -0.0000
vn -0.0000 -0.0000 -1.0000
vn 1.0000 0.0065 -0.0000
vn -0.0065 1.0000 -0.0000
vn 0.0065 -1.0000 -0.0000
vt 0.968750 0.500000
vt 0.343750 0.500000
vt 0.218750 0.500000
vt 0.093750 0.500000
vt 0.468750 1.000000
vt 0.343750 1.000000
vt 0.468750 0.500000
vt 0.218750 1.000000
vt 0.093750 1.000000
vt 0.968750 1.000000
vt 0.000000 0.000000
s 1
f 1265/598/702 1269/599/702 1271/600/702
f 1265/598/702 1271/600/702 1273/601/702
f 1268/602/703 1270/603/703 1269/599/703 1267/604/703
f 1270/603/704 1272/605/704 1271/600/704 1269/599/704
f 1272/605/705 1274/606/705 1273/601/705 1271/600/705
f 1274/606/706 1266/607/706 1265/598/706 1273/601/706
f 1269/599/702 1265/598/702 1267/604/702
f 1266/608/707 1268/608/707 1278/608/707 1276/608/707
f 1275/598/708 1276/607/708 1278/602/708 1277/604/708
f 1268/602/709 1267/604/709 1277/604/709 1278/602/709
f 1267/604/702 1265/598/702 1275/598/702 1277/604/702
f 1265/598/710 1266/607/710 1276/607/710 1275/598/710
f 1272/605/707 1270/603/707 1274/606/707
f 1274/606/707 1270/603/707 1266/607/707
f 1270/603/707 1268/608/707 1266/607/707
o Cylinder.013
v 5.209788 6.428885 18.081930
v 5.099975 6.449603 18.066833
v 5.209393 6.396646 17.996531
v 5.099648 6.422898 17.996096
v 5.210684 6.434216 17.913347
v 5.100717 6.454019 17.927195
v 5.212904 6.519589 17.881109
v 5.102556 6.524734 17.900492
v 5.214753 6.602752 17.918699
v 5.104087 6.593618 17.931627
v 5.215148 6.634992 18.004101
v 5.104414 6.620322 18.002365
v 5.213857 6.597420 18.087284
v 5.103345 6.589201 18.071266
v 5.211637 6.512047 18.119522
v 5.101506 6.518487 18.097971
vn -0.2112 -0.8896 -0.4051
vn -0.1780 -0.3436 -0.9221
vn -0.1392 0.4104 -0.9012
vn -0.1176 0.9292 -0.3502
vn -0.1262 0.9048 0.4067
vn -0.1599 0.3524 0.9221
vn -0.1985 -0.4000 0.8947
vn -0.9997 0.0243 -0.0045
vn 0.9997 -0.0243 0.0045
vn -0.2196 -0.9124 0.3454
vt 0.781250 1.000000
vt 0.656250 1.000000
vt 0.656250 0.500000
vt 0.781250 0.500000
vt 0.531250 1.000000
vt 0.531250 0.500000
vt 0.406250 1.000000
vt 0.406250 0.500000
vt 0.281250 1.000000
vt 0.281250 0.500000
vt 0.156250 1.000000
vt 0.156250 0.500000
vt 0.031250 1.000000
vt 0.031250 0.500000
vt 0.906250 1.000000
vt 0.906250 0.500000
vt 0.203178 0.485388
vt 0.050447 0.383337
vt 0.014612 0.203178
vt 0.116663 0.050447
vt 0.296822 0.014612
vt 0.449553 0.116663
vt 0.485388 0.296822
vt 0.383337 0.449553
vt 0.703178 0.485388
vt 0.883337 0.449553
vt 0.985388 0.296822
vt 0.949553 0.116663
vt 0.796822 0.014612
vt 0.616663 0.050447
vt 0.514612 0.203178
vt 0.550447 0.383337
s 1
f 1282/609/711 1284/610/711 1283/611/711 1281/612/711
f 1284/610/712 1286/613/712 1285/614/712 1283/611/712
f 1286/613/713 1288/615/713 1287/616/713 1285/614/713
f 1288/615/714 1290/617/714 1289/618/714 1287/616/714
f 1290/617/715 1292/619/715 1291/620/715 1289/618/715
f 1292/619/716 1294/621/716 1293/622/716 1291/620/716
f 1294/621/717 1280/623/717 1279/624/717 1293/622/717
f 1294/625/718 1292/626/718 1290/627/718 1288/628/718 1286/629/718 1284/630/718 1282/631/718 1280/632/718
f 1293/633/719 1279/634/719 1281/635/719 1283/636/719 1285/637/719 1287/638/719 1289/639/719 1291/640/719
f 1280/623/720 1282/609/720 1281/612/720 1279/624/720
o Cylinder.014
v -3.495725 6.429605 17.585733
v -3.489460 6.423470 5.344090
v -3.561411 6.452982 17.585657
v -3.550149 6.446985 5.344090
v -3.587696 6.512498 17.583849
v -3.576435 6.506528 5.344090
v -3.564179 6.573162 17.582052
v -3.552919 6.567217 5.344090
v -3.497802 6.599638 17.581318
v -3.493377 6.593503 5.344090
v -3.438950 6.576058 17.581394
v -3.432687 6.569987 5.344090
v -3.412665 6.516542 17.583200
v -3.406401 6.510446 5.344090
v -3.436182 6.455881 17.584999
v -3.429917 6.449756 5.344090
v -3.614664 6.434211 17.856268
v -3.664706 6.457008 17.821447
v -3.686637 6.516234 17.805716
v -3.667612 6.577196 17.818285
v -3.618774 6.604181 17.851793
v -3.572929 6.581262 17.886614
v -3.550998 6.522035 17.902346
v -3.570023 6.461073 17.889776
v -3.953099 6.436185 18.019577
v -3.982646 6.459033 17.966272
v -3.996197 6.518280 17.942984
v -3.985817 6.579218 17.963348
v -3.957584 6.606154 18.015440
v -3.928038 6.583307 18.068745
v -3.914486 6.524061 18.092035
v -3.924867 6.463121 18.071669
v -5.130870 6.432375 18.013632
v -5.110444 6.456589 17.956776
v -5.112554 6.516130 17.932032
v -5.114263 6.576758 17.953897
v -5.136270 6.602319 18.009562
v -5.152587 6.578227 18.066418
v -5.159466 6.518420 18.091162
v -5.148769 6.458056 18.069296
v -3.494629 6.428532 15.444268
v -3.559441 6.451933 15.444203
v -3.585726 6.511454 15.442714
v -3.562210 6.572121 15.441232
v -3.497027 6.598564 15.440625
v -3.437855 6.574996 15.440688
v -3.411570 6.515476 15.442178
v -3.435086 6.454808 15.443662
v -3.494534 6.428439 15.259484
v -3.559271 6.451843 15.259421
v -3.585556 6.511364 15.257957
v -3.562040 6.572032 15.256503
v -3.496961 6.598472 15.255908
v -3.437760 6.574904 15.255969
v -3.411475 6.515384 15.257432
v -3.434992 6.454716 15.258889
v -3.491224 6.425198 8.792132
v -3.553321 6.448675 8.792111
v -3.579607 6.508210 8.791602
v -3.556091 6.568892 8.791097
v -3.494623 6.595232 8.790889
v -3.434451 6.571698 8.790911
v -3.408165 6.512163 8.791420
v -3.431682 6.451480 8.791926
v -3.491127 6.425103 8.602843
v -3.553147 6.448583 8.602822
v -3.579433 6.508118 8.602341
v -3.555917 6.568799 8.601863
v -3.494555 6.595137 8.601667
v -3.434354 6.571603 8.601687
v -3.408069 6.512068 8.602169
v -3.431585 6.451385 8.602648
v -4.381025 6.517539 17.939207
v -4.371418 6.458190 17.962997
v -4.346767 6.461375 18.070852
v -4.343653 6.522117 18.091736
v -4.350162 6.581555 18.067944
v -4.363898 6.604833 18.013414
v -4.374812 6.578372 17.960091
v -4.359098 6.434871 18.017529
v -4.554566 6.517204 17.937506
v -4.537027 6.460588 18.070482
v -4.540522 6.580766 18.067583
v -4.550232 6.577989 17.958622
v -4.546738 6.457810 17.961521
v -4.537189 6.521239 18.091600
v -4.547128 6.604237 18.012499
v -4.542186 6.434279 18.016603
v -4.545625 6.474877 17.791859
v -4.370305 6.475257 17.793337
v -4.373699 6.558191 17.798260
v -4.379912 6.514107 17.817720
v -4.553453 6.513773 17.816019
v -4.549120 6.557808 17.796789
v -3.717835 6.469129 15.259303
v -3.718005 6.469220 15.444087
v -3.694018 6.508363 15.257838
v -3.694188 6.508453 15.442595
v -3.720603 6.548313 15.252507
v -3.720773 6.548403 15.437236
v -3.724255 6.471191 8.602707
v -3.724429 6.471284 8.791996
v -3.696568 6.505194 8.602225
v -3.696742 6.505287 8.791487
v -3.727024 6.546523 8.601748
v -3.727198 6.546615 8.790980
vn -0.9148 -0.4040 -0.0006
vn -0.9324 0.3614 -0.0010
vn -0.3747 0.9272 -0.0007
vn -0.3732 0.9278 -0.0007
vn 0.3705 0.9288 -0.0003
vn 0.3710 0.9286 -0.0003
vn 0.9148 0.4040 0.0003
vn 0.9324 -0.3614 0.0007
vn 0.4037 -0.9149 0.0007
vn -0.3386 -0.9409 0.0002
vn -0.3374 -0.9414 0.0002
vn -0.0000 -0.0000 -1.0000
vn 0.3979 -0.8975 0.1901
vn 0.4321 -0.3309 0.8389
vn 0.8441 0.3961 0.3614
vn -0.3715 0.9108 -0.1799
vn -0.8424 -0.3960 -0.3655
vn 0.8615 -0.3351 0.3815
vn 0.3611 0.9213 0.1443
vn -0.8598 0.3349 -0.3855
vn -0.3333 -0.9338 -0.1304
vn 0.0092 -0.3787 -0.9255
vn 0.1719 0.9267 0.3342
vn -0.3860 0.3262 -0.8629
vn -0.1625 -0.9284 -0.3341
vn 0.1934 -0.8964 0.3988
vn 0.4239 0.3954 0.8149
vn -0.1829 0.8977 -0.4008
vn -0.3797 -0.3900 -0.8389
vn -0.9525 -0.0375 -0.3021
vn 0.0002 -0.3308 0.9437
vn 0.0002 -0.3347 0.9423
vn -0.0048 0.9200 0.3918
vn -0.0047 0.9205 0.3907
vn -0.0048 0.9200 0.3919
vn 0.0079 0.3336 -0.9427
vn 0.0051 -0.9196 -0.3927
vn 0.0051 -0.9201 -0.3917
vn 0.0051 -0.9197 -0.3926
vn 0.0019 -0.9033 0.4289
vn -0.0020 0.3729 0.9279
vn -0.0028 0.3783 0.9257
vn -0.0028 0.3754 0.9268
vn 0.0004 0.9040 -0.4275
vn -0.3432 -0.9392 0.0002
vn 0.4038 -0.9149 0.0007
vn 0.3685 0.9296 -0.0003
vn -0.3805 0.9248 -0.0007
vn -0.3806 0.9247 -0.0007
vn -0.1479 0.9890 -0.0006
vn 0.0220 -0.0666 -0.9975
vn -0.3895 0.9210 -0.0007
vn -0.3896 0.9210 -0.0007
vn 0.3656 0.9308 -0.0003
vn 0.9148 0.4039 0.0003
vn 0.4038 -0.9148 0.0007
vn -0.3503 -0.9366 0.0002
vn -0.3558 -0.9346 0.0002
vn -0.3557 -0.9346 0.0002
vn 0.9324 -0.3613 0.0007
vn 0.3634 0.9316 -0.0003
vn -0.3966 0.9180 -0.0007
vn 0.0001 -0.0103 -0.9999
vn 0.0008 -0.0098 -1.0000
vn 0.0009 -0.0098 -1.0000
vn -0.0009 0.0103 0.9999
vn -0.0008 0.0104 0.9999
vn -0.0001 0.0109 0.9999
vn -0.9148 -0.4039 -0.0006
vn -0.9324 0.3613 -0.0010
vn -0.3991 0.9169 -0.0007
vn 0.3627 0.9319 -0.0003
vn -0.3576 -0.9339 0.0002
vn 0.0006 0.8920 -0.4520
vn 0.0008 0.8923 -0.4514
vn 0.0007 0.8971 -0.4419
vn -0.0028 0.3683 0.9297
vn -0.0027 0.3684 0.9297
vn -0.0026 0.3726 0.9280
vn 0.0017 -0.8922 0.4516
vn 0.0017 -0.8968 0.4423
vn 0.0017 -0.8925 0.4510
vn 0.0051 -0.9186 -0.3952
vn 0.0049 -0.9192 -0.3938
vn 0.0051 -0.9189 -0.3944
vn 0.0080 0.3198 -0.9474
vn -0.0048 0.9187 0.3949
vn -0.0050 0.9188 0.3947
vn -0.0050 0.9194 0.3933
vn 0.0002 -0.3211 0.9471
vn -0.0001 -0.3269 0.9451
vn 0.0002 -0.3241 0.9460
vn 0.0092 -0.3674 -0.9300
vn 0.0005 0.8974 -0.4413
vn 0.0018 -0.8972 0.4417
vn 0.0030 -0.9950 -0.1001
vn -0.9874 -0.1573 -0.0149
vn 0.0092 -0.4029 -0.9152
vn 0.0066 0.5307 -0.8475
vn 0.9929 -0.1178 0.0176
vn -0.0011 0.9923 -0.1237
vn -0.9965 0.0827 -0.0147
vn 0.9813 0.1919 0.0165
vn -0.8325 -0.5540 -0.0005
vn -0.8548 0.5189 -0.0010
vn -0.0221 0.0672 0.9975
vn -0.1084 -0.9941 0.0004
vn 0.0007 0.0302 0.9995
vn -0.0007 -0.0297 -0.9996
vn -0.8050 -0.5932 -0.0004
vn -0.7755 0.6314 -0.0010
vn 0.0016 -0.0093 -1.0000
vn -0.1291 0.9916 -0.0006
vn -0.0017 0.0098 1.0000
vn -0.1310 -0.9914 0.0004
vt 0.843750 0.587466
vt 0.843750 0.500000
vt 0.718750 0.500000
vt 0.718750 0.587466
vt 0.593750 0.500000
vt 0.593750 0.587466
vt 0.468750 0.500000
vt 0.468750 0.587466
vt 0.343750 0.500000
vt 0.343750 0.587466
vt 0.218750 0.500000
vt 0.218750 0.587466
vt 0.093750 0.500000
vt 0.093750 0.587466
vt 0.968750 0.500000
vt 0.968750 0.587466
vt 0.296822 0.485388
vt 0.449553 0.383337
vt 0.485388 0.203178
vt 0.383337 0.050447
vt 0.203178 0.014612
vt 0.050447 0.116663
vt 0.014612 0.296822
vt 0.116663 0.449553
vt 0.796822 0.485388
vt 0.616663 0.449553
vt 0.514612 0.296822
vt 0.550447 0.116663
vt 0.703178 0.014612
vt 0.883337 0.050447
vt 0.985388 0.203178
vt 0.949553 0.383337
vt 0.968750 0.595014
vt 0.843750 0.595014
vt 0.093750 0.595014
vt 0.218750 0.595014
vt 0.343750 0.595014
vt 0.468750 0.595014
vt 0.593750 0.595014
vt 0.718750 0.595014
vt 0.843750 0.859167
vt 0.718750 0.859167
vt 0.593750 0.859167
vt 0.468750 0.859167
vt 0.343750 0.859168
vt 0.218750 0.859167
vt 0.093750 0.859167
vt 0.968750 0.859167
vt 0.968750 0.866899
vt 0.843750 0.866899
vt 0.093750 0.866899
vt 0.218750 0.866899
vt 0.343750 0.866899
vt 0.468750 0.866899
vt 0.593750 0.866899
vt 0.718750 0.866899
vt 0.843750 1.000000
vt 0.718750 1.000000
vt 0.593750 1.000000
vt 0.468750 1.000000
vt 0.343750 1.000000
vt 0.218750 1.000000
vt 0.093750 1.000000
vt 0.968750 1.000000
s 1
f 1336/641/721 1297/642/721 1299/643/721 1337/644/721
f 1337/644/722 1299/643/722 1301/645/722 1338/646/722
f 1338/646/723 1301/645/724 1303/647/724 1339/648/723
f 1339/648/725 1303/647/726 1305/649/726 1340/650/725
f 1340/650/727 1305/649/727 1307/651/727 1341/652/727
f 1341/652/728 1307/651/728 1309/653/728 1342/654/728
f 1342/654/729 1309/653/729 1295/655/729 1335/656/729
f 1335/656/730 1295/655/731 1297/642/731 1336/641/730
f 1296/657/732 1298/658/732 1300/659/732 1302/660/732 1304/661/732 1306/662/732 1308/663/732 1310/664/732
f 1309/653/733 1318/653/733 1311/655/733 1295/655/733
f 1317/651/734 1325/651/734 1326/653/734 1318/653/734
f 1305/649/735 1316/649/735 1317/651/735 1307/651/735
f 1301/645/736 1314/645/736 1315/647/736 1303/647/736
f 1297/642/737 1312/642/737 1313/643/737 1299/643/737
f 1307/651/738 1317/651/738 1318/653/738 1309/653/738
f 1303/647/739 1315/647/739 1316/649/739 1305/649/739
f 1299/643/740 1313/643/740 1314/645/740 1301/645/740
f 1295/655/741 1311/655/741 1312/642/741 1297/642/741
f 1379/642/742 1328/642/742 1329/643/742 1375/643/742
f 1315/647/743 1323/647/743 1324/649/743 1316/649/743
f 1313/643/744 1321/643/744 1322/645/744 1314/645/744
f 1311/655/745 1319/655/745 1320/642/745 1312/642/745
f 1318/653/746 1326/653/746 1319/655/746 1311/655/746
f 1316/649/747 1324/649/747 1325/651/747 1317/651/747
f 1314/645/748 1322/645/748 1323/647/748 1315/647/748
f 1312/642/749 1320/642/749 1321/643/749 1313/643/749
f 1327/665/750 1334/666/750 1333/667/750 1332/668/750 1331/669/750 1330/670/750 1329/671/750 1328/672/750
f 1380/651/751 1333/651/752 1334/653/752 1376/653/751
f 1381/647/753 1331/647/754 1332/649/754 1377/649/755
f 1375/643/756 1329/643/756 1330/645/756 1378/645/756
f 1382/655/757 1327/655/758 1328/642/758 1379/642/759
f 1376/653/760 1334/653/760 1327/655/760 1382/655/760
f 1377/649/761 1332/649/762 1333/651/762 1380/651/763
f 1378/645/764 1330/645/764 1331/647/764 1381/647/764
f 1343/673/765 1335/656/730 1336/641/730 1344/674/765
f 1350/675/766 1342/654/729 1335/656/729 1343/673/766
f 1349/676/728 1341/652/728 1342/654/728 1350/675/728
f 1348/677/727 1340/650/727 1341/652/727 1349/676/727
f 1347/678/767 1339/648/725 1340/650/725 1348/677/767
f 1346/679/768 1338/646/723 1339/648/723 1347/678/769
f 1346/679/770 1393/679/770 1394/646/770 1338/646/770
f 1345/680/771 1391/680/771 1393/679/771 1346/679/771
f 1352/681/721 1344/674/721 1345/680/721 1353/682/721
f 1353/682/722 1345/680/722 1346/679/722 1354/683/722
f 1354/683/772 1346/679/768 1347/678/769 1355/684/773
f 1355/684/774 1347/678/767 1348/677/767 1356/685/774
f 1356/685/775 1348/677/727 1349/676/727 1357/686/775
f 1357/686/728 1349/676/728 1350/675/728 1358/687/728
f 1358/687/776 1350/675/766 1343/673/766 1351/688/776
f 1351/688/777 1343/673/765 1344/674/765 1352/681/777
f 1359/689/778 1351/688/777 1352/681/777 1360/690/779
f 1366/691/776 1358/687/776 1351/688/776 1359/689/776
f 1365/692/780 1357/686/728 1358/687/728 1366/691/780
f 1364/693/775 1356/685/775 1357/686/775 1365/692/775
f 1363/694/781 1355/684/774 1356/685/774 1364/693/781
f 1362/695/782 1354/683/772 1355/684/773 1363/694/782
f 1360/690/783 1395/690/783 1397/696/784 1361/696/785
f 1353/682/786 1398/682/787 1396/681/788 1352/681/788
f 1298/697/789 1360/690/789 1361/696/789 1300/698/789
f 1300/698/790 1361/696/790 1362/695/790 1302/699/790
f 1302/699/791 1362/695/782 1363/694/782 1304/700/791
f 1304/700/792 1363/694/781 1364/693/781 1306/701/792
f 1306/701/775 1364/693/775 1365/692/775 1308/702/775
f 1308/702/780 1365/692/780 1366/691/780 1310/703/780
f 1310/703/776 1366/691/776 1359/689/776 1296/704/776
f 1296/704/793 1359/689/778 1360/690/779 1298/697/793
f 1322/645/794 1373/645/795 1372/647/796 1323/647/794
f 1324/649/797 1371/649/798 1370/651/799 1325/651/797
f 1326/653/800 1369/653/801 1374/655/802 1319/655/800
f 1319/655/803 1374/655/804 1368/642/805 1320/642/803
f 1321/643/806 1367/643/806 1373/645/806 1322/645/806
f 1323/647/807 1372/647/808 1371/649/809 1324/649/807
f 1325/651/810 1370/651/811 1369/653/812 1326/653/810
f 1320/642/813 1368/642/813 1367/643/813 1321/643/813
f 1373/645/795 1378/645/814 1381/647/814 1372/647/796
f 1371/649/798 1377/649/761 1380/651/763 1370/651/799
f 1369/653/801 1376/653/815 1382/655/815 1374/655/802
f 1374/655/804 1382/655/757 1379/642/759 1368/642/805
f 1379/642/816 1383/642/816 1384/642/816 1368/642/816
f 1372/647/808 1381/647/753 1377/649/755 1371/649/809
f 1370/651/811 1380/651/751 1376/653/751 1369/653/812
f 1375/643/817 1387/643/817 1383/642/817 1379/642/817
f 1386/643/818 1387/643/818 1388/645/818 1385/645/818
f 1384/642/819 1383/642/819 1387/643/819 1386/643/819
f 1367/643/820 1386/643/820 1385/645/820 1373/645/820
f 1373/645/821 1385/645/821 1388/645/821 1378/645/821
f 1378/645/822 1388/645/822 1387/643/822 1375/643/822
f 1368/642/823 1384/642/823 1386/643/823 1367/643/823
f 1391/680/824 1392/644/824 1394/646/824 1393/679/824
f 1389/674/825 1390/641/825 1392/644/825 1391/680/825
f 1338/646/826 1394/646/826 1392/644/826 1337/644/826
f 1336/641/827 1390/641/827 1389/674/827 1344/674/827
f 1337/644/828 1392/644/828 1390/641/828 1336/641/828
f 1344/674/829 1389/674/829 1391/680/829 1345/680/829
f 1397/696/830 1398/682/830 1400/683/830 1399/695/830
f 1395/690/831 1396/681/831 1398/682/831 1397/696/831
f 1361/696/785 1397/696/784 1399/695/832 1362/695/832
f 1362/695/833 1399/695/833 1400/683/833 1354/683/833
f 1354/683/834 1400/683/834 1398/682/787 1353/682/786
f 1352/681/835 1396/681/835 1395/690/835 1360/690/835
o Cylinder.015
v -3.507789 6.362142 5.370422
v -3.507789 6.362142 5.285039
v -3.505900 6.654832 5.370422
v -3.505900 6.654832 5.285039
v -3.402695 6.611300 5.370422
v -3.402695 6.611300 5.285039
v -3.360499 6.507543 5.370422
v -3.360499 6.507543 5.285039
v -3.404031 6.404336 5.370422
v -3.404031 6.404336 5.285039
v -3.725023 6.363544 5.370422
v -3.725023 6.363544 5.285039
v -3.723134 6.656234 5.370422
v -3.723134 6.656234 5.285039
vn -0.0000 -0.0000 1.0000
vn 0.3886 0.9214 -0.0000
vn 0.9263 0.3767 -0.0000
vn 0.9214 -0.3886 -0.0000
vn 0.3767 -0.9263 -0.0000
vn -0.0000 -0.0000 -1.0000
vn -1.0000 0.0065 -0.0000
vn 0.0065 1.0000 -0.0000
vn -0.0065 -1.0000 -0.0000
vt 0.968750 0.500000
vt 0.218750 0.500000
vt 0.343750 0.500000
vt 0.093750 0.500000
vt 0.468750 1.000000
vt 0.468750 0.500000
vt 0.343750 1.000000
vt 0.218750 1.000000
vt 0.093750 1.000000
vt 0.968750 1.000000
vt 0.000000 0.000000
s 1
f 1401/705/836 1407/706/836 1405/707/836
f 1401/705/836 1409/708/836 1407/706/836
f 1404/709/837 1403/710/837 1405/707/837 1406/711/837
f 1406/711/838 1405/707/838 1407/706/838 1408/712/838
f 1408/712/839 1407/706/839 1409/708/839 1410/713/839
f 1410/713/840 1409/708/840 1401/705/840 1402/714/840
f 1405/707/836 1403/710/836 1401/705/836
f 1402/715/841 1412/715/841 1414/715/841 1404/715/841
f 1411/705/842 1413/710/842 1414/709/842 1412/714/842
f 1404/709/843 1414/709/843 1413/710/843 1403/710/843
f 1403/710/836 1413/710/836 1411/705/836 1401/705/836
f 1401/705/844 1411/705/844 1412/714/844 1402/714/844
f 1408/712/841 1410/713/841 1406/711/841
f 1410/713/841 1402/714/841 1406/711/841
f 1406/711/841 1402/714/841 1404/715/841
o Cylinder.016
v -5.161271 6.425076 18.091990
v -5.051457 6.445795 18.076893
v -5.160876 6.392838 18.006590
v -5.051131 6.419090 18.006155
v -5.162167 6.430408 17.923407
v -5.052200 6.450211 17.937254
v -5.164387 6.515780 17.891169
v -5.054039 6.520926 17.910551
v -5.166236 6.598945 17.928759
v -5.055570 6.589810 17.941687
v -5.166631 6.631184 18.014160
v -5.055897 6.616514 18.012424
v -5.165340 6.593612 18.097343
v -5.054828 6.585393 18.081326
v -5.163120 6.508239 18.129581
v -5.052989 6.514679 18.108030
vn 0.2112 -0.8896 -0.4051
vn 0.1780 -0.3436 -0.9221
vn 0.1392 0.4104 -0.9012
vn 0.1176 0.9292 -0.3502
vn 0.1262 0.9048 0.4067
vn 0.1598 0.3524 0.9221
vn 0.1985 -0.4000 0.8947
vn 0.9997 0.0243 -0.0045
vn -0.9997 -0.0243 0.0045
vn 0.2196 -0.9124 0.3454
vt 0.781250 1.000000
vt 0.781250 0.500000
vt 0.656250 0.500000
vt 0.656250 1.000000
vt 0.531250 0.500000
vt 0.531250 1.000000
vt 0.406250 0.500000
vt 0.406250 1.000000
vt 0.281250 0.500000
vt 0.281250 1.000000
vt 0.156250 0.500000
vt 0.156250 1.000000
vt 0.031250 0.500000
vt 0.031250 1.000000
vt 0.906250 0.500000
vt 0.906250 1.000000
vt 0.203178 0.485388
vt 0.383337 0.449553
vt 0.485388 0.296822
vt 0.449553 0.116663
vt 0.296822 0.014612
vt 0.116663 0.050447
vt 0.014612 0.203178
vt 0.050447 0.383337
vt 0.703178 0.485388
vt 0.550447 0.383337
vt 0.514612 0.203178
vt 0.616663 0.050447
vt 0.796822 0.014612
vt 0.949553 0.116663
vt 0.985388 0.296822
vt 0.883337 0.449553
s 1
f 1418/716/845 1417/717/845 1419/718/845 1420/719/845
f 1420/719/846 1419/718/846 1421/720/846 1422/721/846
f 1422/721/847 1421/720/847 1423/722/847 1424/723/847
f 1424/723/848 1423/722/848 1425/724/848 1426/725/848
f 1426/725/849 1425/724/849 1427/726/849 1428/727/849
f 1428/727/850 1427/726/850 1429/728/850 1430/729/850
f 1430/729/851 1429/728/851 1415/730/851 1416/731/851
f 1430/732/852 1416/733/852 1418/734/852 1420/735/852 1422/736/852 1424/737/852 1426/738/852 1428/739/852
f 1429/740/853 1427/741/853 1425/742/853 1423/743/853 1421/744/853 1419/745/853 1417/746/853 1415/747/853
f 1416/731/854 1415/730/854 1417/717/854 1418/716/854
o Cylinder.017
v -5.161271 6.595622 -18.095291
v -5.051457 6.574903 -18.080194
v -5.160876 6.627860 -18.009892
v -5.051131 6.601606 -18.009457
v -5.162167 6.590290 -17.926708
v -5.052200 6.570487 -17.940556
v -5.164387 6.504917 -17.894470
v -5.054039 6.499772 -17.913853
v -5.166236 6.421752 -17.932060
v -5.055570 6.430887 -17.944988
v -5.166631 6.389513 -18.017462
v -5.055897 6.404182 -18.015726
v -5.165340 6.427084 -18.100645
v -5.054828 6.435304 -18.084627
v -5.163120 6.512457 -18.132883
v -5.052989 6.506019 -18.111332
vn 0.2112 0.8896 0.4051
vn 0.1780 0.3436 0.9221
vn 0.1392 -0.4104 0.9012
vn 0.1176 -0.9292 0.3503
vn 0.1262 -0.9048 -0.4067
vn 0.1598 -0.3524 -0.9221
vn 0.1985 0.4000 -0.8948
vn 0.9997 -0.0243 0.0045
vn -0.9997 0.0243 -0.0045
vn 0.2196 0.9124 -0.3454
vt 0.781250 1.000000
vt 0.781250 0.500000
vt 0.656250 0.500000
vt 0.656250 1.000000
vt 0.531250 0.500000
vt 0.531250 1.000000
vt 0.406250 0.500000
vt 0.406250 1.000000
vt 0.281250 0.500000
vt 0.281250 1.000000
vt 0.156250 0.500000
vt 0.156250 1.000000
vt 0.031250 0.500000
vt 0.031250 1.000000
vt 0.906250 0.500000
vt 0.906250 1.000000
vt 0.203178 0.485388
vt 0.383337 0.449553
vt 0.485388 0.296822
vt 0.449553 0.116663
vt 0.296822 0.014612
vt 0.116663 0.050447
vt 0.014612 0.203178
vt 0.050447 0.383337
vt 0.703178 0.485388
vt 0.550447 0.383337
vt 0.514612 0.203178
vt 0.616663 0.050447
vt 0.796822 0.014612
vt 0.949553 0.116663
vt 0.985388 0.296822
vt 0.883337 0.449553
s 1
f 1434/748/855 1433/749/855 1435/750/855 1436/751/855
f 1436/751/856 1435/750/856 1437/752/856 1438/753/856
f 1438/753/857 1437/752/857 1439/754/857 1440/755/857
f 1440/755/858 1439/754/858 1441/756/858 1442/757/858
f 1442/757/859 1441/756/859 1443/758/859 1444/759/859
f 1444/759/860 1443/758/860 1445/760/860 1446/761/860
f 1446/761/861 1445/760/861 1431/762/861 1432/763/861
f 1446/764/862 1432/765/862 1434/766/862 1436/767/862 1438/768/862 1440/769/862 1442/770/862 1444/771/862
f 1445/772/863 1443/773/863 1441/774/863 1439/775/863 1437/776/863 1435/777/863 1433/778/863 1431/779/863
f 1432/763/864 1431/762/864 1433/749/864 1434/748/864
o Cylinder.018
v -3.507789 6.658555 -5.373725
v -3.507789 6.658555 -5.288342
v -3.505900 6.365863 -5.373725
v -3.505900 6.365863 -5.288342
v -3.402695 6.409395 -5.373725
v -3.402695 6.409395 -5.288342
v -3.360499 6.513154 -5.373725
v -3.360499 6.513154 -5.288342
v -3.404031 6.616360 -5.373725
v -3.404031 6.616360 -5.288342
v -3.725023 6.657153 -5.373725
v -3.725023 6.657153 -5.288342
v -3.723134 6.364460 -5.373725
v -3.723134 6.364460 -5.288342
vn -0.0000 -0.0000 -1.0000
vn 0.3886 -0.9214 -0.0000
vn 0.9263 -0.3767 -0.0000
vn 0.9214 0.3886 -0.0000
vn 0.3767 0.9263 -0.0000
vn -0.0000 -0.0000 1.0000
vn -1.0000 -0.0065 -0.0000
vn 0.0065 -1.0000 -0.0000
vn -0.0065 1.0000 -0.0000
vt 0.968750 0.500000
vt 0.218750 0.500000
vt 0.343750 0.500000
vt 0.093750 0.500000
vt 0.468750 1.000000
vt 0.468750 0.500000
vt 0.343750 1.000000
vt 0.218750 1.000000
vt 0.093750 1.000000
vt 0.968750 1.000000
vt 0.000000 0.000000
s 1
f 1447/780/865 1453/781/865 1451/782/865
f 1447/780/865 1455/783/865 1453/781/865
f 1450/784/866 1449/785/866 1451/782/866 1452/786/866
f 1452/786/867 1451/782/867 1453/781/867 1454/787/867
f 1454/787/868 1453/781/868 1455/783/868 1456/788/868
f 1456/788/869 1455/783/869 1447/780/869 1448/789/869
f 1451/782/865 1449/785/865 1447/780/865
f 1448/790/870 1458/790/870 1460/790/870 1450/790/870
f 1457/780/871 1459/785/871 1460/784/871 1458/789/871
f 1450/784/872 1460/784/872 1459/785/872 1449/785/872
f 1449/785/865 1459/785/865 1457/780/865 1447/780/865
f 1447/780/873 1457/780/873 1458/789/873 1448/789/873
f 1454/787/870 1456/788/870 1452/786/870
f 1456/788/870 1448/789/870 1452/786/870
f 1452/786/870 1448/789/870 1450/790/870
o Cylinder.019
v -3.495725 6.591091 -17.589035
v -3.489460 6.597226 -5.347393
v -3.561412 6.567713 -17.588959
v -3.550149 6.573709 -5.347393
v -3.587697 6.508196 -17.587151
v -3.576435 6.514167 -5.347393
v -3.564180 6.447535 -17.585354
v -3.552919 6.453477 -5.347393
v -3.497802 6.421058 -17.584620
v -3.493376 6.427192 -5.347393
v -3.438951 6.444638 -17.584696
v -3.432687 6.450707 -5.347393
v -3.412666 6.504153 -17.586502
v -3.406401 6.510251 -5.347393
v -3.436182 6.564816 -17.588301
v -3.429917 6.570940 -5.347393
v -3.614664 6.586483 -17.859570
v -3.664706 6.563686 -17.824749
v -3.686637 6.504460 -17.809017
v -3.667612 6.443500 -17.821587
v -3.618774 6.416513 -17.855095
v -3.572930 6.439435 -17.889915
v -3.550998 6.498661 -17.905647
v -3.570024 6.559621 -17.893078
v -3.953100 6.584511 -18.022879
v -3.982646 6.561664 -17.969574
v -3.996198 6.502417 -17.946285
v -3.985817 6.441476 -17.966650
v -3.957585 6.414541 -18.018742
v -3.928039 6.437387 -18.072046
v -3.914486 6.496634 -18.095337
v -3.924867 6.557575 -18.074970
v -5.130871 6.588321 -18.016933
v -5.110445 6.564106 -17.960077
v -5.112554 6.504566 -17.935333
v -5.114263 6.443936 -17.957199
v -5.136270 6.418375 -18.012863
v -5.152588 6.442470 -18.069719
v -5.159467 6.502275 -18.094463
v -5.148769 6.562639 -18.072598
v -3.494629 6.592164 -15.447572
v -3.559441 6.568762 -15.447507
v -3.585726 6.509242 -15.446017
v -3.562210 6.448574 -15.444535
v -3.497028 6.422131 -15.443929
v -3.437855 6.445699 -15.443992
v -3.411570 6.505219 -15.445481
v -3.435086 6.565887 -15.446965
v -3.494534 6.592256 -15.262788
v -3.559271 6.568852 -15.262725
v -3.585557 6.509332 -15.261260
v -3.562040 6.448664 -15.259807
v -3.496961 6.422224 -15.259212
v -3.437760 6.445791 -15.259273
v -3.411475 6.505311 -15.260736
v -3.434992 6.565979 -15.262193
v -3.491224 6.595499 -8.795436
v -3.553322 6.572021 -8.795415
v -3.579607 6.512486 -8.794906
v -3.556091 6.451804 -8.794400
v -3.494623 6.425465 -8.794192
v -3.434451 6.448998 -8.794214
v -3.408166 6.508533 -8.794724
v -3.431682 6.569215 -8.795230
v -3.491127 6.595592 -8.606147
v -3.553147 6.572114 -8.606126
v -3.579433 6.512578 -8.605644
v -3.555917 6.451896 -8.605165
v -3.494555 6.425560 -8.604971
v -3.434354 6.449092 -8.604991
v -3.408069 6.508627 -8.605473
v -3.431585 6.569310 -8.605951
v -4.381025 6.503158 -17.942509
v -4.371418 6.562506 -17.966299
v -4.346768 6.559319 -18.074154
v -4.343653 6.498579 -18.095037
v -4.350162 6.439139 -18.071245
v -4.363898 6.415863 -18.016716
v -4.374812 6.442325 -17.963392
v -4.359098 6.585824 -18.020830
v -4.554566 6.503491 -17.940807
v -4.537027 6.560108 -18.073784
v -4.540523 6.439929 -18.070885
v -4.550233 6.442707 -17.961924
v -4.546738 6.562885 -17.964823
v -4.537189 6.499455 -18.094902
v -4.547129 6.416459 -18.015800
v -4.542187 6.586417 -18.019905
v -4.545625 6.545817 -17.795160
v -4.370306 6.545439 -17.796638
v -4.373700 6.462504 -17.801561
v -4.379913 6.506588 -17.821022
v -4.553454 6.506923 -17.819321
v -4.549120 6.462886 -17.800091
v -3.717835 6.551567 -15.262607
v -3.718005 6.551476 -15.447391
v -3.694018 6.512332 -15.261142
v -3.694188 6.512242 -15.445899
v -3.720604 6.472382 -15.255811
v -3.720774 6.472292 -15.440539
v -3.724255 6.549503 -8.606009
v -3.724429 6.549410 -8.795300
v -3.696568 6.515501 -8.605529
v -3.696742 6.515409 -8.794790
v -3.727024 6.474174 -8.605051
v -3.727199 6.474082 -8.794284
vn -0.9148 0.4040 0.0006
vn -0.9324 -0.3614 0.0010
vn -0.3747 -0.9272 0.0007
vn -0.3732 -0.9278 0.0007
vn 0.3705 -0.9288 0.0003
vn 0.3710 -0.9286 0.0003
vn 0.9148 -0.4040 -0.0003
vn 0.9324 0.3614 -0.0007
vn 0.4037 0.9149 -0.0007
vn -0.3386 0.9409 -0.0002
vn -0.3374 0.9413 -0.0002
vn -0.0000 -0.0000 1.0000
vn 0.3979 0.8975 -0.1901
vn 0.4321 0.3309 -0.8389
vn 0.8441 -0.3961 -0.3614
vn -0.3715 -0.9108 0.1799
vn -0.8424 0.3960 0.3655
vn 0.8615 0.3351 -0.3815
vn 0.3611 -0.9213 -0.1443
vn -0.8598 -0.3349 0.3855
vn -0.3333 0.9338 0.1304
vn 0.0092 0.3787 0.9255
vn 0.1719 -0.9267 -0.3342
vn -0.3860 -0.3262 0.8629
vn -0.1625 0.9284 0.3341
vn 0.1934 0.8964 -0.3988
vn 0.4239 -0.3954 -0.8149
vn -0.1829 -0.8977 0.4008
vn -0.3797 0.3900 0.8389
vn -0.9525 0.0375 0.3021
vn 0.0002 0.3308 -0.9437
vn 0.0002 0.3347 -0.9423
vn -0.0048 -0.9200 -0.3918
vn -0.0048 -0.9205 -0.3907
vn -0.0053 -0.9204 -0.3909
vn 0.0079 -0.3336 0.9427
vn 0.0051 0.9196 0.3928
vn 0.0051 0.9201 0.3917
vn 0.0051 0.9197 0.3927
vn 0.0019 0.9033 -0.4289
vn -0.0021 -0.3729 -0.9279
vn -0.0028 -0.3783 -0.9257
vn -0.0028 -0.3754 -0.9268
vn 0.0004 -0.9040 0.4275
vn -0.3433 0.9392 -0.0002
vn 0.4038 0.9149 -0.0007
vn 0.3685 -0.9296 0.0003
vn -0.3805 -0.9248 0.0007
vn -0.3806 -0.9247 0.0007
vn -0.1479 -0.9890 0.0006
vn 0.0220 0.0666 0.9975
vn -0.3895 -0.9210 0.0007
vn -0.3896 -0.9210 0.0007
vn 0.3656 -0.9308 0.0003
vn 0.9148 -0.4039 -0.0003
vn 0.4038 0.9148 -0.0007
vn -0.3503 0.9366 -0.0002
vn -0.3558 0.9346 -0.0002
vn -0.3557 0.9346 -0.0002
vn 0.9324 0.3613 -0.0007
vn 0.3634 -0.9316 0.0003
vn -0.3966 -0.9180 0.0007
vn 0.0001 0.0103 0.9999
vn 0.0008 0.0098 1.0000
vn 0.0009 0.0098 1.0000
vn -0.0009 -0.0103 -0.9999
vn -0.0008 -0.0104 -0.9999
vn -0.0001 -0.0109 -0.9999
vn -0.9148 0.4039 0.0006
vn -0.9324 -0.3613 0.0010
vn -0.3991 -0.9169 0.0007
vn 0.3627 -0.9319 0.0003
vn -0.3576 0.9339 -0.0002
vn 0.0006 -0.8920 0.4521
vn 0.0008 -0.8923 0.4514
vn 0.0007 -0.8971 0.4419
vn -0.0028 -0.3683 -0.9297
vn -0.0027 -0.3685 -0.9296
vn -0.0027 -0.3725 -0.9280
vn 0.0017 0.8922 -0.4516
vn 0.0017 0.8969 -0.4423
vn 0.0017 0.8925 -0.4510
vn 0.0051 0.9186 0.3952
vn 0.0049 0.9191 0.3939
vn 0.0051 0.9189 0.3944
vn 0.0080 -0.3198 0.9474
vn -0.0048 -0.9187 -0.3949
vn -0.0050 -0.9188 -0.3947
vn -0.0051 -0.9194 -0.3932
vn 0.0001 0.3211 -0.9471
vn -0.0002 0.3269 -0.9451
vn 0.0002 0.3241 -0.9460
vn 0.0092 0.3674 0.9300
vn 0.0005 -0.8974 0.4413
vn 0.0018 0.8972 -0.4417
vn 0.0030 0.9950 0.1001
vn -0.9874 0.1573 0.0149
vn 0.0091 0.4029 0.9152
vn 0.0067 -0.5307 0.8475
vn 0.9929 0.1178 -0.0176
vn -0.0011 -0.9923 0.1237
vn -0.9965 -0.0826 0.0147
vn 0.9813 -0.1919 -0.0165
vn -0.8325 0.5541 0.0005
vn -0.8548 -0.5189 0.0010
vn -0.0221 -0.0672 -0.9975
vn -0.1084 0.9941 -0.0004
vn 0.0007 -0.0302 -0.9995
vn -0.0007 0.0297 0.9996
vn -0.8050 0.5933 0.0005
vn -0.7754 -0.6314 0.0010
vn 0.0016 0.0093 1.0000
vn -0.1291 -0.9916 0.0006
vn -0.0017 -0.0098 -1.0000
vn -0.1310 0.9914 -0.0004
vt 0.843750 0.587466
vt 0.843750 0.500000
vt 0.718750 0.500000
vt 0.718750 0.587466
vt 0.593750 0.500000
vt 0.593750 0.587466
vt 0.468750 0.500000
vt 0.468750 0.587466
vt 0.343750 0.500000
vt 0.343750 0.587466
vt 0.218750 0.500000
vt 0.218750 0.587466
vt 0.093750 0.500000
vt 0.093750 0.587466
vt 0.968750 0.500000
vt 0.968750 0.587466
vt 0.296822 0.485388
vt 0.449553 0.383337
vt 0.485388 0.203178
vt 0.383337 0.050447
vt 0.203178 0.014612
vt 0.050447 0.116663
vt 0.014612 0.296822
vt 0.116663 0.449553
vt 0.796822 0.485388
vt 0.616663 0.449553
vt 0.514612 0.296822
vt 0.550447 0.116663
vt 0.703178 0.014612
vt 0.883337 0.050447
vt 0.985388 0.203178
vt 0.949553 0.383337
vt 0.968750 0.595014
vt 0.843750 0.595014
vt 0.093750 0.595014
vt 0.218750 0.595014
vt 0.343750 0.595014
vt 0.468750 0.595014
vt 0.593750 0.595014
vt 0.718750 0.595014
vt 0.843750 0.859167
vt 0.718750 0.859167
vt 0.593750 0.859167
vt 0.468750 0.859167
vt 0.343750 0.859168
vt 0.218750 0.859167
vt 0.093750 0.859167
vt 0.968750 0.859167
vt 0.968750 0.866899
vt 0.843750 0.866899
vt 0.093750 0.866899
vt 0.218750 0.866899
vt 0.343750 0.866899
vt 0.468750 0.866899
vt 0.593750 0.866899
vt 0.718750 0.866899
vt 0.843750 1.000000
vt 0.718750 1.000000
vt 0.593750 1.000000
vt 0.468750 1.000000
vt 0.343750 1.000000
vt 0.218750 1.000000
vt 0.093750 1.000000
vt 0.968750 1.000000
s 1
f 1502/791/874 1463/792/874 1465/793/874 1503/794/874
f 1503/794/875 1465/793/875 1467/795/875 1504/796/875
f 1504/796/876 1467/795/877 1469/797/877 1505/798/876
f 1505/798/878 1469/797/879 1471/799/879 1506/800/878
f 1506/800/880 1471/799/880 1473/801/880 1507/802/880
f 1507/802/881 1473/801/881 1475/803/881 1508/804/881
f 1508/804/882 1475/803/882 1461/805/882 1501/806/882
f 1501/806/883 1461/805/884 1463/792/884 1502/791/883
f 1462/807/885 1464/808/885 1466/809/885 1468/810/885 1470/811/885 1472/812/885 1474/813/885 1476/814/885
f 1475/803/886 1484/803/886 1477/805/886 1461/805/886
f 1483/801/887 1491/801/887 1492/803/887 1484/803/887
f 1471/799/888 1482/799/888 1483/801/888 1473/801/888
f 1467/795/889 1480/795/889 1481/797/889 1469/797/889
f 1463/792/890 1478/792/890 1479/793/890 1465/793/890
f 1473/801/891 1483/801/891 1484/803/891 1475/803/891
f 1469/797/892 1481/797/892 1482/799/892 1471/799/892
f 1465/793/893 1479/793/893 1480/795/893 1467/795/893
f 1461/805/894 1477/805/894 1478/792/894 1463/792/894
f 1545/792/895 1494/792/895 1495/793/895 1541/793/895
f 1481/797/896 1489/797/896 1490/799/896 1482/799/896
f 1479/793/897 1487/793/897 1488/795/897 1480/795/897
f 1477/805/898 1485/805/898 1486/792/898 1478/792/898
f 1484/803/899 1492/803/899 1485/805/899 1477/805/899
f 1482/799/900 1490/799/900 1491/801/900 1483/801/900
f 1480/795/901 1488/795/901 1489/797/901 1481/797/901
f 1478/792/902 1486/792/902 1487/793/902 1479/793/902
f 1493/815/903 1500/816/903 1499/817/903 1498/818/903 1497/819/903 1496/820/903 1495/821/903 1494/822/903
f 1546/801/904 1499/801/905 1500/803/905 1542/803/904
f 1547/797/906 1497/797/907 1498/799/907 1543/799/908
f 1541/793/909 1495/793/909 1496/795/909 1544/795/909
f 1548/805/910 1493/805/911 1494/792/911 1545/792/912
f 1542/803/913 1500/803/913 1493/805/913 1548/805/913
f 1543/799/914 1498/799/915 1499/801/915 1546/801/916
f 1544/795/917 1496/795/917 1497/797/917 1547/797/917
f 1509/823/918 1501/806/883 1502/791/883 1510/824/918
f 1516/825/919 1508/804/882 1501/806/882 1509/823/919
f 1515/826/881 1507/802/881 1508/804/881 1516/825/881
f 1514/827/880 1506/800/880 1507/802/880 1515/826/880
f 1513/828/920 1505/798/878 1506/800/878 1514/827/920
f 1512/829/921 1504/796/876 1505/798/876 1513/828/922
f 1512/829/923 1559/829/923 1560/796/923 1504/796/923
f 1511/830/924 1557/830/924 1559/829/924 1512/829/924
f 1518/831/874 1510/824/874 1511/830/874 1519/832/874
f 1519/832/875 1511/830/875 1512/829/875 1520/833/875
f 1520/833/925 1512/829/921 1513/828/922 1521/834/926
f 1521/834/927 1513/828/920 1514/827/920 1522/835/927
f 1522/835/928 1514/827/880 1515/826/880 1523/836/928
f 1523/836/881 1515/826/881 1516/825/881 1524/837/881
f 1524/837/929 1516/825/919 1509/823/919 1517/838/929
f 1517/838/930 1509/823/918 1510/824/918 1518/831/930
f 1525/839/931 1517/838/930 1518/831/930 1526/840/932
f 1532/841/929 1524/837/929 1517/838/929 1525/839/929
f 1531/842/933 1523/836/881 1524/837/881 1532/841/933
f 1530/843/928 1522/835/928 1523/836/928 1531/842/928
f 1529/844/934 1521/834/927 1522/835/927 1530/843/934
f 1528/845/935 1520/833/925 1521/834/926 1529/844/935
f 1526/840/936 1561/840/936 1563/846/937 1527/846/938
f 1519/832/939 1564/832/940 1562/831/941 1518/831/941
f 1464/847/942 1526/840/942 1527/846/942 1466/848/942
f 1466/848/943 1527/846/943 1528/845/943 1468/849/943
f 1468/849/944 1528/845/935 1529/844/935 1470/850/944
f 1470/850/945 1529/844/934 1530/843/934 1472/851/945
f 1472/851/928 1530/843/928 1531/842/928 1474/852/928
f 1474/852/933 1531/842/933 1532/841/933 1476/853/933
f 1476/853/929 1532/841/929 1525/839/929 1462/854/929
f 1462/854/946 1525/839/931 1526/840/932 1464/847/946
f 1488/795/947 1539/795/948 1538/797/949 1489/797/947
f 1490/799/950 1537/799/951 1536/801/952 1491/801/950
f 1492/803/953 1535/803/954 1540/805/955 1485/805/953
f 1485/805/956 1540/805/957 1534/792/958 1486/792/956
f 1487/793/959 1533/793/959 1539/795/959 1488/795/959
f 1489/797/960 1538/797/961 1537/799/962 1490/799/960
f 1491/801/963 1536/801/964 1535/803/965 1492/803/963
f 1486/792/966 1534/792/966 1533/793/966 1487/793/966
f 1539/795/948 1544/795/967 1547/797/967 1538/797/949
f 1537/799/951 1543/799/914 1546/801/916 1536/801/952
f 1535/803/954 1542/803/968 1548/805/968 1540/805/955
f 1540/805/957 1548/805/910 1545/792/912 1534/792/958
f 1545/792/969 1549/792/969 1550/792/969 1534/792/969
f 1538/797/961 1547/797/906 1543/799/908 1537/799/962
f 1536/801/964 1546/801/904 1542/803/904 1535/803/965
f 1541/793/970 1553/793/970 1549/792/970 1545/792/970
f 1552/793/971 1553/793/971 1554/795/971 1551/795/971
f 1550/792/972 1549/792/972 1553/793/972 1552/793/972
f 1533/793/973 1552/793/973 1551/795/973 1539/795/973
f 1539/795/974 1551/795/974 1554/795/974 1544/795/974
f 1544/795/975 1554/795/975 1553/793/975 1541/793/975
f 1534/792/976 1550/792/976 1552/793/976 1533/793/976
f 1557/830/977 1558/794/977 1560/796/977 1559/829/977
f 1555/824/978 1556/791/978 1558/794/978 1557/830/978
f 1504/796/979 1560/796/979 1558/794/979 1503/794/979
f 1502/791/980 1556/791/980 1555/824/980 1510/824/980
f 1503/794/981 1558/794/981 1556/791/981 1502/791/981
f 1510/824/982 1555/824/982 1557/830/982 1511/830/982
f 1563/846/983 1564/832/983 1566/833/983 1565/845/983
f 1561/840/984 1562/831/984 1564/832/984 1563/846/984
f 1527/846/938 1563/846/937 1565/845/985 1528/845/985
f 1528/845/986 1565/845/986 1566/833/986 1520/833/986
f 1520/833/987 1566/833/987 1564/832/940 1519/832/939
f 1518/831/988 1562/831/988 1561/840/988 1526/840/988
o Plane
v -3.200344 2.889524 -4.878226
v -3.135219 2.848892 -4.943214
v -3.199389 2.453398 -5.259917
v -3.134615 2.533164 -5.184766
v -3.134988 2.957314 -5.034589
v -3.200043 3.031403 -4.997799
v -3.199379 3.055741 -5.261763
v -3.134608 2.971285 -5.186109
v -3.200390 2.543245 -4.861233
v -3.135273 2.597820 -4.922579
v -3.135360 2.705414 -4.887286
v -3.200524 2.707611 -4.807317
v -3.134986 2.538141 -5.037128
v -3.199997 2.461553 -5.018036
v -4.904560 2.851053 -4.944219
v -4.843181 2.889539 -4.882352
v -4.903938 2.528970 -5.193166
v -4.842226 2.453412 -5.264042
v -4.842879 3.031418 -5.001924
v -4.904326 2.961240 -5.037082
v -4.903930 2.975756 -5.194535
v -4.842216 3.055756 -5.265888
v -4.904613 2.594955 -4.923777
v -4.843226 2.543258 -4.865359
v -4.843360 2.707626 -4.811442
v -4.904704 2.705544 -4.887500
v -4.842833 2.461566 -5.022161
v -4.904321 2.534116 -5.040555
vn 0.7589 0.4187 0.4987
vn 0.7651 -0.6435 0.0236
vn 0.7585 -0.0020 -0.6516
vn 0.7649 0.6413 0.0610
vn 0.7563 -0.2034 0.6218
vn 0.7563 0.2369 0.6098
vn 0.7628 -0.5727 0.3003
vn 1.0000 -0.0000 0.0025
vn -0.7614 0.4187 0.4949
vn -0.7652 -0.6435 0.0198
vn -0.7552 -0.0020 -0.6555
vn -0.7652 0.6413 0.0572
vn -0.7594 -0.2034 0.6180
vn -0.7594 0.2370 0.6060
vn -0.7643 -0.5726 0.2964
vn -0.0019 0.6444 0.7647
vn -0.0023 0.3632 0.9317
vn -0.0001 -0.9994 0.0337
vn 0.0025 -0.0031 -1.0000
vn -0.0002 0.9958 0.0918
vn -0.0024 -0.3117 0.9502
vn -0.0012 -0.8869 0.4620
vn -1.0000 -0.0000 -0.0025
vt 0.000000 1.000000
vt 0.000000 0.000000
vt 0.214565 0.233861
vt 0.265442 0.736328
vt 0.750000 0.000000
vt 1.000000 0.000000
vt 0.891699 0.106029
vt 0.711223 0.072444
vt 1.000000 1.000000
vt 0.764339 0.838624
vt 0.250000 0.000000
vt 0.500000 0.000000
vt 0.518755 0.061596
vt 0.348791 0.076556
vt 0.252758 0.747251
vt 0.203581 0.225457
vt 0.713074 0.068250
vt 0.897946 0.100907
vt 0.775700 0.848112
vt 0.343040 0.071918
vt 0.517630 0.057860
s 1
f 1572/855/989 1567/856/989 1568/857/989 1571/858/989
f 1580/859/990 1569/860/990 1570/861/990 1579/862/990
f 1569/860/991 1573/863/991 1574/864/991 1570/861/991
f 1573/863/992 1572/855/992 1571/858/992 1574/864/992
f 1578/865/993 1575/866/993 1576/867/993 1577/868/993
f 1567/856/994 1578/865/994 1577/868/994 1568/857/994
f 1575/866/995 1580/859/995 1579/862/995 1576/867/995
f 1568/857/996 1577/868/996 1574/864/996
f 1586/869/997 1581/870/997 1582/856/997 1585/855/997
f 1594/871/998 1583/872/998 1584/860/998 1593/859/998
f 1583/872/999 1587/873/999 1588/863/999 1584/860/999
f 1587/873/1000 1586/869/1000 1585/855/1000 1588/863/1000
f 1592/874/1001 1589/875/1001 1590/866/1001 1591/865/1001
f 1581/870/1002 1592/874/1002 1591/865/1002 1582/856/1002
f 1589/875/1003 1594/871/1003 1593/859/1003 1590/866/1003
f 1585/855/1004 1582/856/1004 1567/856/1004 1572/855/1004
f 1571/858/996 1568/857/996 1574/864/996
f 1582/856/1005 1591/865/1005 1578/865/1005 1567/856/1005
f 1593/859/1006 1584/860/1006 1569/860/1006 1580/859/1006
f 1584/860/1007 1588/863/1007 1573/863/1007 1569/860/1007
f 1588/863/1008 1585/855/1008 1572/855/1008 1573/863/1008
f 1591/865/1009 1590/866/1009 1575/866/1009 1578/865/1009
f 1590/866/1010 1593/859/1010 1580/859/1010 1575/866/1010
f 1577/868/996 1576/867/996 1574/864/996
f 1576/867/996 1579/862/996 1574/864/996
f 1570/861/996 1574/864/996 1579/862/996
f 1583/872/1011 1594/871/1011 1587/873/1011
f 1594/871/1011 1589/875/1011 1587/873/1011
f 1589/875/1011 1592/874/1011 1587/873/1011
f 1592/874/1011 1581/870/1011 1587/873/1011
f 1586/869/1011 1587/873/1011 1581/870/1011
o Plane.001
v 3.173708 2.889524 4.885365
v 3.108582 2.848893 4.950353
v 3.172753 2.453398 5.267056
v 3.107979 2.533165 5.191905
v 3.108352 2.957315 5.041728
v 3.173406 3.031404 5.004938
v 3.172743 3.055742 5.268902
v 3.107972 2.971286 5.193248
v 3.173754 2.543246 4.868372
v 3.108637 2.597821 4.929718
v 3.108724 2.705415 4.894425
v 3.173888 2.707612 4.814456
v 3.108350 2.538142 5.044268
v 3.173361 2.461554 5.025175
v 4.877924 2.851053 4.951358
v 4.816545 2.889539 4.889491
v 4.877302 2.528970 5.200305
v 4.815590 2.453413 5.271181
v 4.816243 3.031419 5.009063
v 4.877690 2.961241 5.044221
v 4.877294 2.975757 5.201674
v 4.815580 3.055757 5.273027
v 4.877977 2.594956 4.930916
v 4.816590 2.543259 4.872498
v 4.816724 2.707627 4.818582
v 4.878067 2.705545 4.894639
v 4.816197 2.461567 5.029301
v 4.877685 2.534117 5.047695
vn -0.7589 0.4187 -0.4987
vn -0.7651 -0.6435 -0.0236
vn -0.7585 -0.0020 0.6517
vn -0.7649 0.6413 -0.0610
vn -0.7563 -0.2034 -0.6218
vn -0.7563 0.2369 -0.6098
vn -0.7628 -0.5727 -0.3003
vn -1.0000 -0.0000 -0.0025
vn 0.7614 0.4187 -0.4949
vn 0.7652 -0.6435 -0.0198
vn 0.7552 -0.0020 0.6555
vn 0.7652 0.6413 -0.0572
vn 0.7594 -0.2034 -0.6180
vn 0.7594 0.2370 -0.6060
vn 0.7643 -0.5726 -0.2964
vn 0.0019 0.6444 -0.7647
vn 0.0023 0.3632 -0.9317
vn 0.0001 -0.9994 -0.0337
vn -0.0025 -0.0031 1.0000
vn 0.0002 0.9958 -0.0918
vn 0.0024 -0.3117 -0.9502
vn 0.0012 -0.8869 -0.4620
vn 1.0000 -0.0000 0.0025
vt 0.000000 1.000000
vt 0.000000 0.000000
vt 0.214565 0.233861
vt 0.265442 0.736328
vt 0.750000 0.000000
vt 1.000000 0.000000
vt 0.891699 0.106029
vt 0.711223 0.072444
vt 1.000000 1.000000
vt 0.764339 0.838624
vt 0.250000 0.000000
vt 0.500000 0.000000
vt 0.518755 0.061596
vt 0.348791 0.076556
vt 0.252758 0.747251
vt 0.203581 0.225457
vt 0.713074 0.068250
vt 0.897946 0.100907
vt 0.775700 0.848112
vt 0.343040 0.071918
vt 0.517630 0.057860
s 1
f 1600/876/1012 1595/877/1012 1596/878/1012 1599/879/1012
f 1608/880/1013 1597/881/1013 1598/882/1013 1607/883/1013
f 1597/881/1014 1601/884/1014 1602/885/1014 1598/882/1014
f 1601/884/1015 1600/876/1015 1599/879/1015 1602/885/1015
f 1606/886/1016 1603/887/1016 1604/888/1016 1605/889/1016
f 1595/877/1017 1606/886/1017 1605/889/1017 1596/878/1017
f 1603/887/1018 1608/880/1018 1607/883/1018 1604/888/1018
f 1596/878/1019 1605/889/1019 1602/885/1019
f 1614/890/1020 1609/891/1020 1610/877/1020 1613/876/1020
f 1622/892/1021 1611/893/1021 1612/881/1021 1621/880/1021
f 1611/893/1022 1615/894/1022 1616/884/1022 1612/881/1022
f 1615/894/1023 1614/890/1023 1613/876/1023 1616/884/1023
f 1620/895/1024 1617/896/1024 1618/887/1024 1619/886/1024
f 1609/891/1025 1620/895/1025 1619/886/1025 1610/877/1025
f 1617/896/1026 1622/892/1026 1621/880/1026 1618/887/1026
f 1613/876/1027 1610/877/1027 1595/877/1027 1600/876/1027
f 1599/879/1019 1596/878/1019 1602/885/1019
f 1610/877/1028 1619/886/1028 1606/886/1028 1595/877/1028
f 1621/880/1029 1612/881/1029 1597/881/1029 1608/880/1029
f 1612/881/1030 1616/884/1030 1601/884/1030 1597/881/1030
f 1616/884/1031 1613/876/1031 1600/876/1031 1601/884/1031
f 1619/886/1032 1618/887/1032 1603/887/1032 1606/886/1032
f 1618/887/1033 1621/880/1033 1608/880/1033 1603/887/1033
f 1605/889/1019 1604/888/1019 1602/885/1019
f 1604/888/1019 1607/883/1019 1602/885/1019
f 1598/882/1019 1602/885/1019 1607/883/1019
f 1611/893/1034 1622/892/1034 1615/894/1034
f 1622/892/1034 1617/896/1034 1615/894/1034
f 1617/896/1034 1620/895/1034 1615/894/1034
f 1620/895/1034 1609/891/1034 1615/894/1034
f 1614/890/1034 1615/894/1034 1609/891/1034
o Plane.002
v -4.857615 2.889524 4.885365
v -4.922740 2.848893 4.950353
v -4.858570 2.453398 5.267056
v -4.923344 2.533165 5.191905
v -4.922971 2.957315 5.041728
v -4.857917 3.031404 5.004938
v -4.858580 3.055742 5.268902
v -4.923351 2.971286 5.193248
v -4.857569 2.543246 4.868372
v -4.922686 2.597821 4.929718
v -4.922599 2.705415 4.894425
v -4.857435 2.707612 4.814456
v -4.922974 2.538142 5.044268
v -4.857962 2.461554 5.025175
v -3.153399 2.851053 4.951358
v -3.214779 2.889539 4.889491
v -3.154021 2.528970 5.200305
v -3.215733 2.453413 5.271181
v -3.215080 3.031419 5.009063
v -3.153633 2.961241 5.044221
v -3.154029 2.975757 5.201674
v -3.215743 3.055757 5.273027
v -3.153345 2.594956 4.930916
v -3.214733 2.543259 4.872498
v -3.214599 2.707627 4.818582
v -3.153255 2.705545 4.894639
v -3.215126 2.461567 5.029301
v -3.153638 2.534117 5.047695
vn -0.7589 0.4187 -0.4987
vn -0.7651 -0.6435 -0.0236
vn -0.7585 -0.0020 0.6517
vn -0.7649 0.6413 -0.0610
vn -0.7563 -0.2034 -0.6218
vn -0.7563 0.2369 -0.6098
vn -0.7628 -0.5727 -0.3003
vn -1.0000 -0.0000 -0.0025
vn 0.7614 0.4187 -0.4949
vn 0.7652 -0.6435 -0.0198
vn 0.7552 -0.0020 0.6555
vn 0.7652 0.6413 -0.0572
vn 0.7594 -0.2034 -0.6180
vn 0.7594 0.2370 -0.6060
vn 0.7643 -0.5726 -0.2964
vn 0.0019 0.6444 -0.7647
vn 0.0023 0.3632 -0.9317
vn 0.0001 -0.9994 -0.0337
vn -0.0025 -0.0031 1.0000
vn 0.0002 0.9958 -0.0918
vn 0.0024 -0.3117 -0.9502
vn 0.0012 -0.8869 -0.4620
vn 1.0000 -0.0000 0.0025
vt 0.000000 1.000000
vt 0.000000 0.000000
vt 0.214565 0.233861
vt 0.265442 0.736328
vt 0.750000 0.000000
vt 1.000000 0.000000
vt 0.891699 0.106029
vt 0.711223 0.072444
vt 1.000000 1.000000
vt 0.764339 0.838624
vt 0.250000 0.000000
vt 0.500000 0.000000
vt 0.518755 0.061596
vt 0.348791 0.076556
vt 0.252758 0.747251
vt 0.203581 0.225457
vt 0.713074 0.068250
vt 0.897946 0.100907
vt 0.775700 0.848112
vt 0.343040 0.071918
vt 0.517630 0.057860
s 1
f 1628/897/1035 1623/898/1035 1624/899/1035 1627/900/1035
f 1636/901/1036 1625/902/1036 1626/903/1036 1635/904/1036
f 1625/902/1037 1629/905/1037 1630/906/1037 1626/903/1037
f 1629/905/1038 1628/897/1038 1627/900/1038 1630/906/1038
f 1634/907/1039 1631/908/1039 1632/909/1039 1633/910/1039
f 1623/898/1040 1634/907/1040 1633/910/1040 1624/899/1040
f 1631/908/1041 1636/901/1041 1635/904/1041 1632/909/1041
f 1624/899/1042 1633/910/1042 1630/906/1042
f 1642/911/1043 1637/912/1043 1638/898/1043 1641/897/1043
f 1650/913/1044 1639/914/1044 1640/902/1044 1649/901/1044
f 1639/914/1045 1643/915/1045 1644/905/1045 1640/902/1045
f 1643/915/1046 1642/911/1046 1641/897/1046 1644/905/1046
f 1648/916/1047 1645/917/1047 1646/908/1047 1647/907/1047
f 1637/912/1048 1648/916/1048 1647/907/1048 1638/898/1048
f 1645/917/1049 1650/913/1049 1649/901/1049 1646/908/1049
f 1641/897/1050 1638/898/1050 1623/898/1050 1628/897/1050
f 1627/900/1042 1624/899/1042 1630/906/1042
f 1638/898/1051 1647/907/1051 1634/907/1051 1623/898/1051
f 1649/901/1052 1640/902/1052 1625/902/1052 1636/901/1052
f 1640/902/1053 1644/905/1053 1629/905/1053 1625/902/1053
f 1644/905/1054 1641/897/1054 1628/897/1054 1629/905/1054
f 1647/907/1055 1646/908/1055 1631/908/1055 1634/907/1055
f 1646/908/1056 1649/901/1056 1636/901/1056 1631/908/1056
f 1633/910/1042 1632/909/1042 1630/906/1042
f 1632/909/1042 1635/904/1042 1630/906/1042
f 1626/903/1042 1630/906/1042 1635/904/1042
f 1639/914/1057 1650/913/1057 1643/915/1057
f 1650/913/1057 1645/917/1057 1643/915/1057
f 1645/917/1057 1648/916/1057 1643/915/1057
f 1648/916/1057 1637/912/1057 1643/915/1057
f 1642/911/1057 1643/915/1057 1637/912/1057
o Plane.003
v -5.279886 3.070697 -8.522797
v -5.362166 6.939682 -8.522798
v -5.279886 3.070697 -15.599249
v -5.362166 6.939682 -15.599250
v -5.321026 5.987348 -15.599249
v -2.883265 9.047122 -8.522798
v -2.883265 9.047122 -15.599250
v -5.201484 3.051985 -8.522706
v -5.283764 6.920969 -8.522707
v -5.201484 3.051985 -15.599158
v -5.283764 6.920969 -15.599159
v -5.242624 5.968635 -15.599158
v -2.804862 9.028409 -8.522707
v -2.804862 9.028409 -15.599159
vn -0.9998 -0.0213 -0.0015
vn -0.6477 0.7619 -0.0000
vn 0.9998 0.0213 0.0015
vn 0.6477 -0.7619 -0.0000
vn 0.2322 0.9727 -0.0000
vn -0.0010 0.0010 1.0000
vn -0.0010 0.0006 1.0000
vn -0.0009 0.0011 1.0000
vn 0.0012 -0.0000 -1.0000
vn 0.0009 -0.0011 -1.0000
vn 0.0010 -0.0006 -1.0000
vn 0.0010 -0.0004 -1.0000
vn -0.2321 -0.9727 -0.0000
vn -0.0012 -0.0000 1.0000
vt 0.000000 0.000000
vt 1.000000 0.000000
vt 1.000000 1.000000
vt 0.500000 1.000000
vt 0.000000 1.000000
s 1
f 1651/918/1058 1652/919/1058 1654/920/1058 1655/921/1058 1653/922/1058
f 1654/920/1059 1652/919/1059 1656/919/1059 1657/920/1059
f 1658/918/1060 1660/922/1060 1662/921/1060 1661/920/1060 1659/919/1060
f 1661/920/1061 1664/920/1061 1663/919/1061 1659/919/1061
f 1656/919/1062 1663/919/1062 1664/920/1062 1657/920/1062
f 1652/919/1063 1659/919/1064 1663/919/1065 1656/919/1065
f 1655/921/1066 1662/921/1066 1660/922/1066 1653/922/1066
f 1657/920/1067 1664/920/1067 1661/920/1068 1654/920/1069
f 1653/922/1070 1660/922/1070 1658/918/1070 1651/918/1070
f 1654/920/1069 1661/920/1068 1662/921/1066 1655/921/1066
f 1651/918/1071 1658/918/1071 1659/919/1064 1652/919/1063
o Plane.004
v 4.417470 1.225381 -5.363185
v 5.155064 2.398180 -5.363185
v 4.468369 3.133101 -5.363185
v 5.167081 3.136508 -5.363185
v 5.167081 3.111047 -5.363185
v 4.417470 1.225380 -17.566181
v 5.155064 2.398180 -17.566181
v 4.468369 3.133101 -17.566181
v 5.167081 3.136508 -17.566181
v 5.167081 3.111046 -17.566181
vn -0.0000 -0.0000 1.0000
vn -0.0000 -0.0000 -1.0000
vn 0.9999 -0.0163 -0.0000
vn -0.9996 0.0267 -0.0000
vn -0.0049 1.0000 -0.0000
vn 0.8465 -0.5324 -0.0000
vn 1.0000 -0.0000 -0.0000
vt 0.000000 0.000000
vt 1.000000 0.000000
vt 1.000000 1.000000
vt 0.000000 1.000000
s 1
f 1665/923/1072 1666/924/1072 1668/925/1072 1667/926/1072
f 1670/923/1073 1672/926/1073 1673/925/1073 1671/924/1073
f 1666/924/1074 1671/924/1074 1673/925/1074 1668/925/1074
f 1667/926/1075 1672/926/1075 1670/923/1075 1665/923/1075
f 1668/925/1076 1673/925/1076 1672/926/1076 1667/926/1076
f 1665/923/1077 1670/923/1077 1671/924/1077 1666/924/1077
f 1668/923/1078 1669/923/1078 1674/923/1078 1673/923/1078
o Plane.005
v -5.259212 3.076953 15.616866
v -5.341492 6.945938 15.616865
v -5.259212 3.076953 8.540414
v -5.341492 6.945938 8.540413
v -5.300352 5.993602 8.540414
v -2.862590 9.053378 15.616865
v -2.862590 9.053378 8.540413
v -5.180809 3.058241 15.616957
v -5.263090 6.927225 15.616956
v -5.180809 3.058241 8.540504
v -5.263090 6.927225 8.540504
v -5.221950 5.974891 8.540504
v -2.784188 9.034665 15.616956
v -2.784188 9.034665 8.540504
vn -0.9998 -0.0213 -0.0015
vn -0.6477 0.7619 -0.0000
vn 0.9998 0.0213 0.0015
vn 0.6477 -0.7619 -0.0000
vn 0.2322 0.9727 -0.0000
vn -0.0010 0.0010 1.0000
vn -0.0010 0.0006 1.0000
vn -0.0009 0.0011 1.0000
vn 0.0012 -0.0000 -1.0000
vn 0.0009 -0.0011 -1.0000
vn 0.0010 -0.0006 -1.0000
vn 0.0011 -0.0004 -1.0000
vn -0.2321 -0.9727 -0.0000
vn -0.0012 -0.0000 1.0000
vt 0.000000 0.000000
vt 1.000000 0.000000
vt 1.000000 1.000000
vt 0.500000 1.000000
vt 0.000000 1.000000
s 1
f 1675/927/1079 1676/928/1079 1678/929/1079 1679/930/1079 1677/931/1079
f 1678/929/1080 1676/928/1080 1680/928/1080 1681/929/1080
f 1682/927/1081 1684/931/1081 1686/930/1081 1685/929/1081 1683/928/1081
f 1685/929/1082 1688/929/1082 1687/928/1082 1683/928/1082
f 1680/928/1083 1687/928/1083 1688/929/1083 1681/929/1083
f 1676/928/1084 1683/928/1085 1687/928/1086 1680/928/1086
f 1679/930/1087 1686/930/1087 1684/931/1087 1677/931/1087
f 1681/929/1088 1688/929/1088 1685/929/1089 1678/929/1090
f 1677/931/1091 1684/931/1091 1682/927/1091 1675/927/1091
f 1678/929/1090 1685/929/1089 1686/930/1087 1679/930/1087
f 1675/927/1092 1682/927/1092 1683/928/1085 1676/928/1084
o Plane.006
v 5.271292 3.094240 8.540414
v 5.353571 6.963224 8.540413
v 5.271294 3.094240 15.616866
v 5.353574 6.963225 15.616865
v 5.312434 6.010891 15.616866
v 2.874670 9.070664 8.540414
v 2.874673 9.070664 15.616866
v 5.192890 3.075528 8.540323
v 5.275169 6.944511 8.540322
v 5.192892 3.075528 15.616776
v 5.275172 6.944512 15.616776
v 5.234032 5.992178 15.616776
v 2.796268 9.051952 8.540323
v 2.796271 9.051952 15.616776
vn 0.9998 -0.0213 0.0015
vn 0.6477 0.7619 -0.0000
vn -0.9998 0.0213 -0.0015
vn -0.6477 -0.7619 -0.0000
vn -0.2321 0.9727 -0.0000
vn 0.0010 0.0009 -1.0000
vn 0.0010 0.0006 -1.0000
vn 0.0009 0.0011 -1.0000
vn -0.0012 -0.0000 1.0000
vn -0.0009 -0.0011 1.0000
vn -0.0010 -0.0006 1.0000
vn -0.0011 -0.0004 1.0000
vn 0.2321 -0.9727 -0.0000
vn 0.0012 -0.0000 -1.0000
vt 0.000000 0.000000
vt 1.000000 0.000000
vt 1.000000 1.000000
vt 0.500000 1.000000
vt 0.000000 1.000000
s 1
f 1689/932/1093 1690/933/1093 1692/934/1093 1693/935/1093 1691/936/1093
f 1692/934/1094 1690/933/1094 1694/933/1094 1695/934/1094
f 1696/932/1095 1698/936/1095 1700/935/1095 1699/934/1095 1697/933/1095
f 1699/934/1096 1702/934/1096 1701/933/1096 1697/933/1096
f 1694/933/1097 1701/933/1097 1702/934/1097 1695/934/1097
f 1690/933/1098 1697/933/1099 1701/933/1100 1694/933/1100
f 1693/935/1101 1700/935/1101 1698/936/1101 1691/936/1101
f 1695/934/1102 1702/934/1102 1699/934/1103 1692/934/1104
f 1691/936/1105 1698/936/1105 1696/932/1105 1689/932/1105
f 1692/934/1104 1699/934/1103 1700/935/1101 1693/935/1101
f 1689/932/1106 1696/932/1106 1697/933/1099 1690/933/1098
o Plane.007
v 5.278598 3.106802 -15.612088
v 5.360878 6.975787 -15.612089
v 5.278601 3.106802 -8.535636
v 5.360880 6.975788 -8.535637
v 5.319740 6.023453 -8.535636
v 2.881977 9.083226 -15.612088
v 2.881979 9.083226 -8.535636
v 5.200196 3.088090 -15.612179
v 5.282476 6.957074 -15.612180
v 5.200198 3.088090 -8.535727
v 5.282478 6.957075 -8.535728
v 5.241338 6.004741 -8.535727
v 2.803575 9.064514 -15.612179
v 2.803577 9.064514 -8.535727
vn 0.9998 -0.0213 0.0015
vn 0.6477 0.7619 -0.0000
vn -0.9998 0.0213 -0.0015
vn -0.6477 -0.7619 -0.0000
vn -0.2321 0.9727 -0.0000
vn 0.0010 0.0009 -1.0000
vn 0.0010 0.0006 -1.0000
vn 0.0009 0.0011 -1.0000
vn -0.0012 -0.0000 1.0000
vn -0.0009 -0.0011 1.0000
vn -0.0010 -0.0006 1.0000
vn -0.0011 -0.0004 1.0000
vn 0.2321 -0.9727 -0.0000
vn 0.0012 -0.0000 -1.0000
vt 0.000000 0.000000
vt 1.000000 0.000000
vt 1.000000 1.000000
vt 0.500000 1.000000
vt 0.000000 1.000000
s 1
f 1703/937/1107 1704/938/1107 1706/939/1107 1707/940/1107 1705/941/1107
f 1706/939/1108 1704/938/1108 1708/938/1108 1709/939/1108
f 1710/937/1109 1712/941/1109 1714/940/1109 1713/939/1109 1711/938/1109
f 1713/939/1110 1716/939/1110 1715/938/1110 1711/938/1110
f 1708/938/1111 1715/938/1111 1716/939/1111 1709/939/1111
f 1704/938/1112 1711/938/1113 1715/938/1114 1708/938/1114
f 1707/940/1115 1714/940/1115 1712/941/1115 1705/941/1115
f 1709/939/1116 1716/939/1116 1713/939/1117 1706/939/1118
f 1705/941/1119 1712/941/1119 1710/937/1119 1703/937/1119
f 1706/939/1118 1713/939/1117 1714/940/1115 1707/940/1115
f 1703/937/1120 1710/937/1120 1711/938/1113 1704/938/1112
o Plane.008
v 4.816763 2.889524 -4.878226
v 4.881888 2.848892 -4.943214
v 4.817718 2.453398 -5.259917
v 4.882492 2.533164 -5.184766
v 4.882119 2.957314 -5.034589
v 4.817064 3.031403 -4.997799
v 4.817728 3.055741 -5.261763
v 4.882499 2.971285 -5.186109
v 4.816717 2.543245 -4.861233
v 4.881834 2.597820 -4.922579
v 4.881746 2.705414 -4.887286
v 4.816583 2.707611 -4.807317
v 4.882121 2.538141 -5.037128
v 4.817110 2.461553 -5.018036
v 3.112547 2.851053 -4.944219
v 3.173927 2.889539 -4.882352
v 3.113169 2.528970 -5.193166
v 3.174881 2.453412 -5.264042
v 3.174228 3.031418 -5.001924
v 3.112781 2.961240 -5.037082
v 3.113177 2.975756 -5.194535
v 3.174891 3.055756 -5.265888
v 3.112493 2.594955 -4.923777
v 3.173881 2.543258 -4.865359
v 3.173747 2.707626 -4.811442
v 3.112403 2.705544 -4.887500
v 3.174274 2.461566 -5.022161
v 3.112786 2.534116 -5.040555
vn 0.7589 0.4187 0.4987
vn 0.7651 -0.6435 0.0236
vn 0.7585 -0.0020 -0.6516
vn 0.7649 0.6413 0.0611
vn 0.7563 -0.2034 0.6218
vn 0.7563 0.2369 0.6098
vn 0.7628 -0.5727 0.3003
vn 1.0000 -0.0000 0.0025
vn -0.7614 0.4187 0.4949
vn -0.7652 -0.6435 0.0198
vn -0.7552 -0.0020 -0.6555
vn -0.7652 0.6413 0.0572
vn -0.7594 -0.2034 0.6180
vn -0.7594 0.2370 0.6060
vn -0.7643 -0.5726 0.2964
vn -0.0019 0.6444 0.7647
vn -0.0023 0.3632 0.9317
vn -0.0001 -0.9994 0.0337
vn 0.0025 -0.0031 -1.0000
vn -0.0002 0.9958 0.0918
vn -0.0024 -0.3117 0.9502
vn -0.0012 -0.8869 0.4620
vn -1.0000 -0.0000 -0.0025
vt 0.000000 1.000000
vt 0.000000 0.000000
vt 0.214565 0.233861
vt 0.265442 0.736328
vt 0.750000 0.000000
vt 1.000000 0.000000
vt 0.891699 0.106029
vt 0.711223 0.072444
vt 1.000000 1.000000
vt 0.764339 0.838624
vt 0.250000 0.000000
vt 0.500000 0.000000
vt 0.518755 0.061596
vt 0.348791 0.076556
vt 0.252758 0.747251
vt 0.203581 0.225457
vt 0.713074 0.068250
vt 0.897946 0.100907
vt 0.775700 0.848112
vt 0.343040 0.071918
vt 0.517630 0.057860
s 1
f 1722/942/1121 1717/943/1121 1718/944/1121 1721/945/1121
f 1730/946/1122 1719/947/1122 1720/948/1122 1729/949/1122
f 1719/947/1123 1723/950/1123 1724/951/1123 1720/948/1123
f 1723/950/1124 1722/942/1124 1721/945/1124 1724/951/1124
f 1728/952/1125 1725/953/1125 1726/954/1125 1727/955/1125
f 1717/943/1126 1728/952/1126 1727/955/1126 1718/944/1126
f 1725/953/1127 1730/946/1127 1729/949/1127 1726/954/1127
f 1718/944/1128 1727/955/1128 1724/951/1128
f 1736/956/1129 1731/957/1129 1732/943/1129 1735/942/1129
f 1744/958/1130 1733/959/1130 1734/947/1130 1743/946/1130
f 1733/959/1131 1737/960/1131 1738/950/1131 1734/947/1131
f 1737/960/1132 1736/956/1132 1735/942/1132 1738/950/1132
f 1742/961/1133 1739/962/1133 1740/953/1133 1741/952/1133
f 1731/957/1134 1742/961/1134 1741/952/1134 1732/943/1134
f 1739/962/1135 1744/958/1135 1743/946/1135 1740/953/1135
f 1735/942/1136 1732/943/1136 1717/943/1136 1722/942/1136
f 1721/945/1128 1718/944/1128 1724/951/1128
f 1732/943/1137 1741/952/1137 1728/952/1137 1717/943/1137
f 1743/946/1138 1734/947/1138 1719/947/1138 1730/946/1138
f 1734/947/1139 1738/950/1139 1723/950/1139 1719/947/1139
f 1738/950/1140 1735/942/1140 1722/942/1140 1723/950/1140
f 1741/952/1141 1740/953/1141 1725/953/1141 1728/952/1141
f 1740/953/1142 1743/946/1142 1730/946/1142 1725/953/1142
f 1727/955/1128 1726/954/1128 1724/951/1128
f 1726/954/1128 1729/949/1128 1724/951/1128
f 1720/948/1128 1724/951/1128 1729/949/1128
f 1733/959/1143 1744/958/1143 1737/960/1143
f 1744/958/1143 1739/962/1143 1737/960/1143
f 1739/962/1143 1742/961/1143 1737/960/1143
f 1742/961/1143 1731/957/1143 1737/960/1143
f 1736/956/1143 1737/960/1143 1731/957/1143
o Plane.009
v 4.417470 1.225382 17.557533
v 5.155064 2.398182 17.557533
v 4.468369 3.133102 17.557533
v 5.167081 3.136510 17.557533
v 5.167081 3.111048 17.557533
v 4.417470 1.225381 5.354538
v 5.155064 2.398181 5.354538
v 4.468369 3.133102 5.354538
v 5.167081 3.136509 5.354538
v 5.167081 3.111048 5.354538
vn -0.0000 -0.0000 1.0000
vn -0.0000 -0.0000 -1.0000
vn 0.9999 -0.0163 -0.0000
vn -0.9996 0.0267 -0.0000
vn -0.0049 1.0000 -0.0000
vn 0.8465 -0.5324 -0.0000
vn 1.0000 -0.0000 -0.0000
vt 0.000000 0.000000
vt 1.000000 0.000000
vt 1.000000 1.000000
vt 0.000000 1.000000
s 1
f 1745/963/1144 1746/964/1144 1748/965/1144 1747/966/1144
f 1750/963/1145 1752/966/1145 1753/965/1145 1751/964/1145
f 1746/964/1146 1751/964/1146 1753/965/1146 1748/965/1146
f 1747/966/1147 1752/966/1147 1750/963/1147 1745/963/1147
f 1748/965/1148 1753/965/1148 1752/966/1148 1747/966/1148
f 1745/963/1149 1750/963/1149 1751/964/1149 1746/964/1149
f 1748/963/1150 1749/963/1150 1754/963/1150 1753/963/1150
o Plane.010
v -4.433938 1.225381 5.365147
v -5.171532 2.398181 5.365147
v -4.484837 3.133101 5.365147
v -5.183549 3.136509 5.365147
v -5.183549 3.111048 5.365147
v -4.433934 1.225382 17.568142
v -5.171528 2.398182 17.568142
v -4.484833 3.133103 17.568142
v -5.183545 3.136510 17.568142
v -5.183545 3.111048 17.568142
vn -0.0000 -0.0000 -1.0000
vn -0.0000 -0.0000 1.0000
vn -0.9999 -0.0163 -0.0000
vn 0.9996 0.0267 -0.0000
vn 0.0049 1.0000 -0.0000
vn -0.8465 -0.5324 -0.0000
vn -1.0000 -0.0000 -0.0000
vt 0.000000 0.000000
vt 1.000000 0.000000
vt 1.000000 1.000000
vt 0.000000 1.000000
s 1
f 1755/967/1151 1756/968/1151 1758/969/1151 1757/970/1151
f 1760/967/1152 1762/970/1152 1763/969/1152 1761/968/1152
f 1756/968/1153 1761/968/1153 1763/969/1153 1758/969/1153
f 1757/970/1154 1762/970/1154 1760/967/1154 1755/967/1154
f 1758/969/1155 1763/969/1155 1762/970/1155 1757/970/1155
f 1755/967/1156 1760/967/1156 1761/968/1156 1756/968/1156
f 1758/967/1157 1759/967/1157 1764/967/1157 1763/967/1157
o Plane.011
v -4.423451 1.225380 -17.554092
v -5.161045 2.398180 -17.554092
v -4.474350 3.133100 -17.554092
v -5.173062 3.136508 -17.554092
v -5.173062 3.111046 -17.554092
v -4.423447 1.225381 -5.351097
v -5.161041 2.398180 -5.351097
v -4.474346 3.133101 -5.351097
v -5.173058 3.136508 -5.351097
v -5.173058 3.111047 -5.351097
vn -0.0000 -0.0000 -1.0000
vn -0.0000 -0.0000 1.0000
vn -0.9999 -0.0163 -0.0000
vn 0.9996 0.0267 -0.0000
vn 0.0049 1.0000 -0.0000
vn -0.8465 -0.5324 -0.0000
vn -1.0000 -0.0000 -0.0000
vt 0.000000 0.000000
vt 1.000000 0.000000
vt 1.000000 1.000000
vt 0.000000 1.000000
s 1
f 1765/971/1158 1766/972/1158 1768/973/1158 1767/974/1158
f 1770/971/1159 1772/974/1159 1773/973/1159 1771/972/1159
f 1766/972/1160 1771/972/1160 1773/973/1160 1768/973/1160
f 1767/974/1161 1772/974/1161 1770/971/1161 1765/971/1161
f 1768/973/1162 1773/973/1162 1772/974/1162 1767/974/1162
f 1765/971/1163 1770/971/1163 1771/972/1163 1766/972/1163
f 1768/971/1164 1769/971/1164 1774/971/1164 1773/971/1164
o Plane.012
v -4.487584 1.801440 7.014741
v -4.390335 1.809449 7.055505
v -4.055386 1.914261 7.055505
v -3.958879 1.887341 7.014741
v -4.390335 3.274071 7.055504
v -4.487584 3.354965 7.014740
v -3.934907 2.711706 7.014741
v -4.032212 2.711184 7.055505
v -4.074403 3.368949 7.014740
v -4.117055 3.275728 7.055504
v -4.052291 3.215266 7.055504
v -3.956710 3.259075 7.014740
v -4.284255 3.293712 7.055504
v -4.287985 3.391922 7.014740
v -4.444966 1.544459 7.014741
v -4.362882 1.643909 7.055505
v -3.154618 1.578530 7.014741
v -3.179503 1.675156 7.055505
v -2.947967 1.685519 7.014741
v -3.019429 1.758031 7.055505
v -2.932651 1.911924 7.014741
v -3.426194 1.918528 7.014741
v -3.420558 1.821195 7.055505
v -3.982054 1.846390 7.014741
v -4.162545 1.724900 7.055505
v -2.992521 1.812982 7.055505
v -2.882043 1.808432 7.014741
v -4.487584 3.354965 5.477628
v -4.387219 3.271478 5.429090
v -4.420019 1.807005 5.410064
v -4.487584 1.801440 5.477628
v -3.958879 1.887341 5.477628
v -4.025928 1.906044 5.410064
v -4.035329 2.711166 5.429090
v -3.934907 2.711706 5.477628
v -4.287985 3.391923 5.477628
v -4.284135 3.290565 5.429090
v -3.956710 3.259077 5.477628
v -4.055353 3.213862 5.429090
v -4.118422 3.272740 5.429090
v -4.074403 3.368949 5.477628
v -4.387938 1.613552 5.410064
v -4.444966 1.544459 5.477628
v -3.171907 1.645662 5.410064
v -3.154618 1.578530 5.477628
v -3.021719 1.760353 5.429090
v -2.947967 1.685518 5.477628
v -2.882043 1.808432 5.477628
v -2.995250 1.811470 5.429090
v -2.932651 1.911924 5.477628
v -3.422279 1.850905 5.410064
v -3.426194 1.918528 5.477628
v -4.107452 1.761984 5.410064
v -3.982054 1.846389 5.477628
v -4.420019 3.298764 5.410064
v -4.387219 1.809706 5.429090
v -4.058478 1.915123 5.429090
v -4.002510 2.711344 5.410064
v -4.285393 3.323690 5.410064
v -4.023116 3.228638 5.410064
v -4.104035 3.304183 5.410064
v -4.360252 1.647095 5.429090
v -3.180300 1.678252 5.429090
v -2.997616 1.735896 5.410064
v -2.957948 1.809855 5.410064
v -2.975096 1.844922 5.410064
v -3.420378 1.818077 5.429090
v -4.168328 1.721008 5.429090
v -4.419148 1.807076 7.083176
v -4.419148 3.298038 7.083176
v -4.003381 2.711339 7.083176
v -4.026792 1.906286 7.083176
v -4.285360 3.322810 7.083176
v -4.104418 3.303349 7.083176
v -4.023972 3.228246 7.083176
v -4.387202 1.614443 7.083176
v -3.172130 1.646528 7.083176
v -2.998256 1.736545 7.083176
v -2.975643 1.844059 7.083176
v -2.958927 1.809873 7.083176
v -3.422228 1.850034 7.083176
v -4.109068 1.760896 7.083176
v -4.435128 1.135767 7.014741
v -3.144780 1.169840 7.014741
v -3.144780 1.169839 5.477628
v -4.435128 1.135768 5.477628
v -4.487584 1.801441 8.806454
v -4.390335 1.809451 8.847219
v -4.055386 1.914262 8.847219
v -3.958879 1.887342 8.806454
v -4.390335 3.274071 8.847219
v -4.487584 3.354966 8.806454
v -3.934907 2.711707 8.806454
v -4.032212 2.711184 8.847219
v -4.074403 3.368950 8.806454
v -4.117055 3.275728 8.847219
v -4.052291 3.215267 8.847219
v -3.956710 3.259076 8.806454
v -4.284255 3.293713 8.847219
v -4.287985 3.391923 8.806454
v -4.444966 1.544460 8.806454
v -4.362882 1.643910 8.847219
v -3.154618 1.578531 8.806454
v -3.179503 1.675157 8.847219
v -2.947967 1.685519 8.806454
v -3.019429 1.758031 8.847219
v -2.932651 1.911925 8.806454
v -2.992521 1.812983 8.847219
v -3.426194 1.918529 8.806454
v -3.420558 1.821196 8.847219
v -3.982054 1.846390 8.806454
v -4.162545 1.724901 8.847219
v -2.882043 1.808433 8.806454
v -4.487584 3.354965 7.269341
v -4.387219 3.271478 7.220802
v -4.420019 1.807006 7.201777
v -4.487584 1.801441 7.269341
v -3.958879 1.887343 7.269341
v -4.025928 1.906045 7.201777
v -4.035329 2.711166 7.220803
v -3.934907 2.711706 7.269341
v -4.287985 3.391922 7.269341
v -4.284135 3.290565 7.220802
v -3.956710 3.259075 7.269341
v -4.055353 3.213862 7.220802
v -4.118422 3.272740 7.220802
v -4.074403 3.368949 7.269341
v -4.387938 1.613553 7.201777
v -4.444966 1.544460 7.269341
v -3.171907 1.645663 7.201777
v -3.154618 1.578531 7.269341
v -3.021719 1.760354 7.220803
v -2.947967 1.685520 7.269341
v -2.882043 1.808434 7.269341
v -2.995250 1.811471 7.220803
v -2.932651 1.911925 7.269341
v -3.422279 1.850906 7.201777
v -3.426194 1.918529 7.269341
v -4.107452 1.761985 7.201777
v -3.982054 1.846390 7.269341
v -4.420019 3.298764 7.201777
v -4.387219 1.809707 7.220803
v -4.058478 1.915124 7.220803
v -4.002510 2.711344 7.201777
v -4.285393 3.323690 7.201777
v -4.023115 3.228638 7.201777
v -4.104035 3.304183 7.201777
v -4.360252 1.647096 7.220803
v -3.180300 1.678253 7.220803
v -2.997616 1.735897 7.201777
v -2.957948 1.809856 7.201777
v -2.975096 1.844923 7.201777
v -3.420378 1.818078 7.220803
v -4.168328 1.721009 7.220803
v -4.419148 1.807078 8.874889
v -4.419148 3.298039 8.874889
v -4.003381 2.711339 8.874889
v -4.026792 1.906286 8.874889
v -4.285360 3.322811 8.874889
v -4.104418 3.303349 8.874889
v -4.023972 3.228247 8.874889
v -4.387202 1.614444 8.874889
v -3.172130 1.646528 8.874889
v -2.998256 1.736546 8.874889
v -2.975644 1.844059 8.874889
v -2.958927 1.809874 8.874889
v -3.422228 1.850035 8.874889
v -4.109068 1.760897 8.874889
v -4.435128 1.135768 8.806454
v -3.144780 1.169840 8.806454
v -3.144780 1.169840 7.269341
v -4.435128 1.135769 7.269341
v -4.487584 1.801441 10.569669
v -4.390335 1.809451 10.610434
v -4.055386 1.914262 10.610434
v -3.958879 1.887342 10.569669
v -4.390335 3.274071 10.610434
v -4.487584 3.354966 10.569669
v -3.934907 2.711707 10.569669
v -4.032212 2.711184 10.610434
v -4.074403 3.368950 10.569669
v -4.117055 3.275728 10.610434
v -4.052291 3.215267 10.610434
v -3.956710 3.259076 10.569669
v -4.284255 3.293712 10.610434
v -4.287985 3.391923 10.569669
v -4.444966 1.544459 10.569669
v -4.362882 1.643910 10.610434
v -3.154618 1.578531 10.569669
v -3.179503 1.675157 10.610434
v -2.947967 1.685519 10.569669
v -3.019429 1.758031 10.610434
v -2.932651 1.911925 10.569669
v -2.992521 1.812983 10.610434
v -3.426194 1.918529 10.569669
v -3.420558 1.821196 10.610434
v -3.982054 1.846390 10.569669
v -4.162545 1.724901 10.610434
v -2.882043 1.808433 10.569669
v -4.487584 3.354966 9.032557
v -4.387219 3.271479 8.984018
v -4.420019 1.807006 8.964993
v -4.487584 1.801442 9.032557
v -3.958879 1.887343 9.032557
v -4.025928 1.906045 8.964993
v -4.035329 2.711167 8.984018
v -3.934907 2.711707 9.032557
v -4.287985 3.391923 9.032557
v -4.284135 3.290566 8.984018
v -3.956710 3.259076 9.032557
v -4.055353 3.213863 8.984018
v -4.118422 3.272741 8.984018
v -4.074403 3.368950 9.032557
v -4.387938 1.613553 8.964993
v -4.444966 1.544460 9.032557
v -3.171907 1.645663 8.964993
v -3.154618 1.578531 9.032557
v -3.021719 1.760354 8.984018
v -2.947967 1.685520 9.032557
v -2.882043 1.808434 9.032557
v -2.995250 1.811471 8.984018
v -2.932651 1.911925 9.032557
v -3.422279 1.850906 8.964993
v -3.426194 1.918529 9.032557
v -4.107452 1.761985 8.964993
v -3.982054 1.846390 9.032557
v -4.420019 3.298764 8.964993
v -4.387219 1.809707 8.984018
v -4.058478 1.915124 8.984018
v -4.002510 2.711344 8.964993
v -4.285393 3.323691 8.964993
v -4.023115 3.228639 8.964993
v -4.104035 3.304184 8.964993
v -4.360252 1.647096 8.984018
v -3.180300 1.678253 8.984018
v -2.997616 1.735897 8.964993
v -2.957948 1.809856 8.964993
v -2.975096 1.844923 8.964993
v -3.420378 1.818078 8.984018
v -4.168328 1.721009 8.984018
v -4.419148 1.807078 10.638104
v -4.419148 3.298039 10.638104
v -4.003381 2.711339 10.638104
v -4.026792 1.906286 10.638104
v -4.285360 3.322811 10.638104
v -4.104418 3.303349 10.638104
v -4.023972 3.228247 10.638104
v -4.387202 1.614444 10.638104
v -3.172130 1.646528 10.638104
v -2.998256 1.736546 10.638104
v -2.975644 1.844059 10.638104
v -2.958927 1.809874 10.638104
v -3.422228 1.850035 10.638104
v -4.109068 1.760897 10.638104
v -4.435128 1.135768 10.569669
v -3.144780 1.169840 10.569669
v -3.144780 1.169840 9.032557
v -4.435128 1.135769 9.032557
v -4.487584 1.801441 12.339493
v -4.390335 1.809451 12.380257
v -4.055386 1.914262 12.380257
v -3.958879 1.887342 12.339493
v -4.390335 3.274071 12.380257
v -4.487584 3.354966 12.339493
v -3.934907 2.711707 12.339493
v -4.032212 2.711184 12.380257
v -4.074403 3.368950 12.339493
v -4.117055 3.275728 12.380257
v -4.052291 3.215267 12.380257
v -3.956710 3.259076 12.339493
v -4.284255 3.293713 12.380257
v -4.287985 3.391923 12.339493
v -4.444966 1.544460 12.339493
v -4.362882 1.643910 12.380257
v -3.154618 1.578531 12.339493
v -3.179503 1.675157 12.380257
v -2.947967 1.685519 12.339493
v -3.019429 1.758031 12.380257
v -2.932651 1.911925 12.339493
v -2.992521 1.812983 12.380257
v -3.426194 1.918529 12.339493
v -3.420558 1.821196 12.380257
v -3.982054 1.846390 12.339493
v -4.162545 1.724901 12.380257
v -2.882043 1.808433 12.339493
v -4.487584 3.354966 10.802381
v -4.387219 3.271479 10.753842
v -4.420019 1.807006 10.734817
v -4.487584 1.801441 10.802381
v -3.958879 1.887342 10.802381
v -4.025928 1.906045 10.734817
v -4.035329 2.711167 10.753842
v -3.934907 2.711707 10.802381
v -4.287985 3.391923 10.802381
v -4.284135 3.290566 10.753842
v -3.956710 3.259076 10.802381
v -4.055353 3.213863 10.753842
v -4.118422 3.272741 10.753842
v -4.074403 3.368950 10.802381
v -4.387938 1.613553 10.734817
v -4.444966 1.544460 10.802381
v -3.171907 1.645663 10.734817
v -3.154618 1.578531 10.802381
v -3.021719 1.760354 10.753842
v -2.947967 1.685520 10.802381
v -2.882043 1.808433 10.802381
v -2.995250 1.811471 10.753842
v -2.932651 1.911925 10.802381
v -3.422279 1.850906 10.734817
v -3.426194 1.918529 10.802381
v -4.107452 1.761985 10.734817
v -3.982054 1.846390 10.802381
v -4.420019 3.298764 10.734817
v -4.387219 1.809707 10.753842
v -4.058478 1.915124 10.753842
v -4.002510 2.711344 10.734817
v -4.285393 3.323691 10.734817
v -4.023115 3.228639 10.734817
v -4.104035 3.304184 10.734817
v -4.360252 1.647096 10.753842
v -3.180300 1.678253 10.753842
v -2.997616 1.735897 10.734817
v -2.957948 1.809856 10.734817
v -2.975096 1.844923 10.734817
v -3.420378 1.818078 10.753842
v -4.168328 1.721009 10.753842
v -4.419148 1.807078 12.407928
v -4.419148 3.298039 12.407928
v -4.003381 2.711339 12.407928
v -4.026792 1.906286 12.407928
v -4.285360 3.322811 12.407928
v -4.104418 3.303349 12.407928
v -4.023972 3.228247 12.407928
v -4.387202 1.614444 12.407928
v -3.172130 1.646528 12.407928
v -2.998256 1.736546 12.407928
v -2.975644 1.844059 12.407928
v -2.958927 1.809874 12.407928
v -3.422228 1.850035 12.407928
v -4.109068 1.760897 12.407928
v -4.435128 1.135768 12.339493
v -3.144780 1.169840 12.339493
v -3.144780 1.169840 10.802381
v -4.435128 1.135769 10.802381
v -4.487584 1.801441 14.088548
v -4.390335 1.809451 14.129313
v -4.055386 1.914262 14.129313
v -3.958879 1.887342 14.088548
v -4.390335 3.274071 14.129313
v -4.487584 3.354966 14.088548
v -3.934907 2.711707 14.088548
v -4.032212 2.711184 14.129313
v -4.074403 3.368950 14.088548
v -4.117055 3.275728 14.129313
v -4.052291 3.215267 14.129313
v -3.956710 3.259076 14.088548
v -4.284255 3.293713 14.129313
v -4.287985 3.391923 14.088548
v -4.444966 1.544460 14.088548
v -4.362882 1.643910 14.129313
v -3.154618 1.578531 14.088548
v -3.179503 1.675157 14.129313
v -2.947967 1.685519 14.088548
v -3.019429 1.758031 14.129313
v -2.932651 1.911925 14.088548
v -2.992521 1.812983 14.129313
v -3.426194 1.918529 14.088548
v -3.420558 1.821196 14.129313
v -3.982054 1.846390 14.088548
v -4.162545 1.724901 14.129313
v -2.882043 1.808433 14.088548
v -4.487584 3.354966 12.551435
v -4.387219 3.271479 12.502897
v -4.420019 1.807006 12.483871
v -4.487584 1.801441 12.551435
v -3.958879 1.887343 12.551435
v -4.025928 1.906045 12.483871
v -4.035329 2.711167 12.502897
v -3.934907 2.711707 12.551435
v -4.287985 3.391923 12.551435
v -4.284135 3.290566 12.502897
v -3.956710 3.259076 12.551435
v -4.055353 3.213863 12.502897
v -4.118422 3.272741 12.502897
v -4.074403 3.368950 12.551435
v -4.387938 1.613553 12.483871
v -4.444966 1.544460 12.551435
v -3.171907 1.645663 12.483871
v -3.154618 1.578531 12.551435
v -3.021719 1.760354 12.502897
v -2.947967 1.685520 12.551435
v -2.882043 1.808433 12.551435
v -2.995250 1.811471 12.502897
v -2.932651 1.911925 12.551435
v -3.422279 1.850906 12.483871
v -3.426194 1.918529 12.551435
v -4.107452 1.761985 12.483871
v -3.982054 1.846390 12.551435
v -4.420019 3.298764 12.483871
v -4.387219 1.809707 12.502897
v -4.058478 1.915124 12.502897
v -4.002510 2.711344 12.483871
v -4.285393 3.323691 12.483871
v -4.023115 3.228639 12.483871
v -4.104035 3.304184 12.483871
v -4.360252 1.647096 12.502897
v -3.180300 1.678253 12.502897
v -2.997616 1.735897 12.483871
v -2.957948 1.809856 12.483871
v -2.975096 1.844923 12.483871
v -3.420378 1.818078 12.502897
v -4.168328 1.721009 12.502897
v -4.419148 1.807078 14.156982
v -4.419148 3.298039 14.156982
v -4.003381 2.711339 14.156982
v -4.026792 1.906286 14.156982
v -4.285360 3.322811 14.156982
v -4.104418 3.303349 14.156982
v -4.023972 3.228247 14.156982
v -4.387202 1.614444 14.156982
v -3.172130 1.646528 14.156982
v -2.998256 1.736546 14.156982
v -2.975644 1.844059 14.156982
v -2.958927 1.809874 14.156982
v -3.422228 1.850035 14.156982
v -4.109068 1.760897 14.156982
v -4.435128 1.135768 14.088548
v -3.144780 1.169840 14.088548
v -3.144780 1.169840 12.551435
v -4.435128 1.135769 12.551435
v -4.487584 1.801441 15.827179
v -4.390335 1.809451 15.867943
v -4.055386 1.914262 15.867943
v -3.958879 1.887342 15.827179
v -4.390335 3.274071 15.867943
v -4.487584 3.354966 15.827179
v -3.934907 2.711707 15.827179
v -4.032212 2.711184 15.867943
v -4.074403 3.368950 15.827179
v -4.117055 3.275728 15.867943
v -4.052291 3.215267 15.867943
v -3.956710 3.259076 15.827179
v -4.284255 3.293713 15.867943
v -4.287985 3.391923 15.827179
v -4.444966 1.544460 15.827179
v -4.362882 1.643910 15.867943
v -3.154618 1.578531 15.827179
v -3.179503 1.675157 15.867943
v -2.947967 1.685519 15.827179
v -3.019429 1.758031 15.867943
v -2.932651 1.911925 15.827179
v -2.992521 1.812983 15.867943
v -3.426194 1.918529 15.827179
v -3.420558 1.821196 15.867943
v -3.982054 1.846390 15.827179
v -4.162545 1.724901 15.867943
v -2.882043 1.808433 15.827179
v -4.487584 3.354966 14.290067
v -4.387219 3.271479 14.241529
v -4.420019 1.807006 14.222503
v -4.487584 1.801442 14.290067
v -3.958879 1.887343 14.290067
v -4.025928 1.906045 14.222503
v -4.035329 2.711167 14.241529
v -3.934907 2.711707 14.290067
v -4.287985 3.391924 14.290067
v -4.284135 3.290566 14.241529
v -3.956710 3.259077 14.290067
v -4.055353 3.213863 14.241529
v -4.118422 3.272741 14.241529
v -4.074403 3.368950 14.290067
v -4.387938 1.613553 14.222503
v -4.444966 1.544460 14.290067
v -3.171907 1.645663 14.222503
v -3.154618 1.578532 14.290067
v -3.021719 1.760354 14.241529
v -2.947967 1.685520 14.290067
v -2.882043 1.808434 14.290067
v -2.995250 1.811471 14.241529
v -2.932651 1.911925 14.290067
v -3.422279 1.850906 14.222503
v -3.426194 1.918529 14.290067
v -4.107452 1.761985 14.222503
v -3.982054 1.846390 14.290067
v -4.420019 3.298764 14.222503
v -4.387219 1.809707 14.241529
v -4.058478 1.915124 14.241529
v -4.002510 2.711344 14.222503
v -4.285393 3.323691 14.222503
v -4.023115 3.228639 14.222503
v -4.104035 3.304184 14.222503
v -4.360252 1.647096 14.241529
v -3.180300 1.678253 14.241529
v -2.997616 1.735897 14.222503
v -2.957948 1.809856 14.222503
v -2.975096 1.844923 14.222503
v -3.420378 1.818078 14.241529
v -4.168328 1.721009 14.241529
v -4.419148 1.807078 15.895615
v -4.419148 3.298039 15.895615
v -4.003381 2.711339 15.895615
v -4.026792 1.906286 15.895615
v -4.285360 3.322811 15.895615
v -4.104418 3.303349 15.895615
v -4.023972 3.228247 15.895615
v -4.387202 1.614444 15.895615
v -3.172130 1.646528 15.895615
v -2.998256 1.736547 15.895615
v -2.975644 1.844059 15.895615
v -2.958927 1.809874 15.895615
v -3.422228 1.850035 15.895615
v -4.109068 1.760897 15.895615
v -4.435128 1.135769 15.827179
v -3.144780 1.169840 15.827179
v -3.144780 1.169840 14.290067
v -4.435128 1.135769 14.290067
v -4.487584 1.801441 17.563816
v -4.390335 1.809451 17.604580
v -4.055386 1.914262 17.604580
v -3.958879 1.887342 17.563816
v -4.390335 3.274071 17.604580
v -4.487584 3.354966 17.563816
v -3.934907 2.711707 17.563816
v -4.032212 2.711185 17.604580
v -4.074403 3.368950 17.563816
v -4.117055 3.275728 17.604580
v -4.052291 3.215267 17.604580
v -3.956710 3.259076 17.563816
v -4.284255 3.293713 17.604580
v -4.287985 3.391923 17.563816
v -4.444966 1.544460 17.563816
v -4.362882 1.643910 17.604580
v -3.154618 1.578531 17.563816
v -3.179503 1.675157 17.604580
v -2.947967 1.685519 17.563816
v -3.019429 1.758031 17.604580
v -2.932651 1.911925 17.563816
v -3.426194 1.918529 17.563816
v -3.420558 1.821196 17.604580
v -3.982054 1.846390 17.563816
v -4.162545 1.724901 17.604580
v -2.992521 1.812983 17.604580
v -2.882043 1.808433 17.563816
v -4.487584 3.354966 16.026703
v -4.387219 3.271479 15.978165
v -4.420019 1.807006 15.959139
v -4.487584 1.801442 16.026703
v -3.958879 1.887342 16.026703
v -4.025928 1.906045 15.959139
v -4.035329 2.711167 15.978165
v -3.934907 2.711707 16.026703
v -4.287985 3.391923 16.026703
v -4.284135 3.290566 15.978165
v -3.956710 3.259076 16.026703
v -4.055353 3.213863 15.978165
v -4.118422 3.272741 15.978165
v -4.074403 3.368950 16.026703
v -4.387938 1.613553 15.959139
v -4.444966 1.544460 16.026703
v -3.171907 1.645663 15.959139
v -3.154618 1.578531 16.026703
v -3.021719 1.760354 15.978165
v -2.947967 1.685520 16.026703
v -2.882043 1.808433 16.026703
v -2.995250 1.811471 15.978165
v -2.932651 1.911925 16.026703
v -3.422279 1.850906 15.959139
v -3.426194 1.918529 16.026703
v -4.107452 1.761985 15.959139
v -3.982054 1.846390 16.026703
v -4.420019 3.298764 15.959139
v -4.387219 1.809707 15.978165
v -4.058478 1.915124 15.978165
v -4.002510 2.711344 15.959139
v -4.285393 3.323691 15.959139
v -4.023115 3.228639 15.959139
v -4.104035 3.304184 15.959139
v -4.360252 1.647096 15.978165
v -3.180300 1.678253 15.978165
v -2.997616 1.735897 15.959139
v -2.957948 1.809856 15.959139
v -2.975096 1.844923 15.959139
v -3.420378 1.818078 15.978165
v -4.168328 1.721009 15.978165
v -4.419148 1.807078 17.632252
v -4.419148 3.298039 17.632252
v -4.003381 2.711339 17.632252
v -4.026792 1.906286 17.632252
v -4.285360 3.322811 17.632252
v -4.104418 3.303349 17.632252
v -4.023972 3.228247 17.632252
v -4.387202 1.614444 17.632252
v -3.172130 1.646528 17.632252
v -2.998256 1.736547 17.632252
v -2.975644 1.844059 17.632252
v -2.958927 1.809874 17.632252
v -3.422228 1.850035 17.632252
v -4.109068 1.760897 17.632252
v -4.435128 1.135768 17.563816
v -3.144780 1.169840 17.563816
v -3.144780 1.169840 16.026703
v -4.435128 1.135769 16.026703
vn -0.7071 -0.0000 0.7071
vn 0.7068 -0.0206 0.7071
vn -0.1287 0.6953 0.7071
vn 0.4825 0.5169 0.7071
vn 0.7065 0.0281 0.7071
vn 0.0756 0.7031 0.7071
vn -0.6976 -0.1157 0.7071
vn 0.0187 -0.7069 0.7071
vn 0.3251 -0.6279 0.7071
vn 0.6352 0.3106 0.7071
vn 0.0095 0.7070 0.7071
vn -0.0910 0.7012 0.7071
vn 0.6154 -0.3483 0.7071
vn 0.6231 -0.3342 0.7071
vn -0.0000 -0.0000 -1.0000
vn -0.7071 -0.0000 -0.7071
vn 0.7068 -0.0206 -0.7071
vn -0.1287 0.6953 -0.7071
vn 0.4825 0.5169 -0.7071
vn 0.7065 0.0281 -0.7071
vn 0.0756 0.7030 -0.7071
vn -0.6976 -0.1157 -0.7071
vn 0.0187 -0.7069 -0.7071
vn 0.3251 -0.6279 -0.7071
vn 0.6352 0.3106 -0.7071
vn 0.0095 0.7070 -0.7071
vn -0.0910 0.7012 -0.7071
vn 0.6154 -0.3483 -0.7071
vn 0.6231 -0.3342 -0.7071
vn -1.0000 -0.0000 -0.0000
vn -0.1821 0.9833 -0.0000
vn -0.9865 -0.1636 -0.0000
vn 0.9996 -0.0291 -0.0000
vn 0.8703 -0.4925 -0.0000
vn 0.9992 0.0398 -0.0000
vn 0.1069 0.9943 -0.0000
vn 0.6824 0.7310 -0.0000
vn 0.4598 -0.8880 -0.0000
vn 0.8812 -0.4727 -0.0000
vn 0.8983 0.4393 -0.0000
vn 0.0134 0.9999 -0.0000
vn -0.1287 0.9917 -0.0000
vn 0.5018 -0.0000 -0.8650
vn -0.5015 0.0146 -0.8650
vn 0.0913 -0.4934 -0.8650
vn -0.3424 -0.3668 -0.8650
vn -0.5014 -0.0200 -0.8650
vn -0.0537 -0.4989 -0.8650
vn 0.4950 0.0821 -0.8650
vn -0.0132 0.5016 -0.8650
vn -0.2307 0.4456 -0.8650
vn -0.4507 -0.2204 -0.8650
vn -0.0072 -0.4964 -0.8681
vn 0.0646 -0.4976 -0.8650
vn -0.4367 0.2471 -0.8650
vn -0.4392 0.2322 -0.8679
vn -0.0000 -0.0000 1.0000
vn 0.6927 -0.0000 0.7212
vn -0.6924 0.0201 0.7213
vn 0.1261 -0.6811 0.7213
vn -0.4727 -0.5063 0.7213
vn -0.6921 -0.0276 0.7213
vn -0.0741 -0.6887 0.7213
vn 0.6833 0.1133 0.7213
vn -0.0183 0.6924 0.7213
vn -0.3185 0.6151 0.7213
vn -0.6222 -0.3043 0.7213
vn -0.0110 -0.6770 0.7359
vn 0.0891 -0.6869 0.7213
vn -0.6028 0.3411 0.7213
vn -0.6027 0.3112 0.7348
vn 0.0264 -0.9997 -0.0000
vn 0.9997 0.0241 -0.0000
vn -0.9997 -0.0241 -0.0000
vn 0.0756 0.7031 -0.7071
vn -0.4508 -0.2204 -0.8650
vn 0.6927 -0.0000 0.7213
vn -0.6923 0.0201 0.7213
vn -0.3184 0.6151 0.7213
vn 0.0914 -0.4934 -0.8650
vn 0.7066 0.0281 0.7071
vn -0.5016 0.0146 -0.8650
vn -0.5013 -0.0200 -0.8650
vn 0.1261 -0.6811 0.7212
vn -0.6027 0.3112 0.7347
vn 0.7066 0.0281 -0.7071
vn 0.5017 -0.0000 -0.8650
vn 0.6926 -0.0000 0.7213
vn -0.0110 -0.6769 0.7360
vn -0.4727 -0.5063 0.7212
vn -0.6921 -0.0276 0.7212
vn -0.3185 0.6151 0.7212
vn -0.4392 0.2322 -0.8678
vn 0.6834 0.1133 0.7212
vt 0.000000 0.000000
s 1
f 1780/975/1165 1775/975/1165 1843/975/1165 1844/975/1165
f 1778/975/1166 1781/975/1166 1845/975/1166 1846/975/1166
f 1788/975/1167 1780/975/1167 1844/975/1167 1847/975/1167
f 1786/975/1168 1783/975/1168 1848/975/1168 1849/975/1168
f 1781/975/1169 1786/975/1169 1849/975/1169 1845/975/1169
f 1783/975/1170 1788/975/1170 1847/975/1170 1848/975/1170
f 1775/975/1171 1789/975/1171 1850/975/1171 1843/975/1171
f 1789/975/1172 1791/975/1172 1851/975/1172 1850/975/1172
f 1791/975/1173 1793/975/1173 1852/975/1173 1851/975/1173
f 1801/975/1174 1795/975/1174 1853/975/1174 1854/975/1174
f 1795/975/1175 1796/975/1175 1855/975/1175 1853/975/1175
f 1796/975/1176 1798/975/1176 1856/975/1176 1855/975/1176
f 1846/975/1177 1856/975/1177 1798/975/1177 1778/975/1177
f 1793/975/1178 1801/975/1178 1854/975/1178 1852/975/1178
f 1823/975/1179 1820/975/1179 1841/975/1179
f 1829/975/1180 1804/975/1180 1805/975/1180 1802/975/1180
f 1807/975/1181 1832/975/1181 1809/975/1181 1806/975/1181
f 1833/975/1182 1829/975/1182 1802/975/1182 1810/975/1182
f 1834/975/1183 1835/975/1183 1815/975/1183 1812/975/1183
f 1832/975/1184 1834/975/1184 1812/975/1184 1809/975/1184
f 1835/975/1185 1833/975/1185 1810/975/1185 1815/975/1185
f 1804/975/1186 1816/975/1186 1817/975/1186 1805/975/1186
f 1816/975/1187 1818/975/1187 1819/975/1187 1817/975/1187
f 1818/975/1188 1838/975/1188 1821/975/1188 1819/975/1188
f 1839/975/1189 1840/975/1189 1824/975/1189 1822/975/1189
f 1840/975/1190 1825/975/1190 1826/975/1190 1824/975/1190
f 1825/975/1191 1827/975/1191 1828/975/1191 1826/975/1191
f 1806/975/1192 1828/975/1192 1827/975/1192 1807/975/1192
f 1838/975/1193 1839/975/1193 1822/975/1193 1821/975/1193
f 1780/975/1194 1802/975/1194 1805/975/1194 1775/975/1194
f 1841/975/1179 1820/975/1179 1837/975/1179
f 1788/975/1195 1810/975/1195 1802/975/1195 1780/975/1195
f 1775/975/1196 1805/975/1196 1817/975/1196 1789/975/1196
f 1778/975/1197 1806/975/1197 1809/975/1197 1781/975/1197
f 1798/975/1198 1828/975/1198 1806/975/1198 1778/975/1198
f 1781/975/1199 1809/975/1199 1812/975/1199 1786/975/1199
f 1783/975/1200 1815/975/1200 1810/975/1200 1788/975/1200
f 1786/975/1201 1812/975/1201 1815/975/1201 1783/975/1201
f 1817/975/1179 1819/975/1179 1859/975/1179 1860/975/1179
f 1791/975/1202 1819/975/1202 1821/975/1202 1793/975/1202
f 1793/975/1203 1821/975/1203 1822/975/1203 1801/975/1203
f 1801/975/1204 1822/975/1204 1824/975/1204 1795/975/1204
f 1795/975/1205 1824/975/1205 1826/975/1205 1796/975/1205
f 1796/975/1206 1826/975/1206 1828/975/1206 1798/975/1206
f 1841/975/1179 1837/975/1179 1836/975/1179 1842/975/1179
f 1831/975/1179 1842/975/1179 1836/975/1179 1830/975/1179
f 1831/975/1179 1830/975/1179 1808/975/1179
f 1803/975/1179 1813/975/1179 1808/975/1179 1830/975/1179
f 1811/975/1179 1814/975/1179 1813/975/1179 1803/975/1179
f 1803/975/1207 1830/975/1207 1804/975/1207 1829/975/1207
f 1831/975/1208 1808/975/1208 1832/975/1208 1807/975/1208
f 1811/975/1209 1803/975/1209 1829/975/1209 1833/975/1209
f 1813/975/1210 1814/975/1210 1835/975/1210 1834/975/1210
f 1808/975/1211 1813/975/1211 1834/975/1211 1832/975/1211
f 1814/975/1212 1811/975/1212 1833/975/1212 1835/975/1212
f 1830/975/1213 1836/975/1213 1816/975/1213 1804/975/1213
f 1836/975/1214 1837/975/1214 1818/975/1214 1816/975/1214
f 1837/975/1215 1820/975/1215 1838/975/1215 1818/975/1215
f 1823/975/1216 1840/975/1216 1839/975/1216
f 1823/975/1217 1841/975/1217 1825/975/1217 1840/975/1217
f 1841/975/1218 1842/975/1218 1827/975/1218 1825/975/1218
f 1842/975/1219 1831/975/1219 1807/975/1219 1827/975/1219
f 1820/975/1220 1823/975/1220 1839/975/1220 1838/975/1220
f 1794/975/1221 1800/975/1221 1797/975/1221 1792/975/1221
f 1792/975/1221 1797/975/1221 1799/975/1221 1790/975/1221
f 1790/975/1221 1799/975/1221 1777/975/1221 1776/975/1221
f 1776/975/1221 1777/975/1221 1782/975/1221 1785/975/1221 1779/975/1221
f 1779/975/1221 1785/975/1221 1784/975/1221 1787/975/1221
f 1776/975/1222 1779/975/1222 1844/975/1222 1843/975/1222
f 1782/975/1223 1777/975/1223 1846/975/1223 1845/975/1223
f 1779/975/1224 1787/975/1224 1847/975/1224 1844/975/1224
f 1784/975/1225 1785/975/1225 1849/975/1225 1848/975/1225
f 1785/975/1226 1782/975/1226 1845/975/1226 1849/975/1226
f 1787/975/1227 1784/975/1227 1848/975/1227 1847/975/1227
f 1790/975/1228 1776/975/1228 1843/975/1228 1850/975/1228
f 1792/975/1229 1790/975/1229 1850/975/1229 1851/975/1229
f 1794/975/1230 1792/975/1230 1851/975/1230 1852/975/1230
f 1800/975/1231 1854/975/1231 1853/975/1231
f 1797/975/1232 1800/975/1232 1853/975/1232 1855/975/1232
f 1799/975/1233 1797/975/1233 1855/975/1233 1856/975/1233
f 1777/975/1234 1799/975/1234 1856/975/1234 1846/975/1234
f 1800/975/1235 1794/975/1235 1852/975/1235 1854/975/1235
f 1857/975/1236 1860/975/1236 1859/975/1236 1858/975/1236
f 1791/975/1221 1789/975/1221 1857/975/1221 1858/975/1221
f 1819/975/1237 1791/975/1237 1858/975/1237 1859/975/1237
f 1789/975/1238 1817/975/1238 1860/975/1238 1857/975/1238
f 1866/975/1165 1861/975/1165 1929/975/1165 1930/975/1165
f 1864/975/1166 1867/975/1166 1931/975/1166 1932/975/1166
f 1874/975/1167 1866/975/1167 1930/975/1167 1933/975/1167
f 1872/975/1168 1869/975/1168 1934/975/1168 1935/975/1168
f 1867/975/1169 1872/975/1169 1935/975/1169 1931/975/1169
f 1869/975/1170 1874/975/1170 1933/975/1170 1934/975/1170
f 1861/975/1171 1875/975/1171 1936/975/1171 1929/975/1171
f 1875/975/1172 1877/975/1172 1937/975/1172 1936/975/1172
f 1877/975/1173 1879/975/1173 1938/975/1173 1937/975/1173
f 1887/975/1174 1881/975/1174 1939/975/1174 1940/975/1174
f 1881/975/1175 1883/975/1175 1941/975/1175 1939/975/1175
f 1883/975/1176 1885/975/1176 1942/975/1176 1941/975/1176
f 1932/975/1177 1942/975/1177 1885/975/1177 1864/975/1177
f 1879/975/1178 1887/975/1178 1940/975/1178 1938/975/1178
f 1909/975/1179 1906/975/1179 1927/975/1179
f 1915/975/1180 1890/975/1180 1891/975/1180 1888/975/1180
f 1893/975/1181 1918/975/1181 1895/975/1181 1892/975/1181
f 1919/975/1182 1915/975/1182 1888/975/1182 1896/975/1182
f 1920/975/1183 1921/975/1183 1901/975/1183 1898/975/1183
f 1918/975/1184 1920/975/1184 1898/975/1184 1895/975/1184
f 1921/975/1239 1919/975/1239 1896/975/1239 1901/975/1239
f 1890/975/1186 1902/975/1186 1903/975/1186 1891/975/1186
f 1902/975/1187 1904/975/1187 1905/975/1187 1903/975/1187
f 1904/975/1188 1924/975/1188 1907/975/1188 1905/975/1188
f 1925/975/1189 1926/975/1189 1910/975/1189 1908/975/1189
f 1926/975/1190 1911/975/1190 1912/975/1190 1910/975/1190
f 1911/975/1191 1913/975/1191 1914/975/1191 1912/975/1191
f 1892/975/1192 1914/975/1192 1913/975/1192 1893/975/1192
f 1924/975/1193 1925/975/1193 1908/975/1193 1907/975/1193
f 1866/975/1194 1888/975/1194 1891/975/1194 1861/975/1194
f 1927/975/1179 1906/975/1179 1923/975/1179
f 1874/975/1195 1896/975/1195 1888/975/1195 1866/975/1195
f 1861/975/1196 1891/975/1196 1903/975/1196 1875/975/1196
f 1864/975/1197 1892/975/1197 1895/975/1197 1867/975/1197
f 1885/975/1198 1914/975/1198 1892/975/1198 1864/975/1198
f 1867/975/1199 1895/975/1199 1898/975/1199 1872/975/1199
f 1869/975/1200 1901/975/1200 1896/975/1200 1874/975/1200
f 1872/975/1201 1898/975/1201 1901/975/1201 1869/975/1201
f 1903/975/1179 1905/975/1179 1945/975/1179 1946/975/1179
f 1877/975/1202 1905/975/1202 1907/975/1202 1879/975/1202
f 1879/975/1203 1907/975/1203 1908/975/1203 1887/975/1203
f 1887/975/1204 1908/975/1204 1910/975/1204 1881/975/1204
f 1881/975/1205 1910/975/1205 1912/975/1205 1883/975/1205
f 1883/975/1206 1912/975/1206 1914/975/1206 1885/975/1206
f 1927/975/1179 1923/975/1179 1922/975/1179 1928/975/1179
f 1917/975/1179 1928/975/1179 1922/975/1179 1916/975/1179
f 1917/975/1179 1916/975/1179 1894/975/1179
f 1889/975/1179 1899/975/1179 1894/975/1179 1916/975/1179
f 1897/975/1179 1900/975/1179 1899/975/1179 1889/975/1179
f 1889/975/1207 1916/975/1207 1890/975/1207 1915/975/1207
f 1917/975/1208 1894/975/1208 1918/975/1208 1893/975/1208
f 1897/975/1209 1889/975/1209 1915/975/1209 1919/975/1209
f 1899/975/1210 1900/975/1210 1921/975/1210 1920/975/1210
f 1894/975/1211 1899/975/1211 1920/975/1211 1918/975/1211
f 1900/975/1212 1897/975/1212 1919/975/1212 1921/975/1212
f 1916/975/1213 1922/975/1213 1902/975/1213 1890/975/1213
f 1922/975/1214 1923/975/1214 1904/975/1214 1902/975/1214
f 1923/975/1215 1906/975/1215 1924/975/1215 1904/975/1215
f 1909/975/1240 1926/975/1240 1925/975/1240
f 1909/975/1217 1927/975/1217 1911/975/1217 1926/975/1217
f 1927/975/1218 1928/975/1218 1913/975/1218 1911/975/1218
f 1928/975/1219 1917/975/1219 1893/975/1219 1913/975/1219
f 1906/975/1220 1909/975/1220 1925/975/1220 1924/975/1220
f 1880/975/1221 1882/975/1221 1884/975/1221 1878/975/1221
f 1878/975/1221 1884/975/1221 1886/975/1221 1876/975/1221
f 1876/975/1221 1886/975/1221 1863/975/1221 1862/975/1221
f 1862/975/1221 1863/975/1221 1868/975/1221 1871/975/1221 1865/975/1221
f 1865/975/1221 1871/975/1221 1870/975/1221 1873/975/1221
f 1862/975/1241 1865/975/1241 1930/975/1241 1929/975/1241
f 1868/975/1242 1863/975/1242 1932/975/1242 1931/975/1242
f 1865/975/1224 1873/975/1224 1933/975/1224 1930/975/1224
f 1870/975/1225 1871/975/1225 1935/975/1225 1934/975/1225
f 1871/975/1226 1868/975/1226 1931/975/1226 1935/975/1226
f 1873/975/1227 1870/975/1227 1934/975/1227 1933/975/1227
f 1876/975/1228 1862/975/1228 1929/975/1228 1936/975/1228
f 1878/975/1229 1876/975/1229 1936/975/1229 1937/975/1229
f 1880/975/1243 1878/975/1243 1937/975/1243 1938/975/1243
f 1882/975/1231 1940/975/1231 1939/975/1231
f 1884/975/1232 1882/975/1232 1939/975/1232 1941/975/1232
f 1886/975/1233 1884/975/1233 1941/975/1233 1942/975/1233
f 1863/975/1234 1886/975/1234 1942/975/1234 1932/975/1234
f 1882/975/1235 1880/975/1235 1938/975/1235 1940/975/1235
f 1943/975/1236 1946/975/1236 1945/975/1236 1944/975/1236
f 1877/975/1221 1875/975/1221 1943/975/1221 1944/975/1221
f 1905/975/1237 1877/975/1237 1944/975/1237 1945/975/1237
f 1875/975/1238 1903/975/1238 1946/975/1238 1943/975/1238
f 1952/975/1165 1947/975/1165 2015/975/1165 2016/975/1165
f 1950/975/1166 1953/975/1166 2017/975/1166 2018/975/1166
f 1960/975/1167 1952/975/1167 2016/975/1167 2019/975/1167
f 1958/975/1168 1955/975/1168 2020/975/1168 2021/975/1168
f 1953/975/1169 1958/975/1169 2021/975/1169 2017/975/1169
f 1955/975/1170 1960/975/1170 2019/975/1170 2020/975/1170
f 1947/975/1171 1961/975/1171 2022/975/1171 2015/975/1171
f 1961/975/1172 1963/975/1172 2023/975/1172 2022/975/1172
f 1963/975/1173 1965/975/1173 2024/975/1173 2023/975/1173
f 1973/975/1174 1967/975/1174 2025/975/1174 2026/975/1174
f 1967/975/1175 1969/975/1175 2027/975/1175 2025/975/1175
f 1969/975/1176 1971/975/1176 2028/975/1176 2027/975/1176
f 2018/975/1177 2028/975/1177 1971/975/1177 1950/975/1177
f 1965/975/1178 1973/975/1178 2026/975/1178 2024/975/1178
f 1995/975/1179 1992/975/1179 2013/975/1179
f 2001/975/1180 1976/975/1180 1977/975/1180 1974/975/1180
f 1979/975/1181 2004/975/1181 1981/975/1181 1978/975/1181
f 2005/975/1182 2001/975/1182 1974/975/1182 1982/975/1182
f 2006/975/1183 2007/975/1183 1987/975/1183 1984/975/1183
f 2004/975/1184 2006/975/1184 1984/975/1184 1981/975/1184
f 2007/975/1239 2005/975/1239 1982/975/1239 1987/975/1239
f 1976/975/1186 1988/975/1186 1989/975/1186 1977/975/1186
f 1988/975/1187 1990/975/1187 1991/975/1187 1989/975/1187
f 1990/975/1188 2010/975/1188 1993/975/1188 1991/975/1188
f 2011/975/1189 2012/975/1189 1996/975/1189 1994/975/1189
f 2012/975/1190 1997/975/1190 1998/975/1190 1996/975/1190
f 1997/975/1191 1999/975/1191 2000/975/1191 1998/975/1191
f 1978/975/1192 2000/975/1192 1999/975/1192 1979/975/1192
f 2010/975/1193 2011/975/1193 1994/975/1193 1993/975/1193
f 1952/975/1194 1974/975/1194 1977/975/1194 1947/975/1194
f 2013/975/1179 1992/975/1179 2009/975/1179
f 1960/975/1195 1982/975/1195 1974/975/1195 1952/975/1195
f 1947/975/1196 1977/975/1196 1989/975/1196 1961/975/1196
f 1950/975/1197 1978/975/1197 1981/975/1197 1953/975/1197
f 1971/975/1198 2000/975/1198 1978/975/1198 1950/975/1198
f 1953/975/1199 1981/975/1199 1984/975/1199 1958/975/1199
f 1955/975/1200 1987/975/1200 1982/975/1200 1960/975/1200
f 1958/975/1201 1984/975/1201 1987/975/1201 1955/975/1201
f 1989/975/1179 1991/975/1179 2031/975/1179 2032/975/1179
f 1963/975/1202 1991/975/1202 1993/975/1202 1965/975/1202
f 1965/975/1203 1993/975/1203 1994/975/1203 1973/975/1203
f 1973/975/1204 1994/975/1204 1996/975/1204 1967/975/1204
f 1967/975/1205 1996/975/1205 1998/975/1205 1969/975/1205
f 1969/975/1206 1998/975/1206 2000/975/1206 1971/975/1206
f 2013/975/1179 2009/975/1179 2008/975/1179 2014/975/1179
f 2003/975/1179 2014/975/1179 2008/975/1179 2002/975/1179
f 2003/975/1179 2002/975/1179 1980/975/1179
f 1975/975/1179 1985/975/1179 1980/975/1179 2002/975/1179
f 1983/975/1179 1986/975/1179 1985/975/1179 1975/975/1179
f 1975/975/1207 2002/975/1207 1976/975/1207 2001/975/1207
f 2003/975/1208 1980/975/1208 2004/975/1208 1979/975/1208
f 1983/975/1244 1975/975/1244 2001/975/1244 2005/975/1244
f 1985/975/1210 1986/975/1210 2007/975/1210 2006/975/1210
f 1980/975/1211 1985/975/1211 2006/975/1211 2004/975/1211
f 1986/975/1212 1983/975/1212 2005/975/1212 2007/975/1212
f 2002/975/1213 2008/975/1213 1988/975/1213 1976/975/1213
f 2008/975/1214 2009/975/1214 1990/975/1214 1988/975/1214
f 2009/975/1215 1992/975/1215 2010/975/1215 1990/975/1215
f 1995/975/1216 2012/975/1216 2011/975/1216
f 1995/975/1217 2013/975/1217 1997/975/1217 2012/975/1217
f 2013/975/1218 2014/975/1218 1999/975/1218 1997/975/1218
f 2014/975/1219 2003/975/1219 1979/975/1219 1999/975/1219
f 1992/975/1220 1995/975/1220 2011/975/1220 2010/975/1220
f 1966/975/1221 1968/975/1221 1970/975/1221 1964/975/1221
f 1964/975/1221 1970/975/1221 1972/975/1221 1962/975/1221
f 1962/975/1221 1972/975/1221 1949/975/1221 1948/975/1221
f 1948/975/1221 1949/975/1221 1954/975/1221 1957/975/1221 1951/975/1221
f 1951/975/1221 1957/975/1221 1956/975/1221 1959/975/1221
f 1948/975/1241 1951/975/1241 2016/975/1241 2015/975/1241
f 1954/975/1223 1949/975/1223 2018/975/1223 2017/975/1223
f 1951/975/1224 1959/975/1224 2019/975/1224 2016/975/1224
f 1956/975/1225 1957/975/1225 2021/975/1225 2020/975/1225
f 1957/975/1226 1954/975/1226 2017/975/1226 2021/975/1226
f 1959/975/1227 1956/975/1227 2020/975/1227 2019/975/1227
f 1962/975/1228 1948/975/1228 2015/975/1228 2022/975/1228
f 1964/975/1229 1962/975/1229 2022/975/1229 2023/975/1229
f 1966/975/1243 1964/975/1243 2023/975/1243 2024/975/1243
f 1968/975/1231 2026/975/1231 2025/975/1231
f 1970/975/1232 1968/975/1232 2025/975/1232 2027/975/1232
f 1972/975/1233 1970/975/1233 2027/975/1233 2028/975/1233
f 1949/975/1234 1972/975/1234 2028/975/1234 2018/975/1234
f 1968/975/1235 1966/975/1235 2024/975/1235 2026/975/1235
f 2029/975/1236 2032/975/1236 2031/975/1236 2030/975/1236
f 1963/975/1221 1961/975/1221 2029/975/1221 2030/975/1221
f 1991/975/1237 1963/975/1237 2030/975/1237 2031/975/1237
f 1961/975/1238 1989/975/1238 2032/975/1238 2029/975/1238
f 2038/975/1165 2033/975/1165 2101/975/1165 2102/975/1165
f 2036/975/1166 2039/975/1166 2103/975/1166 2104/975/1166
f 2046/975/1167 2038/975/1167 2102/975/1167 2105/975/1167
f 2044/975/1168 2041/975/1168 2106/975/1168 2107/975/1168
f 2039/975/1245 2044/975/1245 2107/975/1245 2103/975/1245
f 2041/975/1170 2046/975/1170 2105/975/1170 2106/975/1170
f 2033/975/1171 2047/975/1171 2108/975/1171 2101/975/1171
f 2047/975/1172 2049/975/1172 2109/975/1172 2108/975/1172
f 2049/975/1173 2051/975/1173 2110/975/1173 2109/975/1173
f 2059/975/1174 2053/975/1174 2111/975/1174 2112/975/1174
f 2053/975/1175 2055/975/1175 2113/975/1175 2111/975/1175
f 2055/975/1176 2057/975/1176 2114/975/1176 2113/975/1176
f 2104/975/1177 2114/975/1177 2057/975/1177 2036/975/1177
f 2051/975/1178 2059/975/1178 2112/975/1178 2110/975/1178
f 2081/975/1179 2078/975/1179 2099/975/1179
f 2087/975/1180 2062/975/1180 2063/975/1180 2060/975/1180
f 2065/975/1181 2090/975/1181 2067/975/1181 2064/975/1181
f 2091/975/1182 2087/975/1182 2060/975/1182 2068/975/1182
f 2092/975/1183 2093/975/1183 2073/975/1183 2070/975/1183
f 2090/975/1184 2092/975/1184 2070/975/1184 2067/975/1184
f 2093/975/1239 2091/975/1239 2068/975/1239 2073/975/1239
f 2062/975/1186 2074/975/1186 2075/975/1186 2063/975/1186
f 2074/975/1187 2076/975/1187 2077/975/1187 2075/975/1187
f 2076/975/1188 2096/975/1188 2079/975/1188 2077/975/1188
f 2097/975/1189 2098/975/1189 2082/975/1189 2080/975/1189
f 2098/975/1190 2083/975/1190 2084/975/1190 2082/975/1190
f 2083/975/1191 2085/975/1191 2086/975/1191 2084/975/1191
f 2064/975/1192 2086/975/1192 2085/975/1192 2065/975/1192
f 2096/975/1193 2097/975/1193 2080/975/1193 2079/975/1193
f 2038/975/1194 2060/975/1194 2063/975/1194 2033/975/1194
f 2099/975/1179 2078/975/1179 2095/975/1179
f 2046/975/1195 2068/975/1195 2060/975/1195 2038/975/1195
f 2033/975/1196 2063/975/1196 2075/975/1196 2047/975/1196
f 2036/975/1197 2064/975/1197 2067/975/1197 2039/975/1197
f 2057/975/1198 2086/975/1198 2064/975/1198 2036/975/1198
f 2039/975/1199 2067/975/1199 2070/975/1199 2044/975/1199
f 2041/975/1200 2073/975/1200 2068/975/1200 2046/975/1200
f 2044/975/1201 2070/975/1201 2073/975/1201 2041/975/1201
f 2075/975/1179 2077/975/1179 2117/975/1179 2118/975/1179
f 2049/975/1202 2077/975/1202 2079/975/1202 2051/975/1202
f 2051/975/1203 2079/975/1203 2080/975/1203 2059/975/1203
f 2059/975/1204 2080/975/1204 2082/975/1204 2053/975/1204
f 2053/975/1205 2082/975/1205 2084/975/1205 2055/975/1205
f 2055/975/1206 2084/975/1206 2086/975/1206 2057/975/1206
f 2099/975/1179 2095/975/1179 2094/975/1179 2100/975/1179
f 2089/975/1179 2100/975/1179 2094/975/1179 2088/975/1179
f 2089/975/1179 2088/975/1179 2066/975/1179
f 2061/975/1179 2071/975/1179 2066/975/1179 2088/975/1179
f 2069/975/1179 2072/975/1179 2071/975/1179 2061/975/1179
f 2061/975/1207 2088/975/1207 2062/975/1207 2087/975/1207
f 2089/975/1246 2066/975/1246 2090/975/1246 2065/975/1246
f 2069/975/1244 2061/975/1244 2087/975/1244 2091/975/1244
f 2071/975/1210 2072/975/1210 2093/975/1210 2092/975/1210
f 2066/975/1247 2071/975/1247 2092/975/1247 2090/975/1247
f 2072/975/1212 2069/975/1212 2091/975/1212 2093/975/1212
f 2088/975/1213 2094/975/1213 2074/975/1213 2062/975/1213
f 2094/975/1214 2095/975/1214 2076/975/1214 2074/975/1214
f 2095/975/1215 2078/975/1215 2096/975/1215 2076/975/1215
f 2081/975/1240 2098/975/1240 2097/975/1240
f 2081/975/1217 2099/975/1217 2083/975/1217 2098/975/1217
f 2099/975/1218 2100/975/1218 2085/975/1218 2083/975/1218
f 2100/975/1219 2089/975/1219 2065/975/1219 2085/975/1219
f 2078/975/1220 2081/975/1220 2097/975/1220 2096/975/1220
f 2052/975/1221 2054/975/1221 2056/975/1221 2050/975/1221
f 2050/975/1221 2056/975/1221 2058/975/1221 2048/975/1221
f 2048/975/1221 2058/975/1221 2035/975/1221 2034/975/1221
f 2034/975/1221 2035/975/1221 2040/975/1221 2043/975/1221 2037/975/1221
f 2037/975/1221 2043/975/1221 2042/975/1221 2045/975/1221
f 2034/975/1241 2037/975/1241 2102/975/1241 2101/975/1241
f 2040/975/1223 2035/975/1223 2104/975/1223 2103/975/1223
f 2037/975/1248 2045/975/1248 2105/975/1248 2102/975/1248
f 2042/975/1225 2043/975/1225 2107/975/1225 2106/975/1225
f 2043/975/1226 2040/975/1226 2103/975/1226 2107/975/1226
f 2045/975/1227 2042/975/1227 2106/975/1227 2105/975/1227
f 2048/975/1228 2034/975/1228 2101/975/1228 2108/975/1228
f 2050/975/1229 2048/975/1229 2108/975/1229 2109/975/1229
f 2052/975/1230 2050/975/1230 2109/975/1230 2110/975/1230
f 2054/975/1231 2112/975/1231 2111/975/1231
f 2056/975/1232 2054/975/1232 2111/975/1232 2113/975/1232
f 2058/975/1233 2056/975/1233 2113/975/1233 2114/975/1233
f 2035/975/1234 2058/975/1234 2114/975/1234 2104/975/1234
f 2054/975/1249 2052/975/1249 2110/975/1249 2112/975/1249
f 2115/975/1236 2118/975/1236 2117/975/1236 2116/975/1236
f 2049/975/1221 2047/975/1221 2115/975/1221 2116/975/1221
f 2077/975/1237 2049/975/1237 2116/975/1237 2117/975/1237
f 2047/975/1238 2075/975/1238 2118/975/1238 2115/975/1238
f 2124/975/1165 2119/975/1165 2187/975/1165 2188/975/1165
f 2122/975/1166 2125/975/1166 2189/975/1166 2190/975/1166
f 2132/975/1167 2124/975/1167 2188/975/1167 2191/975/1167
f 2130/975/1168 2127/975/1168 2192/975/1168 2193/975/1168
f 2125/975/1169 2130/975/1169 2193/975/1169 2189/975/1169
f 2127/975/1170 2132/975/1170 2191/975/1170 2192/975/1170
f 2119/975/1171 2133/975/1171 2194/975/1171 2187/975/1171
f 2133/975/1172 2135/975/1172 2195/975/1172 2194/975/1172
f 2135/975/1173 2137/975/1173 2196/975/1173 2195/975/1173
f 2145/975/1174 2139/975/1174 2197/975/1174 2198/975/1174
f 2139/975/1175 2141/975/1175 2199/975/1175 2197/975/1175
f 2141/975/1176 2143/975/1176 2200/975/1176 2199/975/1176
f 2190/975/1177 2200/975/1177 2143/975/1177 2122/975/1177
f 2137/975/1178 2145/975/1178 2198/975/1178 2196/975/1178
f 2167/975/1179 2164/975/1179 2185/975/1179
f 2173/975/1180 2148/975/1180 2149/975/1180 2146/975/1180
f 2151/975/1181 2176/975/1181 2153/975/1181 2150/975/1181
f 2177/975/1182 2173/975/1182 2146/975/1182 2154/975/1182
f 2178/975/1183 2179/975/1183 2159/975/1183 2156/975/1183
f 2176/975/1250 2178/975/1250 2156/975/1250 2153/975/1250
f 2179/975/1239 2177/975/1239 2154/975/1239 2159/975/1239
f 2148/975/1186 2160/975/1186 2161/975/1186 2149/975/1186
f 2160/975/1187 2162/975/1187 2163/975/1187 2161/975/1187
f 2162/975/1188 2182/975/1188 2165/975/1188 2163/975/1188
f 2183/975/1189 2184/975/1189 2168/975/1189 2166/975/1189
f 2184/975/1190 2169/975/1190 2170/975/1190 2168/975/1190
f 2169/975/1191 2171/975/1191 2172/975/1191 2170/975/1191
f 2150/975/1192 2172/975/1192 2171/975/1192 2151/975/1192
f 2182/975/1193 2183/975/1193 2166/975/1193 2165/975/1193
f 2124/975/1194 2146/975/1194 2149/975/1194 2119/975/1194
f 2185/975/1179 2164/975/1179 2181/975/1179
f 2132/975/1195 2154/975/1195 2146/975/1195 2124/975/1195
f 2119/975/1196 2149/975/1196 2161/975/1196 2133/975/1196
f 2122/975/1197 2150/975/1197 2153/975/1197 2125/975/1197
f 2143/975/1198 2172/975/1198 2150/975/1198 2122/975/1198
f 2125/975/1199 2153/975/1199 2156/975/1199 2130/975/1199
f 2127/975/1200 2159/975/1200 2154/975/1200 2132/975/1200
f 2130/975/1201 2156/975/1201 2159/975/1201 2127/975/1201
f 2161/975/1179 2163/975/1179 2203/975/1179 2204/975/1179
f 2135/975/1202 2163/975/1202 2165/975/1202 2137/975/1202
f 2137/975/1203 2165/975/1203 2166/975/1203 2145/975/1203
f 2145/975/1204 2166/975/1204 2168/975/1204 2139/975/1204
f 2139/975/1205 2168/975/1205 2170/975/1205 2141/975/1205
f 2141/975/1206 2170/975/1206 2172/975/1206 2143/975/1206
f 2185/975/1179 2181/975/1179 2180/975/1179 2186/975/1179
f 2175/975/1179 2186/975/1179 2180/975/1179 2174/975/1179
f 2175/975/1179 2174/975/1179 2152/975/1179
f 2147/975/1179 2157/975/1179 2152/975/1179 2174/975/1179
f 2155/975/1179 2158/975/1179 2157/975/1179 2147/975/1179
f 2147/975/1251 2174/975/1251 2148/975/1251 2173/975/1251
f 2175/975/1246 2152/975/1246 2176/975/1246 2151/975/1246
f 2155/975/1209 2147/975/1209 2173/975/1209 2177/975/1209
f 2157/975/1210 2158/975/1210 2179/975/1210 2178/975/1210
f 2152/975/1211 2157/975/1211 2178/975/1211 2176/975/1211
f 2158/975/1212 2155/975/1212 2177/975/1212 2179/975/1212
f 2174/975/1213 2180/975/1213 2160/975/1213 2148/975/1213
f 2180/975/1214 2181/975/1214 2162/975/1214 2160/975/1214
f 2181/975/1215 2164/975/1215 2182/975/1215 2162/975/1215
f 2167/975/1240 2184/975/1240 2183/975/1240
f 2167/975/1217 2185/975/1217 2169/975/1217 2184/975/1217
f 2185/975/1218 2186/975/1218 2171/975/1218 2169/975/1218
f 2186/975/1219 2175/975/1219 2151/975/1219 2171/975/1219
f 2164/975/1220 2167/975/1220 2183/975/1220 2182/975/1220
f 2138/975/1221 2140/975/1221 2142/975/1221 2136/975/1221
f 2136/975/1221 2142/975/1221 2144/975/1221 2134/975/1221
f 2134/975/1221 2144/975/1221 2121/975/1221 2120/975/1221
f 2120/975/1221 2121/975/1221 2126/975/1221 2129/975/1221 2123/975/1221
f 2123/975/1221 2129/975/1221 2128/975/1221 2131/975/1221
f 2120/975/1252 2123/975/1252 2188/975/1252 2187/975/1252
f 2126/975/1223 2121/975/1223 2190/975/1223 2189/975/1223
f 2123/975/1224 2131/975/1224 2191/975/1224 2188/975/1224
f 2128/975/1225 2129/975/1225 2193/975/1225 2192/975/1225
f 2129/975/1226 2126/975/1226 2189/975/1226 2193/975/1226
f 2131/975/1227 2128/975/1227 2192/975/1227 2191/975/1227
f 2134/975/1228 2120/975/1228 2187/975/1228 2194/975/1228
f 2136/975/1229 2134/975/1229 2194/975/1229 2195/975/1229
f 2138/975/1230 2136/975/1230 2195/975/1230 2196/975/1230
f 2140/975/1231 2198/975/1231 2197/975/1231
f 2142/975/1253 2140/975/1253 2197/975/1253 2199/975/1253
f 2144/975/1233 2142/975/1233 2199/975/1233 2200/975/1233
f 2121/975/1234 2144/975/1234 2200/975/1234 2190/975/1234
f 2140/975/1235 2138/975/1235 2196/975/1235 2198/975/1235
f 2201/975/1236 2204/975/1236 2203/975/1236 2202/975/1236
f 2135/975/1221 2133/975/1221 2201/975/1221 2202/975/1221
f 2163/975/1237 2135/975/1237 2202/975/1237 2203/975/1237
f 2133/975/1238 2161/975/1238 2204/975/1238 2201/975/1238
f 2210/975/1165 2205/975/1165 2273/975/1165 2274/975/1165
f 2208/975/1166 2211/975/1166 2275/975/1166 2276/975/1166
f 2218/975/1167 2210/975/1167 2274/975/1167 2277/975/1167
f 2216/975/1168 2213/975/1168 2278/975/1168 2279/975/1168
f 2211/975/1169 2216/975/1169 2279/975/1169 2275/975/1169
f 2213/975/1170 2218/975/1170 2277/975/1170 2278/975/1170
f 2205/975/1171 2219/975/1171 2280/975/1171 2273/975/1171
f 2219/975/1172 2221/975/1172 2281/975/1172 2280/975/1172
f 2221/975/1173 2223/975/1173 2282/975/1173 2281/975/1173
f 2231/975/1174 2225/975/1174 2283/975/1174 2284/975/1174
f 2225/975/1175 2227/975/1175 2285/975/1175 2283/975/1175
f 2227/975/1176 2229/975/1176 2286/975/1176 2285/975/1176
f 2276/975/1177 2286/975/1177 2229/975/1177 2208/975/1177
f 2223/975/1178 2231/975/1178 2284/975/1178 2282/975/1178
f 2253/975/1179 2250/975/1179 2271/975/1179
f 2259/975/1180 2234/975/1180 2235/975/1180 2232/975/1180
f 2237/975/1181 2262/975/1181 2239/975/1181 2236/975/1181
f 2263/975/1182 2259/975/1182 2232/975/1182 2240/975/1182
f 2264/975/1183 2265/975/1183 2245/975/1183 2242/975/1183
f 2262/975/1184 2264/975/1184 2242/975/1184 2239/975/1184
f 2265/975/1185 2263/975/1185 2240/975/1185 2245/975/1185
f 2234/975/1186 2246/975/1186 2247/975/1186 2235/975/1186
f 2246/975/1187 2248/975/1187 2249/975/1187 2247/975/1187
f 2248/975/1188 2268/975/1188 2251/975/1188 2249/975/1188
f 2269/975/1189 2270/975/1189 2254/975/1189 2252/975/1189
f 2270/975/1190 2255/975/1190 2256/975/1190 2254/975/1190
f 2255/975/1191 2257/975/1191 2258/975/1191 2256/975/1191
f 2236/975/1192 2258/975/1192 2257/975/1192 2237/975/1192
f 2268/975/1193 2269/975/1193 2252/975/1193 2251/975/1193
f 2210/975/1194 2232/975/1194 2235/975/1194 2205/975/1194
f 2271/975/1179 2250/975/1179 2267/975/1179
f 2218/975/1195 2240/975/1195 2232/975/1195 2210/975/1195
f 2205/975/1196 2235/975/1196 2247/975/1196 2219/975/1196
f 2208/975/1197 2236/975/1197 2239/975/1197 2211/975/1197
f 2229/975/1198 2258/975/1198 2236/975/1198 2208/975/1198
f 2211/975/1199 2239/975/1199 2242/975/1199 2216/975/1199
f 2213/975/1200 2245/975/1200 2240/975/1200 2218/975/1200
f 2216/975/1201 2242/975/1201 2245/975/1201 2213/975/1201
f 2247/975/1179 2249/975/1179 2289/975/1179 2290/975/1179
f 2221/975/1202 2249/975/1202 2251/975/1202 2223/975/1202
f 2223/975/1203 2251/975/1203 2252/975/1203 2231/975/1203
f 2231/975/1204 2252/975/1204 2254/975/1204 2225/975/1204
f 2225/975/1205 2254/975/1205 2256/975/1205 2227/975/1205
f 2227/975/1206 2256/975/1206 2258/975/1206 2229/975/1206
f 2271/975/1179 2267/975/1179 2266/975/1179 2272/975/1179
f 2261/975/1179 2272/975/1179 2266/975/1179 2260/975/1179
f 2261/975/1179 2260/975/1179 2238/975/1179
f 2233/975/1179 2243/975/1179 2238/975/1179 2260/975/1179
f 2241/975/1179 2244/975/1179 2243/975/1179 2233/975/1179
f 2233/975/1207 2260/975/1207 2234/975/1207 2259/975/1207
f 2261/975/1246 2238/975/1246 2262/975/1246 2237/975/1246
f 2241/975/1244 2233/975/1244 2259/975/1244 2263/975/1244
f 2243/975/1210 2244/975/1210 2265/975/1210 2264/975/1210
f 2238/975/1211 2243/975/1211 2264/975/1211 2262/975/1211
f 2244/975/1212 2241/975/1212 2263/975/1212 2265/975/1212
f 2260/975/1213 2266/975/1213 2246/975/1213 2234/975/1213
f 2266/975/1214 2267/975/1214 2248/975/1214 2246/975/1214
f 2267/975/1215 2250/975/1215 2268/975/1215 2248/975/1215
f 2253/975/1216 2270/975/1216 2269/975/1216
f 2253/975/1217 2271/975/1217 2255/975/1217 2270/975/1217
f 2271/975/1218 2272/975/1218 2257/975/1218 2255/975/1218
f 2272/975/1219 2261/975/1219 2237/975/1219 2257/975/1219
f 2250/975/1220 2253/975/1220 2269/975/1220 2268/975/1220
f 2224/975/1221 2226/975/1221 2228/975/1221 2222/975/1221
f 2222/975/1221 2228/975/1221 2230/975/1221 2220/975/1221
f 2220/975/1221 2230/975/1221 2207/975/1221 2206/975/1221
f 2206/975/1221 2207/975/1221 2212/975/1221 2215/975/1221 2209/975/1221
f 2209/975/1221 2215/975/1221 2214/975/1221 2217/975/1221
f 2206/975/1222 2209/975/1222 2274/975/1222 2273/975/1222
f 2212/975/1223 2207/975/1223 2276/975/1223 2275/975/1223
f 2209/975/1248 2217/975/1248 2277/975/1248 2274/975/1248
f 2214/975/1254 2215/975/1254 2279/975/1254 2278/975/1254
f 2215/975/1255 2212/975/1255 2275/975/1255 2279/975/1255
f 2217/975/1227 2214/975/1227 2278/975/1227 2277/975/1227
f 2220/975/1228 2206/975/1228 2273/975/1228 2280/975/1228
f 2222/975/1229 2220/975/1229 2280/975/1229 2281/975/1229
f 2224/975/1256 2222/975/1256 2281/975/1256 2282/975/1256
f 2226/975/1231 2284/975/1231 2283/975/1231
f 2228/975/1232 2226/975/1232 2283/975/1232 2285/975/1232
f 2230/975/1233 2228/975/1233 2285/975/1233 2286/975/1233
f 2207/975/1234 2230/975/1234 2286/975/1234 2276/975/1234
f 2226/975/1249 2224/975/1249 2282/975/1249 2284/975/1249
f 2287/975/1236 2290/975/1236 2289/975/1236 2288/975/1236
f 2221/975/1221 2219/975/1221 2287/975/1221 2288/975/1221
f 2249/975/1237 2221/975/1237 2288/975/1237 2289/975/1237
f 2219/975/1238 2247/975/1238 2290/975/1238 2287/975/1238
f 2296/975/1165 2291/975/1165 2359/975/1165 2360/975/1165
f 2294/975/1166 2297/975/1166 2361/975/1166 2362/975/1166
f 2304/975/1167 2296/975/1167 2360/975/1167 2363/975/1167
f 2302/975/1168 2299/975/1168 2364/975/1168 2365/975/1168
f 2297/975/1245 2302/975/1245 2365/975/1245 2361/975/1245
f 2299/975/1170 2304/975/1170 2363/975/1170 2364/975/1170
f 2291/975/1171 2305/975/1171 2366/975/1171 2359/975/1171
f 2305/975/1172 2307/975/1172 2367/975/1172 2366/975/1172
f 2307/975/1173 2309/975/1173 2368/975/1173 2367/975/1173
f 2317/975/1174 2311/975/1174 2369/975/1174 2370/975/1174
f 2311/975/1175 2312/975/1175 2371/975/1175 2369/975/1175
f 2312/975/1176 2314/975/1176 2372/975/1176 2371/975/1176
f 2362/975/1177 2372/975/1177 2314/975/1177 2294/975/1177
f 2309/975/1178 2317/975/1178 2370/975/1178 2368/975/1178
f 2339/975/1179 2336/975/1179 2357/975/1179
f 2345/975/1180 2320/975/1180 2321/975/1180 2318/975/1180
f 2323/975/1181 2348/975/1181 2325/975/1181 2322/975/1181
f 2349/975/1182 2345/975/1182 2318/975/1182 2326/975/1182
f 2350/975/1183 2351/975/1183 2331/975/1183 2328/975/1183
f 2348/975/1184 2350/975/1184 2328/975/1184 2325/975/1184
f 2351/975/1239 2349/975/1239 2326/975/1239 2331/975/1239
f 2320/975/1186 2332/975/1186 2333/975/1186 2321/975/1186
f 2332/975/1187 2334/975/1187 2335/975/1187 2333/975/1187
f 2334/975/1188 2354/975/1188 2337/975/1188 2335/975/1188
f 2355/975/1189 2356/975/1189 2340/975/1189 2338/975/1189
f 2356/975/1190 2341/975/1190 2342/975/1190 2340/975/1190
f 2341/975/1191 2343/975/1191 2344/975/1191 2342/975/1191
f 2322/975/1192 2344/975/1192 2343/975/1192 2323/975/1192
f 2354/975/1193 2355/975/1193 2338/975/1193 2337/975/1193
f 2296/975/1194 2318/975/1194 2321/975/1194 2291/975/1194
f 2357/975/1179 2336/975/1179 2353/975/1179
f 2304/975/1195 2326/975/1195 2318/975/1195 2296/975/1195
f 2291/975/1196 2321/975/1196 2333/975/1196 2305/975/1196
f 2294/975/1197 2322/975/1197 2325/975/1197 2297/975/1197
f 2314/975/1198 2344/975/1198 2322/975/1198 2294/975/1198
f 2297/975/1199 2325/975/1199 2328/975/1199 2302/975/1199
f 2299/975/1200 2331/975/1200 2326/975/1200 2304/975/1200
f 2302/975/1201 2328/975/1201 2331/975/1201 2299/975/1201
f 2333/975/1179 2335/975/1179 2375/975/1179 2376/975/1179
f 2307/975/1202 2335/975/1202 2337/975/1202 2309/975/1202
f 2309/975/1203 2337/975/1203 2338/975/1203 2317/975/1203
f 2317/975/1204 2338/975/1204 2340/975/1204 2311/975/1204
f 2311/975/1205 2340/975/1205 2342/975/1205 2312/975/1205
f 2312/975/1206 2342/975/1206 2344/975/1206 2314/975/1206
f 2357/975/1179 2353/975/1179 2352/975/1179 2358/975/1179
f 2347/975/1179 2358/975/1179 2352/975/1179 2346/975/1179
f 2347/975/1179 2346/975/1179 2324/975/1179
f 2319/975/1179 2329/975/1179 2324/975/1179 2346/975/1179
f 2327/975/1179 2330/975/1179 2329/975/1179 2319/975/1179
f 2319/975/1207 2346/975/1207 2320/975/1207 2345/975/1207
f 2347/975/1246 2324/975/1246 2348/975/1246 2323/975/1246
f 2327/975/1209 2319/975/1209 2345/975/1209 2349/975/1209
f 2329/975/1210 2330/975/1210 2351/975/1210 2350/975/1210
f 2324/975/1247 2329/975/1247 2350/975/1247 2348/975/1247
f 2330/975/1212 2327/975/1212 2349/975/1212 2351/975/1212
f 2346/975/1213 2352/975/1213 2332/975/1213 2320/975/1213
f 2352/975/1214 2353/975/1214 2334/975/1214 2332/975/1214
f 2353/975/1215 2336/975/1215 2354/975/1215 2334/975/1215
f 2339/975/1240 2356/975/1240 2355/975/1240
f 2339/975/1217 2357/975/1217 2341/975/1217 2356/975/1217
f 2357/975/1218 2358/975/1218 2343/975/1218 2341/975/1218
f 2358/975/1219 2347/975/1219 2323/975/1219 2343/975/1219
f 2336/975/1257 2339/975/1257 2355/975/1257 2354/975/1257
f 2310/975/1221 2316/975/1221 2313/975/1221 2308/975/1221
f 2308/975/1221 2313/975/1221 2315/975/1221 2306/975/1221
f 2306/975/1221 2315/975/1221 2293/975/1221 2292/975/1221
f 2292/975/1221 2293/975/1221 2298/975/1221 2301/975/1221 2295/975/1221
f 2295/975/1221 2301/975/1221 2300/975/1221 2303/975/1221
f 2292/975/1222 2295/975/1222 2360/975/1222 2359/975/1222
f 2298/975/1223 2293/975/1223 2362/975/1223 2361/975/1223
f 2295/975/1248 2303/975/1248 2363/975/1248 2360/975/1248
f 2300/975/1254 2301/975/1254 2365/975/1254 2364/975/1254
f 2301/975/1255 2298/975/1255 2361/975/1255 2365/975/1255
f 2303/975/1227 2300/975/1227 2364/975/1227 2363/975/1227
f 2306/975/1258 2292/975/1258 2359/975/1258 2366/975/1258
f 2308/975/1229 2306/975/1229 2366/975/1229 2367/975/1229
f 2310/975/1256 2308/975/1256 2367/975/1256 2368/975/1256
f 2316/975/1231 2370/975/1231 2369/975/1231
f 2313/975/1232 2316/975/1232 2369/975/1232 2371/975/1232
f 2315/975/1233 2313/975/1233 2371/975/1233 2372/975/1233
f 2293/975/1234 2315/975/1234 2372/975/1234 2362/975/1234
f 2316/975/1249 2310/975/1249 2368/975/1249 2370/975/1249
f 2373/975/1236 2376/975/1236 2375/975/1236 2374/975/1236
f 2307/975/1221 2305/975/1221 2373/975/1221 2374/975/1221
f 2335/975/1237 2307/975/1237 2374/975/1237 2375/975/1237
f 2305/975/1238 2333/975/1238 2376/975/1238 2373/975/1238
o Plane.013
v 4.473800 1.801441 16.016169
v 4.376551 1.809450 15.975404
v 4.041602 1.914262 15.975404
v 3.945095 1.887342 16.016169
v 4.376551 3.274071 15.975404
v 4.473800 3.354966 16.016169
v 3.921123 2.711707 16.016169
v 4.018428 2.711184 15.975404
v 4.060619 3.368950 16.016169
v 4.103271 3.275728 15.975404
v 4.038507 3.215267 15.975404
v 3.942926 3.259076 16.016169
v 4.270471 3.293713 15.975404
v 4.274201 3.391923 16.016169
v 4.431182 1.544459 16.016169
v 4.349098 1.643909 15.975404
v 3.140834 1.578531 16.016169
v 3.165719 1.675157 15.975404
v 2.934183 1.685519 16.016169
v 3.005645 1.758031 15.975404
v 2.918867 1.911925 16.016169
v 3.412410 1.918529 16.016169
v 3.406775 1.821196 15.975404
v 3.968271 1.846390 16.016169
v 4.148761 1.724901 15.975404
v 2.978737 1.812983 15.975404
v 2.868259 1.808433 16.016169
v 4.473800 3.354966 17.553280
v 4.373435 3.271479 17.601818
v 4.406236 1.807006 17.620846
v 4.473800 1.801441 17.553280
v 3.945096 1.887342 17.553280
v 4.012145 1.906045 17.620846
v 4.021546 2.711167 17.601818
v 3.921123 2.711707 17.553280
v 4.274202 3.391924 17.553280
v 4.270352 3.290566 17.601818
v 3.942927 3.259078 17.553280
v 4.041570 3.213863 17.601818
v 4.104638 3.272741 17.601818
v 4.060619 3.368950 17.553280
v 4.374154 1.613553 17.620846
v 4.431183 1.544460 17.553280
v 3.158123 1.645663 17.620846
v 3.140835 1.578531 17.553282
v 3.007935 1.760354 17.601820
v 2.934184 1.685519 17.553282
v 2.868259 1.808433 17.553282
v 2.981467 1.811471 17.601820
v 2.918868 1.911925 17.553282
v 3.408495 1.850906 17.620846
v 3.412411 1.918529 17.553280
v 4.093668 1.761985 17.620846
v 3.968271 1.846390 17.553280
v 4.406236 3.298764 17.620844
v 4.373435 1.809707 17.601818
v 4.044695 1.915124 17.601820
v 3.988727 2.711344 17.620846
v 4.271610 3.323691 17.620846
v 4.009332 3.228639 17.620846
v 4.090252 3.304184 17.620846
v 4.346468 1.647096 17.601818
v 3.166517 1.678253 17.601820
v 2.983832 1.735897 17.620846
v 2.944165 1.809856 17.620846
v 2.961313 1.844923 17.620846
v 3.406594 1.818078 17.601820
v 4.154545 1.721009 17.601818
v 4.405365 1.807077 15.947733
v 4.405365 3.298039 15.947733
v 3.989598 2.711339 15.947733
v 4.013008 1.906286 15.947733
v 4.271576 3.322811 15.947733
v 4.090634 3.303349 15.947733
v 4.010188 3.228247 15.947733
v 4.373418 1.614444 15.947733
v 3.158346 1.646528 15.947733
v 2.984472 1.736546 15.947733
v 2.961859 1.844059 15.947733
v 2.945143 1.809874 15.947733
v 3.408444 1.850034 15.947733
v 4.095284 1.760897 15.947733
v 4.421344 1.135768 16.016169
v 3.130996 1.169840 16.016169
v 3.130997 1.169840 17.553282
v 4.421345 1.135769 17.553280
v 4.473799 1.801441 14.224455
v 4.376550 1.809451 14.183691
v 4.041602 1.914262 14.183691
v 3.945095 1.887342 14.224455
v 4.376550 3.274071 14.183691
v 4.473799 3.354966 14.224455
v 3.921122 2.711707 14.224455
v 4.018427 2.711184 14.183691
v 4.060618 3.368950 14.224455
v 4.103271 3.275728 14.183691
v 4.038506 3.215267 14.183691
v 3.942925 3.259076 14.224455
v 4.270470 3.293713 14.183691
v 4.274200 3.391923 14.224455
v 4.431181 1.544460 14.224455
v 4.349097 1.643910 14.183691
v 3.140834 1.578531 14.224455
v 3.165719 1.675157 14.183691
v 2.934182 1.685519 14.224455
v 3.005645 1.758031 14.183691
v 2.918867 1.911925 14.224455
v 2.978737 1.812983 14.183691
v 3.412410 1.918529 14.224455
v 3.406774 1.821196 14.183691
v 3.968270 1.846390 14.224455
v 4.148761 1.724901 14.183691
v 2.868258 1.808433 14.224455
v 4.473800 3.354966 15.761567
v 4.373435 3.271479 15.810105
v 4.406235 1.807006 15.829132
v 4.473800 1.801441 15.761567
v 3.945095 1.887343 15.761567
v 4.012144 1.906045 15.829132
v 4.021545 2.711167 15.810106
v 3.921123 2.711707 15.761567
v 4.274201 3.391923 15.761567
v 4.270351 3.290566 15.810105
v 3.942926 3.259076 15.761567
v 4.041569 3.213863 15.810106
v 4.104637 3.272741 15.810106
v 4.060619 3.368950 15.761567
v 4.374153 1.613553 15.829132
v 4.431182 1.544460 15.761567
v 3.158123 1.645663 15.829132
v 3.140834 1.578531 15.761568
v 3.007935 1.760354 15.810106
v 2.934183 1.685520 15.761568
v 2.868259 1.808434 15.761568
v 2.981466 1.811471 15.810106
v 2.918867 1.911925 15.761568
v 3.408495 1.850906 15.829132
v 3.412410 1.918529 15.761568
v 4.093668 1.761985 15.829132
v 3.968270 1.846390 15.761567
v 4.406235 3.298764 15.829131
v 4.373435 1.809707 15.810106
v 4.044694 1.915124 15.810106
v 3.988726 2.711344 15.829132
v 4.271609 3.323691 15.829132
v 4.009331 3.228639 15.829132
v 4.090251 3.304184 15.829132
v 4.346468 1.647096 15.810106
v 3.166516 1.678253 15.810106
v 2.983832 1.735897 15.829132
v 2.944165 1.809856 15.829132
v 2.961313 1.844923 15.829132
v 3.406594 1.818078 15.810106
v 4.154544 1.721009 15.810106
v 4.405364 1.807078 14.156020
v 4.405364 3.298039 14.156019
v 3.989597 2.711339 14.156020
v 4.013008 1.906286 14.156020
v 4.271575 3.322811 14.156020
v 4.090633 3.303349 14.156020
v 4.010187 3.228247 14.156020
v 4.373418 1.614444 14.156020
v 3.158345 1.646528 14.156020
v 2.984471 1.736546 14.156020
v 2.961859 1.844059 14.156020
v 2.945142 1.809874 14.156020
v 3.408444 1.850035 14.156020
v 4.095284 1.760897 14.156020
v 4.421344 1.135768 14.224455
v 3.130996 1.169840 14.224455
v 3.130996 1.169840 15.761568
v 4.421344 1.135769 15.761567
v 4.473798 1.801441 12.461240
v 4.376550 1.809451 12.420475
v 4.041601 1.914262 12.420476
v 3.945094 1.887342 12.461240
v 4.376550 3.274071 12.420475
v 4.473798 3.354966 12.461240
v 3.921122 2.711707 12.461240
v 4.018426 2.711184 12.420476
v 4.060617 3.368950 12.461240
v 4.103270 3.275728 12.420476
v 4.038506 3.215267 12.420476
v 3.942925 3.259076 12.461240
v 4.270470 3.293712 12.420475
v 4.274200 3.391923 12.461240
v 4.431181 1.544459 12.461240
v 4.349097 1.643910 12.420475
v 3.140833 1.578531 12.461241
v 3.165718 1.675157 12.420476
v 2.934182 1.685519 12.461241
v 3.005644 1.758031 12.420476
v 2.918866 1.911925 12.461241
v 2.978736 1.812983 12.420476
v 3.412409 1.918529 12.461241
v 3.406773 1.821196 12.420476
v 3.968269 1.846390 12.461240
v 4.148760 1.724901 12.420476
v 2.868258 1.808433 12.461241
v 4.473799 3.354966 13.998352
v 4.373435 3.271479 14.046890
v 4.406235 1.807006 14.065917
v 4.473799 1.801442 13.998352
v 3.945095 1.887343 13.998352
v 4.012144 1.906045 14.065917
v 4.021545 2.711167 14.046890
v 3.921122 2.711707 13.998352
v 4.274200 3.391923 13.998352
v 4.270350 3.290566 14.046890
v 3.942925 3.259076 13.998352
v 4.041569 3.213863 14.046890
v 4.104637 3.272741 14.046890
v 4.060618 3.368950 13.998352
v 4.374153 1.613553 14.065917
v 4.431181 1.544460 13.998352
v 3.158123 1.645663 14.065917
v 3.140833 1.578531 13.998353
v 3.007934 1.760354 14.046891
v 2.934182 1.685520 13.998353
v 2.868258 1.808434 13.998353
v 2.981466 1.811471 14.046891
v 2.918867 1.911925 13.998353
v 3.408494 1.850906 14.065917
v 3.412410 1.918529 13.998353
v 4.093667 1.761985 14.065917
v 3.968270 1.846390 13.998352
v 4.406235 3.298764 14.065916
v 4.373435 1.809707 14.046890
v 4.044693 1.915124 14.046891
v 3.988725 2.711344 14.065917
v 4.271609 3.323691 14.065917
v 4.009331 3.228639 14.065917
v 4.090251 3.304184 14.065917
v 4.346467 1.647096 14.046890
v 3.166516 1.678253 14.046891
v 2.983831 1.735897 14.065917
v 2.944164 1.809856 14.065917
v 2.961312 1.844923 14.065917
v 3.406593 1.818078 14.046891
v 4.154544 1.721009 14.046890
v 4.405364 1.807078 12.392805
v 4.405364 3.298039 12.392805
v 3.989596 2.711339 12.392805
v 4.013007 1.906286 12.392805
v 4.271575 3.322811 12.392805
v 4.090632 3.303349 12.392805
v 4.010186 3.228247 12.392805
v 4.373417 1.614444 12.392805
v 3.158345 1.646528 12.392805
v 2.984471 1.736546 12.392805
v 2.961859 1.844059 12.392805
v 2.945142 1.809874 12.392805
v 3.408443 1.850035 12.392805
v 4.095283 1.760897 12.392805
v 4.421343 1.135768 12.461240
v 3.130995 1.169840 12.461241
v 3.130996 1.169840 13.998353
v 4.421344 1.135769 13.998352
v 4.473798 1.801441 10.691416
v 4.376549 1.809451 10.650652
v 4.041600 1.914262 10.650652
v 3.945093 1.887342 10.691416
v 4.376549 3.274071 10.650652
v 4.473798 3.354966 10.691416
v 3.921121 2.711707 10.691416
v 4.018426 2.711184 10.650652
v 4.060617 3.368950 10.691416
v 4.103269 3.275728 10.650652
v 4.038505 3.215267 10.650652
v 3.942924 3.259076 10.691416
v 4.270469 3.293713 10.650652
v 4.274199 3.391923 10.691416
v 4.431180 1.544460 10.691416
v 4.349096 1.643910 10.650652
v 3.140832 1.578531 10.691417
v 3.165717 1.675157 10.650652
v 2.934181 1.685519 10.691417
v 3.005644 1.758031 10.650652
v 2.918866 1.911925 10.691417
v 2.978736 1.812983 10.650652
v 3.412409 1.918529 10.691416
v 3.406773 1.821196 10.650652
v 3.968269 1.846390 10.691416
v 4.148760 1.724901 10.650652
v 2.868257 1.808433 10.691417
v 4.473798 3.354966 12.228528
v 4.373434 3.271479 12.277067
v 4.406234 1.807006 12.296093
v 4.473798 1.801441 12.228528
v 3.945094 1.887342 12.228528
v 4.012143 1.906045 12.296093
v 4.021544 2.711167 12.277067
v 3.921122 2.711707 12.228528
v 4.274200 3.391923 12.228528
v 4.270350 3.290566 12.277067
v 3.942925 3.259076 12.228528
v 4.041568 3.213863 12.277067
v 4.104636 3.272741 12.277067
v 4.060617 3.368950 12.228528
v 4.374152 1.613553 12.296093
v 4.431181 1.544460 12.228528
v 3.158122 1.645663 12.296093
v 3.140833 1.578531 12.228529
v 3.007934 1.760354 12.277067
v 2.934182 1.685520 12.228529
v 2.868258 1.808433 12.228529
v 2.981465 1.811471 12.277067
v 2.918866 1.911925 12.228529
v 3.408494 1.850906 12.296093
v 3.412409 1.918529 12.228529
v 4.093667 1.761985 12.296093
v 3.968269 1.846390 12.228528
v 4.406234 3.298764 12.296093
v 4.373434 1.809707 12.277067
v 4.044693 1.915124 12.277067
v 3.988725 2.711344 12.296093
v 4.271608 3.323691 12.296093
v 4.009330 3.228639 12.296093
v 4.090250 3.304184 12.296093
v 4.346467 1.647096 12.277067
v 3.166515 1.678253 12.277067
v 2.983831 1.735897 12.296093
v 2.944163 1.809856 12.296093
v 2.961311 1.844923 12.296093
v 3.406593 1.818078 12.277067
v 4.154543 1.721009 12.277067
v 4.405363 1.807078 10.622981
v 4.405363 3.298039 10.622981
v 3.989596 2.711339 10.622981
v 4.013007 1.906286 10.622981
v 4.271574 3.322811 10.622981
v 4.090632 3.303349 10.622981
v 4.010186 3.228247 10.622981
v 4.373416 1.614444 10.622981
v 3.158344 1.646528 10.622982
v 2.984470 1.736546 10.622982
v 2.961858 1.844059 10.622982
v 2.945141 1.809874 10.622982
v 3.408442 1.850035 10.622981
v 4.095283 1.760897 10.622981
v 4.421342 1.135768 10.691416
v 3.130995 1.169840 10.691417
v 3.130995 1.169840 12.228529
v 4.421343 1.135769 12.228528
v 4.473797 1.801441 8.942362
v 4.376549 1.809451 8.901597
v 4.041600 1.914262 8.901597
v 3.945093 1.887342 8.942362
v 4.376549 3.274071 8.901597
v 4.473797 3.354966 8.942361
v 3.921120 2.711707 8.942362
v 4.018425 2.711184 8.901597
v 4.060616 3.368950 8.942362
v 4.103269 3.275728 8.901597
v 4.038505 3.215267 8.901597
v 3.942924 3.259076 8.942362
v 4.270468 3.293713 8.901597
v 4.274199 3.391923 8.942362
v 4.431180 1.544460 8.942362
v 4.349095 1.643910 8.901597
v 3.140832 1.578531 8.942362
v 3.165717 1.675157 8.901598
v 2.934181 1.685519 8.942362
v 3.005643 1.758031 8.901598
v 2.918865 1.911925 8.942362
v 2.978735 1.812983 8.901598
v 3.412408 1.918529 8.942362
v 3.406772 1.821196 8.901597
v 3.968268 1.846390 8.942362
v 4.148759 1.724901 8.901597
v 2.868257 1.808433 8.942362
v 4.473798 3.354966 10.479473
v 4.373433 3.271479 10.528011
v 4.406234 1.807006 10.547037
v 4.473798 1.801441 10.479473
v 3.945093 1.887343 10.479473
v 4.012142 1.906045 10.547037
v 4.021544 2.711167 10.528011
v 3.921121 2.711707 10.479473
v 4.274199 3.391923 10.479473
v 4.270350 3.290566 10.528011
v 3.942924 3.259076 10.479473
v 4.041567 3.213863 10.528011
v 4.104636 3.272741 10.528011
v 4.060617 3.368950 10.479473
v 4.374152 1.613553 10.547037
v 4.431180 1.544460 10.479473
v 3.158121 1.645663 10.547038
v 3.140832 1.578531 10.479474
v 3.007933 1.760354 10.528012
v 2.934181 1.685520 10.479474
v 2.868257 1.808433 10.479474
v 2.981464 1.811471 10.528012
v 2.918865 1.911925 10.479474
v 3.408493 1.850906 10.547037
v 3.412409 1.918529 10.479473
v 4.093666 1.761985 10.547037
v 3.968269 1.846390 10.479473
v 4.406234 3.298764 10.547037
v 4.373433 1.809707 10.528011
v 4.044693 1.915124 10.528011
v 3.988724 2.711344 10.547037
v 4.271608 3.323691 10.547037
v 4.009330 3.228639 10.547037
v 4.090250 3.304184 10.547037
v 4.346466 1.647096 10.528011
v 3.166514 1.678253 10.528012
v 2.983830 1.735897 10.547038
v 2.944163 1.809856 10.547038
v 2.961311 1.844923 10.547038
v 3.406592 1.818078 10.528011
v 4.154542 1.721009 10.528011
v 4.405362 1.807078 8.873926
v 4.405362 3.298039 8.873926
v 3.989595 2.711339 8.873926
v 4.013006 1.906286 8.873926
v 4.271574 3.322811 8.873926
v 4.090631 3.303349 8.873926
v 4.010185 3.228247 8.873926
v 4.373416 1.614444 8.873926
v 3.158344 1.646528 8.873926
v 2.984470 1.736546 8.873926
v 2.961857 1.844059 8.873926
v 2.945141 1.809874 8.873926
v 3.408442 1.850035 8.873926
v 4.095282 1.760897 8.873926
v 4.421342 1.135768 8.942362
v 3.130994 1.169840 8.942362
v 3.130995 1.169840 10.479474
v 4.421342 1.135769 10.479473
v 4.473797 1.801441 7.203730
v 4.376548 1.809451 7.162966
v 4.041599 1.914262 7.162966
v 3.945092 1.887342 7.203730
v 4.376548 3.274071 7.162965
v 4.473797 3.354965 7.203730
v 3.921120 2.711706 7.203730
v 4.018425 2.711184 7.162966
v 4.060616 3.368949 7.203730
v 4.103268 3.275728 7.162965
v 4.038504 3.215266 7.162965
v 3.942923 3.259075 7.203730
v 4.270468 3.293712 7.162965
v 4.274198 3.391922 7.203730
v 4.431179 1.544460 7.203730
v 4.349095 1.643910 7.162966
v 3.140831 1.578531 7.203730
v 3.165716 1.675157 7.162966
v 2.934180 1.685519 7.203730
v 3.005642 1.758031 7.162966
v 2.918864 1.911925 7.203730
v 2.978734 1.812983 7.162966
v 3.412407 1.918529 7.203730
v 3.406772 1.821196 7.162966
v 3.968267 1.846390 7.203730
v 4.148758 1.724901 7.162966
v 2.868256 1.808433 7.203730
v 4.473797 3.354966 8.740842
v 4.373433 3.271479 8.789381
v 4.406233 1.807006 8.808407
v 4.473797 1.801442 8.740843
v 3.945093 1.887343 8.740843
v 4.012142 1.906045 8.808407
v 4.021543 2.711167 8.789381
v 3.921120 2.711707 8.740843
v 4.274199 3.391924 8.740843
v 4.270349 3.290566 8.789381
v 3.942924 3.259077 8.740843
v 4.041567 3.213863 8.789381
v 4.104635 3.272741 8.789381
v 4.060616 3.368950 8.740843
v 4.374151 1.613553 8.808407
v 4.431180 1.544460 8.740843
v 3.158121 1.645663 8.808407
v 3.140832 1.578532 8.740843
v 3.007933 1.760354 8.789381
v 2.934181 1.685520 8.740843
v 2.868257 1.808434 8.740843
v 2.981464 1.811471 8.789381
v 2.918865 1.911925 8.740843
v 3.408493 1.850906 8.808407
v 3.412408 1.918529 8.740843
v 4.093666 1.761985 8.808407
v 3.968268 1.846390 8.740843
v 4.406233 3.298764 8.808407
v 4.373433 1.809707 8.789381
v 4.044692 1.915124 8.789381
v 3.988724 2.711344 8.808407
v 4.271607 3.323691 8.808407
v 4.009329 3.228639 8.808407
v 4.090249 3.304184 8.808407
v 4.346466 1.647096 8.789381
v 3.166514 1.678253 8.789381
v 2.983829 1.735897 8.808407
v 2.944162 1.809856 8.808407
v 2.961310 1.844923 8.808407
v 3.406591 1.818078 8.789381
v 4.154542 1.721009 8.789381
v 4.405362 1.807078 7.135295
v 4.405362 3.298038 7.135294
v 3.989595 2.711339 7.135295
v 4.013005 1.906286 7.135295
v 4.271573 3.322810 7.135294
v 4.090631 3.303349 7.135294
v 4.010184 3.228246 7.135294
v 4.373415 1.614444 7.135295
v 3.158343 1.646528 7.135295
v 2.984469 1.736547 7.135295
v 2.961857 1.844059 7.135295
v 2.945140 1.809874 7.135295
v 3.408442 1.850035 7.135295
v 4.095281 1.760897 7.135295
v 4.421341 1.135769 7.203730
v 3.130993 1.169840 7.203730
v 3.130994 1.169840 8.740843
v 4.421342 1.135769 8.740843
v 4.473796 1.801440 5.467093
v 4.376547 1.809450 5.426329
v 4.041599 1.914261 5.426329
v 3.945092 1.887341 5.467093
v 4.376547 3.274071 5.426329
v 4.473796 3.354965 5.467093
v 3.921119 2.711706 5.467093
v 4.018425 2.711184 5.426329
v 4.060615 3.368949 5.467093
v 4.103268 3.275728 5.426329
v 4.038503 3.215266 5.426329
v 3.942923 3.259075 5.467093
v 4.270467 3.293712 5.426329
v 4.274198 3.391922 5.467093
v 4.431179 1.544459 5.467093
v 4.349094 1.643909 5.426329
v 3.140831 1.578530 5.467093
v 3.165716 1.675156 5.426329
v 2.934180 1.685518 5.467093
v 3.005642 1.758030 5.426329
v 2.918864 1.911924 5.467093
v 3.412407 1.918528 5.467093
v 3.406771 1.821195 5.426329
v 3.968267 1.846389 5.467093
v 4.148758 1.724900 5.426329
v 2.978734 1.812982 5.426329
v 2.868255 1.808432 5.467093
v 4.473797 3.354965 7.004206
v 4.373432 3.271478 7.052743
v 4.406232 1.807006 7.071770
v 4.473797 1.801441 7.004206
v 3.945092 1.887341 7.004206
v 4.012141 1.906044 7.071770
v 4.021543 2.711166 7.052744
v 3.921120 2.711706 7.004206
v 4.274198 3.391922 7.004206
v 4.270348 3.290565 7.052743
v 3.942923 3.259075 7.004206
v 4.041566 3.213862 7.052743
v 4.104634 3.272740 7.052743
v 4.060616 3.368949 7.004206
v 4.374150 1.613552 7.071770
v 4.431179 1.544459 7.004206
v 3.158120 1.645662 7.071770
v 3.140831 1.578530 7.004206
v 3.007932 1.760353 7.052744
v 2.934180 1.685519 7.004206
v 2.868256 1.808432 7.004206
v 2.981463 1.811471 7.052744
v 2.918864 1.911924 7.004206
v 3.408492 1.850905 7.071770
v 3.412407 1.918528 7.004206
v 4.093665 1.761984 7.071770
v 3.968267 1.846390 7.004206
v 4.406232 3.298764 7.071770
v 4.373432 1.809706 7.052744
v 4.044691 1.915123 7.052744
v 3.988723 2.711344 7.071770
v 4.271606 3.323690 7.071770
v 4.009328 3.228638 7.071770
v 4.090249 3.304183 7.071770
v 4.346465 1.647095 7.052744
v 3.166513 1.678252 7.052744
v 2.983829 1.735896 7.071770
v 2.944162 1.809855 7.071770
v 2.961310 1.844922 7.071770
v 3.406591 1.818077 7.052744
v 4.154541 1.721008 7.052744
v 4.405361 1.807077 5.398658
v 4.405361 3.298038 5.398657
v 3.989594 2.711339 5.398658
v 4.013005 1.906285 5.398658
v 4.271573 3.322810 5.398657
v 4.090630 3.303349 5.398657
v 4.010184 3.228246 5.398657
v 4.373415 1.614443 5.398658
v 3.158342 1.646527 5.398658
v 2.984468 1.736546 5.398658
v 2.961856 1.844058 5.398658
v 2.945139 1.809873 5.398658
v 3.408441 1.850034 5.398658
v 4.095281 1.760896 5.398658
v 4.421341 1.135767 5.467093
v 3.130993 1.169839 5.467093
v 3.130993 1.169840 7.004206
v 4.421341 1.135769 7.004206
vn 0.7071 -0.0000 -0.7071
vn -0.7068 -0.0206 -0.7071
vn 0.1287 0.6953 -0.7071
vn -0.4825 0.5169 -0.7071
vn -0.7065 0.0281 -0.7071
vn -0.0756 0.7031 -0.7071
vn 0.6976 -0.1157 -0.7071
vn -0.0187 -0.7069 -0.7071
vn -0.3251 -0.6279 -0.7071
vn -0.6352 0.3106 -0.7071
vn -0.0095 0.7070 -0.7071
vn 0.0910 0.7012 -0.7071
vn -0.6154 -0.3483 -0.7071
vn -0.6231 -0.3342 -0.7071
vn -0.0000 -0.0000 1.0000
vn 0.7071 -0.0000 0.7071
vn -0.7068 -0.0206 0.7071
vn 0.1287 0.6953 0.7071
vn -0.4825 0.5169 0.7071
vn -0.7066 0.0281 0.7071
vn -0.0756 0.7031 0.7071
vn 0.6976 -0.1157 0.7071
vn -0.0187 -0.7069 0.7071
vn -0.3251 -0.6279 0.7071
vn -0.6352 0.3106 0.7071
vn -0.0095 0.7070 0.7071
vn 0.0910 0.7012 0.7071
vn -0.6154 -0.3483 0.7071
vn -0.6231 -0.3342 0.7071
vn 1.0000 -0.0000 -0.0000
vn 0.1821 0.9833 -0.0000
vn 0.9865 -0.1636 -0.0000
vn -0.9996 -0.0291 -0.0000
vn -0.8703 -0.4925 -0.0000
vn -0.9992 0.0398 -0.0000
vn -0.1069 0.9943 -0.0000
vn -0.6824 0.7310 -0.0000
vn -0.4598 -0.8880 -0.0000
vn -0.8812 -0.4727 -0.0000
vn -0.8983 0.4393 -0.0000
vn -0.0134 0.9999 -0.0000
vn 0.1287 0.9917 -0.0000
vn -0.5017 -0.0000 0.8650
vn 0.5016 0.0146 0.8650
vn -0.0914 -0.4934 0.8650
vn 0.3424 -0.3668 0.8650
vn 0.5014 -0.0200 0.8650
vn 0.0537 -0.4989 0.8650
vn -0.4950 0.0821 0.8650
vn 0.0132 0.5016 0.8650
vn 0.2307 0.4456 0.8650
vn 0.4508 -0.2204 0.8650
vn 0.0072 -0.4964 0.8681
vn -0.0646 -0.4976 0.8650
vn 0.4367 0.2471 0.8650
vn 0.4392 0.2322 0.8679
vn -0.0000 -0.0000 -1.0000
vn -0.6927 -0.0000 -0.7213
vn 0.6924 0.0201 -0.7212
vn -0.1261 -0.6811 -0.7213
vn 0.4726 -0.5063 -0.7213
vn 0.6921 -0.0276 -0.7213
vn 0.0741 -0.6887 -0.7213
vn -0.6833 0.1133 -0.7213
vn 0.0183 0.6924 -0.7213
vn 0.3185 0.6151 -0.7213
vn 0.6222 -0.3043 -0.7213
vn 0.0110 -0.6770 -0.7359
vn -0.0891 -0.6869 -0.7213
vn 0.6028 0.3411 -0.7213
vn 0.6027 0.3112 -0.7347
vn -0.0264 -0.9997 -0.0000
vn -0.9997 0.0241 -0.0000
vn 0.9997 -0.0241 -0.0000
vn -0.7065 0.0281 0.7071
vn 0.5015 0.0146 0.8650
vn 0.5013 -0.0200 0.8650
vn 0.4727 -0.5063 -0.7213
vn 0.6921 -0.0276 -0.7212
vn 0.6027 0.3112 -0.7348
vn -0.5018 -0.0000 0.8650
vn -0.0913 -0.4934 0.8650
vn 0.4507 -0.2204 0.8650
vn -0.6926 -0.0000 -0.7213
vn 0.6924 0.0201 -0.7213
vn 0.6223 -0.3043 -0.7212
vn -0.0756 0.7030 -0.7071
vn 0.3184 0.6151 -0.7213
vn -0.7066 0.0281 -0.7071
vn -0.0756 0.7030 0.7071
vt 0.000000 0.000000
s 1
f 2382/976/1259 2377/976/1259 2445/976/1259 2446/976/1259
f 2380/976/1260 2383/976/1260 2447/976/1260 2448/976/1260
f 2390/976/1261 2382/976/1261 2446/976/1261 2449/976/1261
f 2388/976/1262 2385/976/1262 2450/976/1262 2451/976/1262
f 2383/976/1263 2388/976/1263 2451/976/1263 2447/976/1263
f 2385/976/1264 2390/976/1264 2449/976/1264 2450/976/1264
f 2377/976/1265 2391/976/1265 2452/976/1265 2445/976/1265
f 2391/976/1266 2393/976/1266 2453/976/1266 2452/976/1266
f 2393/976/1267 2395/976/1267 2454/976/1267 2453/976/1267
f 2403/976/1268 2397/976/1268 2455/976/1268 2456/976/1268
f 2397/976/1269 2398/976/1269 2457/976/1269 2455/976/1269
f 2398/976/1270 2400/976/1270 2458/976/1270 2457/976/1270
f 2448/976/1271 2458/976/1271 2400/976/1271 2380/976/1271
f 2395/976/1272 2403/976/1272 2456/976/1272 2454/976/1272
f 2425/976/1273 2422/976/1273 2443/976/1273
f 2431/976/1274 2406/976/1274 2407/976/1274 2404/976/1274
f 2409/976/1275 2434/976/1275 2411/976/1275 2408/976/1275
f 2435/976/1276 2431/976/1276 2404/976/1276 2412/976/1276
f 2436/976/1277 2437/976/1277 2417/976/1277 2414/976/1277
f 2434/976/1278 2436/976/1278 2414/976/1278 2411/976/1278
f 2437/976/1279 2435/976/1279 2412/976/1279 2417/976/1279
f 2406/976/1280 2418/976/1280 2419/976/1280 2407/976/1280
f 2418/976/1281 2420/976/1281 2421/976/1281 2419/976/1281
f 2420/976/1282 2440/976/1282 2423/976/1282 2421/976/1282
f 2441/976/1283 2442/976/1283 2426/976/1283 2424/976/1283
f 2442/976/1284 2427/976/1284 2428/976/1284 2426/976/1284
f 2427/976/1285 2429/976/1285 2430/976/1285 2428/976/1285
f 2408/976/1286 2430/976/1286 2429/976/1286 2409/976/1286
f 2440/976/1287 2441/976/1287 2424/976/1287 2423/976/1287
f 2382/976/1288 2404/976/1288 2407/976/1288 2377/976/1288
f 2443/976/1273 2422/976/1273 2439/976/1273
f 2390/976/1289 2412/976/1289 2404/976/1289 2382/976/1289
f 2377/976/1290 2407/976/1290 2419/976/1290 2391/976/1290
f 2380/976/1291 2408/976/1291 2411/976/1291 2383/976/1291
f 2400/976/1292 2430/976/1292 2408/976/1292 2380/976/1292
f 2383/976/1293 2411/976/1293 2414/976/1293 2388/976/1293
f 2385/976/1294 2417/976/1294 2412/976/1294 2390/976/1294
f 2388/976/1295 2414/976/1295 2417/976/1295 2385/976/1295
f 2419/976/1273 2421/976/1273 2461/976/1273 2462/976/1273
f 2393/976/1296 2421/976/1296 2423/976/1296 2395/976/1296
f 2395/976/1297 2423/976/1297 2424/976/1297 2403/976/1297
f 2403/976/1298 2424/976/1298 2426/976/1298 2397/976/1298
f 2397/976/1299 2426/976/1299 2428/976/1299 2398/976/1299
f 2398/976/1300 2428/976/1300 2430/976/1300 2400/976/1300
f 2443/976/1273 2439/976/1273 2438/976/1273 2444/976/1273
f 2433/976/1273 2444/976/1273 2438/976/1273 2432/976/1273
f 2433/976/1273 2432/976/1273 2410/976/1273
f 2405/976/1273 2415/976/1273 2410/976/1273 2432/976/1273
f 2413/976/1273 2416/976/1273 2415/976/1273 2405/976/1273
f 2405/976/1301 2432/976/1301 2406/976/1301 2431/976/1301
f 2433/976/1302 2410/976/1302 2434/976/1302 2409/976/1302
f 2413/976/1303 2405/976/1303 2431/976/1303 2435/976/1303
f 2415/976/1304 2416/976/1304 2437/976/1304 2436/976/1304
f 2410/976/1305 2415/976/1305 2436/976/1305 2434/976/1305
f 2416/976/1306 2413/976/1306 2435/976/1306 2437/976/1306
f 2432/976/1307 2438/976/1307 2418/976/1307 2406/976/1307
f 2438/976/1308 2439/976/1308 2420/976/1308 2418/976/1308
f 2439/976/1309 2422/976/1309 2440/976/1309 2420/976/1309
f 2425/976/1310 2442/976/1310 2441/976/1310
f 2425/976/1311 2443/976/1311 2427/976/1311 2442/976/1311
f 2443/976/1312 2444/976/1312 2429/976/1312 2427/976/1312
f 2444/976/1313 2433/976/1313 2409/976/1313 2429/976/1313
f 2422/976/1314 2425/976/1314 2441/976/1314 2440/976/1314
f 2396/976/1315 2402/976/1315 2399/976/1315 2394/976/1315
f 2394/976/1315 2399/976/1315 2401/976/1315 2392/976/1315
f 2392/976/1315 2401/976/1315 2379/976/1315 2378/976/1315
f 2378/976/1315 2379/976/1315 2384/976/1315 2387/976/1315 2381/976/1315
f 2381/976/1315 2387/976/1315 2386/976/1315 2389/976/1315
f 2378/976/1316 2381/976/1316 2446/976/1316 2445/976/1316
f 2384/976/1317 2379/976/1317 2448/976/1317 2447/976/1317
f 2381/976/1318 2389/976/1318 2449/976/1318 2446/976/1318
f 2386/976/1319 2387/976/1319 2451/976/1319 2450/976/1319
f 2387/976/1320 2384/976/1320 2447/976/1320 2451/976/1320
f 2389/976/1321 2386/976/1321 2450/976/1321 2449/976/1321
f 2392/976/1322 2378/976/1322 2445/976/1322 2452/976/1322
f 2394/976/1323 2392/976/1323 2452/976/1323 2453/976/1323
f 2396/976/1324 2394/976/1324 2453/976/1324 2454/976/1324
f 2402/976/1325 2456/976/1325 2455/976/1325
f 2399/976/1326 2402/976/1326 2455/976/1326 2457/976/1326
f 2401/976/1327 2399/976/1327 2457/976/1327 2458/976/1327
f 2379/976/1328 2401/976/1328 2458/976/1328 2448/976/1328
f 2402/976/1329 2396/976/1329 2454/976/1329 2456/976/1329
f 2459/976/1330 2462/976/1330 2461/976/1330 2460/976/1330
f 2393/976/1315 2391/976/1315 2459/976/1315 2460/976/1315
f 2421/976/1331 2393/976/1331 2460/976/1331 2461/976/1331
f 2391/976/1332 2419/976/1332 2462/976/1332 2459/976/1332
f 2468/976/1259 2463/976/1259 2531/976/1259 2532/976/1259
f 2466/976/1260 2469/976/1260 2533/976/1260 2534/976/1260
f 2476/976/1261 2468/976/1261 2532/976/1261 2535/976/1261
f 2474/976/1262 2471/976/1262 2536/976/1262 2537/976/1262
f 2469/976/1263 2474/976/1263 2537/976/1263 2533/976/1263
f 2471/976/1264 2476/976/1264 2535/976/1264 2536/976/1264
f 2463/976/1265 2477/976/1265 2538/976/1265 2531/976/1265
f 2477/976/1266 2479/976/1266 2539/976/1266 2538/976/1266
f 2479/976/1267 2481/976/1267 2540/976/1267 2539/976/1267
f 2489/976/1268 2483/976/1268 2541/976/1268 2542/976/1268
f 2483/976/1269 2485/976/1269 2543/976/1269 2541/976/1269
f 2485/976/1270 2487/976/1270 2544/976/1270 2543/976/1270
f 2534/976/1271 2544/976/1271 2487/976/1271 2466/976/1271
f 2481/976/1272 2489/976/1272 2542/976/1272 2540/976/1272
f 2511/976/1273 2508/976/1273 2529/976/1273
f 2517/976/1274 2492/976/1274 2493/976/1274 2490/976/1274
f 2495/976/1275 2520/976/1275 2497/976/1275 2494/976/1275
f 2521/976/1276 2517/976/1276 2490/976/1276 2498/976/1276
f 2522/976/1277 2523/976/1277 2503/976/1277 2500/976/1277
f 2520/976/1333 2522/976/1333 2500/976/1333 2497/976/1333
f 2523/976/1279 2521/976/1279 2498/976/1279 2503/976/1279
f 2492/976/1280 2504/976/1280 2505/976/1280 2493/976/1280
f 2504/976/1281 2506/976/1281 2507/976/1281 2505/976/1281
f 2506/976/1282 2526/976/1282 2509/976/1282 2507/976/1282
f 2527/976/1283 2528/976/1283 2512/976/1283 2510/976/1283
f 2528/976/1284 2513/976/1284 2514/976/1284 2512/976/1284
f 2513/976/1285 2515/976/1285 2516/976/1285 2514/976/1285
f 2494/976/1286 2516/976/1286 2515/976/1286 2495/976/1286
f 2526/976/1287 2527/976/1287 2510/976/1287 2509/976/1287
f 2468/976/1288 2490/976/1288 2493/976/1288 2463/976/1288
f 2529/976/1273 2508/976/1273 2525/976/1273
f 2476/976/1289 2498/976/1289 2490/976/1289 2468/976/1289
f 2463/976/1290 2493/976/1290 2505/976/1290 2477/976/1290
f 2466/976/1291 2494/976/1291 2497/976/1291 2469/976/1291
f 2487/976/1292 2516/976/1292 2494/976/1292 2466/976/1292
f 2469/976/1293 2497/976/1293 2500/976/1293 2474/976/1293
f 2471/976/1294 2503/976/1294 2498/976/1294 2476/976/1294
f 2474/976/1295 2500/976/1295 2503/976/1295 2471/976/1295
f 2505/976/1273 2507/976/1273 2547/976/1273 2548/976/1273
f 2479/976/1296 2507/976/1296 2509/976/1296 2481/976/1296
f 2481/976/1297 2509/976/1297 2510/976/1297 2489/976/1297
f 2489/976/1298 2510/976/1298 2512/976/1298 2483/976/1298
f 2483/976/1299 2512/976/1299 2514/976/1299 2485/976/1299
f 2485/976/1300 2514/976/1300 2516/976/1300 2487/976/1300
f 2529/976/1273 2525/976/1273 2524/976/1273 2530/976/1273
f 2519/976/1273 2530/976/1273 2524/976/1273 2518/976/1273
f 2519/976/1273 2518/976/1273 2496/976/1273
f 2491/976/1273 2501/976/1273 2496/976/1273 2518/976/1273
f 2499/976/1273 2502/976/1273 2501/976/1273 2491/976/1273
f 2491/976/1301 2518/976/1301 2492/976/1301 2517/976/1301
f 2519/976/1334 2496/976/1334 2520/976/1334 2495/976/1334
f 2499/976/1303 2491/976/1303 2517/976/1303 2521/976/1303
f 2501/976/1304 2502/976/1304 2523/976/1304 2522/976/1304
f 2496/976/1335 2501/976/1335 2522/976/1335 2520/976/1335
f 2502/976/1306 2499/976/1306 2521/976/1306 2523/976/1306
f 2518/976/1307 2524/976/1307 2504/976/1307 2492/976/1307
f 2524/976/1308 2525/976/1308 2506/976/1308 2504/976/1308
f 2525/976/1309 2508/976/1309 2526/976/1309 2506/976/1309
f 2511/976/1310 2528/976/1310 2527/976/1310
f 2511/976/1311 2529/976/1311 2513/976/1311 2528/976/1311
f 2529/976/1312 2530/976/1312 2515/976/1312 2513/976/1312
f 2530/976/1313 2519/976/1313 2495/976/1313 2515/976/1313
f 2508/976/1314 2511/976/1314 2527/976/1314 2526/976/1314
f 2482/976/1315 2484/976/1315 2486/976/1315 2480/976/1315
f 2480/976/1315 2486/976/1315 2488/976/1315 2478/976/1315
f 2478/976/1315 2488/976/1315 2465/976/1315 2464/976/1315
f 2464/976/1315 2465/976/1315 2470/976/1315 2473/976/1315 2467/976/1315
f 2467/976/1315 2473/976/1315 2472/976/1315 2475/976/1315
f 2464/976/1316 2467/976/1316 2532/976/1316 2531/976/1316
f 2470/976/1317 2465/976/1317 2534/976/1317 2533/976/1317
f 2467/976/1318 2475/976/1318 2535/976/1318 2532/976/1318
f 2472/976/1336 2473/976/1336 2537/976/1336 2536/976/1336
f 2473/976/1337 2470/976/1337 2533/976/1337 2537/976/1337
f 2475/976/1321 2472/976/1321 2536/976/1321 2535/976/1321
f 2478/976/1322 2464/976/1322 2531/976/1322 2538/976/1322
f 2480/976/1323 2478/976/1323 2538/976/1323 2539/976/1323
f 2482/976/1324 2480/976/1324 2539/976/1324 2540/976/1324
f 2484/976/1325 2542/976/1325 2541/976/1325
f 2486/976/1326 2484/976/1326 2541/976/1326 2543/976/1326
f 2488/976/1327 2486/976/1327 2543/976/1327 2544/976/1327
f 2465/976/1328 2488/976/1328 2544/976/1328 2534/976/1328
f 2484/976/1338 2482/976/1338 2540/976/1338 2542/976/1338
f 2545/976/1330 2548/976/1330 2547/976/1330 2546/976/1330
f 2479/976/1315 2477/976/1315 2545/976/1315 2546/976/1315
f 2507/976/1331 2479/976/1331 2546/976/1331 2547/976/1331
f 2477/976/1332 2505/976/1332 2548/976/1332 2545/976/1332
f 2554/976/1259 2549/976/1259 2617/976/1259 2618/976/1259
f 2552/976/1260 2555/976/1260 2619/976/1260 2620/976/1260
f 2562/976/1261 2554/976/1261 2618/976/1261 2621/976/1261
f 2560/976/1262 2557/976/1262 2622/976/1262 2623/976/1262
f 2555/976/1263 2560/976/1263 2623/976/1263 2619/976/1263
f 2557/976/1264 2562/976/1264 2621/976/1264 2622/976/1264
f 2549/976/1265 2563/976/1265 2624/976/1265 2617/976/1265
f 2563/976/1266 2565/976/1266 2625/976/1266 2624/976/1266
f 2565/976/1267 2567/976/1267 2626/976/1267 2625/976/1267
f 2575/976/1268 2569/976/1268 2627/976/1268 2628/976/1268
f 2569/976/1269 2571/976/1269 2629/976/1269 2627/976/1269
f 2571/976/1270 2573/976/1270 2630/976/1270 2629/976/1270
f 2620/976/1271 2630/976/1271 2573/976/1271 2552/976/1271
f 2567/976/1272 2575/976/1272 2628/976/1272 2626/976/1272
f 2597/976/1273 2594/976/1273 2615/976/1273
f 2603/976/1274 2578/976/1274 2579/976/1274 2576/976/1274
f 2581/976/1275 2606/976/1275 2583/976/1275 2580/976/1275
f 2607/976/1276 2603/976/1276 2576/976/1276 2584/976/1276
f 2608/976/1277 2609/976/1277 2589/976/1277 2586/976/1277
f 2606/976/1278 2608/976/1278 2586/976/1278 2583/976/1278
f 2609/976/1279 2607/976/1279 2584/976/1279 2589/976/1279
f 2578/976/1280 2590/976/1280 2591/976/1280 2579/976/1280
f 2590/976/1281 2592/976/1281 2593/976/1281 2591/976/1281
f 2592/976/1282 2612/976/1282 2595/976/1282 2593/976/1282
f 2613/976/1283 2614/976/1283 2598/976/1283 2596/976/1283
f 2614/976/1284 2599/976/1284 2600/976/1284 2598/976/1284
f 2599/976/1285 2601/976/1285 2602/976/1285 2600/976/1285
f 2580/976/1286 2602/976/1286 2601/976/1286 2581/976/1286
f 2612/976/1287 2613/976/1287 2596/976/1287 2595/976/1287
f 2554/976/1288 2576/976/1288 2579/976/1288 2549/976/1288
f 2615/976/1273 2594/976/1273 2611/976/1273
f 2562/976/1289 2584/976/1289 2576/976/1289 2554/976/1289
f 2549/976/1290 2579/976/1290 2591/976/1290 2563/976/1290
f 2552/976/1291 2580/976/1291 2583/976/1291 2555/976/1291
f 2573/976/1292 2602/976/1292 2580/976/1292 2552/976/1292
f 2555/976/1293 2583/976/1293 2586/976/1293 2560/976/1293
f 2557/976/1294 2589/976/1294 2584/976/1294 2562/976/1294
f 2560/976/1295 2586/976/1295 2589/976/1295 2557/976/1295
f 2591/976/1273 2593/976/1273 2633/976/1273 2634/976/1273
f 2565/976/1296 2593/976/1296 2595/976/1296 2567/976/1296
f 2567/976/1297 2595/976/1297 2596/976/1297 2575/976/1297
f 2575/976/1298 2596/976/1298 2598/976/1298 2569/976/1298
f 2569/976/1299 2598/976/1299 2600/976/1299 2571/976/1299
f 2571/976/1300 2600/976/1300 2602/976/1300 2573/976/1300
f 2615/976/1273 2611/976/1273 2610/976/1273 2616/976/1273
f 2605/976/1273 2616/976/1273 2610/976/1273 2604/976/1273
f 2605/976/1273 2604/976/1273 2582/976/1273
f 2577/976/1273 2587/976/1273 2582/976/1273 2604/976/1273
f 2585/976/1273 2588/976/1273 2587/976/1273 2577/976/1273
f 2577/976/1339 2604/976/1339 2578/976/1339 2603/976/1339
f 2605/976/1302 2582/976/1302 2606/976/1302 2581/976/1302
f 2585/976/1340 2577/976/1340 2603/976/1340 2607/976/1340
f 2587/976/1304 2588/976/1304 2609/976/1304 2608/976/1304
f 2582/976/1305 2587/976/1305 2608/976/1305 2606/976/1305
f 2588/976/1306 2585/976/1306 2607/976/1306 2609/976/1306
f 2604/976/1307 2610/976/1307 2590/976/1307 2578/976/1307
f 2610/976/1308 2611/976/1308 2592/976/1308 2590/976/1308
f 2611/976/1309 2594/976/1309 2612/976/1309 2592/976/1309
f 2597/976/1341 2614/976/1341 2613/976/1341
f 2597/976/1311 2615/976/1311 2599/976/1311 2614/976/1311
f 2615/976/1312 2616/976/1312 2601/976/1312 2599/976/1312
f 2616/976/1313 2605/976/1313 2581/976/1313 2601/976/1313
f 2594/976/1314 2597/976/1314 2613/976/1314 2612/976/1314
f 2568/976/1315 2570/976/1315 2572/976/1315 2566/976/1315
f 2566/976/1315 2572/976/1315 2574/976/1315 2564/976/1315
f 2564/976/1315 2574/976/1315 2551/976/1315 2550/976/1315
f 2550/976/1315 2551/976/1315 2556/976/1315 2559/976/1315 2553/976/1315
f 2553/976/1315 2559/976/1315 2558/976/1315 2561/976/1315
f 2550/976/1342 2553/976/1342 2618/976/1342 2617/976/1342
f 2556/976/1343 2551/976/1343 2620/976/1343 2619/976/1343
f 2553/976/1318 2561/976/1318 2621/976/1318 2618/976/1318
f 2558/976/1336 2559/976/1336 2623/976/1336 2622/976/1336
f 2559/976/1320 2556/976/1320 2619/976/1320 2623/976/1320
f 2561/976/1321 2558/976/1321 2622/976/1321 2621/976/1321
f 2564/976/1322 2550/976/1322 2617/976/1322 2624/976/1322
f 2566/976/1323 2564/976/1323 2624/976/1323 2625/976/1323
f 2568/976/1324 2566/976/1324 2625/976/1324 2626/976/1324
f 2570/976/1344 2628/976/1344 2627/976/1344
f 2572/976/1326 2570/976/1326 2627/976/1326 2629/976/1326
f 2574/976/1327 2572/976/1327 2629/976/1327 2630/976/1327
f 2551/976/1328 2574/976/1328 2630/976/1328 2620/976/1328
f 2570/976/1338 2568/976/1338 2626/976/1338 2628/976/1338
f 2631/976/1330 2634/976/1330 2633/976/1330 2632/976/1330
f 2565/976/1315 2563/976/1315 2631/976/1315 2632/976/1315
f 2593/976/1331 2565/976/1331 2632/976/1331 2633/976/1331
f 2563/976/1332 2591/976/1332 2634/976/1332 2631/976/1332
f 2640/976/1259 2635/976/1259 2703/976/1259 2704/976/1259
f 2638/976/1260 2641/976/1260 2705/976/1260 2706/976/1260
f 2648/976/1261 2640/976/1261 2704/976/1261 2707/976/1261
f 2646/976/1262 2643/976/1262 2708/976/1262 2709/976/1262
f 2641/976/1263 2646/976/1263 2709/976/1263 2705/976/1263
f 2643/976/1345 2648/976/1345 2707/976/1345 2708/976/1345
f 2635/976/1265 2649/976/1265 2710/976/1265 2703/976/1265
f 2649/976/1266 2651/976/1266 2711/976/1266 2710/976/1266
f 2651/976/1267 2653/976/1267 2712/976/1267 2711/976/1267
f 2661/976/1268 2655/976/1268 2713/976/1268 2714/976/1268
f 2655/976/1269 2657/976/1269 2715/976/1269 2713/976/1269
f 2657/976/1270 2659/976/1270 2716/976/1270 2715/976/1270
f 2706/976/1271 2716/976/1271 2659/976/1271 2638/976/1271
f 2653/976/1272 2661/976/1272 2714/976/1272 2712/976/1272
f 2683/976/1273 2680/976/1273 2701/976/1273
f 2689/976/1274 2664/976/1274 2665/976/1274 2662/976/1274
f 2667/976/1275 2692/976/1275 2669/976/1275 2666/976/1275
f 2693/976/1276 2689/976/1276 2662/976/1276 2670/976/1276
f 2694/976/1277 2695/976/1277 2675/976/1277 2672/976/1277
f 2692/976/1333 2694/976/1333 2672/976/1333 2669/976/1333
f 2695/976/1279 2693/976/1279 2670/976/1279 2675/976/1279
f 2664/976/1280 2676/976/1280 2677/976/1280 2665/976/1280
f 2676/976/1281 2678/976/1281 2679/976/1281 2677/976/1281
f 2678/976/1282 2698/976/1282 2681/976/1282 2679/976/1282
f 2699/976/1283 2700/976/1283 2684/976/1283 2682/976/1283
f 2700/976/1284 2685/976/1284 2686/976/1284 2684/976/1284
f 2685/976/1285 2687/976/1285 2688/976/1285 2686/976/1285
f 2666/976/1286 2688/976/1286 2687/976/1286 2667/976/1286
f 2698/976/1287 2699/976/1287 2682/976/1287 2681/976/1287
f 2640/976/1288 2662/976/1288 2665/976/1288 2635/976/1288
f 2701/976/1273 2680/976/1273 2697/976/1273
f 2648/976/1289 2670/976/1289 2662/976/1289 2640/976/1289
f 2635/976/1290 2665/976/1290 2677/976/1290 2649/976/1290
f 2638/976/1291 2666/976/1291 2669/976/1291 2641/976/1291
f 2659/976/1292 2688/976/1292 2666/976/1292 2638/976/1292
f 2641/976/1293 2669/976/1293 2672/976/1293 2646/976/1293
f 2643/976/1294 2675/976/1294 2670/976/1294 2648/976/1294
f 2646/976/1295 2672/976/1295 2675/976/1295 2643/976/1295
f 2677/976/1273 2679/976/1273 2719/976/1273 2720/976/1273
f 2651/976/1296 2679/976/1296 2681/976/1296 2653/976/1296
f 2653/976/1297 2681/976/1297 2682/976/1297 2661/976/1297
f 2661/976/1298 2682/976/1298 2684/976/1298 2655/976/1298
f 2655/976/1299 2684/976/1299 2686/976/1299 2657/976/1299
f 2657/976/1300 2686/976/1300 2688/976/1300 2659/976/1300
f 2701/976/1273 2697/976/1273 2696/976/1273 2702/976/1273
f 2691/976/1273 2702/976/1273 2696/976/1273 2690/976/1273
f 2691/976/1273 2690/976/1273 2668/976/1273
f 2663/976/1273 2673/976/1273 2668/976/1273 2690/976/1273
f 2671/976/1273 2674/976/1273 2673/976/1273 2663/976/1273
f 2663/976/1301 2690/976/1301 2664/976/1301 2689/976/1301
f 2691/976/1302 2668/976/1302 2692/976/1302 2667/976/1302
f 2671/976/1340 2663/976/1340 2689/976/1340 2693/976/1340
f 2673/976/1304 2674/976/1304 2695/976/1304 2694/976/1304
f 2668/976/1335 2673/976/1335 2694/976/1335 2692/976/1335
f 2674/976/1306 2671/976/1306 2693/976/1306 2695/976/1306
f 2690/976/1307 2696/976/1307 2676/976/1307 2664/976/1307
f 2696/976/1308 2697/976/1308 2678/976/1308 2676/976/1308
f 2697/976/1309 2680/976/1309 2698/976/1309 2678/976/1309
f 2683/976/1341 2700/976/1341 2699/976/1341
f 2683/976/1311 2701/976/1311 2685/976/1311 2700/976/1311
f 2701/976/1312 2702/976/1312 2687/976/1312 2685/976/1312
f 2702/976/1313 2691/976/1313 2667/976/1313 2687/976/1313
f 2680/976/1314 2683/976/1314 2699/976/1314 2698/976/1314
f 2654/976/1315 2656/976/1315 2658/976/1315 2652/976/1315
f 2652/976/1315 2658/976/1315 2660/976/1315 2650/976/1315
f 2650/976/1315 2660/976/1315 2637/976/1315 2636/976/1315
f 2636/976/1315 2637/976/1315 2642/976/1315 2645/976/1315 2639/976/1315
f 2639/976/1315 2645/976/1315 2644/976/1315 2647/976/1315
f 2636/976/1342 2639/976/1342 2704/976/1342 2703/976/1342
f 2642/976/1343 2637/976/1343 2706/976/1343 2705/976/1343
f 2639/976/1318 2647/976/1318 2707/976/1318 2704/976/1318
f 2644/976/1336 2645/976/1336 2709/976/1336 2708/976/1336
f 2645/976/1320 2642/976/1320 2705/976/1320 2709/976/1320
f 2647/976/1321 2644/976/1321 2708/976/1321 2707/976/1321
f 2650/976/1322 2636/976/1322 2703/976/1322 2710/976/1322
f 2652/976/1323 2650/976/1323 2710/976/1323 2711/976/1323
f 2654/976/1346 2652/976/1346 2711/976/1346 2712/976/1346
f 2656/976/1325 2714/976/1325 2713/976/1325
f 2658/976/1326 2656/976/1326 2713/976/1326 2715/976/1326
f 2660/976/1327 2658/976/1327 2715/976/1327 2716/976/1327
f 2637/976/1328 2660/976/1328 2716/976/1328 2706/976/1328
f 2656/976/1338 2654/976/1338 2712/976/1338 2714/976/1338
f 2717/976/1330 2720/976/1330 2719/976/1330 2718/976/1330
f 2651/976/1315 2649/976/1315 2717/976/1315 2718/976/1315
f 2679/976/1331 2651/976/1331 2718/976/1331 2719/976/1331
f 2649/976/1332 2677/976/1332 2720/976/1332 2717/976/1332
f 2726/976/1259 2721/976/1259 2789/976/1259 2790/976/1259
f 2724/976/1260 2727/976/1260 2791/976/1260 2792/976/1260
f 2734/976/1261 2726/976/1261 2790/976/1261 2793/976/1261
f 2732/976/1262 2729/976/1262 2794/976/1262 2795/976/1262
f 2727/976/1347 2732/976/1347 2795/976/1347 2791/976/1347
f 2729/976/1264 2734/976/1264 2793/976/1264 2794/976/1264
f 2721/976/1265 2735/976/1265 2796/976/1265 2789/976/1265
f 2735/976/1266 2737/976/1266 2797/976/1266 2796/976/1266
f 2737/976/1267 2739/976/1267 2798/976/1267 2797/976/1267
f 2747/976/1268 2741/976/1268 2799/976/1268 2800/976/1268
f 2741/976/1269 2743/976/1269 2801/976/1269 2799/976/1269
f 2743/976/1270 2745/976/1270 2802/976/1270 2801/976/1270
f 2792/976/1271 2802/976/1271 2745/976/1271 2724/976/1271
f 2739/976/1272 2747/976/1272 2800/976/1272 2798/976/1272
f 2769/976/1273 2766/976/1273 2787/976/1273
f 2775/976/1274 2750/976/1274 2751/976/1274 2748/976/1274
f 2753/976/1275 2778/976/1275 2755/976/1275 2752/976/1275
f 2779/976/1276 2775/976/1276 2748/976/1276 2756/976/1276
f 2780/976/1277 2781/976/1277 2761/976/1277 2758/976/1277
f 2778/976/1333 2780/976/1333 2758/976/1333 2755/976/1333
f 2781/976/1279 2779/976/1279 2756/976/1279 2761/976/1279
f 2750/976/1280 2762/976/1280 2763/976/1280 2751/976/1280
f 2762/976/1281 2764/976/1281 2765/976/1281 2763/976/1281
f 2764/976/1282 2784/976/1282 2767/976/1282 2765/976/1282
f 2785/976/1283 2786/976/1283 2770/976/1283 2768/976/1283
f 2786/976/1284 2771/976/1284 2772/976/1284 2770/976/1284
f 2771/976/1285 2773/976/1285 2774/976/1285 2772/976/1285
f 2752/976/1286 2774/976/1286 2773/976/1286 2753/976/1286
f 2784/976/1287 2785/976/1287 2768/976/1287 2767/976/1287
f 2726/976/1288 2748/976/1288 2751/976/1288 2721/976/1288
f 2787/976/1273 2766/976/1273 2783/976/1273
f 2734/976/1289 2756/976/1289 2748/976/1289 2726/976/1289
f 2721/976/1290 2751/976/1290 2763/976/1290 2735/976/1290
f 2724/976/1291 2752/976/1291 2755/976/1291 2727/976/1291
f 2745/976/1292 2774/976/1292 2752/976/1292 2724/976/1292
f 2727/976/1293 2755/976/1293 2758/976/1293 2732/976/1293
f 2729/976/1294 2761/976/1294 2756/976/1294 2734/976/1294
f 2732/976/1295 2758/976/1295 2761/976/1295 2729/976/1295
f 2763/976/1273 2765/976/1273 2805/976/1273 2806/976/1273
f 2737/976/1296 2765/976/1296 2767/976/1296 2739/976/1296
f 2739/976/1297 2767/976/1297 2768/976/1297 2747/976/1297
f 2747/976/1298 2768/976/1298 2770/976/1298 2741/976/1298
f 2741/976/1299 2770/976/1299 2772/976/1299 2743/976/1299
f 2743/976/1300 2772/976/1300 2774/976/1300 2745/976/1300
f 2787/976/1273 2783/976/1273 2782/976/1273 2788/976/1273
f 2777/976/1273 2788/976/1273 2782/976/1273 2776/976/1273
f 2777/976/1273 2776/976/1273 2754/976/1273
f 2749/976/1273 2759/976/1273 2754/976/1273 2776/976/1273
f 2757/976/1273 2760/976/1273 2759/976/1273 2749/976/1273
f 2749/976/1301 2776/976/1301 2750/976/1301 2775/976/1301
f 2777/976/1334 2754/976/1334 2778/976/1334 2753/976/1334
f 2757/976/1340 2749/976/1340 2775/976/1340 2779/976/1340
f 2759/976/1304 2760/976/1304 2781/976/1304 2780/976/1304
f 2754/976/1305 2759/976/1305 2780/976/1305 2778/976/1305
f 2760/976/1306 2757/976/1306 2779/976/1306 2781/976/1306
f 2776/976/1307 2782/976/1307 2762/976/1307 2750/976/1307
f 2782/976/1308 2783/976/1308 2764/976/1308 2762/976/1308
f 2783/976/1309 2766/976/1309 2784/976/1309 2764/976/1309
f 2769/976/1341 2786/976/1341 2785/976/1341
f 2769/976/1311 2787/976/1311 2771/976/1311 2786/976/1311
f 2787/976/1312 2788/976/1312 2773/976/1312 2771/976/1312
f 2788/976/1313 2777/976/1313 2753/976/1313 2773/976/1313
f 2766/976/1314 2769/976/1314 2785/976/1314 2784/976/1314
f 2740/976/1315 2742/976/1315 2744/976/1315 2738/976/1315
f 2738/976/1315 2744/976/1315 2746/976/1315 2736/976/1315
f 2736/976/1315 2746/976/1315 2723/976/1315 2722/976/1315
f 2722/976/1315 2723/976/1315 2728/976/1315 2731/976/1315 2725/976/1315
f 2725/976/1315 2731/976/1315 2730/976/1315 2733/976/1315
f 2722/976/1316 2725/976/1316 2790/976/1316 2789/976/1316
f 2728/976/1343 2723/976/1343 2792/976/1343 2791/976/1343
f 2725/976/1318 2733/976/1318 2793/976/1318 2790/976/1318
f 2730/976/1336 2731/976/1336 2795/976/1336 2794/976/1336
f 2731/976/1320 2728/976/1320 2791/976/1320 2795/976/1320
f 2733/976/1321 2730/976/1321 2794/976/1321 2793/976/1321
f 2736/976/1322 2722/976/1322 2789/976/1322 2796/976/1322
f 2738/976/1323 2736/976/1323 2796/976/1323 2797/976/1323
f 2740/976/1324 2738/976/1324 2797/976/1324 2798/976/1324
f 2742/976/1325 2800/976/1325 2799/976/1325
f 2744/976/1326 2742/976/1326 2799/976/1326 2801/976/1326
f 2746/976/1327 2744/976/1327 2801/976/1327 2802/976/1327
f 2723/976/1328 2746/976/1328 2802/976/1328 2792/976/1328
f 2742/976/1338 2740/976/1338 2798/976/1338 2800/976/1338
f 2803/976/1330 2806/976/1330 2805/976/1330 2804/976/1330
f 2737/976/1315 2735/976/1315 2803/976/1315 2804/976/1315
f 2765/976/1331 2737/976/1331 2804/976/1331 2805/976/1331
f 2735/976/1332 2763/976/1332 2806/976/1332 2803/976/1332
f 2812/976/1259 2807/976/1259 2875/976/1259 2876/976/1259
f 2810/976/1260 2813/976/1260 2877/976/1260 2878/976/1260
f 2820/976/1261 2812/976/1261 2876/976/1261 2879/976/1261
f 2818/976/1262 2815/976/1262 2880/976/1262 2881/976/1262
f 2813/976/1263 2818/976/1263 2881/976/1263 2877/976/1263
f 2815/976/1264 2820/976/1264 2879/976/1264 2880/976/1264
f 2807/976/1265 2821/976/1265 2882/976/1265 2875/976/1265
f 2821/976/1266 2823/976/1266 2883/976/1266 2882/976/1266
f 2823/976/1267 2825/976/1267 2884/976/1267 2883/976/1267
f 2833/976/1268 2827/976/1268 2885/976/1268 2886/976/1268
f 2827/976/1269 2829/976/1269 2887/976/1269 2885/976/1269
f 2829/976/1270 2831/976/1270 2888/976/1270 2887/976/1270
f 2878/976/1271 2888/976/1271 2831/976/1271 2810/976/1271
f 2825/976/1272 2833/976/1272 2886/976/1272 2884/976/1272
f 2855/976/1273 2852/976/1273 2873/976/1273
f 2861/976/1274 2836/976/1274 2837/976/1274 2834/976/1274
f 2839/976/1275 2864/976/1275 2841/976/1275 2838/976/1275
f 2865/976/1276 2861/976/1276 2834/976/1276 2842/976/1276
f 2866/976/1277 2867/976/1277 2847/976/1277 2844/976/1277
f 2864/976/1333 2866/976/1333 2844/976/1333 2841/976/1333
f 2867/976/1348 2865/976/1348 2842/976/1348 2847/976/1348
f 2836/976/1280 2848/976/1280 2849/976/1280 2837/976/1280
f 2848/976/1281 2850/976/1281 2851/976/1281 2849/976/1281
f 2850/976/1282 2870/976/1282 2853/976/1282 2851/976/1282
f 2871/976/1283 2872/976/1283 2856/976/1283 2854/976/1283
f 2872/976/1284 2857/976/1284 2858/976/1284 2856/976/1284
f 2857/976/1285 2859/976/1285 2860/976/1285 2858/976/1285
f 2838/976/1286 2860/976/1286 2859/976/1286 2839/976/1286
f 2870/976/1287 2871/976/1287 2854/976/1287 2853/976/1287
f 2812/976/1288 2834/976/1288 2837/976/1288 2807/976/1288
f 2873/976/1273 2852/976/1273 2869/976/1273
f 2820/976/1289 2842/976/1289 2834/976/1289 2812/976/1289
f 2807/976/1290 2837/976/1290 2849/976/1290 2821/976/1290
f 2810/976/1291 2838/976/1291 2841/976/1291 2813/976/1291
f 2831/976/1292 2860/976/1292 2838/976/1292 2810/976/1292
f 2813/976/1293 2841/976/1293 2844/976/1293 2818/976/1293
f 2815/976/1294 2847/976/1294 2842/976/1294 2820/976/1294
f 2818/976/1295 2844/976/1295 2847/976/1295 2815/976/1295
f 2849/976/1273 2851/976/1273 2891/976/1273 2892/976/1273
f 2823/976/1296 2851/976/1296 2853/976/1296 2825/976/1296
f 2825/976/1297 2853/976/1297 2854/976/1297 2833/976/1297
f 2833/976/1298 2854/976/1298 2856/976/1298 2827/976/1298
f 2827/976/1299 2856/976/1299 2858/976/1299 2829/976/1299
f 2829/976/1300 2858/976/1300 2860/976/1300 2831/976/1300
f 2873/976/1273 2869/976/1273 2868/976/1273 2874/976/1273
f 2863/976/1273 2874/976/1273 2868/976/1273 2862/976/1273
f 2863/976/1273 2862/976/1273 2840/976/1273
f 2835/976/1273 2845/976/1273 2840/976/1273 2862/976/1273
f 2843/976/1273 2846/976/1273 2845/976/1273 2835/976/1273
f 2835/976/1301 2862/976/1301 2836/976/1301 2861/976/1301
f 2863/976/1334 2840/976/1334 2864/976/1334 2839/976/1334
f 2843/976/1340 2835/976/1340 2861/976/1340 2865/976/1340
f 2845/976/1304 2846/976/1304 2867/976/1304 2866/976/1304
f 2840/976/1305 2845/976/1305 2866/976/1305 2864/976/1305
f 2846/976/1306 2843/976/1306 2865/976/1306 2867/976/1306
f 2862/976/1307 2868/976/1307 2848/976/1307 2836/976/1307
f 2868/976/1308 2869/976/1308 2850/976/1308 2848/976/1308
f 2869/976/1309 2852/976/1309 2870/976/1309 2850/976/1309
f 2855/976/1310 2872/976/1310 2871/976/1310
f 2855/976/1311 2873/976/1311 2857/976/1311 2872/976/1311
f 2873/976/1312 2874/976/1312 2859/976/1312 2857/976/1312
f 2874/976/1313 2863/976/1313 2839/976/1313 2859/976/1313
f 2852/976/1314 2855/976/1314 2871/976/1314 2870/976/1314
f 2826/976/1315 2828/976/1315 2830/976/1315 2824/976/1315
f 2824/976/1315 2830/976/1315 2832/976/1315 2822/976/1315
f 2822/976/1315 2832/976/1315 2809/976/1315 2808/976/1315
f 2808/976/1315 2809/976/1315 2814/976/1315 2817/976/1315 2811/976/1315
f 2811/976/1315 2817/976/1315 2816/976/1315 2819/976/1315
f 2808/976/1316 2811/976/1316 2876/976/1316 2875/976/1316
f 2814/976/1343 2809/976/1343 2878/976/1343 2877/976/1343
f 2811/976/1318 2819/976/1318 2879/976/1318 2876/976/1318
f 2816/976/1336 2817/976/1336 2881/976/1336 2880/976/1336
f 2817/976/1320 2814/976/1320 2877/976/1320 2881/976/1320
f 2819/976/1321 2816/976/1321 2880/976/1321 2879/976/1321
f 2822/976/1322 2808/976/1322 2875/976/1322 2882/976/1322
f 2824/976/1323 2822/976/1323 2882/976/1323 2883/976/1323
f 2826/976/1324 2824/976/1324 2883/976/1324 2884/976/1324
f 2828/976/1325 2886/976/1325 2885/976/1325
f 2830/976/1326 2828/976/1326 2885/976/1326 2887/976/1326
f 2832/976/1327 2830/976/1327 2887/976/1327 2888/976/1327
f 2809/976/1328 2832/976/1328 2888/976/1328 2878/976/1328
f 2828/976/1338 2826/976/1338 2884/976/1338 2886/976/1338
f 2889/976/1330 2892/976/1330 2891/976/1330 2890/976/1330
f 2823/976/1315 2821/976/1315 2889/976/1315 2890/976/1315
f 2851/976/1331 2823/976/1331 2890/976/1331 2891/976/1331
f 2821/976/1332 2849/976/1332 2892/976/1332 2889/976/1332
f 2898/976/1259 2893/976/1259 2961/976/1259 2962/976/1259
f 2896/976/1260 2899/976/1260 2963/976/1260 2964/976/1260
f 2906/976/1261 2898/976/1261 2962/976/1261 2965/976/1261
f 2904/976/1262 2901/976/1262 2966/976/1262 2967/976/1262
f 2899/976/1263 2904/976/1263 2967/976/1263 2963/976/1263
f 2901/976/1264 2906/976/1264 2965/976/1264 2966/976/1264
f 2893/976/1265 2907/976/1265 2968/976/1265 2961/976/1265
f 2907/976/1266 2909/976/1266 2969/976/1266 2968/976/1266
f 2909/976/1267 2911/976/1267 2970/976/1267 2969/976/1267
f 2919/976/1268 2913/976/1268 2971/976/1268 2972/976/1268
f 2913/976/1269 2914/976/1269 2973/976/1269 2971/976/1269
f 2914/976/1270 2916/976/1270 2974/976/1270 2973/976/1270
f 2964/976/1271 2974/976/1271 2916/976/1271 2896/976/1271
f 2911/976/1272 2919/976/1272 2972/976/1272 2970/976/1272
f 2941/976/1273 2938/976/1273 2959/976/1273
f 2947/976/1274 2922/976/1274 2923/976/1274 2920/976/1274
f 2925/976/1275 2950/976/1275 2927/976/1275 2924/976/1275
f 2951/976/1276 2947/976/1276 2920/976/1276 2928/976/1276
f 2952/976/1277 2953/976/1277 2933/976/1277 2930/976/1277
f 2950/976/1333 2952/976/1333 2930/976/1333 2927/976/1333
f 2953/976/1279 2951/976/1279 2928/976/1279 2933/976/1279
f 2922/976/1280 2934/976/1280 2935/976/1280 2923/976/1280
f 2934/976/1281 2936/976/1281 2937/976/1281 2935/976/1281
f 2936/976/1282 2956/976/1282 2939/976/1282 2937/976/1282
f 2957/976/1283 2958/976/1283 2942/976/1283 2940/976/1283
f 2958/976/1284 2943/976/1284 2944/976/1284 2942/976/1284
f 2943/976/1285 2945/976/1285 2946/976/1285 2944/976/1285
f 2924/976/1286 2946/976/1286 2945/976/1286 2925/976/1286
f 2956/976/1287 2957/976/1287 2940/976/1287 2939/976/1287
f 2898/976/1288 2920/976/1288 2923/976/1288 2893/976/1288
f 2959/976/1273 2938/976/1273 2955/976/1273
f 2906/976/1289 2928/976/1289 2920/976/1289 2898/976/1289
f 2893/976/1290 2923/976/1290 2935/976/1290 2907/976/1290
f 2896/976/1291 2924/976/1291 2927/976/1291 2899/976/1291
f 2916/976/1292 2946/976/1292 2924/976/1292 2896/976/1292
f 2899/976/1293 2927/976/1293 2930/976/1293 2904/976/1293
f 2901/976/1294 2933/976/1294 2928/976/1294 2906/976/1294
f 2904/976/1295 2930/976/1295 2933/976/1295 2901/976/1295
f 2935/976/1273 2937/976/1273 2977/976/1273 2978/976/1273
f 2909/976/1296 2937/976/1296 2939/976/1296 2911/976/1296
f 2911/976/1297 2939/976/1297 2940/976/1297 2919/976/1297
f 2919/976/1298 2940/976/1298 2942/976/1298 2913/976/1298
f 2913/976/1299 2942/976/1299 2944/976/1299 2914/976/1299
f 2914/976/1300 2944/976/1300 2946/976/1300 2916/976/1300
f 2959/976/1273 2955/976/1273 2954/976/1273 2960/976/1273
f 2949/976/1273 2960/976/1273 2954/976/1273 2948/976/1273
f 2949/976/1273 2948/976/1273 2926/976/1273
f 2921/976/1273 2931/976/1273 2926/976/1273 2948/976/1273
f 2929/976/1273 2932/976/1273 2931/976/1273 2921/976/1273
f 2921/976/1339 2948/976/1339 2922/976/1339 2947/976/1339
f 2949/976/1334 2926/976/1334 2950/976/1334 2925/976/1334
f 2929/976/1303 2921/976/1303 2947/976/1303 2951/976/1303
f 2931/976/1304 2932/976/1304 2953/976/1304 2952/976/1304
f 2926/976/1305 2931/976/1305 2952/976/1305 2950/976/1305
f 2932/976/1306 2929/976/1306 2951/976/1306 2953/976/1306
f 2948/976/1307 2954/976/1307 2934/976/1307 2922/976/1307
f 2954/976/1308 2955/976/1308 2936/976/1308 2934/976/1308
f 2955/976/1309 2938/976/1309 2956/976/1309 2936/976/1309
f 2941/976/1310 2958/976/1310 2957/976/1310
f 2941/976/1311 2959/976/1311 2943/976/1311 2958/976/1311
f 2959/976/1312 2960/976/1312 2945/976/1312 2943/976/1312
f 2960/976/1313 2949/976/1313 2925/976/1313 2945/976/1313
f 2938/976/1314 2941/976/1314 2957/976/1314 2956/976/1314
f 2912/976/1315 2918/976/1315 2915/976/1315 2910/976/1315
f 2910/976/1315 2915/976/1315 2917/976/1315 2908/976/1315
f 2908/976/1315 2917/976/1315 2895/976/1315 2894/976/1315
f 2894/976/1315 2895/976/1315 2900/976/1315 2903/976/1315 2897/976/1315
f 2897/976/1315 2903/976/1315 2902/976/1315 2905/976/1315
f 2894/976/1316 2897/976/1316 2962/976/1316 2961/976/1316
f 2900/976/1343 2895/976/1343 2964/976/1343 2963/976/1343
f 2897/976/1318 2905/976/1318 2965/976/1318 2962/976/1318
f 2902/976/1336 2903/976/1336 2967/976/1336 2966/976/1336
f 2903/976/1320 2900/976/1320 2963/976/1320 2967/976/1320
f 2905/976/1321 2902/976/1321 2966/976/1321 2965/976/1321
f 2908/976/1322 2894/976/1322 2961/976/1322 2968/976/1322
f 2910/976/1323 2908/976/1323 2968/976/1323 2969/976/1323
f 2912/976/1324 2910/976/1324 2969/976/1324 2970/976/1324
f 2918/976/1325 2972/976/1325 2971/976/1325
f 2915/976/1326 2918/976/1326 2971/976/1326 2973/976/1326
f 2917/976/1327 2915/976/1327 2973/976/1327 2974/976/1327
f 2895/976/1328 2917/976/1328 2974/976/1328 2964/976/1328
f 2918/976/1338 2912/976/1338 2970/976/1338 2972/976/1338
f 2975/976/1330 2978/976/1330 2977/976/1330 2976/976/1330
f 2909/976/1315 2907/976/1315 2975/976/1315 2976/976/1315
f 2937/976/1331 2909/976/1331 2976/976/1331 2977/976/1331
f 2907/976/1332 2935/976/1332 2978/976/1332 2975/976/1332
o Plane.014
v -4.487584 1.801439 -16.013569
v -4.390335 1.809448 -15.972805
v -4.055386 1.914260 -15.972805
v -3.958879 1.887340 -16.013569
v -4.390335 3.274069 -15.972805
v -4.487584 3.354964 -16.013569
v -3.934907 2.711705 -16.013569
v -4.032212 2.711182 -15.972805
v -4.074403 3.368948 -16.013569
v -4.117055 3.275726 -15.972805
v -4.052291 3.215265 -15.972805
v -3.956710 3.259074 -16.013569
v -4.284255 3.293711 -15.972805
v -4.287985 3.391921 -16.013569
v -4.444966 1.544457 -16.013569
v -4.362882 1.643907 -15.972805
v -3.154618 1.578529 -16.013569
v -3.179503 1.675155 -15.972805
v -2.947967 1.685517 -16.013569
v -3.019429 1.758029 -15.972805
v -2.932651 1.911923 -16.013569
v -3.426194 1.918527 -16.013569
v -3.420558 1.821194 -15.972805
v -3.982054 1.846388 -16.013569
v -4.162545 1.724899 -15.972805
v -2.992521 1.812981 -15.972805
v -2.882043 1.808431 -16.013569
v -4.487584 3.354964 -17.550682
v -4.387219 3.271477 -17.599220
v -4.420019 1.807004 -17.618246
v -4.487584 1.801439 -17.550682
v -3.958879 1.887340 -17.550682
v -4.025928 1.906043 -17.618246
v -4.035329 2.711164 -17.599220
v -3.934907 2.711704 -17.550682
v -4.287985 3.391922 -17.550682
v -4.284135 3.290564 -17.599220
v -3.956710 3.259075 -17.550682
v -4.055353 3.213861 -17.599220
v -4.118422 3.272738 -17.599220
v -4.074403 3.368948 -17.550682
v -4.387938 1.613551 -17.618246
v -4.444966 1.544458 -17.550682
v -3.171907 1.645661 -17.618246
v -3.154618 1.578529 -17.550682
v -3.021719 1.760352 -17.599220
v -2.947967 1.685517 -17.550682
v -2.882043 1.808431 -17.550682
v -2.995250 1.811469 -17.599220
v -2.932651 1.911923 -17.550682
v -3.422279 1.850904 -17.618246
v -3.426194 1.918527 -17.550682
v -4.107452 1.761983 -17.618246
v -3.982054 1.846388 -17.550682
v -4.420019 3.298762 -17.618246
v -4.387219 1.809705 -17.599220
v -4.058478 1.915122 -17.599220
v -4.002510 2.711342 -17.618246
v -4.285393 3.323689 -17.618246
v -4.023116 3.228637 -17.618246
v -4.104035 3.304182 -17.618246
v -4.360252 1.647094 -17.599220
v -3.180300 1.678251 -17.599220
v -2.997616 1.735895 -17.618246
v -2.957948 1.809854 -17.618246
v -2.975096 1.844921 -17.618246
v -3.420378 1.818076 -17.599220
v -4.168328 1.721007 -17.599220
v -4.419148 1.807075 -15.945134
v -4.419148 3.298037 -15.945134
v -4.003381 2.711337 -15.945134
v -4.026792 1.906284 -15.945134
v -4.285360 3.322809 -15.945134
v -4.104418 3.303347 -15.945134
v -4.023972 3.228245 -15.945134
v -4.387202 1.614442 -15.945134
v -3.172130 1.646526 -15.945134
v -2.998256 1.736544 -15.945134
v -2.975643 1.844057 -15.945134
v -2.958927 1.809872 -15.945134
v -3.422228 1.850032 -15.945134
v -4.109068 1.760895 -15.945134
v -4.435128 1.135766 -16.013569
v -3.144780 1.169838 -16.013569
v -3.144780 1.169838 -17.550682
v -4.435128 1.135767 -17.550682
v -4.487584 1.801439 -14.221856
v -4.390335 1.809449 -14.181092
v -4.055386 1.914260 -14.181092
v -3.958879 1.887340 -14.221856
v -4.390335 3.274069 -14.181092
v -4.487584 3.354964 -14.221856
v -3.934907 2.711705 -14.221856
v -4.032212 2.711182 -14.181092
v -4.074403 3.368948 -14.221856
v -4.117055 3.275726 -14.181092
v -4.052291 3.215265 -14.181092
v -3.956710 3.259074 -14.221856
v -4.284255 3.293711 -14.181092
v -4.287985 3.391921 -14.221856
v -4.444966 1.544458 -14.221856
v -4.362882 1.643908 -14.181092
v -3.154618 1.578529 -14.221856
v -3.179503 1.675155 -14.181092
v -2.947967 1.685517 -14.221856
v -3.019429 1.758029 -14.181092
v -2.932651 1.911923 -14.221856
v -2.992521 1.812981 -14.181092
v -3.426194 1.918527 -14.221856
v -3.420558 1.821194 -14.181092
v -3.982054 1.846388 -14.221856
v -4.162545 1.724899 -14.181092
v -2.882043 1.808431 -14.221856
v -4.487584 3.354964 -15.758968
v -4.387219 3.271477 -15.807508
v -4.420019 1.807004 -15.826533
v -4.487584 1.801439 -15.758968
v -3.958879 1.887341 -15.758968
v -4.025928 1.906043 -15.826533
v -4.035329 2.711165 -15.807508
v -3.934907 2.711705 -15.758968
v -4.287985 3.391921 -15.758968
v -4.284135 3.290564 -15.807508
v -3.956710 3.259074 -15.758968
v -4.055353 3.213861 -15.807508
v -4.118422 3.272739 -15.807508
v -4.074403 3.368948 -15.758968
v -4.387938 1.613551 -15.826533
v -4.444966 1.544458 -15.758968
v -3.171907 1.645661 -15.826533
v -3.154618 1.578529 -15.758968
v -3.021719 1.760352 -15.807508
v -2.947967 1.685518 -15.758968
v -2.882043 1.808432 -15.758968
v -2.995250 1.811469 -15.807508
v -2.932651 1.911923 -15.758968
v -3.422279 1.850904 -15.826533
v -3.426194 1.918527 -15.758968
v -4.107452 1.761983 -15.826533
v -3.982054 1.846388 -15.758968
v -4.420019 3.298762 -15.826533
v -4.387219 1.809705 -15.807508
v -4.058478 1.915122 -15.807508
v -4.002510 2.711342 -15.826533
v -4.285393 3.323689 -15.826533
v -4.023115 3.228637 -15.826533
v -4.104035 3.304182 -15.826533
v -4.360252 1.647094 -15.807508
v -3.180300 1.678251 -15.807508
v -2.997616 1.735895 -15.826533
v -2.957948 1.809854 -15.826533
v -2.975096 1.844921 -15.826533
v -3.420378 1.818076 -15.807508
v -4.168328 1.721007 -15.807508
v -4.419148 1.807076 -14.153421
v -4.419148 3.298037 -14.153421
v -4.003381 2.711337 -14.153421
v -4.026792 1.906284 -14.153421
v -4.285360 3.322809 -14.153421
v -4.104418 3.303347 -14.153421
v -4.023972 3.228245 -14.153421
v -4.387202 1.614442 -14.153421
v -3.172130 1.646526 -14.153421
v -2.998256 1.736544 -14.153421
v -2.975644 1.844057 -14.153421
v -2.958927 1.809872 -14.153421
v -3.422228 1.850033 -14.153421
v -4.109068 1.760895 -14.153421
v -4.435128 1.135766 -14.221856
v -3.144780 1.169838 -14.221856
v -3.144780 1.169838 -15.758968
v -4.435128 1.135767 -15.758968
v -4.487584 1.801439 -12.458641
v -4.390335 1.809449 -12.417877
v -4.055386 1.914260 -12.417877
v -3.958879 1.887340 -12.458641
v -4.390335 3.274069 -12.417877
v -4.487584 3.354964 -12.458641
v -3.934907 2.711705 -12.458641
v -4.032212 2.711182 -12.417877
v -4.074403 3.368948 -12.458641
v -4.117055 3.275726 -12.417877
v -4.052291 3.215265 -12.417877
v -3.956710 3.259074 -12.458641
v -4.284255 3.293710 -12.417877
v -4.287985 3.391921 -12.458641
v -4.444966 1.544457 -12.458641
v -4.362882 1.643908 -12.417877
v -3.154618 1.578529 -12.458641
v -3.179503 1.675155 -12.417877
v -2.947967 1.685517 -12.458641
v -3.019429 1.758029 -12.417877
v -2.932651 1.911923 -12.458641
v -2.992521 1.812981 -12.417877
v -3.426194 1.918527 -12.458641
v -3.420558 1.821194 -12.417877
v -3.982054 1.846388 -12.458641
v -4.162545 1.724899 -12.417877
v -2.882043 1.808431 -12.458641
v -4.487584 3.354964 -13.995754
v -4.387219 3.271477 -14.044292
v -4.420019 1.807004 -14.063318
v -4.487584 1.801440 -13.995754
v -3.958879 1.887341 -13.995754
v -4.025928 1.906043 -14.063318
v -4.035329 2.711165 -14.044292
v -3.934907 2.711705 -13.995754
v -4.287985 3.391921 -13.995754
v -4.284135 3.290564 -14.044292
v -3.956710 3.259074 -13.995754
v -4.055353 3.213861 -14.044292
v -4.118422 3.272739 -14.044292
v -4.074403 3.368948 -13.995754
v -4.387938 1.613551 -14.063318
v -4.444966 1.544458 -13.995754
v -3.171907 1.645661 -14.063318
v -3.154618 1.578529 -13.995754
v -3.021719 1.760352 -14.044292
v -2.947967 1.685518 -13.995754
v -2.882043 1.808432 -13.995754
v -2.995250 1.811469 -14.044292
v -2.932651 1.911923 -13.995754
v -3.422279 1.850904 -14.063318
v -3.426194 1.918527 -13.995754
v -4.107452 1.761983 -14.063318
v -3.982054 1.846388 -13.995754
v -4.420019 3.298762 -14.063318
v -4.387219 1.809705 -14.044292
v -4.058478 1.915122 -14.044292
v -4.002510 2.711342 -14.063318
v -4.285393 3.323689 -14.063318
v -4.023115 3.228637 -14.063318
v -4.104035 3.304182 -14.063318
v -4.360252 1.647094 -14.044292
v -3.180300 1.678251 -14.044292
v -2.997616 1.735895 -14.063318
v -2.957948 1.809854 -14.063318
v -2.975096 1.844921 -14.063318
v -3.420378 1.818076 -14.044292
v -4.168328 1.721007 -14.044292
v -4.419148 1.807076 -12.390206
v -4.419148 3.298037 -12.390206
v -4.003381 2.711337 -12.390206
v -4.026792 1.906284 -12.390206
v -4.285360 3.322809 -12.390206
v -4.104418 3.303347 -12.390206
v -4.023972 3.228245 -12.390206
v -4.387202 1.614442 -12.390206
v -3.172130 1.646526 -12.390206
v -2.998256 1.736544 -12.390206
v -2.975644 1.844057 -12.390206
v -2.958927 1.809872 -12.390206
v -3.422228 1.850033 -12.390206
v -4.109068 1.760895 -12.390206
v -4.435128 1.135766 -12.458641
v -3.144780 1.169838 -12.458641
v -3.144780 1.169838 -13.995754
v -4.435128 1.135767 -13.995754
v -4.487584 1.801439 -10.688818
v -4.390335 1.809449 -10.648053
v -4.055386 1.914260 -10.648053
v -3.958879 1.887340 -10.688818
v -4.390335 3.274069 -10.648053
v -4.487584 3.354964 -10.688818
v -3.934907 2.711705 -10.688818
v -4.032212 2.711182 -10.648053
v -4.074403 3.368948 -10.688818
v -4.117055 3.275726 -10.648053
v -4.052291 3.215265 -10.648053
v -3.956710 3.259074 -10.688818
v -4.284255 3.293711 -10.648053
v -4.287985 3.391921 -10.688818
v -4.444966 1.544458 -10.688818
v -4.362882 1.643908 -10.648053
v -3.154618 1.578529 -10.688818
v -3.179503 1.675155 -10.648053
v -2.947967 1.685517 -10.688818
v -3.019429 1.758029 -10.648053
v -2.932651 1.911923 -10.688818
v -2.992521 1.812981 -10.648053
v -3.426194 1.918527 -10.688818
v -3.420558 1.821194 -10.648053
v -3.982054 1.846388 -10.688818
v -4.162545 1.724899 -10.648053
v -2.882043 1.808431 -10.688818
v -4.487584 3.354964 -12.225929
v -4.387219 3.271477 -12.274468
v -4.420019 1.807004 -12.293494
v -4.487584 1.801439 -12.225929
v -3.958879 1.887340 -12.225929
v -4.025928 1.906043 -12.293494
v -4.035329 2.711165 -12.274468
v -3.934907 2.711705 -12.225929
v -4.287985 3.391921 -12.225929
v -4.284135 3.290564 -12.274468
v -3.956710 3.259074 -12.225929
v -4.055353 3.213861 -12.274468
v -4.118422 3.272739 -12.274468
v -4.074403 3.368948 -12.225929
v -4.387938 1.613551 -12.293494
v -4.444966 1.544458 -12.225929
v -3.171907 1.645661 -12.293494
v -3.154618 1.578529 -12.225929
v -3.021719 1.760352 -12.274468
v -2.947967 1.685518 -12.225929
v -2.882043 1.808431 -12.225929
v -2.995250 1.811469 -12.274468
v -2.932651 1.911923 -12.225929
v -3.422279 1.850904 -12.293494
v -3.426194 1.918527 -12.225929
v -4.107452 1.761983 -12.293494
v -3.982054 1.846388 -12.225929
v -4.420019 3.298762 -12.293494
v -4.387219 1.809705 -12.274468
v -4.058478 1.915122 -12.274468
v -4.002510 2.711342 -12.293494
v -4.285393 3.323689 -12.293494
v -4.023115 3.228637 -12.293494
v -4.104035 3.304182 -12.293494
v -4.360252 1.647094 -12.274468
v -3.180300 1.678251 -12.274468
v -2.997616 1.735895 -12.293494
v -2.957948 1.809854 -12.293494
v -2.975096 1.844921 -12.293494
v -3.420378 1.818076 -12.274468
v -4.168328 1.721007 -12.274468
v -4.419148 1.807076 -10.620382
v -4.419148 3.298037 -10.620382
v -4.003381 2.711337 -10.620382
v -4.026792 1.906284 -10.620382
v -4.285360 3.322809 -10.620382
v -4.104418 3.303347 -10.620382
v -4.023972 3.228245 -10.620382
v -4.387202 1.614442 -10.620382
v -3.172130 1.646526 -10.620382
v -2.998256 1.736544 -10.620382
v -2.975644 1.844057 -10.620382
v -2.958927 1.809872 -10.620382
v -3.422228 1.850033 -10.620382
v -4.109068 1.760895 -10.620382
v -4.435128 1.135766 -10.688818
v -3.144780 1.169838 -10.688818
v -3.144780 1.169838 -12.225929
v -4.435128 1.135767 -12.225929
v -4.487584 1.801439 -8.939762
v -4.390335 1.809449 -8.898998
v -4.055386 1.914260 -8.898998
v -3.958879 1.887340 -8.939762
v -4.390335 3.274069 -8.898998
v -4.487584 3.354964 -8.939762
v -3.934907 2.711705 -8.939762
v -4.032212 2.711182 -8.898998
v -4.074403 3.368948 -8.939762
v -4.117055 3.275726 -8.898998
v -4.052291 3.215265 -8.898998
v -3.956710 3.259074 -8.939762
v -4.284255 3.293711 -8.898998
v -4.287985 3.391921 -8.939762
v -4.444966 1.544458 -8.939762
v -4.362882 1.643908 -8.898998
v -3.154618 1.578529 -8.939762
v -3.179503 1.675155 -8.898998
v -2.947967 1.685517 -8.939762
v -3.019429 1.758029 -8.898998
v -2.932651 1.911923 -8.939762
v -2.992521 1.812981 -8.898998
v -3.426194 1.918527 -8.939762
v -3.420558 1.821194 -8.898998
v -3.982054 1.846388 -8.939762
v -4.162545 1.724899 -8.898998
v -2.882043 1.808431 -8.939762
v -4.487584 3.354964 -10.476875
v -4.387219 3.271477 -10.525414
v -4.420019 1.807004 -10.544439
v -4.487584 1.801439 -10.476875
v -3.958879 1.887341 -10.476875
v -4.025928 1.906043 -10.544439
v -4.035329 2.711165 -10.525414
v -3.934907 2.711705 -10.476875
v -4.287985 3.391921 -10.476875
v -4.284135 3.290564 -10.525414
v -3.956710 3.259074 -10.476875
v -4.055353 3.213861 -10.525414
v -4.118422 3.272739 -10.525414
v -4.074403 3.368948 -10.476875
v -4.387938 1.613551 -10.544439
v -4.444966 1.544458 -10.476875
v -3.171907 1.645661 -10.544439
v -3.154618 1.578529 -10.476875
v -3.021719 1.760352 -10.525414
v -2.947967 1.685518 -10.476875
v -2.882043 1.808431 -10.476875
v -2.995250 1.811469 -10.525414
v -2.932651 1.911923 -10.476875
v -3.422279 1.850904 -10.544439
v -3.426194 1.918527 -10.476875
v -4.107452 1.761983 -10.544439
v -3.982054 1.846388 -10.476875
v -4.420019 3.298762 -10.544439
v -4.387219 1.809705 -10.525414
v -4.058478 1.915122 -10.525414
v -4.002510 2.711342 -10.544439
v -4.285393 3.323689 -10.544439
v -4.023115 3.228637 -10.544439
v -4.104035 3.304182 -10.544439
v -4.360252 1.647094 -10.525414
v -3.180300 1.678251 -10.525414
v -2.997616 1.735895 -10.544439
v -2.957948 1.809854 -10.544439
v -2.975096 1.844921 -10.544439
v -3.420378 1.818076 -10.525414
v -4.168328 1.721007 -10.525414
v -4.419148 1.807076 -8.871327
v -4.419148 3.298037 -8.871327
v -4.003381 2.711337 -8.871327
v -4.026792 1.906284 -8.871327
v -4.285360 3.322809 -8.871327
v -4.104418 3.303347 -8.871327
v -4.023972 3.228245 -8.871327
v -4.387202 1.614442 -8.871327
v -3.172130 1.646526 -8.871327
v -2.998256 1.736544 -8.871327
v -2.975644 1.844057 -8.871327
v -2.958927 1.809872 -8.871327
v -3.422228 1.850033 -8.871327
v -4.109068 1.760895 -8.871327
v -4.435128 1.135766 -8.939762
v -3.144780 1.169838 -8.939762
v -3.144780 1.169838 -10.476875
v -4.435128 1.135767 -10.476875
v -4.487584 1.801439 -7.201131
v -4.390335 1.809449 -7.160367
v -4.055386 1.914260 -7.160367
v -3.958879 1.887340 -7.201131
v -4.390335 3.274070 -7.160367
v -4.487584 3.354964 -7.201131
v -3.934907 2.711705 -7.201131
v -4.032212 2.711183 -7.160367
v -4.074403 3.368948 -7.201131
v -4.117055 3.275727 -7.160367
v -4.052291 3.215266 -7.160367
v -3.956710 3.259074 -7.201131
v -4.284255 3.293711 -7.160367
v -4.287985 3.391922 -7.201131
v -4.444966 1.544458 -7.201131
v -4.362882 1.643908 -7.160367
v -3.154618 1.578529 -7.201131
v -3.179503 1.675155 -7.160367
v -2.947967 1.685517 -7.201131
v -3.019429 1.758029 -7.160367
v -2.932651 1.911923 -7.201131
v -2.992521 1.812981 -7.160367
v -3.426194 1.918527 -7.201131
v -3.420558 1.821194 -7.160367
v -3.982054 1.846388 -7.201131
v -4.162545 1.724899 -7.160367
v -2.882043 1.808431 -7.201131
v -4.487584 3.354964 -8.738243
v -4.387219 3.271477 -8.786781
v -4.420019 1.807004 -8.805807
v -4.487584 1.801440 -8.738243
v -3.958879 1.887341 -8.738243
v -4.025928 1.906043 -8.805807
v -4.035329 2.711165 -8.786781
v -3.934907 2.711705 -8.738243
v -4.287985 3.391922 -8.738243
v -4.284135 3.290564 -8.786781
v -3.956710 3.259075 -8.738243
v -4.055353 3.213861 -8.786781
v -4.118422 3.272739 -8.786781
v -4.074403 3.368948 -8.738243
v -4.387938 1.613551 -8.805807
v -4.444966 1.544458 -8.738243
v -3.171907 1.645661 -8.805807
v -3.154618 1.578530 -8.738243
v -3.021719 1.760352 -8.786781
v -2.947967 1.685518 -8.738243
v -2.882043 1.808432 -8.738243
v -2.995250 1.811469 -8.786781
v -2.932651 1.911923 -8.738243
v -3.422279 1.850904 -8.805807
v -3.426194 1.918527 -8.738243
v -4.107452 1.761983 -8.805807
v -3.982054 1.846388 -8.738243
v -4.420019 3.298762 -8.805807
v -4.387219 1.809705 -8.786781
v -4.058478 1.915122 -8.786781
v -4.002510 2.711342 -8.805807
v -4.285393 3.323689 -8.805807
v -4.023115 3.228637 -8.805807
v -4.104035 3.304182 -8.805807
v -4.360252 1.647094 -8.786781
v -3.180300 1.678251 -8.786781
v -2.997616 1.735895 -8.805807
v -2.957948 1.809854 -8.805807
v -2.975096 1.844921 -8.805807
v -3.420378 1.818076 -8.786781
v -4.168328 1.721007 -8.786781
v -4.419148 1.807076 -7.132696
v -4.419148 3.298038 -7.132697
v -4.003381 2.711338 -7.132696
v -4.026792 1.906284 -7.132696
v -4.285360 3.322809 -7.132697
v -4.104418 3.303348 -7.132697
v -4.023972 3.228245 -7.132697
v -4.387202 1.614442 -7.132696
v -3.172130 1.646526 -7.132696
v -2.998256 1.736545 -7.132696
v -2.975644 1.844057 -7.132696
v -2.958927 1.809872 -7.132696
v -3.422228 1.850033 -7.132696
v -4.109068 1.760895 -7.132696
v -4.435128 1.135767 -7.201131
v -3.144780 1.169838 -7.201131
v -3.144780 1.169838 -8.738243
v -4.435128 1.135767 -8.738243
v -4.487584 1.801440 -5.464494
v -4.390335 1.809450 -5.423730
v -4.055386 1.914261 -5.423730
v -3.958879 1.887341 -5.464494
v -4.390335 3.274070 -5.423730
v -4.487584 3.354964 -5.464495
v -3.934907 2.711705 -5.464494
v -4.032212 2.711183 -5.423730
v -4.074403 3.368948 -5.464495
v -4.117055 3.275727 -5.423730
v -4.052291 3.215266 -5.423730
v -3.956710 3.259074 -5.464495
v -4.284255 3.293711 -5.423730
v -4.287985 3.391922 -5.464495
v -4.444966 1.544459 -5.464494
v -4.362882 1.643909 -5.423730
v -3.154618 1.578530 -5.464494
v -3.179503 1.675156 -5.423730
v -2.947967 1.685518 -5.464494
v -3.019429 1.758030 -5.423730
v -2.932651 1.911924 -5.464494
v -3.426194 1.918528 -5.464494
v -3.420558 1.821195 -5.423730
v -3.982054 1.846389 -5.464494
v -4.162545 1.724900 -5.423730
v -2.992521 1.812982 -5.423730
v -2.882043 1.808432 -5.464494
v -4.487584 3.354964 -7.001607
v -4.387219 3.271477 -7.050146
v -4.420019 1.807005 -7.069171
v -4.487584 1.801440 -7.001607
v -3.958879 1.887341 -7.001607
v -4.025928 1.906044 -7.069171
v -4.035329 2.711165 -7.050145
v -3.934907 2.711705 -7.001607
v -4.287985 3.391922 -7.001607
v -4.284135 3.290565 -7.050146
v -3.956710 3.259074 -7.001607
v -4.055353 3.213861 -7.050146
v -4.118422 3.272739 -7.050146
v -4.074403 3.368948 -7.001607
v -4.387938 1.613551 -7.069171
v -4.444966 1.544459 -7.001607
v -3.171907 1.645661 -7.069171
v -3.154618 1.578529 -7.001607
v -3.021719 1.760352 -7.050145
v -2.947967 1.685519 -7.001607
v -2.882043 1.808432 -7.001607
v -2.995250 1.811470 -7.050145
v -2.932651 1.911924 -7.001607
v -3.422279 1.850904 -7.069171
v -3.426194 1.918527 -7.001607
v -4.107452 1.761984 -7.069171
v -3.982054 1.846389 -7.001607
v -4.420019 3.298763 -7.069171
v -4.387219 1.809705 -7.050145
v -4.058478 1.915123 -7.050145
v -4.002510 2.711343 -7.069171
v -4.285393 3.323689 -7.069171
v -4.023115 3.228637 -7.069171
v -4.104035 3.304183 -7.069171
v -4.360252 1.647094 -7.050145
v -3.180300 1.678252 -7.050145
v -2.997616 1.735896 -7.069171
v -2.957948 1.809855 -7.069171
v -2.975096 1.844921 -7.069171
v -3.420378 1.818076 -7.050145
v -4.168328 1.721007 -7.050145
v -4.419148 1.807077 -5.396059
v -4.419148 3.298038 -5.396060
v -4.003381 2.711338 -5.396059
v -4.026792 1.906285 -5.396059
v -4.285360 3.322809 -5.396060
v -4.104418 3.303348 -5.396060
v -4.023972 3.228245 -5.396060
v -4.387202 1.614443 -5.396059
v -3.172130 1.646527 -5.396059
v -2.998256 1.736546 -5.396059
v -2.975644 1.844058 -5.396059
v -2.958927 1.809873 -5.396059
v -3.422228 1.850034 -5.396059
v -4.109068 1.760896 -5.396059
v -4.435128 1.135767 -5.464494
v -3.144780 1.169839 -5.464494
v -3.144780 1.169839 -7.001607
v -4.435128 1.135768 -7.001607
vn -0.7071 -0.0000 0.7071
vn 0.7068 -0.0206 0.7071
vn -0.1287 0.6953 0.7071
vn 0.4825 0.5169 0.7071
vn 0.7065 0.0281 0.7071
vn 0.0756 0.7031 0.7071
vn -0.6976 -0.1157 0.7071
vn 0.0187 -0.7069 0.7071
vn 0.3251 -0.6279 0.7071
vn 0.6352 0.3106 0.7071
vn 0.0095 0.7070 0.7071
vn -0.0910 0.7012 0.7071
vn 0.6154 -0.3483 0.7071
vn 0.6231 -0.3342 0.7071
vn -0.0000 -0.0000 -1.0000
vn -0.7071 -0.0000 -0.7071
vn 0.7068 -0.0206 -0.7071
vn -0.1287 0.6953 -0.7071
vn 0.4825 0.5169 -0.7071
vn 0.7065 0.0281 -0.7071
vn 0.0756 0.7031 -0.7071
vn -0.6976 -0.1157 -0.7071
vn 0.0187 -0.7069 -0.7071
vn 0.3251 -0.6279 -0.7071
vn 0.6352 0.3106 -0.7071
vn 0.0095 0.7070 -0.7071
vn -0.0910 0.7012 -0.7071
vn 0.6154 -0.3483 -0.7071
vn 0.6231 -0.3342 -0.7071
vn -1.0000 -0.0000 -0.0000
vn -0.1821 0.9833 -0.0000
vn -0.9865 -0.1636 -0.0000
vn 0.9996 -0.0291 -0.0000
vn 0.8703 -0.4925 -0.0000
vn 0.9992 0.0398 -0.0000
vn 0.1069 0.9943 -0.0000
vn 0.6824 0.7310 -0.0000
vn 0.4598 -0.8880 -0.0000
vn 0.8812 -0.4727 -0.0000
vn 0.8983 0.4393 -0.0000
vn 0.0134 0.9999 -0.0000
vn -0.1287 0.9917 -0.0000
vn 0.5018 -0.0000 -0.8650
vn -0.5015 0.0146 -0.8650
vn 0.0914 -0.4934 -0.8650
vn -0.3424 -0.3668 -0.8650
vn -0.5014 -0.0200 -0.8650
vn -0.0537 -0.4989 -0.8650
vn 0.4950 0.0821 -0.8650
vn -0.0132 0.5016 -0.8650
vn -0.2307 0.4456 -0.8650
vn -0.4507 -0.2204 -0.8650
vn -0.0072 -0.4964 -0.8681
vn 0.0646 -0.4976 -0.8650
vn -0.4367 0.2471 -0.8650
vn -0.4392 0.2322 -0.8679
vn -0.0000 -0.0000 1.0000
vn 0.6927 -0.0000 0.7213
vn -0.6924 0.0201 0.7213
vn 0.1261 -0.6811 0.7213
vn -0.4727 -0.5063 0.7213
vn -0.6921 -0.0276 0.7212
vn -0.0741 -0.6887 0.7213
vn 0.6833 0.1133 0.7213
vn -0.0183 0.6924 0.7213
vn -0.3185 0.6151 0.7213
vn -0.6222 -0.3043 0.7213
vn -0.0110 -0.6770 0.7359
vn 0.0891 -0.6869 0.7213
vn -0.6029 0.3411 0.7212
vn -0.6027 0.3112 0.7348
vn 0.0264 -0.9997 -0.0000
vn 0.9997 0.0241 -0.0000
vn -0.9997 -0.0241 -0.0000
vn 0.7066 0.0281 -0.7071
vn 0.5017 -0.0000 -0.8650
vn 0.0913 -0.4933 -0.8650
vn -0.3424 -0.3667 -0.8650
vn -0.5013 -0.0200 -0.8650
vn -0.0537 -0.4988 -0.8650
vn -0.4508 -0.2204 -0.8650
vn -0.6921 -0.0276 0.7213
vn -0.6028 0.3411 0.7213
vn -0.5016 0.0146 -0.8650
vn 0.0913 -0.4934 -0.8650
vn -0.3184 0.6151 0.7213
vn -0.6223 -0.3043 0.7212
vn 0.7066 0.0281 0.7071
vn 0.6833 0.1133 0.7212
vt 0.000000 0.000000
s 1
f 2984/977/1349 2979/977/1349 3047/977/1349 3048/977/1349
f 2982/977/1350 2985/977/1350 3049/977/1350 3050/977/1350
f 2992/977/1351 2984/977/1351 3048/977/1351 3051/977/1351
f 2990/977/1352 2987/977/1352 3052/977/1352 3053/977/1352
f 2985/977/1353 2990/977/1353 3053/977/1353 3049/977/1353
f 2987/977/1354 2992/977/1354 3051/977/1354 3052/977/1354
f 2979/977/1355 2993/977/1355 3054/977/1355 3047/977/1355
f 2993/977/1356 2995/977/1356 3055/977/1356 3054/977/1356
f 2995/977/1357 2997/977/1357 3056/977/1357 3055/977/1357
f 3005/977/1358 2999/977/1358 3057/977/1358 3058/977/1358
f 2999/977/1359 3000/977/1359 3059/977/1359 3057/977/1359
f 3000/977/1360 3002/977/1360 3060/977/1360 3059/977/1360
f 3050/977/1361 3060/977/1361 3002/977/1361 2982/977/1361
f 2997/977/1362 3005/977/1362 3058/977/1362 3056/977/1362
f 3027/977/1363 3024/977/1363 3045/977/1363
f 3033/977/1364 3008/977/1364 3009/977/1364 3006/977/1364
f 3011/977/1365 3036/977/1365 3013/977/1365 3010/977/1365
f 3037/977/1366 3033/977/1366 3006/977/1366 3014/977/1366
f 3038/977/1367 3039/977/1367 3019/977/1367 3016/977/1367
f 3036/977/1368 3038/977/1368 3016/977/1368 3013/977/1368
f 3039/977/1369 3037/977/1369 3014/977/1369 3019/977/1369
f 3008/977/1370 3020/977/1370 3021/977/1370 3009/977/1370
f 3020/977/1371 3022/977/1371 3023/977/1371 3021/977/1371
f 3022/977/1372 3042/977/1372 3025/977/1372 3023/977/1372
f 3043/977/1373 3044/977/1373 3028/977/1373 3026/977/1373
f 3044/977/1374 3029/977/1374 3030/977/1374 3028/977/1374
f 3029/977/1375 3031/977/1375 3032/977/1375 3030/977/1375
f 3010/977/1376 3032/977/1376 3031/977/1376 3011/977/1376
f 3042/977/1377 3043/977/1377 3026/977/1377 3025/977/1377
f 2984/977/1378 3006/977/1378 3009/977/1378 2979/977/1378
f 3045/977/1363 3024/977/1363 3041/977/1363
f 2992/977/1379 3014/977/1379 3006/977/1379 2984/977/1379
f 2979/977/1380 3009/977/1380 3021/977/1380 2993/977/1380
f 2982/977/1381 3010/977/1381 3013/977/1381 2985/977/1381
f 3002/977/1382 3032/977/1382 3010/977/1382 2982/977/1382
f 2985/977/1383 3013/977/1383 3016/977/1383 2990/977/1383
f 2987/977/1384 3019/977/1384 3014/977/1384 2992/977/1384
f 2990/977/1385 3016/977/1385 3019/977/1385 2987/977/1385
f 3021/977/1363 3023/977/1363 3063/977/1363 3064/977/1363
f 2995/977/1386 3023/977/1386 3025/977/1386 2997/977/1386
f 2997/977/1387 3025/977/1387 3026/977/1387 3005/977/1387
f 3005/977/1388 3026/977/1388 3028/977/1388 2999/977/1388
f 2999/977/1389 3028/977/1389 3030/977/1389 3000/977/1389
f 3000/977/1390 3030/977/1390 3032/977/1390 3002/977/1390
f 3045/977/1363 3041/977/1363 3040/977/1363 3046/977/1363
f 3035/977/1363 3046/977/1363 3040/977/1363 3034/977/1363
f 3035/977/1363 3034/977/1363 3012/977/1363
f 3007/977/1363 3017/977/1363 3012/977/1363 3034/977/1363
f 3015/977/1363 3018/977/1363 3017/977/1363 3007/977/1363
f 3007/977/1391 3034/977/1391 3008/977/1391 3033/977/1391
f 3035/977/1392 3012/977/1392 3036/977/1392 3011/977/1392
f 3015/977/1393 3007/977/1393 3033/977/1393 3037/977/1393
f 3017/977/1394 3018/977/1394 3039/977/1394 3038/977/1394
f 3012/977/1395 3017/977/1395 3038/977/1395 3036/977/1395
f 3018/977/1396 3015/977/1396 3037/977/1396 3039/977/1396
f 3034/977/1397 3040/977/1397 3020/977/1397 3008/977/1397
f 3040/977/1398 3041/977/1398 3022/977/1398 3020/977/1398
f 3041/977/1399 3024/977/1399 3042/977/1399 3022/977/1399
f 3027/977/1400 3044/977/1400 3043/977/1400
f 3027/977/1401 3045/977/1401 3029/977/1401 3044/977/1401
f 3045/977/1402 3046/977/1402 3031/977/1402 3029/977/1402
f 3046/977/1403 3035/977/1403 3011/977/1403 3031/977/1403
f 3024/977/1404 3027/977/1404 3043/977/1404 3042/977/1404
f 2998/977/1405 3004/977/1405 3001/977/1405 2996/977/1405
f 2996/977/1405 3001/977/1405 3003/977/1405 2994/977/1405
f 2994/977/1405 3003/977/1405 2981/977/1405 2980/977/1405
f 2980/977/1405 2981/977/1405 2986/977/1405 2989/977/1405 2983/977/1405
f 2983/977/1405 2989/977/1405 2988/977/1405 2991/977/1405
f 2980/977/1406 2983/977/1406 3048/977/1406 3047/977/1406
f 2986/977/1407 2981/977/1407 3050/977/1407 3049/977/1407
f 2983/977/1408 2991/977/1408 3051/977/1408 3048/977/1408
f 2988/977/1409 2989/977/1409 3053/977/1409 3052/977/1409
f 2989/977/1410 2986/977/1410 3049/977/1410 3053/977/1410
f 2991/977/1411 2988/977/1411 3052/977/1411 3051/977/1411
f 2994/977/1412 2980/977/1412 3047/977/1412 3054/977/1412
f 2996/977/1413 2994/977/1413 3054/977/1413 3055/977/1413
f 2998/977/1414 2996/977/1414 3055/977/1414 3056/977/1414
f 3004/977/1415 3058/977/1415 3057/977/1415
f 3001/977/1416 3004/977/1416 3057/977/1416 3059/977/1416
f 3003/977/1417 3001/977/1417 3059/977/1417 3060/977/1417
f 2981/977/1418 3003/977/1418 3060/977/1418 3050/977/1418
f 3004/977/1419 2998/977/1419 3056/977/1419 3058/977/1419
f 3061/977/1420 3064/977/1420 3063/977/1420 3062/977/1420
f 2995/977/1405 2993/977/1405 3061/977/1405 3062/977/1405
f 3023/977/1421 2995/977/1421 3062/977/1421 3063/977/1421
f 2993/977/1422 3021/977/1422 3064/977/1422 3061/977/1422
f 3070/977/1349 3065/977/1349 3133/977/1349 3134/977/1349
f 3068/977/1350 3071/977/1350 3135/977/1350 3136/977/1350
f 3078/977/1351 3070/977/1351 3134/977/1351 3137/977/1351
f 3076/977/1352 3073/977/1352 3138/977/1352 3139/977/1352
f 3071/977/1353 3076/977/1353 3139/977/1353 3135/977/1353
f 3073/977/1354 3078/977/1354 3137/977/1354 3138/977/1354
f 3065/977/1355 3079/977/1355 3140/977/1355 3133/977/1355
f 3079/977/1356 3081/977/1356 3141/977/1356 3140/977/1356
f 3081/977/1357 3083/977/1357 3142/977/1357 3141/977/1357
f 3091/977/1358 3085/977/1358 3143/977/1358 3144/977/1358
f 3085/977/1359 3087/977/1359 3145/977/1359 3143/977/1359
f 3087/977/1360 3089/977/1360 3146/977/1360 3145/977/1360
f 3136/977/1361 3146/977/1361 3089/977/1361 3068/977/1361
f 3083/977/1362 3091/977/1362 3144/977/1362 3142/977/1362
f 3113/977/1363 3110/977/1363 3131/977/1363
f 3119/977/1364 3094/977/1364 3095/977/1364 3092/977/1364
f 3097/977/1365 3122/977/1365 3099/977/1365 3096/977/1365
f 3123/977/1366 3119/977/1366 3092/977/1366 3100/977/1366
f 3124/977/1367 3125/977/1367 3105/977/1367 3102/977/1367
f 3122/977/1423 3124/977/1423 3102/977/1423 3099/977/1423
f 3125/977/1369 3123/977/1369 3100/977/1369 3105/977/1369
f 3094/977/1370 3106/977/1370 3107/977/1370 3095/977/1370
f 3106/977/1371 3108/977/1371 3109/977/1371 3107/977/1371
f 3108/977/1372 3128/977/1372 3111/977/1372 3109/977/1372
f 3129/977/1373 3130/977/1373 3114/977/1373 3112/977/1373
f 3130/977/1374 3115/977/1374 3116/977/1374 3114/977/1374
f 3115/977/1375 3117/977/1375 3118/977/1375 3116/977/1375
f 3096/977/1376 3118/977/1376 3117/977/1376 3097/977/1376
f 3128/977/1377 3129/977/1377 3112/977/1377 3111/977/1377
f 3070/977/1378 3092/977/1378 3095/977/1378 3065/977/1378
f 3131/977/1363 3110/977/1363 3127/977/1363
f 3078/977/1379 3100/977/1379 3092/977/1379 3070/977/1379
f 3065/977/1380 3095/977/1380 3107/977/1380 3079/977/1380
f 3068/977/1381 3096/977/1381 3099/977/1381 3071/977/1381
f 3089/977/1382 3118/977/1382 3096/977/1382 3068/977/1382
f 3071/977/1383 3099/977/1383 3102/977/1383 3076/977/1383
f 3073/977/1384 3105/977/1384 3100/977/1384 3078/977/1384
f 3076/977/1385 3102/977/1385 3105/977/1385 3073/977/1385
f 3107/977/1363 3109/977/1363 3149/977/1363 3150/977/1363
f 3081/977/1386 3109/977/1386 3111/977/1386 3083/977/1386
f 3083/977/1387 3111/977/1387 3112/977/1387 3091/977/1387
f 3091/977/1388 3112/977/1388 3114/977/1388 3085/977/1388
f 3085/977/1389 3114/977/1389 3116/977/1389 3087/977/1389
f 3087/977/1390 3116/977/1390 3118/977/1390 3089/977/1390
f 3131/977/1363 3127/977/1363 3126/977/1363 3132/977/1363
f 3121/977/1363 3132/977/1363 3126/977/1363 3120/977/1363
f 3121/977/1363 3120/977/1363 3098/977/1363
f 3093/977/1363 3103/977/1363 3098/977/1363 3120/977/1363
f 3101/977/1363 3104/977/1363 3103/977/1363 3093/977/1363
f 3093/977/1424 3120/977/1424 3094/977/1424 3119/977/1424
f 3121/977/1392 3098/977/1392 3122/977/1392 3097/977/1392
f 3101/977/1425 3093/977/1425 3119/977/1425 3123/977/1425
f 3103/977/1426 3104/977/1426 3125/977/1426 3124/977/1426
f 3098/977/1427 3103/977/1427 3124/977/1427 3122/977/1427
f 3104/977/1428 3101/977/1428 3123/977/1428 3125/977/1428
f 3120/977/1397 3126/977/1397 3106/977/1397 3094/977/1397
f 3126/977/1398 3127/977/1398 3108/977/1398 3106/977/1398
f 3127/977/1399 3110/977/1399 3128/977/1399 3108/977/1399
f 3113/977/1429 3130/977/1429 3129/977/1429
f 3113/977/1401 3131/977/1401 3115/977/1401 3130/977/1401
f 3131/977/1402 3132/977/1402 3117/977/1402 3115/977/1402
f 3132/977/1403 3121/977/1403 3097/977/1403 3117/977/1403
f 3110/977/1404 3113/977/1404 3129/977/1404 3128/977/1404
f 3084/977/1405 3086/977/1405 3088/977/1405 3082/977/1405
f 3082/977/1405 3088/977/1405 3090/977/1405 3080/977/1405
f 3080/977/1405 3090/977/1405 3067/977/1405 3066/977/1405
f 3066/977/1405 3067/977/1405 3072/977/1405 3075/977/1405 3069/977/1405
f 3069/977/1405 3075/977/1405 3074/977/1405 3077/977/1405
f 3066/977/1406 3069/977/1406 3134/977/1406 3133/977/1406
f 3072/977/1407 3067/977/1407 3136/977/1407 3135/977/1407
f 3069/977/1408 3077/977/1408 3137/977/1408 3134/977/1408
f 3074/977/1409 3075/977/1409 3139/977/1409 3138/977/1409
f 3075/977/1430 3072/977/1430 3135/977/1430 3139/977/1430
f 3077/977/1411 3074/977/1411 3138/977/1411 3137/977/1411
f 3080/977/1412 3066/977/1412 3133/977/1412 3140/977/1412
f 3082/977/1413 3080/977/1413 3140/977/1413 3141/977/1413
f 3084/977/1414 3082/977/1414 3141/977/1414 3142/977/1414
f 3086/977/1415 3144/977/1415 3143/977/1415
f 3088/977/1416 3086/977/1416 3143/977/1416 3145/977/1416
f 3090/977/1417 3088/977/1417 3145/977/1417 3146/977/1417
f 3067/977/1431 3090/977/1431 3146/977/1431 3136/977/1431
f 3086/977/1419 3084/977/1419 3142/977/1419 3144/977/1419
f 3147/977/1420 3150/977/1420 3149/977/1420 3148/977/1420
f 3081/977/1405 3079/977/1405 3147/977/1405 3148/977/1405
f 3109/977/1421 3081/977/1421 3148/977/1421 3149/977/1421
f 3079/977/1422 3107/977/1422 3150/977/1422 3147/977/1422
f 3156/977/1349 3151/977/1349 3219/977/1349 3220/977/1349
f 3154/977/1350 3157/977/1350 3221/977/1350 3222/977/1350
f 3164/977/1351 3156/977/1351 3220/977/1351 3223/977/1351
f 3162/977/1352 3159/977/1352 3224/977/1352 3225/977/1352
f 3157/977/1353 3162/977/1353 3225/977/1353 3221/977/1353
f 3159/977/1354 3164/977/1354 3223/977/1354 3224/977/1354
f 3151/977/1355 3165/977/1355 3226/977/1355 3219/977/1355
f 3165/977/1356 3167/977/1356 3227/977/1356 3226/977/1356
f 3167/977/1357 3169/977/1357 3228/977/1357 3227/977/1357
f 3177/977/1358 3171/977/1358 3229/977/1358 3230/977/1358
f 3171/977/1359 3173/977/1359 3231/977/1359 3229/977/1359
f 3173/977/1360 3175/977/1360 3232/977/1360 3231/977/1360
f 3222/977/1361 3232/977/1361 3175/977/1361 3154/977/1361
f 3169/977/1362 3177/977/1362 3230/977/1362 3228/977/1362
f 3199/977/1363 3196/977/1363 3217/977/1363
f 3205/977/1364 3180/977/1364 3181/977/1364 3178/977/1364
f 3183/977/1365 3208/977/1365 3185/977/1365 3182/977/1365
f 3209/977/1366 3205/977/1366 3178/977/1366 3186/977/1366
f 3210/977/1367 3211/977/1367 3191/977/1367 3188/977/1367
f 3208/977/1423 3210/977/1423 3188/977/1423 3185/977/1423
f 3211/977/1369 3209/977/1369 3186/977/1369 3191/977/1369
f 3180/977/1370 3192/977/1370 3193/977/1370 3181/977/1370
f 3192/977/1371 3194/977/1371 3195/977/1371 3193/977/1371
f 3194/977/1372 3214/977/1372 3197/977/1372 3195/977/1372
f 3215/977/1373 3216/977/1373 3200/977/1373 3198/977/1373
f 3216/977/1374 3201/977/1374 3202/977/1374 3200/977/1374
f 3201/977/1375 3203/977/1375 3204/977/1375 3202/977/1375
f 3182/977/1376 3204/977/1376 3203/977/1376 3183/977/1376
f 3214/977/1377 3215/977/1377 3198/977/1377 3197/977/1377
f 3156/977/1378 3178/977/1378 3181/977/1378 3151/977/1378
f 3217/977/1363 3196/977/1363 3213/977/1363
f 3164/977/1379 3186/977/1379 3178/977/1379 3156/977/1379
f 3151/977/1380 3181/977/1380 3193/977/1380 3165/977/1380
f 3154/977/1381 3182/977/1381 3185/977/1381 3157/977/1381
f 3175/977/1382 3204/977/1382 3182/977/1382 3154/977/1382
f 3157/977/1383 3185/977/1383 3188/977/1383 3162/977/1383
f 3159/977/1384 3191/977/1384 3186/977/1384 3164/977/1384
f 3162/977/1385 3188/977/1385 3191/977/1385 3159/977/1385
f 3193/977/1363 3195/977/1363 3235/977/1363 3236/977/1363
f 3167/977/1386 3195/977/1386 3197/977/1386 3169/977/1386
f 3169/977/1387 3197/977/1387 3198/977/1387 3177/977/1387
f 3177/977/1388 3198/977/1388 3200/977/1388 3171/977/1388
f 3171/977/1389 3200/977/1389 3202/977/1389 3173/977/1389
f 3173/977/1390 3202/977/1390 3204/977/1390 3175/977/1390
f 3217/977/1363 3213/977/1363 3212/977/1363 3218/977/1363
f 3207/977/1363 3218/977/1363 3212/977/1363 3206/977/1363
f 3207/977/1363 3206/977/1363 3184/977/1363
f 3179/977/1363 3189/977/1363 3184/977/1363 3206/977/1363
f 3187/977/1363 3190/977/1363 3189/977/1363 3179/977/1363
f 3179/977/1391 3206/977/1391 3180/977/1391 3205/977/1391
f 3207/977/1432 3184/977/1432 3208/977/1432 3183/977/1432
f 3187/977/1433 3179/977/1433 3205/977/1433 3209/977/1433
f 3189/977/1394 3190/977/1394 3211/977/1394 3210/977/1394
f 3184/977/1395 3189/977/1395 3210/977/1395 3208/977/1395
f 3190/977/1396 3187/977/1396 3209/977/1396 3211/977/1396
f 3206/977/1397 3212/977/1397 3192/977/1397 3180/977/1397
f 3212/977/1398 3213/977/1398 3194/977/1398 3192/977/1398
f 3213/977/1399 3196/977/1399 3214/977/1399 3194/977/1399
f 3199/977/1429 3216/977/1429 3215/977/1429
f 3199/977/1401 3217/977/1401 3201/977/1401 3216/977/1401
f 3217/977/1402 3218/977/1402 3203/977/1402 3201/977/1402
f 3218/977/1403 3207/977/1403 3183/977/1403 3203/977/1403
f 3196/977/1404 3199/977/1404 3215/977/1404 3214/977/1404
f 3170/977/1405 3172/977/1405 3174/977/1405 3168/977/1405
f 3168/977/1405 3174/977/1405 3176/977/1405 3166/977/1405
f 3166/977/1405 3176/977/1405 3153/977/1405 3152/977/1405
f 3152/977/1405 3153/977/1405 3158/977/1405 3161/977/1405 3155/977/1405
f 3155/977/1405 3161/977/1405 3160/977/1405 3163/977/1405
f 3152/977/1406 3155/977/1406 3220/977/1406 3219/977/1406
f 3158/977/1407 3153/977/1407 3222/977/1407 3221/977/1407
f 3155/977/1408 3163/977/1408 3223/977/1408 3220/977/1408
f 3160/977/1409 3161/977/1409 3225/977/1409 3224/977/1409
f 3161/977/1430 3158/977/1430 3221/977/1430 3225/977/1430
f 3163/977/1411 3160/977/1411 3224/977/1411 3223/977/1411
f 3166/977/1412 3152/977/1412 3219/977/1412 3226/977/1412
f 3168/977/1413 3166/977/1413 3226/977/1413 3227/977/1413
f 3170/977/1434 3168/977/1434 3227/977/1434 3228/977/1434
f 3172/977/1415 3230/977/1415 3229/977/1415
f 3174/977/1416 3172/977/1416 3229/977/1416 3231/977/1416
f 3176/977/1417 3174/977/1417 3231/977/1417 3232/977/1417
f 3153/977/1431 3176/977/1431 3232/977/1431 3222/977/1431
f 3172/977/1419 3170/977/1419 3228/977/1419 3230/977/1419
f 3233/977/1420 3236/977/1420 3235/977/1420 3234/977/1420
f 3167/977/1405 3165/977/1405 3233/977/1405 3234/977/1405
f 3195/977/1421 3167/977/1421 3234/977/1421 3235/977/1421
f 3165/977/1422 3193/977/1422 3236/977/1422 3233/977/1422
f 3242/977/1349 3237/977/1349 3305/977/1349 3306/977/1349
f 3240/977/1350 3243/977/1350 3307/977/1350 3308/977/1350
f 3250/977/1351 3242/977/1351 3306/977/1351 3309/977/1351
f 3248/977/1352 3245/977/1352 3310/977/1352 3311/977/1352
f 3243/977/1353 3248/977/1353 3311/977/1353 3307/977/1353
f 3245/977/1354 3250/977/1354 3309/977/1354 3310/977/1354
f 3237/977/1355 3251/977/1355 3312/977/1355 3305/977/1355
f 3251/977/1356 3253/977/1356 3313/977/1356 3312/977/1356
f 3253/977/1357 3255/977/1357 3314/977/1357 3313/977/1357
f 3263/977/1358 3257/977/1358 3315/977/1358 3316/977/1358
f 3257/977/1359 3259/977/1359 3317/977/1359 3315/977/1359
f 3259/977/1360 3261/977/1360 3318/977/1360 3317/977/1360
f 3308/977/1361 3318/977/1361 3261/977/1361 3240/977/1361
f 3255/977/1362 3263/977/1362 3316/977/1362 3314/977/1362
f 3285/977/1363 3282/977/1363 3303/977/1363
f 3291/977/1364 3266/977/1364 3267/977/1364 3264/977/1364
f 3269/977/1365 3294/977/1365 3271/977/1365 3268/977/1365
f 3295/977/1366 3291/977/1366 3264/977/1366 3272/977/1366
f 3296/977/1367 3297/977/1367 3277/977/1367 3274/977/1367
f 3294/977/1423 3296/977/1423 3274/977/1423 3271/977/1423
f 3297/977/1369 3295/977/1369 3272/977/1369 3277/977/1369
f 3266/977/1370 3278/977/1370 3279/977/1370 3267/977/1370
f 3278/977/1371 3280/977/1371 3281/977/1371 3279/977/1371
f 3280/977/1372 3300/977/1372 3283/977/1372 3281/977/1372
f 3301/977/1373 3302/977/1373 3286/977/1373 3284/977/1373
f 3302/977/1374 3287/977/1374 3288/977/1374 3286/977/1374
f 3287/977/1375 3289/977/1375 3290/977/1375 3288/977/1375
f 3268/977/1376 3290/977/1376 3289/977/1376 3269/977/1376
f 3300/977/1377 3301/977/1377 3284/977/1377 3283/977/1377
f 3242/977/1378 3264/977/1378 3267/977/1378 3237/977/1378
f 3303/977/1363 3282/977/1363 3299/977/1363
f 3250/977/1379 3272/977/1379 3264/977/1379 3242/977/1379
f 3237/977/1380 3267/977/1380 3279/977/1380 3251/977/1380
f 3240/977/1381 3268/977/1381 3271/977/1381 3243/977/1381
f 3261/977/1382 3290/977/1382 3268/977/1382 3240/977/1382
f 3243/977/1383 3271/977/1383 3274/977/1383 3248/977/1383
f 3245/977/1384 3277/977/1384 3272/977/1384 3250/977/1384
f 3248/977/1385 3274/977/1385 3277/977/1385 3245/977/1385
f 3279/977/1363 3281/977/1363 3321/977/1363 3322/977/1363
f 3253/977/1386 3281/977/1386 3283/977/1386 3255/977/1386
f 3255/977/1387 3283/977/1387 3284/977/1387 3263/977/1387
f 3263/977/1388 3284/977/1388 3286/977/1388 3257/977/1388
f 3257/977/1389 3286/977/1389 3288/977/1389 3259/977/1389
f 3259/977/1390 3288/977/1390 3290/977/1390 3261/977/1390
f 3303/977/1363 3299/977/1363 3298/977/1363 3304/977/1363
f 3293/977/1363 3304/977/1363 3298/977/1363 3292/977/1363
f 3293/977/1363 3292/977/1363 3270/977/1363
f 3265/977/1363 3275/977/1363 3270/977/1363 3292/977/1363
f 3273/977/1363 3276/977/1363 3275/977/1363 3265/977/1363
f 3265/977/1391 3292/977/1391 3266/977/1391 3291/977/1391
f 3293/977/1392 3270/977/1392 3294/977/1392 3269/977/1392
f 3273/977/1433 3265/977/1433 3291/977/1433 3295/977/1433
f 3275/977/1394 3276/977/1394 3297/977/1394 3296/977/1394
f 3270/977/1427 3275/977/1427 3296/977/1427 3294/977/1427
f 3276/977/1396 3273/977/1396 3295/977/1396 3297/977/1396
f 3292/977/1397 3298/977/1397 3278/977/1397 3266/977/1397
f 3298/977/1398 3299/977/1398 3280/977/1398 3278/977/1398
f 3299/977/1399 3282/977/1399 3300/977/1399 3280/977/1399
f 3285/977/1400 3302/977/1400 3301/977/1400
f 3285/977/1401 3303/977/1401 3287/977/1401 3302/977/1401
f 3303/977/1402 3304/977/1402 3289/977/1402 3287/977/1402
f 3304/977/1403 3293/977/1403 3269/977/1403 3289/977/1403
f 3282/977/1404 3285/977/1404 3301/977/1404 3300/977/1404
f 3256/977/1405 3258/977/1405 3260/977/1405 3254/977/1405
f 3254/977/1405 3260/977/1405 3262/977/1405 3252/977/1405
f 3252/977/1405 3262/977/1405 3239/977/1405 3238/977/1405
f 3238/977/1405 3239/977/1405 3244/977/1405 3247/977/1405 3241/977/1405
f 3241/977/1405 3247/977/1405 3246/977/1405 3249/977/1405
f 3238/977/1406 3241/977/1406 3306/977/1406 3305/977/1406
f 3244/977/1407 3239/977/1407 3308/977/1407 3307/977/1407
f 3241/977/1408 3249/977/1408 3309/977/1408 3306/977/1408
f 3246/977/1409 3247/977/1409 3311/977/1409 3310/977/1409
f 3247/977/1430 3244/977/1430 3307/977/1430 3311/977/1430
f 3249/977/1411 3246/977/1411 3310/977/1411 3309/977/1411
f 3252/977/1412 3238/977/1412 3305/977/1412 3312/977/1412
f 3254/977/1413 3252/977/1413 3312/977/1413 3313/977/1413
f 3256/977/1414 3254/977/1414 3313/977/1414 3314/977/1414
f 3258/977/1435 3316/977/1435 3315/977/1435
f 3260/977/1416 3258/977/1416 3315/977/1416 3317/977/1416
f 3262/977/1417 3260/977/1417 3317/977/1417 3318/977/1417
f 3239/977/1431 3262/977/1431 3318/977/1431 3308/977/1431
f 3258/977/1419 3256/977/1419 3314/977/1419 3316/977/1419
f 3319/977/1420 3322/977/1420 3321/977/1420 3320/977/1420
f 3253/977/1405 3251/977/1405 3319/977/1405 3320/977/1405
f 3281/977/1421 3253/977/1421 3320/977/1421 3321/977/1421
f 3251/977/1422 3279/977/1422 3322/977/1422 3319/977/1422
f 3328/977/1349 3323/977/1349 3391/977/1349 3392/977/1349
f 3326/977/1350 3329/977/1350 3393/977/1350 3394/977/1350
f 3336/977/1351 3328/977/1351 3392/977/1351 3395/977/1351
f 3334/977/1352 3331/977/1352 3396/977/1352 3397/977/1352
f 3329/977/1353 3334/977/1353 3397/977/1353 3393/977/1353
f 3331/977/1354 3336/977/1354 3395/977/1354 3396/977/1354
f 3323/977/1355 3337/977/1355 3398/977/1355 3391/977/1355
f 3337/977/1356 3339/977/1356 3399/977/1356 3398/977/1356
f 3339/977/1357 3341/977/1357 3400/977/1357 3399/977/1357
f 3349/977/1358 3343/977/1358 3401/977/1358 3402/977/1358
f 3343/977/1359 3345/977/1359 3403/977/1359 3401/977/1359
f 3345/977/1360 3347/977/1360 3404/977/1360 3403/977/1360
f 3394/977/1361 3404/977/1361 3347/977/1361 3326/977/1361
f 3341/977/1362 3349/977/1362 3402/977/1362 3400/977/1362
f 3371/977/1363 3368/977/1363 3389/977/1363
f 3377/977/1364 3352/977/1364 3353/977/1364 3350/977/1364
f 3355/977/1365 3380/977/1365 3357/977/1365 3354/977/1365
f 3381/977/1366 3377/977/1366 3350/977/1366 3358/977/1366
f 3382/977/1367 3383/977/1367 3363/977/1367 3360/977/1367
f 3380/977/1368 3382/977/1368 3360/977/1368 3357/977/1368
f 3383/977/1369 3381/977/1369 3358/977/1369 3363/977/1369
f 3352/977/1370 3364/977/1370 3365/977/1370 3353/977/1370
f 3364/977/1371 3366/977/1371 3367/977/1371 3365/977/1371
f 3366/977/1372 3386/977/1372 3369/977/1372 3367/977/1372
f 3387/977/1373 3388/977/1373 3372/977/1373 3370/977/1373
f 3388/977/1374 3373/977/1374 3374/977/1374 3372/977/1374
f 3373/977/1375 3375/977/1375 3376/977/1375 3374/977/1375
f 3354/977/1376 3376/977/1376 3375/977/1376 3355/977/1376
f 3386/977/1377 3387/977/1377 3370/977/1377 3369/977/1377
f 3328/977/1378 3350/977/1378 3353/977/1378 3323/977/1378
f 3389/977/1363 3368/977/1363 3385/977/1363
f 3336/977/1379 3358/977/1379 3350/977/1379 3328/977/1379
f 3323/977/1380 3353/977/1380 3365/977/1380 3337/977/1380
f 3326/977/1381 3354/977/1381 3357/977/1381 3329/977/1381
f 3347/977/1382 3376/977/1382 3354/977/1382 3326/977/1382
f 3329/977/1383 3357/977/1383 3360/977/1383 3334/977/1383
f 3331/977/1384 3363/977/1384 3358/977/1384 3336/977/1384
f 3334/977/1385 3360/977/1385 3363/977/1385 3331/977/1385
f 3365/977/1363 3367/977/1363 3407/977/1363 3408/977/1363
f 3339/977/1386 3367/977/1386 3369/977/1386 3341/977/1386
f 3341/977/1387 3369/977/1387 3370/977/1387 3349/977/1387
f 3349/977/1388 3370/977/1388 3372/977/1388 3343/977/1388
f 3343/977/1389 3372/977/1389 3374/977/1389 3345/977/1389
f 3345/977/1390 3374/977/1390 3376/977/1390 3347/977/1390
f 3389/977/1363 3385/977/1363 3384/977/1363 3390/977/1363
f 3379/977/1363 3390/977/1363 3384/977/1363 3378/977/1363
f 3379/977/1363 3378/977/1363 3356/977/1363
f 3351/977/1363 3361/977/1363 3356/977/1363 3378/977/1363
f 3359/977/1363 3362/977/1363 3361/977/1363 3351/977/1363
f 3351/977/1424 3378/977/1424 3352/977/1424 3377/977/1424
f 3379/977/1392 3356/977/1392 3380/977/1392 3355/977/1392
f 3359/977/1425 3351/977/1425 3377/977/1425 3381/977/1425
f 3361/977/1426 3362/977/1426 3383/977/1426 3382/977/1426
f 3356/977/1427 3361/977/1427 3382/977/1427 3380/977/1427
f 3362/977/1428 3359/977/1428 3381/977/1428 3383/977/1428
f 3378/977/1397 3384/977/1397 3364/977/1397 3352/977/1397
f 3384/977/1398 3385/977/1398 3366/977/1398 3364/977/1398
f 3385/977/1399 3368/977/1399 3386/977/1399 3366/977/1399
f 3371/977/1400 3388/977/1400 3387/977/1400
f 3371/977/1401 3389/977/1401 3373/977/1401 3388/977/1401
f 3389/977/1402 3390/977/1402 3375/977/1402 3373/977/1402
f 3390/977/1403 3379/977/1403 3355/977/1403 3375/977/1403
f 3368/977/1404 3371/977/1404 3387/977/1404 3386/977/1404
f 3342/977/1405 3344/977/1405 3346/977/1405 3340/977/1405
f 3340/977/1405 3346/977/1405 3348/977/1405 3338/977/1405
f 3338/977/1405 3348/977/1405 3325/977/1405 3324/977/1405
f 3324/977/1405 3325/977/1405 3330/977/1405 3333/977/1405 3327/977/1405
f 3327/977/1405 3333/977/1405 3332/977/1405 3335/977/1405
f 3324/977/1406 3327/977/1406 3392/977/1406 3391/977/1406
f 3330/977/1407 3325/977/1407 3394/977/1407 3393/977/1407
f 3327/977/1408 3335/977/1408 3395/977/1408 3392/977/1408
f 3332/977/1409 3333/977/1409 3397/977/1409 3396/977/1409
f 3333/977/1430 3330/977/1430 3393/977/1430 3397/977/1430
f 3335/977/1411 3332/977/1411 3396/977/1411 3395/977/1411
f 3338/977/1412 3324/977/1412 3391/977/1412 3398/977/1412
f 3340/977/1413 3338/977/1413 3398/977/1413 3399/977/1413
f 3342/977/1414 3340/977/1414 3399/977/1414 3400/977/1414
f 3344/977/1415 3402/977/1415 3401/977/1415
f 3346/977/1416 3344/977/1416 3401/977/1416 3403/977/1416
f 3348/977/1417 3346/977/1417 3403/977/1417 3404/977/1417
f 3325/977/1431 3348/977/1431 3404/977/1431 3394/977/1431
f 3344/977/1419 3342/977/1419 3400/977/1419 3402/977/1419
f 3405/977/1420 3408/977/1420 3407/977/1420 3406/977/1420
f 3339/977/1405 3337/977/1405 3405/977/1405 3406/977/1405
f 3367/977/1421 3339/977/1421 3406/977/1421 3407/977/1421
f 3337/977/1422 3365/977/1422 3408/977/1422 3405/977/1422
f 3414/977/1349 3409/977/1349 3477/977/1349 3478/977/1349
f 3412/977/1350 3415/977/1350 3479/977/1350 3480/977/1350
f 3422/977/1351 3414/977/1351 3478/977/1351 3481/977/1351
f 3420/977/1352 3417/977/1352 3482/977/1352 3483/977/1352
f 3415/977/1353 3420/977/1353 3483/977/1353 3479/977/1353
f 3417/977/1354 3422/977/1354 3481/977/1354 3482/977/1354
f 3409/977/1355 3423/977/1355 3484/977/1355 3477/977/1355
f 3423/977/1356 3425/977/1356 3485/977/1356 3484/977/1356
f 3425/977/1357 3427/977/1357 3486/977/1357 3485/977/1357
f 3435/977/1358 3429/977/1358 3487/977/1358 3488/977/1358
f 3429/977/1359 3431/977/1359 3489/977/1359 3487/977/1359
f 3431/977/1360 3433/977/1360 3490/977/1360 3489/977/1360
f 3480/977/1361 3490/977/1361 3433/977/1361 3412/977/1361
f 3427/977/1362 3435/977/1362 3488/977/1362 3486/977/1362
f 3457/977/1363 3454/977/1363 3475/977/1363
f 3463/977/1364 3438/977/1364 3439/977/1364 3436/977/1364
f 3441/977/1365 3466/977/1365 3443/977/1365 3440/977/1365
f 3467/977/1366 3463/977/1366 3436/977/1366 3444/977/1366
f 3468/977/1367 3469/977/1367 3449/977/1367 3446/977/1367
f 3466/977/1368 3468/977/1368 3446/977/1368 3443/977/1368
f 3469/977/1369 3467/977/1369 3444/977/1369 3449/977/1369
f 3438/977/1370 3450/977/1370 3451/977/1370 3439/977/1370
f 3450/977/1371 3452/977/1371 3453/977/1371 3451/977/1371
f 3452/977/1372 3472/977/1372 3455/977/1372 3453/977/1372
f 3473/977/1373 3474/977/1373 3458/977/1373 3456/977/1373
f 3474/977/1374 3459/977/1374 3460/977/1374 3458/977/1374
f 3459/977/1375 3461/977/1375 3462/977/1375 3460/977/1375
f 3440/977/1376 3462/977/1376 3461/977/1376 3441/977/1376
f 3472/977/1377 3473/977/1377 3456/977/1377 3455/977/1377
f 3414/977/1378 3436/977/1378 3439/977/1378 3409/977/1378
f 3475/977/1363 3454/977/1363 3471/977/1363
f 3422/977/1379 3444/977/1379 3436/977/1379 3414/977/1379
f 3409/977/1380 3439/977/1380 3451/977/1380 3423/977/1380
f 3412/977/1381 3440/977/1381 3443/977/1381 3415/977/1381
f 3433/977/1382 3462/977/1382 3440/977/1382 3412/977/1382
f 3415/977/1383 3443/977/1383 3446/977/1383 3420/977/1383
f 3417/977/1384 3449/977/1384 3444/977/1384 3422/977/1384
f 3420/977/1385 3446/977/1385 3449/977/1385 3417/977/1385
f 3451/977/1363 3453/977/1363 3493/977/1363 3494/977/1363
f 3425/977/1386 3453/977/1386 3455/977/1386 3427/977/1386
f 3427/977/1387 3455/977/1387 3456/977/1387 3435/977/1387
f 3435/977/1388 3456/977/1388 3458/977/1388 3429/977/1388
f 3429/977/1389 3458/977/1389 3460/977/1389 3431/977/1389
f 3431/977/1390 3460/977/1390 3462/977/1390 3433/977/1390
f 3475/977/1363 3471/977/1363 3470/977/1363 3476/977/1363
f 3465/977/1363 3476/977/1363 3470/977/1363 3464/977/1363
f 3465/977/1363 3464/977/1363 3442/977/1363
f 3437/977/1363 3447/977/1363 3442/977/1363 3464/977/1363
f 3445/977/1363 3448/977/1363 3447/977/1363 3437/977/1363
f 3437/977/1391 3464/977/1391 3438/977/1391 3463/977/1391
f 3465/977/1392 3442/977/1392 3466/977/1392 3441/977/1392
f 3445/977/1393 3437/977/1393 3463/977/1393 3467/977/1393
f 3447/977/1394 3448/977/1394 3469/977/1394 3468/977/1394
f 3442/977/1395 3447/977/1395 3468/977/1395 3466/977/1395
f 3448/977/1396 3445/977/1396 3467/977/1396 3469/977/1396
f 3464/977/1397 3470/977/1397 3450/977/1397 3438/977/1397
f 3470/977/1398 3471/977/1398 3452/977/1398 3450/977/1398
f 3471/977/1399 3454/977/1399 3472/977/1399 3452/977/1399
f 3457/977/1429 3474/977/1429 3473/977/1429
f 3457/977/1401 3475/977/1401 3459/977/1401 3474/977/1401
f 3475/977/1402 3476/977/1402 3461/977/1402 3459/977/1402
f 3476/977/1403 3465/977/1403 3441/977/1403 3461/977/1403
f 3454/977/1404 3457/977/1404 3473/977/1404 3472/977/1404
f 3428/977/1405 3430/977/1405 3432/977/1405 3426/977/1405
f 3426/977/1405 3432/977/1405 3434/977/1405 3424/977/1405
f 3424/977/1405 3434/977/1405 3411/977/1405 3410/977/1405
f 3410/977/1405 3411/977/1405 3416/977/1405 3419/977/1405 3413/977/1405
f 3413/977/1405 3419/977/1405 3418/977/1405 3421/977/1405
f 3410/977/1406 3413/977/1406 3478/977/1406 3477/977/1406
f 3416/977/1407 3411/977/1407 3480/977/1407 3479/977/1407
f 3413/977/1408 3421/977/1408 3481/977/1408 3478/977/1408
f 3418/977/1409 3419/977/1409 3483/977/1409 3482/977/1409
f 3419/977/1430 3416/977/1430 3479/977/1430 3483/977/1430
f 3421/977/1411 3418/977/1411 3482/977/1411 3481/977/1411
f 3424/977/1412 3410/977/1412 3477/977/1412 3484/977/1412
f 3426/977/1413 3424/977/1413 3484/977/1413 3485/977/1413
f 3428/977/1414 3426/977/1414 3485/977/1414 3486/977/1414
f 3430/977/1415 3488/977/1415 3487/977/1415
f 3432/977/1416 3430/977/1416 3487/977/1416 3489/977/1416
f 3434/977/1417 3432/977/1417 3489/977/1417 3490/977/1417
f 3411/977/1431 3434/977/1431 3490/977/1431 3480/977/1431
f 3430/977/1419 3428/977/1419 3486/977/1419 3488/977/1419
f 3491/977/1420 3494/977/1420 3493/977/1420 3492/977/1420
f 3425/977/1405 3423/977/1405 3491/977/1405 3492/977/1405
f 3453/977/1421 3425/977/1421 3492/977/1421 3493/977/1421
f 3423/977/1422 3451/977/1422 3494/977/1422 3491/977/1422
f 3500/977/1349 3495/977/1349 3563/977/1349 3564/977/1349
f 3498/977/1350 3501/977/1350 3565/977/1350 3566/977/1350
f 3508/977/1351 3500/977/1351 3564/977/1351 3567/977/1351
f 3506/977/1352 3503/977/1352 3568/977/1352 3569/977/1352
f 3501/977/1436 3506/977/1436 3569/977/1436 3565/977/1436
f 3503/977/1354 3508/977/1354 3567/977/1354 3568/977/1354
f 3495/977/1355 3509/977/1355 3570/977/1355 3563/977/1355
f 3509/977/1356 3511/977/1356 3571/977/1356 3570/977/1356
f 3511/977/1357 3513/977/1357 3572/977/1357 3571/977/1357
f 3521/977/1358 3515/977/1358 3573/977/1358 3574/977/1358
f 3515/977/1359 3516/977/1359 3575/977/1359 3573/977/1359
f 3516/977/1360 3518/977/1360 3576/977/1360 3575/977/1360
f 3566/977/1361 3576/977/1361 3518/977/1361 3498/977/1361
f 3513/977/1362 3521/977/1362 3574/977/1362 3572/977/1362
f 3543/977/1363 3540/977/1363 3561/977/1363
f 3549/977/1364 3524/977/1364 3525/977/1364 3522/977/1364
f 3527/977/1365 3552/977/1365 3529/977/1365 3526/977/1365
f 3553/977/1366 3549/977/1366 3522/977/1366 3530/977/1366
f 3554/977/1367 3555/977/1367 3535/977/1367 3532/977/1367
f 3552/977/1368 3554/977/1368 3532/977/1368 3529/977/1368
f 3555/977/1369 3553/977/1369 3530/977/1369 3535/977/1369
f 3524/977/1370 3536/977/1370 3537/977/1370 3525/977/1370
f 3536/977/1371 3538/977/1371 3539/977/1371 3537/977/1371
f 3538/977/1372 3558/977/1372 3541/977/1372 3539/977/1372
f 3559/977/1373 3560/977/1373 3544/977/1373 3542/977/1373
f 3560/977/1374 3545/977/1374 3546/977/1374 3544/977/1374
f 3545/977/1375 3547/977/1375 3548/977/1375 3546/977/1375
f 3526/977/1376 3548/977/1376 3547/977/1376 3527/977/1376
f 3558/977/1377 3559/977/1377 3542/977/1377 3541/977/1377
f 3500/977/1378 3522/977/1378 3525/977/1378 3495/977/1378
f 3561/977/1363 3540/977/1363 3557/977/1363
f 3508/977/1379 3530/977/1379 3522/977/1379 3500/977/1379
f 3495/977/1380 3525/977/1380 3537/977/1380 3509/977/1380
f 3498/977/1381 3526/977/1381 3529/977/1381 3501/977/1381
f 3518/977/1382 3548/977/1382 3526/977/1382 3498/977/1382
f 3501/977/1383 3529/977/1383 3532/977/1383 3506/977/1383
f 3503/977/1384 3535/977/1384 3530/977/1384 3508/977/1384
f 3506/977/1385 3532/977/1385 3535/977/1385 3503/977/1385
f 3537/977/1363 3539/977/1363 3579/977/1363 3580/977/1363
f 3511/977/1386 3539/977/1386 3541/977/1386 3513/977/1386
f 3513/977/1387 3541/977/1387 3542/977/1387 3521/977/1387
f 3521/977/1388 3542/977/1388 3544/977/1388 3515/977/1388
f 3515/977/1389 3544/977/1389 3546/977/1389 3516/977/1389
f 3516/977/1390 3546/977/1390 3548/977/1390 3518/977/1390
f 3561/977/1363 3557/977/1363 3556/977/1363 3562/977/1363
f 3551/977/1363 3562/977/1363 3556/977/1363 3550/977/1363
f 3551/977/1363 3550/977/1363 3528/977/1363
f 3523/977/1363 3533/977/1363 3528/977/1363 3550/977/1363
f 3531/977/1363 3534/977/1363 3533/977/1363 3523/977/1363
f 3523/977/1391 3550/977/1391 3524/977/1391 3549/977/1391
f 3551/977/1392 3528/977/1392 3552/977/1392 3527/977/1392
f 3531/977/1433 3523/977/1433 3549/977/1433 3553/977/1433
f 3533/977/1394 3534/977/1394 3555/977/1394 3554/977/1394
f 3528/977/1395 3533/977/1395 3554/977/1395 3552/977/1395
f 3534/977/1396 3531/977/1396 3553/977/1396 3555/977/1396
f 3550/977/1397 3556/977/1397 3536/977/1397 3524/977/1397
f 3556/977/1398 3557/977/1398 3538/977/1398 3536/977/1398
f 3557/977/1399 3540/977/1399 3558/977/1399 3538/977/1399
f 3543/977/1400 3560/977/1400 3559/977/1400
f 3543/977/1401 3561/977/1401 3545/977/1401 3560/977/1401
f 3561/977/1402 3562/977/1402 3547/977/1402 3545/977/1402
f 3562/977/1403 3551/977/1403 3527/977/1403 3547/977/1403
f 3540/977/1404 3543/977/1404 3559/977/1404 3558/977/1404
f 3514/977/1405 3520/977/1405 3517/977/1405 3512/977/1405
f 3512/977/1405 3517/977/1405 3519/977/1405 3510/977/1405
f 3510/977/1405 3519/977/1405 3497/977/1405 3496/977/1405
f 3496/977/1405 3497/977/1405 3502/977/1405 3505/977/1405 3499/977/1405
f 3499/977/1405 3505/977/1405 3504/977/1405 3507/977/1405
f 3496/977/1406 3499/977/1406 3564/977/1406 3563/977/1406
f 3502/977/1407 3497/977/1407 3566/977/1407 3565/977/1407
f 3499/977/1408 3507/977/1408 3567/977/1408 3564/977/1408
f 3504/977/1409 3505/977/1409 3569/977/1409 3568/977/1409
f 3505/977/1430 3502/977/1430 3565/977/1430 3569/977/1430
f 3507/977/1411 3504/977/1411 3568/977/1411 3567/977/1411
f 3510/977/1437 3496/977/1437 3563/977/1437 3570/977/1437
f 3512/977/1413 3510/977/1413 3570/977/1413 3571/977/1413
f 3514/977/1414 3512/977/1414 3571/977/1414 3572/977/1414
f 3520/977/1415 3574/977/1415 3573/977/1415
f 3517/977/1416 3520/977/1416 3573/977/1416 3575/977/1416
f 3519/977/1417 3517/977/1417 3575/977/1417 3576/977/1417
f 3497/977/1431 3519/977/1431 3576/977/1431 3566/977/1431
f 3520/977/1419 3514/977/1419 3572/977/1419 3574/977/1419
f 3577/977/1420 3580/977/1420 3579/977/1420 3578/977/1420
f 3511/977/1405 3509/977/1405 3577/977/1405 3578/977/1405
f 3539/977/1421 3511/977/1421 3578/977/1421 3579/977/1421
f 3509/977/1422 3537/977/1422 3580/977/1422 3577/977/1422
o Plane.015
v 4.473800 1.801440 -7.012094
v 4.376551 1.809448 -7.052858
v 4.041602 1.914261 -7.052858
v 3.945095 1.887341 -7.012094
v 4.376551 3.274070 -7.052858
v 4.473800 3.354964 -7.012094
v 3.921123 2.711705 -7.012094
v 4.018428 2.711183 -7.052858
v 4.060619 3.368948 -7.012094
v 4.103271 3.275727 -7.052858
v 4.038507 3.215266 -7.052858
v 3.942926 3.259074 -7.012094
v 4.270471 3.293711 -7.052858
v 4.274201 3.391922 -7.012094
v 4.431182 1.544458 -7.012094
v 4.349098 1.643908 -7.052858
v 3.140834 1.578529 -7.012094
v 3.165719 1.675156 -7.052857
v 2.934183 1.685518 -7.012093
v 3.005645 1.758030 -7.052857
v 2.918867 1.911924 -7.012094
v 3.412410 1.918527 -7.012094
v 3.406775 1.821195 -7.052857
v 3.968271 1.846389 -7.012094
v 4.148761 1.724900 -7.052858
v 2.978737 1.812981 -7.052857
v 2.868259 1.808432 -7.012093
v 4.473800 3.354964 -5.474981
v 4.373435 3.271477 -5.426444
v 4.406236 1.807005 -5.407417
v 4.473800 1.801440 -5.474981
v 3.945096 1.887341 -5.474981
v 4.012145 1.906044 -5.407417
v 4.021546 2.711165 -5.426443
v 3.921123 2.711705 -5.474981
v 4.274202 3.391922 -5.474981
v 4.270352 3.290565 -5.426444
v 3.942927 3.259076 -5.474981
v 4.041570 3.213861 -5.426444
v 4.104638 3.272739 -5.426444
v 4.060619 3.368948 -5.474981
v 4.374154 1.613552 -5.407417
v 4.431183 1.544459 -5.474981
v 3.158123 1.645662 -5.407416
v 3.140835 1.578530 -5.474981
v 3.007935 1.760353 -5.426442
v 2.934184 1.685518 -5.474980
v 2.868259 1.808432 -5.474980
v 2.981467 1.811470 -5.426442
v 2.918868 1.911924 -5.474980
v 3.408495 1.850905 -5.407416
v 3.412411 1.918528 -5.474981
v 4.093668 1.761984 -5.407417
v 3.968271 1.846389 -5.474981
v 4.406236 3.298763 -5.407417
v 4.373435 1.809706 -5.426443
v 4.044695 1.915123 -5.426443
v 3.988727 2.711343 -5.407417
v 4.271610 3.323689 -5.407417
v 4.009332 3.228637 -5.407417
v 4.090252 3.304183 -5.407417
v 4.346468 1.647095 -5.426443
v 3.166517 1.678252 -5.426442
v 2.983832 1.735896 -5.407416
v 2.944165 1.809855 -5.407416
v 2.961313 1.844922 -5.407416
v 3.406594 1.818077 -5.426442
v 4.154545 1.721008 -5.426443
v 4.405365 1.807076 -7.080529
v 4.405365 3.298038 -7.080530
v 3.989598 2.711338 -7.080529
v 4.013008 1.906285 -7.080529
v 4.271576 3.322809 -7.080530
v 4.090634 3.303348 -7.080530
v 4.010188 3.228245 -7.080530
v 4.373418 1.614442 -7.080529
v 3.158346 1.646527 -7.080528
v 2.984472 1.736544 -7.080528
v 2.961859 1.844058 -7.080528
v 2.945143 1.809873 -7.080528
v 3.408444 1.850033 -7.080529
v 4.095284 1.760895 -7.080529
v 4.421344 1.135767 -7.012094
v 3.130996 1.169839 -7.012094
v 3.130997 1.169839 -5.474981
v 4.421345 1.135768 -5.474981
v 4.473799 1.801439 -8.803806
v 4.376550 1.809449 -8.844571
v 4.041602 1.914260 -8.844571
v 3.945095 1.887340 -8.803806
v 4.376550 3.274069 -8.844571
v 4.473799 3.354964 -8.803807
v 3.921122 2.711705 -8.803806
v 4.018427 2.711182 -8.844571
v 4.060618 3.368948 -8.803806
v 4.103271 3.275726 -8.844571
v 4.038506 3.215265 -8.844571
v 3.942925 3.259074 -8.803806
v 4.270470 3.293711 -8.844571
v 4.274200 3.391921 -8.803806
v 4.431181 1.544458 -8.803806
v 4.349097 1.643908 -8.844571
v 3.140834 1.578529 -8.803806
v 3.165719 1.675155 -8.844570
v 2.934182 1.685517 -8.803806
v 3.005645 1.758029 -8.844570
v 2.918867 1.911923 -8.803806
v 2.978737 1.812981 -8.844570
v 3.412410 1.918527 -8.803806
v 3.406774 1.821194 -8.844571
v 3.968270 1.846388 -8.803806
v 4.148761 1.724899 -8.844571
v 2.868258 1.808431 -8.803806
v 4.473800 3.354964 -7.266695
v 4.373435 3.271477 -7.218156
v 4.406235 1.807004 -7.199130
v 4.473800 1.801439 -7.266695
v 3.945095 1.887341 -7.266694
v 4.012144 1.906043 -7.199130
v 4.021545 2.711165 -7.218156
v 3.921123 2.711705 -7.266694
v 4.274201 3.391922 -7.266695
v 4.270351 3.290565 -7.218156
v 3.942926 3.259074 -7.266695
v 4.041569 3.213861 -7.218156
v 4.104637 3.272739 -7.218156
v 4.060619 3.368948 -7.266695
v 4.374153 1.613551 -7.199130
v 4.431182 1.544458 -7.266694
v 3.158123 1.645661 -7.199130
v 3.140834 1.578529 -7.266694
v 3.007935 1.760352 -7.218155
v 2.934183 1.685518 -7.266694
v 2.868259 1.808432 -7.266694
v 2.981466 1.811469 -7.218155
v 2.918867 1.911923 -7.266694
v 3.408495 1.850904 -7.199130
v 3.412410 1.918527 -7.266694
v 4.093668 1.761983 -7.199130
v 3.968270 1.846388 -7.266694
v 4.406235 3.298763 -7.199131
v 4.373435 1.809705 -7.218156
v 4.044694 1.915122 -7.218156
v 3.988726 2.711343 -7.199130
v 4.271609 3.323689 -7.199131
v 4.009331 3.228637 -7.199131
v 4.090251 3.304183 -7.199131
v 4.346468 1.647094 -7.218156
v 3.166516 1.678251 -7.218155
v 2.983832 1.735895 -7.199130
v 2.944165 1.809854 -7.199130
v 2.961313 1.844921 -7.199130
v 3.406594 1.818076 -7.218155
v 4.154544 1.721007 -7.218156
v 4.405364 1.807076 -8.872242
v 4.405364 3.298037 -8.872242
v 3.989597 2.711337 -8.872242
v 4.013008 1.906284 -8.872242
v 4.271575 3.322809 -8.872242
v 4.090633 3.303347 -8.872242
v 4.010187 3.228245 -8.872242
v 4.373418 1.614442 -8.872242
v 3.158345 1.646526 -8.872242
v 2.984471 1.736544 -8.872241
v 2.961859 1.844057 -8.872241
v 2.945142 1.809872 -8.872241
v 3.408444 1.850033 -8.872242
v 4.095284 1.760895 -8.872242
v 4.421344 1.135766 -8.803806
v 3.130996 1.169838 -8.803806
v 3.130996 1.169838 -7.266694
v 4.421344 1.135767 -7.266694
v 4.473798 1.801439 -10.567022
v 4.376550 1.809449 -10.607786
v 4.041601 1.914260 -10.607786
v 3.945094 1.887340 -10.567021
v 4.376550 3.274069 -10.607786
v 4.473798 3.354964 -10.567022
v 3.921122 2.711705 -10.567021
v 4.018426 2.711182 -10.607786
v 4.060617 3.368948 -10.567021
v 4.103270 3.275726 -10.607786
v 4.038506 3.215265 -10.607786
v 3.942925 3.259074 -10.567021
v 4.270470 3.293710 -10.607786
v 4.274200 3.391921 -10.567022
v 4.431181 1.544457 -10.567022
v 4.349097 1.643908 -10.607786
v 3.140833 1.578529 -10.567021
v 3.165718 1.675155 -10.607786
v 2.934182 1.685517 -10.567021
v 3.005644 1.758029 -10.607786
v 2.918866 1.911923 -10.567021
v 2.978736 1.812981 -10.607786
v 3.412409 1.918527 -10.567021
v 3.406773 1.821194 -10.607786
v 3.968269 1.846388 -10.567021
v 4.148760 1.724899 -10.607786
v 2.868258 1.808431 -10.567021
v 4.473799 3.354964 -9.029909
v 4.373435 3.271477 -8.981371
v 4.406235 1.807004 -8.962345
v 4.473799 1.801440 -9.029909
v 3.945095 1.887341 -9.029909
v 4.012144 1.906043 -8.962345
v 4.021545 2.711165 -8.981371
v 3.921122 2.711705 -9.029909
v 4.274200 3.391921 -9.029909
v 4.270350 3.290564 -8.981371
v 3.942925 3.259074 -9.029909
v 4.041569 3.213861 -8.981371
v 4.104637 3.272739 -8.981371
v 4.060618 3.368948 -9.029909
v 4.374153 1.613551 -8.962345
v 4.431181 1.544458 -9.029909
v 3.158123 1.645661 -8.962345
v 3.140833 1.578529 -9.029909
v 3.007934 1.760352 -8.981371
v 2.934182 1.685518 -9.029909
v 2.868258 1.808432 -9.029909
v 2.981466 1.811469 -8.981371
v 2.918867 1.911923 -9.029909
v 3.408494 1.850904 -8.962345
v 3.412410 1.918527 -9.029909
v 4.093667 1.761983 -8.962345
v 3.968270 1.846388 -9.029909
v 4.406235 3.298762 -8.962345
v 4.373435 1.809705 -8.981371
v 4.044693 1.915122 -8.981371
v 3.988725 2.711342 -8.962345
v 4.271609 3.323689 -8.962345
v 4.009331 3.228637 -8.962345
v 4.090251 3.304182 -8.962345
v 4.346467 1.647094 -8.981371
v 3.166516 1.678251 -8.981371
v 2.983831 1.735895 -8.962344
v 2.944164 1.809854 -8.962344
v 2.961312 1.844921 -8.962344
v 3.406593 1.818076 -8.981371
v 4.154544 1.721007 -8.981371
v 4.405364 1.807076 -10.635457
v 4.405364 3.298037 -10.635457
v 3.989596 2.711337 -10.635457
v 4.013007 1.906284 -10.635457
v 4.271575 3.322809 -10.635457
v 4.090632 3.303347 -10.635457
v 4.010186 3.228245 -10.635457
v 4.373417 1.614442 -10.635457
v 3.158345 1.646526 -10.635456
v 2.984471 1.736544 -10.635456
v 2.961859 1.844057 -10.635456
v 2.945142 1.809872 -10.635456
v 3.408443 1.850033 -10.635456
v 4.095283 1.760895 -10.635457
v 4.421343 1.135766 -10.567022
v 3.130995 1.169838 -10.567021
v 3.130996 1.169838 -9.029909
v 4.421344 1.135767 -9.029909
v 4.473798 1.801439 -12.336845
v 4.376549 1.809449 -12.377609
v 4.041600 1.914260 -12.377609
v 3.945093 1.887340 -12.336845
v 4.376549 3.274069 -12.377609
v 4.473798 3.354964 -12.336845
v 3.921121 2.711705 -12.336845
v 4.018426 2.711182 -12.377609
v 4.060617 3.368948 -12.336845
v 4.103269 3.275726 -12.377609
v 4.038505 3.215265 -12.377609
v 3.942924 3.259074 -12.336845
v 4.270469 3.293711 -12.377609
v 4.274199 3.391921 -12.336845
v 4.431180 1.544458 -12.336845
v 4.349096 1.643908 -12.377609
v 3.140832 1.578529 -12.336845
v 3.165717 1.675155 -12.377609
v 2.934181 1.685517 -12.336845
v 3.005644 1.758029 -12.377609
v 2.918866 1.911923 -12.336845
v 2.978736 1.812981 -12.377609
v 3.412409 1.918527 -12.336845
v 3.406773 1.821194 -12.377609
v 3.968269 1.846388 -12.336845
v 4.148760 1.724899 -12.377609
v 2.868257 1.808431 -12.336845
v 4.473798 3.354964 -10.799734
v 4.373434 3.271477 -10.751195
v 4.406234 1.807004 -10.732169
v 4.473798 1.801439 -10.799734
v 3.945094 1.887340 -10.799733
v 4.012143 1.906043 -10.732169
v 4.021544 2.711165 -10.751195
v 3.921122 2.711705 -10.799733
v 4.274200 3.391921 -10.799734
v 4.270350 3.290564 -10.751195
v 3.942925 3.259074 -10.799733
v 4.041568 3.213861 -10.751195
v 4.104636 3.272739 -10.751195
v 4.060617 3.368948 -10.799733
v 4.374152 1.613551 -10.732169
v 4.431181 1.544458 -10.799734
v 3.158122 1.645661 -10.732168
v 3.140833 1.578529 -10.799733
v 3.007934 1.760352 -10.751194
v 2.934182 1.685518 -10.799733
v 2.868258 1.808431 -10.799733
v 2.981465 1.811469 -10.751194
v 2.918866 1.911923 -10.799733
v 3.408494 1.850904 -10.732168
v 3.412409 1.918527 -10.799733
v 4.093667 1.761983 -10.732169
v 3.968269 1.846388 -10.799733
v 4.406234 3.298762 -10.732169
v 4.373434 1.809705 -10.751195
v 4.044693 1.915122 -10.751195
v 3.988725 2.711342 -10.732169
v 4.271608 3.323689 -10.732169
v 4.009330 3.228637 -10.732169
v 4.090250 3.304182 -10.732169
v 4.346467 1.647094 -10.751195
v 3.166515 1.678251 -10.751194
v 2.983831 1.735895 -10.732168
v 2.944163 1.809854 -10.732168
v 2.961311 1.844921 -10.732168
v 3.406593 1.818076 -10.751194
v 4.154543 1.721007 -10.751195
v 4.405363 1.807076 -12.405281
v 4.405363 3.298037 -12.405281
v 3.989596 2.711337 -12.405281
v 4.013007 1.906284 -12.405281
v 4.271574 3.322809 -12.405281
v 4.090632 3.303347 -12.405281
v 4.010186 3.228245 -12.405281
v 4.373416 1.614442 -12.405281
v 3.158344 1.646526 -12.405280
v 2.984470 1.736544 -12.405280
v 2.961858 1.844057 -12.405280
v 2.945141 1.809872 -12.405280
v 3.408442 1.850033 -12.405281
v 4.095283 1.760895 -12.405281
v 4.421342 1.135766 -12.336845
v 3.130995 1.169838 -12.336845
v 3.130995 1.169838 -10.799733
v 4.421343 1.135767 -10.799734
v 4.473797 1.801439 -14.085900
v 4.376549 1.809449 -14.126665
v 4.041600 1.914260 -14.126665
v 3.945093 1.887340 -14.085900
v 4.376549 3.274069 -14.126665
v 4.473797 3.354964 -14.085901
v 3.921120 2.711705 -14.085900
v 4.018425 2.711182 -14.126665
v 4.060616 3.368948 -14.085900
v 4.103269 3.275726 -14.126665
v 4.038505 3.215265 -14.126665
v 3.942924 3.259074 -14.085900
v 4.270468 3.293711 -14.126665
v 4.274199 3.391921 -14.085900
v 4.431180 1.544458 -14.085900
v 4.349095 1.643908 -14.126665
v 3.140832 1.578529 -14.085899
v 3.165717 1.675155 -14.126664
v 2.934181 1.685517 -14.085899
v 3.005643 1.758029 -14.126664
v 2.918865 1.911923 -14.085899
v 2.978735 1.812981 -14.126664
v 3.412408 1.918527 -14.085900
v 3.406772 1.821194 -14.126665
v 3.968268 1.846388 -14.085900
v 4.148759 1.724899 -14.126665
v 2.868257 1.808431 -14.085899
v 4.473798 3.354964 -12.548788
v 4.373433 3.271477 -12.500250
v 4.406234 1.807004 -12.481224
v 4.473798 1.801439 -12.548788
v 3.945093 1.887341 -12.548788
v 4.012142 1.906043 -12.481224
v 4.021544 2.711165 -12.500250
v 3.921121 2.711705 -12.548788
v 4.274199 3.391921 -12.548788
v 4.270350 3.290564 -12.500250
v 3.942924 3.259074 -12.548788
v 4.041567 3.213861 -12.500250
v 4.104636 3.272739 -12.500250
v 4.060617 3.368948 -12.548788
v 4.374152 1.613551 -12.481224
v 4.431180 1.544458 -12.548788
v 3.158121 1.645661 -12.481224
v 3.140832 1.578529 -12.548788
v 3.007933 1.760352 -12.500250
v 2.934181 1.685518 -12.548788
v 2.868257 1.808431 -12.548788
v 2.981464 1.811469 -12.500250
v 2.918865 1.911923 -12.548788
v 3.408493 1.850904 -12.481224
v 3.412409 1.918527 -12.548788
v 4.093666 1.761983 -12.481224
v 3.968269 1.846388 -12.548788
v 4.406234 3.298762 -12.481224
v 4.373433 1.809705 -12.500250
v 4.044693 1.915122 -12.500250
v 3.988724 2.711342 -12.481224
v 4.271608 3.323689 -12.481224
v 4.009330 3.228637 -12.481224
v 4.090250 3.304182 -12.481224
v 4.346466 1.647094 -12.500250
v 3.166514 1.678251 -12.500250
v 2.983830 1.735895 -12.481224
v 2.944163 1.809854 -12.481224
v 2.961311 1.844921 -12.481224
v 3.406592 1.818076 -12.500250
v 4.154542 1.721007 -12.500250
v 4.405362 1.807076 -14.154335
v 4.405362 3.298037 -14.154335
v 3.989595 2.711337 -14.154335
v 4.013006 1.906284 -14.154335
v 4.271574 3.322809 -14.154335
v 4.090631 3.303347 -14.154335
v 4.010185 3.228245 -14.154335
v 4.373416 1.614442 -14.154335
v 3.158344 1.646526 -14.154335
v 2.984470 1.736544 -14.154335
v 2.961857 1.844057 -14.154335
v 2.945141 1.809872 -14.154335
v 3.408442 1.850033 -14.154335
v 4.095282 1.760895 -14.154335
v 4.421342 1.135766 -14.085900
v 3.130994 1.169838 -14.085899
v 3.130995 1.169838 -12.548788
v 4.421342 1.135767 -12.548788
v 4.473797 1.801439 -15.824532
v 4.376548 1.809449 -15.865295
v 4.041599 1.914260 -15.865295
v 3.945092 1.887340 -15.824532
v 4.376548 3.274069 -15.865295
v 4.473797 3.354964 -15.824532
v 3.921120 2.711705 -15.824532
v 4.018425 2.711182 -15.865295
v 4.060616 3.368948 -15.824532
v 4.103268 3.275726 -15.865295
v 4.038504 3.215265 -15.865295
v 3.942923 3.259074 -15.824532
v 4.270468 3.293711 -15.865295
v 4.274198 3.391921 -15.824532
v 4.431179 1.544458 -15.824532
v 4.349095 1.643908 -15.865295
v 3.140831 1.578529 -15.824532
v 3.165716 1.675155 -15.865295
v 2.934180 1.685517 -15.824532
v 3.005642 1.758029 -15.865295
v 2.918864 1.911923 -15.824532
v 2.978734 1.812981 -15.865295
v 3.412407 1.918527 -15.824532
v 3.406772 1.821194 -15.865295
v 3.968267 1.846388 -15.824532
v 4.148758 1.724899 -15.865295
v 2.868256 1.808431 -15.824532
v 4.473797 3.354964 -14.287420
v 4.373433 3.271477 -14.238881
v 4.406233 1.807004 -14.219855
v 4.473797 1.801440 -14.287419
v 3.945093 1.887341 -14.287419
v 4.012142 1.906043 -14.219855
v 4.021543 2.711165 -14.238881
v 3.921120 2.711705 -14.287419
v 4.274199 3.391922 -14.287419
v 4.270349 3.290564 -14.238881
v 3.942924 3.259075 -14.287419
v 4.041567 3.213861 -14.238881
v 4.104635 3.272739 -14.238881
v 4.060616 3.368948 -14.287419
v 4.374151 1.613551 -14.219855
v 4.431180 1.544458 -14.287419
v 3.158121 1.645661 -14.219854
v 3.140832 1.578530 -14.287418
v 3.007933 1.760352 -14.238880
v 2.934181 1.685518 -14.287418
v 2.868257 1.808432 -14.287418
v 2.981464 1.811469 -14.238880
v 2.918865 1.911923 -14.287418
v 3.408493 1.850904 -14.219855
v 3.412408 1.918527 -14.287419
v 4.093666 1.761983 -14.219855
v 3.968268 1.846388 -14.287419
v 4.406233 3.298762 -14.219855
v 4.373433 1.809705 -14.238881
v 4.044692 1.915122 -14.238881
v 3.988724 2.711342 -14.219855
v 4.271607 3.323689 -14.219855
v 4.009329 3.228637 -14.219855
v 4.090249 3.304182 -14.219855
v 4.346466 1.647094 -14.238881
v 3.166514 1.678251 -14.238880
v 2.983829 1.735895 -14.219854
v 2.944162 1.809854 -14.219854
v 2.961310 1.844921 -14.219854
v 3.406591 1.818076 -14.238881
v 4.154542 1.721007 -14.238881
v 4.405362 1.807076 -15.892967
v 4.405362 3.298037 -15.892967
v 3.989595 2.711337 -15.892967
v 4.013005 1.906284 -15.892967
v 4.271573 3.322809 -15.892967
v 4.090631 3.303347 -15.892967
v 4.010184 3.228245 -15.892967
v 4.373415 1.614442 -15.892967
v 3.158343 1.646526 -15.892967
v 2.984469 1.736545 -15.892967
v 2.961857 1.844057 -15.892967
v 2.945140 1.809872 -15.892967
v 3.408442 1.850033 -15.892967
v 4.095281 1.760895 -15.892967
v 4.421341 1.135767 -15.824532
v 3.130993 1.169838 -15.824532
v 3.130994 1.169838 -14.287418
v 4.421342 1.135767 -14.287419
v 4.473796 1.801439 -17.561169
v 4.376547 1.809449 -17.601933
v 4.041599 1.914260 -17.601933
v 3.945092 1.887340 -17.561169
v 4.376547 3.274069 -17.601933
v 4.473796 3.354964 -17.561169
v 3.921119 2.711704 -17.561169
v 4.018425 2.711182 -17.601933
v 4.060615 3.368948 -17.561169
v 4.103268 3.275726 -17.601933
v 4.038503 3.215265 -17.601933
v 3.942923 3.259073 -17.561169
v 4.270467 3.293710 -17.601933
v 4.274198 3.391921 -17.561169
v 4.431179 1.544458 -17.561169
v 4.349094 1.643908 -17.601933
v 3.140831 1.578529 -17.561169
v 3.165716 1.675155 -17.601933
v 2.934180 1.685517 -17.561169
v 3.005642 1.758029 -17.601933
v 2.918864 1.911923 -17.561169
v 3.412407 1.918527 -17.561169
v 3.406771 1.821194 -17.601933
v 3.968267 1.846388 -17.561169
v 4.148758 1.724899 -17.601933
v 2.978734 1.812981 -17.601933
v 2.868255 1.808431 -17.561169
v 4.473797 3.354964 -16.024055
v 4.373432 3.271477 -15.975517
v 4.406232 1.807004 -15.956491
v 4.473797 1.801440 -16.024055
v 3.945092 1.887340 -16.024055
v 4.012141 1.906043 -15.956491
v 4.021543 2.711165 -15.975517
v 3.921120 2.711705 -16.024055
v 4.274198 3.391921 -16.024055
v 4.270348 3.290564 -15.975517
v 3.942923 3.259074 -16.024055
v 4.041566 3.213861 -15.975517
v 4.104634 3.272739 -15.975517
v 4.060616 3.368948 -16.024055
v 4.374150 1.613551 -15.956491
v 4.431179 1.544458 -16.024055
v 3.158120 1.645661 -15.956491
v 3.140831 1.578529 -16.024055
v 3.007932 1.760352 -15.975517
v 2.934180 1.685518 -16.024055
v 2.868256 1.808431 -16.024055
v 2.981463 1.811469 -15.975517
v 2.918864 1.911923 -16.024055
v 3.408492 1.850904 -15.956491
v 3.412407 1.918527 -16.024055
v 4.093665 1.761983 -15.956491
v 3.968267 1.846388 -16.024055
v 4.406232 3.298762 -15.956491
v 4.373432 1.809705 -15.975517
v 4.044691 1.915122 -15.975517
v 3.988723 2.711342 -15.956491
v 4.271606 3.323689 -15.956491
v 4.009328 3.228637 -15.956491
v 4.090249 3.304182 -15.956491
v 4.346465 1.647094 -15.975517
v 3.166513 1.678251 -15.975517
v 2.983829 1.735895 -15.956491
v 2.944162 1.809854 -15.956491
v 2.961310 1.844921 -15.956491
v 3.406591 1.818076 -15.975517
v 4.154541 1.721007 -15.975517
v 4.405361 1.807076 -17.629604
v 4.405361 3.298037 -17.629604
v 3.989594 2.711337 -17.629604
v 4.013005 1.906284 -17.629604
v 4.271573 3.322809 -17.629604
v 4.090630 3.303347 -17.629604
v 4.010184 3.228245 -17.629604
v 4.373415 1.614442 -17.629604
v 3.158342 1.646526 -17.629604
v 2.984468 1.736545 -17.629604
v 2.961856 1.844057 -17.629604
v 2.945139 1.809872 -17.629604
v 3.408441 1.850033 -17.629604
v 4.095281 1.760895 -17.629604
v 4.421341 1.135766 -17.561169
v 3.130993 1.169838 -17.561169
v 3.130993 1.169838 -16.024055
v 4.421341 1.135767 -16.024055
vn 0.7071 -0.0000 -0.7071
vn -0.7068 -0.0206 -0.7071
vn 0.1287 0.6953 -0.7071
vn -0.4825 0.5169 -0.7071
vn -0.7065 0.0281 -0.7071
vn -0.0756 0.7031 -0.7071
vn 0.6976 -0.1157 -0.7071
vn -0.0187 -0.7069 -0.7071
vn -0.3251 -0.6279 -0.7071
vn -0.6352 0.3106 -0.7071
vn -0.0095 0.7070 -0.7071
vn 0.0910 0.7012 -0.7071
vn -0.6154 -0.3483 -0.7071
vn -0.6231 -0.3342 -0.7071
vn -0.0000 -0.0000 1.0000
vn 0.7071 -0.0000 0.7071
vn -0.7068 -0.0206 0.7071
vn 0.1287 0.6953 0.7071
vn -0.4825 0.5169 0.7071
vn -0.7065 0.0281 0.7071
vn -0.0756 0.7030 0.7071
vn 0.6976 -0.1157 0.7071
vn -0.0187 -0.7069 0.7071
vn -0.3251 -0.6279 0.7071
vn -0.6352 0.3106 0.7071
vn -0.0095 0.7070 0.7071
vn 0.0910 0.7012 0.7071
vn -0.6154 -0.3483 0.7071
vn -0.6231 -0.3342 0.7071
vn 1.0000 -0.0000 -0.0000
vn 0.1821 0.9833 -0.0000
vn 0.9865 -0.1636 -0.0000
vn -0.9996 -0.0291 -0.0000
vn -0.8703 -0.4925 -0.0000
vn -0.9992 0.0398 -0.0000
vn -0.1069 0.9943 -0.0000
vn -0.6824 0.7310 -0.0000
vn -0.4598 -0.8880 -0.0000
vn -0.8812 -0.4727 -0.0000
vn -0.8983 0.4393 -0.0000
vn -0.0134 0.9999 -0.0000
vn 0.1287 0.9917 -0.0000
vn -0.5017 -0.0000 0.8650
vn 0.5015 0.0146 0.8650
vn -0.0914 -0.4934 0.8650
vn 0.3424 -0.3668 0.8650
vn 0.5014 -0.0200 0.8650
vn 0.0537 -0.4989 0.8650
vn -0.4950 0.0821 0.8650
vn 0.0132 0.5016 0.8650
vn 0.2307 0.4456 0.8650
vn 0.4508 -0.2204 0.8650
vn 0.0072 -0.4964 0.8681
vn -0.0646 -0.4976 0.8650
vn 0.4367 0.2471 0.8650
vn 0.4392 0.2322 0.8678
vn -0.0000 -0.0000 -1.0000
vn -0.6927 -0.0000 -0.7213
vn 0.6924 0.0201 -0.7213
vn -0.1261 -0.6811 -0.7213
vn 0.4727 -0.5063 -0.7213
vn 0.6921 -0.0276 -0.7213
vn 0.0741 -0.6887 -0.7213
vn -0.6833 0.1133 -0.7213
vn 0.0183 0.6924 -0.7213
vn 0.3185 0.6151 -0.7213
vn 0.6222 -0.3043 -0.7213
vn 0.0110 -0.6770 -0.7359
vn -0.0891 -0.6869 -0.7213
vn 0.6028 0.3411 -0.7213
vn 0.6027 0.3112 -0.7348
vn -0.0264 -0.9997 -0.0000
vn -0.9997 0.0241 -0.0000
vn 0.9997 -0.0241 -0.0000
vn -0.0756 0.7031 0.7071
vn -0.8813 -0.4727 -0.0000
vn -0.5018 -0.0000 0.8650
vn -0.0913 -0.4934 0.8650
vn 0.4507 -0.2204 0.8650
vn 0.4392 0.2322 0.8679
vn 0.3184 0.6151 -0.7213
vn 0.6223 -0.3043 -0.7213
vn 0.5013 -0.0200 0.8650
vn 0.6924 0.0201 -0.7212
vn -0.1261 -0.6811 -0.7212
vn 0.6921 -0.0276 -0.7212
vn 0.6028 0.3411 -0.7212
vn -0.6926 -0.0000 -0.7213
vn 0.4726 -0.5063 -0.7213
vn 0.6223 -0.3043 -0.7212
vn 0.5016 0.0146 0.8650
vn -0.0892 -0.6869 -0.7213
vn 0.6029 0.3411 -0.7212
vn 0.6027 0.3112 -0.7347
vn -0.7066 0.0281 -0.7071
vn 0.6922 -0.0276 -0.7212
vt 0.000000 0.000000
s 1
f 3586/978/1438 3581/978/1438 3649/978/1438 3650/978/1438
f 3584/978/1439 3587/978/1439 3651/978/1439 3652/978/1439
f 3594/978/1440 3586/978/1440 3650/978/1440 3653/978/1440
f 3592/978/1441 3589/978/1441 3654/978/1441 3655/978/1441
f 3587/978/1442 3592/978/1442 3655/978/1442 3651/978/1442
f 3589/978/1443 3594/978/1443 3653/978/1443 3654/978/1443
f 3581/978/1444 3595/978/1444 3656/978/1444 3649/978/1444
f 3595/978/1445 3597/978/1445 3657/978/1445 3656/978/1445
f 3597/978/1446 3599/978/1446 3658/978/1446 3657/978/1446
f 3607/978/1447 3601/978/1447 3659/978/1447 3660/978/1447
f 3601/978/1448 3602/978/1448 3661/978/1448 3659/978/1448
f 3602/978/1449 3604/978/1449 3662/978/1449 3661/978/1449
f 3652/978/1450 3662/978/1450 3604/978/1450 3584/978/1450
f 3599/978/1451 3607/978/1451 3660/978/1451 3658/978/1451
f 3629/978/1452 3626/978/1452 3647/978/1452
f 3635/978/1453 3610/978/1453 3611/978/1453 3608/978/1453
f 3613/978/1454 3638/978/1454 3615/978/1454 3612/978/1454
f 3639/978/1455 3635/978/1455 3608/978/1455 3616/978/1455
f 3640/978/1456 3641/978/1456 3621/978/1456 3618/978/1456
f 3638/978/1457 3640/978/1457 3618/978/1457 3615/978/1457
f 3641/978/1458 3639/978/1458 3616/978/1458 3621/978/1458
f 3610/978/1459 3622/978/1459 3623/978/1459 3611/978/1459
f 3622/978/1460 3624/978/1460 3625/978/1460 3623/978/1460
f 3624/978/1461 3644/978/1461 3627/978/1461 3625/978/1461
f 3645/978/1462 3646/978/1462 3630/978/1462 3628/978/1462
f 3646/978/1463 3631/978/1463 3632/978/1463 3630/978/1463
f 3631/978/1464 3633/978/1464 3634/978/1464 3632/978/1464
f 3612/978/1465 3634/978/1465 3633/978/1465 3613/978/1465
f 3644/978/1466 3645/978/1466 3628/978/1466 3627/978/1466
f 3586/978/1467 3608/978/1467 3611/978/1467 3581/978/1467
f 3647/978/1452 3626/978/1452 3643/978/1452
f 3594/978/1468 3616/978/1468 3608/978/1468 3586/978/1468
f 3581/978/1469 3611/978/1469 3623/978/1469 3595/978/1469
f 3584/978/1470 3612/978/1470 3615/978/1470 3587/978/1470
f 3604/978/1471 3634/978/1471 3612/978/1471 3584/978/1471
f 3587/978/1472 3615/978/1472 3618/978/1472 3592/978/1472
f 3589/978/1473 3621/978/1473 3616/978/1473 3594/978/1473
f 3592/978/1474 3618/978/1474 3621/978/1474 3589/978/1474
f 3623/978/1452 3625/978/1452 3665/978/1452 3666/978/1452
f 3597/978/1475 3625/978/1475 3627/978/1475 3599/978/1475
f 3599/978/1476 3627/978/1476 3628/978/1476 3607/978/1476
f 3607/978/1477 3628/978/1477 3630/978/1477 3601/978/1477
f 3601/978/1478 3630/978/1478 3632/978/1478 3602/978/1478
f 3602/978/1479 3632/978/1479 3634/978/1479 3604/978/1479
f 3647/978/1452 3643/978/1452 3642/978/1452 3648/978/1452
f 3637/978/1452 3648/978/1452 3642/978/1452 3636/978/1452
f 3637/978/1452 3636/978/1452 3614/978/1452
f 3609/978/1452 3619/978/1452 3614/978/1452 3636/978/1452
f 3617/978/1452 3620/978/1452 3619/978/1452 3609/978/1452
f 3609/978/1480 3636/978/1480 3610/978/1480 3635/978/1480
f 3637/978/1481 3614/978/1481 3638/978/1481 3613/978/1481
f 3617/978/1482 3609/978/1482 3635/978/1482 3639/978/1482
f 3619/978/1483 3620/978/1483 3641/978/1483 3640/978/1483
f 3614/978/1484 3619/978/1484 3640/978/1484 3638/978/1484
f 3620/978/1485 3617/978/1485 3639/978/1485 3641/978/1485
f 3636/978/1486 3642/978/1486 3622/978/1486 3610/978/1486
f 3642/978/1487 3643/978/1487 3624/978/1487 3622/978/1487
f 3643/978/1488 3626/978/1488 3644/978/1488 3624/978/1488
f 3629/978/1489 3646/978/1489 3645/978/1489
f 3629/978/1490 3647/978/1490 3631/978/1490 3646/978/1490
f 3647/978/1491 3648/978/1491 3633/978/1491 3631/978/1491
f 3648/978/1492 3637/978/1492 3613/978/1492 3633/978/1492
f 3626/978/1493 3629/978/1493 3645/978/1493 3644/978/1493
f 3600/978/1494 3606/978/1494 3603/978/1494 3598/978/1494
f 3598/978/1494 3603/978/1494 3605/978/1494 3596/978/1494
f 3596/978/1494 3605/978/1494 3583/978/1494 3582/978/1494
f 3582/978/1494 3583/978/1494 3588/978/1494 3591/978/1494 3585/978/1494
f 3585/978/1494 3591/978/1494 3590/978/1494 3593/978/1494
f 3582/978/1495 3585/978/1495 3650/978/1495 3649/978/1495
f 3588/978/1496 3583/978/1496 3652/978/1496 3651/978/1496
f 3585/978/1497 3593/978/1497 3653/978/1497 3650/978/1497
f 3590/978/1498 3591/978/1498 3655/978/1498 3654/978/1498
f 3591/978/1499 3588/978/1499 3651/978/1499 3655/978/1499
f 3593/978/1500 3590/978/1500 3654/978/1500 3653/978/1500
f 3596/978/1501 3582/978/1501 3649/978/1501 3656/978/1501
f 3598/978/1502 3596/978/1502 3656/978/1502 3657/978/1502
f 3600/978/1503 3598/978/1503 3657/978/1503 3658/978/1503
f 3606/978/1504 3660/978/1504 3659/978/1504
f 3603/978/1505 3606/978/1505 3659/978/1505 3661/978/1505
f 3605/978/1506 3603/978/1506 3661/978/1506 3662/978/1506
f 3583/978/1507 3605/978/1507 3662/978/1507 3652/978/1507
f 3606/978/1508 3600/978/1508 3658/978/1508 3660/978/1508
f 3663/978/1509 3666/978/1509 3665/978/1509 3664/978/1509
f 3597/978/1494 3595/978/1494 3663/978/1494 3664/978/1494
f 3625/978/1510 3597/978/1510 3664/978/1510 3665/978/1510
f 3595/978/1511 3623/978/1511 3666/978/1511 3663/978/1511
f 3672/978/1438 3667/978/1438 3735/978/1438 3736/978/1438
f 3670/978/1439 3673/978/1439 3737/978/1439 3738/978/1439
f 3680/978/1440 3672/978/1440 3736/978/1440 3739/978/1440
f 3678/978/1441 3675/978/1441 3740/978/1441 3741/978/1441
f 3673/978/1442 3678/978/1442 3741/978/1442 3737/978/1442
f 3675/978/1443 3680/978/1443 3739/978/1443 3740/978/1443
f 3667/978/1444 3681/978/1444 3742/978/1444 3735/978/1444
f 3681/978/1445 3683/978/1445 3743/978/1445 3742/978/1445
f 3683/978/1446 3685/978/1446 3744/978/1446 3743/978/1446
f 3693/978/1447 3687/978/1447 3745/978/1447 3746/978/1447
f 3687/978/1448 3689/978/1448 3747/978/1448 3745/978/1448
f 3689/978/1449 3691/978/1449 3748/978/1449 3747/978/1449
f 3738/978/1450 3748/978/1450 3691/978/1450 3670/978/1450
f 3685/978/1451 3693/978/1451 3746/978/1451 3744/978/1451
f 3715/978/1452 3712/978/1452 3733/978/1452
f 3721/978/1453 3696/978/1453 3697/978/1453 3694/978/1453
f 3699/978/1454 3724/978/1454 3701/978/1454 3698/978/1454
f 3725/978/1455 3721/978/1455 3694/978/1455 3702/978/1455
f 3726/978/1456 3727/978/1456 3707/978/1456 3704/978/1456
f 3724/978/1457 3726/978/1457 3704/978/1457 3701/978/1457
f 3727/978/1512 3725/978/1512 3702/978/1512 3707/978/1512
f 3696/978/1459 3708/978/1459 3709/978/1459 3697/978/1459
f 3708/978/1460 3710/978/1460 3711/978/1460 3709/978/1460
f 3710/978/1461 3730/978/1461 3713/978/1461 3711/978/1461
f 3731/978/1462 3732/978/1462 3716/978/1462 3714/978/1462
f 3732/978/1463 3717/978/1463 3718/978/1463 3716/978/1463
f 3717/978/1464 3719/978/1464 3720/978/1464 3718/978/1464
f 3698/978/1465 3720/978/1465 3719/978/1465 3699/978/1465
f 3730/978/1466 3731/978/1466 3714/978/1466 3713/978/1466
f 3672/978/1467 3694/978/1467 3697/978/1467 3667/978/1467
f 3733/978/1452 3712/978/1452 3729/978/1452
f 3680/978/1468 3702/978/1468 3694/978/1468 3672/978/1468
f 3667/978/1469 3697/978/1469 3709/978/1469 3681/978/1469
f 3670/978/1470 3698/978/1470 3701/978/1470 3673/978/1470
f 3691/978/1471 3720/978/1471 3698/978/1471 3670/978/1471
f 3673/978/1472 3701/978/1472 3704/978/1472 3678/978/1472
f 3675/978/1473 3707/978/1473 3702/978/1473 3680/978/1473
f 3678/978/1474 3704/978/1474 3707/978/1474 3675/978/1474
f 3709/978/1452 3711/978/1452 3751/978/1452 3752/978/1452
f 3683/978/1475 3711/978/1475 3713/978/1475 3685/978/1475
f 3685/978/1513 3713/978/1513 3714/978/1513 3693/978/1513
f 3693/978/1477 3714/978/1477 3716/978/1477 3687/978/1477
f 3687/978/1478 3716/978/1478 3718/978/1478 3689/978/1478
f 3689/978/1479 3718/978/1479 3720/978/1479 3691/978/1479
f 3733/978/1452 3729/978/1452 3728/978/1452 3734/978/1452
f 3723/978/1452 3734/978/1452 3728/978/1452 3722/978/1452
f 3723/978/1452 3722/978/1452 3700/978/1452
f 3695/978/1452 3705/978/1452 3700/978/1452 3722/978/1452
f 3703/978/1452 3706/978/1452 3705/978/1452 3695/978/1452
f 3695/978/1514 3722/978/1514 3696/978/1514 3721/978/1514
f 3723/978/1481 3700/978/1481 3724/978/1481 3699/978/1481
f 3703/978/1515 3695/978/1515 3721/978/1515 3725/978/1515
f 3705/978/1483 3706/978/1483 3727/978/1483 3726/978/1483
f 3700/978/1484 3705/978/1484 3726/978/1484 3724/978/1484
f 3706/978/1485 3703/978/1485 3725/978/1485 3727/978/1485
f 3722/978/1486 3728/978/1486 3708/978/1486 3696/978/1486
f 3728/978/1487 3729/978/1487 3710/978/1487 3708/978/1487
f 3729/978/1488 3712/978/1488 3730/978/1488 3710/978/1488
f 3715/978/1516 3732/978/1516 3731/978/1516
f 3715/978/1490 3733/978/1490 3717/978/1490 3732/978/1490
f 3733/978/1491 3734/978/1491 3719/978/1491 3717/978/1491
f 3734/978/1492 3723/978/1492 3699/978/1492 3719/978/1492
f 3712/978/1517 3715/978/1517 3731/978/1517 3730/978/1517
f 3686/978/1494 3688/978/1494 3690/978/1494 3684/978/1494
f 3684/978/1494 3690/978/1494 3692/978/1494 3682/978/1494
f 3682/978/1494 3692/978/1494 3669/978/1494 3668/978/1494
f 3668/978/1494 3669/978/1494 3674/978/1494 3677/978/1494 3671/978/1494
f 3671/978/1494 3677/978/1494 3676/978/1494 3679/978/1494
f 3668/978/1495 3671/978/1495 3736/978/1495 3735/978/1495
f 3674/978/1496 3669/978/1496 3738/978/1496 3737/978/1496
f 3671/978/1497 3679/978/1497 3739/978/1497 3736/978/1497
f 3676/978/1498 3677/978/1498 3741/978/1498 3740/978/1498
f 3677/978/1499 3674/978/1499 3737/978/1499 3741/978/1499
f 3679/978/1500 3676/978/1500 3740/978/1500 3739/978/1500
f 3682/978/1501 3668/978/1501 3735/978/1501 3742/978/1501
f 3684/978/1502 3682/978/1502 3742/978/1502 3743/978/1502
f 3686/978/1503 3684/978/1503 3743/978/1503 3744/978/1503
f 3688/978/1504 3746/978/1504 3745/978/1504
f 3690/978/1505 3688/978/1505 3745/978/1505 3747/978/1505
f 3692/978/1506 3690/978/1506 3747/978/1506 3748/978/1506
f 3669/978/1507 3692/978/1507 3748/978/1507 3738/978/1507
f 3688/978/1508 3686/978/1508 3744/978/1508 3746/978/1508
f 3749/978/1509 3752/978/1509 3751/978/1509 3750/978/1509
f 3683/978/1494 3681/978/1494 3749/978/1494 3750/978/1494
f 3711/978/1510 3683/978/1510 3750/978/1510 3751/978/1510
f 3681/978/1511 3709/978/1511 3752/978/1511 3749/978/1511
f 3758/978/1438 3753/978/1438 3821/978/1438 3822/978/1438
f 3756/978/1439 3759/978/1439 3823/978/1439 3824/978/1439
f 3766/978/1440 3758/978/1440 3822/978/1440 3825/978/1440
f 3764/978/1441 3761/978/1441 3826/978/1441 3827/978/1441
f 3759/978/1442 3764/978/1442 3827/978/1442 3823/978/1442
f 3761/978/1443 3766/978/1443 3825/978/1443 3826/978/1443
f 3753/978/1444 3767/978/1444 3828/978/1444 3821/978/1444
f 3767/978/1445 3769/978/1445 3829/978/1445 3828/978/1445
f 3769/978/1446 3771/978/1446 3830/978/1446 3829/978/1446
f 3779/978/1447 3773/978/1447 3831/978/1447 3832/978/1447
f 3773/978/1448 3775/978/1448 3833/978/1448 3831/978/1448
f 3775/978/1449 3777/978/1449 3834/978/1449 3833/978/1449
f 3824/978/1450 3834/978/1450 3777/978/1450 3756/978/1450
f 3771/978/1451 3779/978/1451 3832/978/1451 3830/978/1451
f 3801/978/1452 3798/978/1452 3819/978/1452
f 3807/978/1453 3782/978/1453 3783/978/1453 3780/978/1453
f 3785/978/1454 3810/978/1454 3787/978/1454 3784/978/1454
f 3811/978/1455 3807/978/1455 3780/978/1455 3788/978/1455
f 3812/978/1456 3813/978/1456 3793/978/1456 3790/978/1456
f 3810/978/1457 3812/978/1457 3790/978/1457 3787/978/1457
f 3813/978/1512 3811/978/1512 3788/978/1512 3793/978/1512
f 3782/978/1459 3794/978/1459 3795/978/1459 3783/978/1459
f 3794/978/1460 3796/978/1460 3797/978/1460 3795/978/1460
f 3796/978/1461 3816/978/1461 3799/978/1461 3797/978/1461
f 3817/978/1462 3818/978/1462 3802/978/1462 3800/978/1462
f 3818/978/1463 3803/978/1463 3804/978/1463 3802/978/1463
f 3803/978/1464 3805/978/1464 3806/978/1464 3804/978/1464
f 3784/978/1465 3806/978/1465 3805/978/1465 3785/978/1465
f 3816/978/1466 3817/978/1466 3800/978/1466 3799/978/1466
f 3758/978/1467 3780/978/1467 3783/978/1467 3753/978/1467
f 3819/978/1452 3798/978/1452 3815/978/1452
f 3766/978/1468 3788/978/1468 3780/978/1468 3758/978/1468
f 3753/978/1469 3783/978/1469 3795/978/1469 3767/978/1469
f 3756/978/1470 3784/978/1470 3787/978/1470 3759/978/1470
f 3777/978/1471 3806/978/1471 3784/978/1471 3756/978/1471
f 3759/978/1472 3787/978/1472 3790/978/1472 3764/978/1472
f 3761/978/1473 3793/978/1473 3788/978/1473 3766/978/1473
f 3764/978/1474 3790/978/1474 3793/978/1474 3761/978/1474
f 3795/978/1452 3797/978/1452 3837/978/1452 3838/978/1452
f 3769/978/1475 3797/978/1475 3799/978/1475 3771/978/1475
f 3771/978/1476 3799/978/1476 3800/978/1476 3779/978/1476
f 3779/978/1477 3800/978/1477 3802/978/1477 3773/978/1477
f 3773/978/1478 3802/978/1478 3804/978/1478 3775/978/1478
f 3775/978/1479 3804/978/1479 3806/978/1479 3777/978/1479
f 3819/978/1452 3815/978/1452 3814/978/1452 3820/978/1452
f 3809/978/1452 3820/978/1452 3814/978/1452 3808/978/1452
f 3809/978/1452 3808/978/1452 3786/978/1452
f 3781/978/1452 3791/978/1452 3786/978/1452 3808/978/1452
f 3789/978/1452 3792/978/1452 3791/978/1452 3781/978/1452
f 3781/978/1480 3808/978/1480 3782/978/1480 3807/978/1480
f 3809/978/1481 3786/978/1481 3810/978/1481 3785/978/1481
f 3789/978/1482 3781/978/1482 3807/978/1482 3811/978/1482
f 3791/978/1483 3792/978/1483 3813/978/1483 3812/978/1483
f 3786/978/1484 3791/978/1484 3812/978/1484 3810/978/1484
f 3792/978/1485 3789/978/1485 3811/978/1485 3813/978/1485
f 3808/978/1486 3814/978/1486 3794/978/1486 3782/978/1486
f 3814/978/1487 3815/978/1487 3796/978/1487 3794/978/1487
f 3815/978/1488 3798/978/1488 3816/978/1488 3796/978/1488
f 3801/978/1489 3818/978/1489 3817/978/1489
f 3801/978/1490 3819/978/1490 3803/978/1490 3818/978/1490
f 3819/978/1491 3820/978/1491 3805/978/1491 3803/978/1491
f 3820/978/1492 3809/978/1492 3785/978/1492 3805/978/1492
f 3798/978/1493 3801/978/1493 3817/978/1493 3816/978/1493
f 3772/978/1494 3774/978/1494 3776/978/1494 3770/978/1494
f 3770/978/1494 3776/978/1494 3778/978/1494 3768/978/1494
f 3768/978/1494 3778/978/1494 3755/978/1494 3754/978/1494
f 3754/978/1494 3755/978/1494 3760/978/1494 3763/978/1494 3757/978/1494
f 3757/978/1494 3763/978/1494 3762/978/1494 3765/978/1494
f 3754/978/1495 3757/978/1495 3822/978/1495 3821/978/1495
f 3760/978/1496 3755/978/1496 3824/978/1496 3823/978/1496
f 3757/978/1497 3765/978/1497 3825/978/1497 3822/978/1497
f 3762/978/1498 3763/978/1498 3827/978/1498 3826/978/1498
f 3763/978/1499 3760/978/1499 3823/978/1499 3827/978/1499
f 3765/978/1500 3762/978/1500 3826/978/1500 3825/978/1500
f 3768/978/1501 3754/978/1501 3821/978/1501 3828/978/1501
f 3770/978/1502 3768/978/1502 3828/978/1502 3829/978/1502
f 3772/978/1518 3770/978/1518 3829/978/1518 3830/978/1518
f 3774/978/1519 3832/978/1519 3831/978/1519
f 3776/978/1505 3774/978/1505 3831/978/1505 3833/978/1505
f 3778/978/1506 3776/978/1506 3833/978/1506 3834/978/1506
f 3755/978/1507 3778/978/1507 3834/978/1507 3824/978/1507
f 3774/978/1508 3772/978/1508 3830/978/1508 3832/978/1508
f 3835/978/1509 3838/978/1509 3837/978/1509 3836/978/1509
f 3769/978/1494 3767/978/1494 3835/978/1494 3836/978/1494
f 3797/978/1510 3769/978/1510 3836/978/1510 3837/978/1510
f 3767/978/1511 3795/978/1511 3838/978/1511 3835/978/1511
f 3844/978/1438 3839/978/1438 3907/978/1438 3908/978/1438
f 3842/978/1439 3845/978/1439 3909/978/1439 3910/978/1439
f 3852/978/1440 3844/978/1440 3908/978/1440 3911/978/1440
f 3850/978/1441 3847/978/1441 3912/978/1441 3913/978/1441
f 3845/978/1442 3850/978/1442 3913/978/1442 3909/978/1442
f 3847/978/1443 3852/978/1443 3911/978/1443 3912/978/1443
f 3839/978/1444 3853/978/1444 3914/978/1444 3907/978/1444
f 3853/978/1445 3855/978/1445 3915/978/1445 3914/978/1445
f 3855/978/1446 3857/978/1446 3916/978/1446 3915/978/1446
f 3865/978/1447 3859/978/1447 3917/978/1447 3918/978/1447
f 3859/978/1448 3861/978/1448 3919/978/1448 3917/978/1448
f 3861/978/1449 3863/978/1449 3920/978/1449 3919/978/1449
f 3910/978/1450 3920/978/1450 3863/978/1450 3842/978/1450
f 3857/978/1451 3865/978/1451 3918/978/1451 3916/978/1451
f 3887/978/1452 3884/978/1452 3905/978/1452
f 3893/978/1453 3868/978/1453 3869/978/1453 3866/978/1453
f 3871/978/1454 3896/978/1454 3873/978/1454 3870/978/1454
f 3897/978/1455 3893/978/1455 3866/978/1455 3874/978/1455
f 3898/978/1456 3899/978/1456 3879/978/1456 3876/978/1456
f 3896/978/1457 3898/978/1457 3876/978/1457 3873/978/1457
f 3899/978/1512 3897/978/1512 3874/978/1512 3879/978/1512
f 3868/978/1459 3880/978/1459 3881/978/1459 3869/978/1459
f 3880/978/1460 3882/978/1460 3883/978/1460 3881/978/1460
f 3882/978/1461 3902/978/1461 3885/978/1461 3883/978/1461
f 3903/978/1462 3904/978/1462 3888/978/1462 3886/978/1462
f 3904/978/1463 3889/978/1463 3890/978/1463 3888/978/1463
f 3889/978/1464 3891/978/1464 3892/978/1464 3890/978/1464
f 3870/978/1465 3892/978/1465 3891/978/1465 3871/978/1465
f 3902/978/1466 3903/978/1466 3886/978/1466 3885/978/1466
f 3844/978/1467 3866/978/1467 3869/978/1467 3839/978/1467
f 3905/978/1452 3884/978/1452 3901/978/1452
f 3852/978/1468 3874/978/1468 3866/978/1468 3844/978/1468
f 3839/978/1469 3869/978/1469 3881/978/1469 3853/978/1469
f 3842/978/1470 3870/978/1470 3873/978/1470 3845/978/1470
f 3863/978/1471 3892/978/1471 3870/978/1471 3842/978/1471
f 3845/978/1472 3873/978/1472 3876/978/1472 3850/978/1472
f 3847/978/1473 3879/978/1473 3874/978/1473 3852/978/1473
f 3850/978/1474 3876/978/1474 3879/978/1474 3847/978/1474
f 3881/978/1452 3883/978/1452 3923/978/1452 3924/978/1452
f 3855/978/1475 3883/978/1475 3885/978/1475 3857/978/1475
f 3857/978/1476 3885/978/1476 3886/978/1476 3865/978/1476
f 3865/978/1477 3886/978/1477 3888/978/1477 3859/978/1477
f 3859/978/1478 3888/978/1478 3890/978/1478 3861/978/1478
f 3861/978/1479 3890/978/1479 3892/978/1479 3863/978/1479
f 3905/978/1452 3901/978/1452 3900/978/1452 3906/978/1452
f 3895/978/1452 3906/978/1452 3900/978/1452 3894/978/1452
f 3895/978/1452 3894/978/1452 3872/978/1452
f 3867/978/1452 3877/978/1452 3872/978/1452 3894/978/1452
f 3875/978/1452 3878/978/1452 3877/978/1452 3867/978/1452
f 3867/978/1480 3894/978/1480 3868/978/1480 3893/978/1480
f 3895/978/1481 3872/978/1481 3896/978/1481 3871/978/1481
f 3875/978/1515 3867/978/1515 3893/978/1515 3897/978/1515
f 3877/978/1483 3878/978/1483 3899/978/1483 3898/978/1483
f 3872/978/1520 3877/978/1520 3898/978/1520 3896/978/1520
f 3878/978/1485 3875/978/1485 3897/978/1485 3899/978/1485
f 3894/978/1486 3900/978/1486 3880/978/1486 3868/978/1486
f 3900/978/1487 3901/978/1487 3882/978/1487 3880/978/1487
f 3901/978/1488 3884/978/1488 3902/978/1488 3882/978/1488
f 3887/978/1516 3904/978/1516 3903/978/1516
f 3887/978/1490 3905/978/1490 3889/978/1490 3904/978/1490
f 3905/978/1491 3906/978/1491 3891/978/1491 3889/978/1491
f 3906/978/1492 3895/978/1492 3871/978/1492 3891/978/1492
f 3884/978/1517 3887/978/1517 3903/978/1517 3902/978/1517
f 3858/978/1494 3860/978/1494 3862/978/1494 3856/978/1494
f 3856/978/1494 3862/978/1494 3864/978/1494 3854/978/1494
f 3854/978/1494 3864/978/1494 3841/978/1494 3840/978/1494
f 3840/978/1494 3841/978/1494 3846/978/1494 3849/978/1494 3843/978/1494
f 3843/978/1494 3849/978/1494 3848/978/1494 3851/978/1494
f 3840/978/1495 3843/978/1495 3908/978/1495 3907/978/1495
f 3846/978/1521 3841/978/1521 3910/978/1521 3909/978/1521
f 3843/978/1522 3851/978/1522 3911/978/1522 3908/978/1522
f 3848/978/1498 3849/978/1498 3913/978/1498 3912/978/1498
f 3849/978/1523 3846/978/1523 3909/978/1523 3913/978/1523
f 3851/978/1500 3848/978/1500 3912/978/1500 3911/978/1500
f 3854/978/1501 3840/978/1501 3907/978/1501 3914/978/1501
f 3856/978/1502 3854/978/1502 3914/978/1502 3915/978/1502
f 3858/978/1503 3856/978/1503 3915/978/1503 3916/978/1503
f 3860/978/1504 3918/978/1504 3917/978/1504
f 3862/978/1505 3860/978/1505 3917/978/1505 3919/978/1505
f 3864/978/1506 3862/978/1506 3919/978/1506 3920/978/1506
f 3841/978/1524 3864/978/1524 3920/978/1524 3910/978/1524
f 3860/978/1508 3858/978/1508 3916/978/1508 3918/978/1508
f 3921/978/1509 3924/978/1509 3923/978/1509 3922/978/1509
f 3855/978/1494 3853/978/1494 3921/978/1494 3922/978/1494
f 3883/978/1510 3855/978/1510 3922/978/1510 3923/978/1510
f 3853/978/1511 3881/978/1511 3924/978/1511 3921/978/1511
f 3930/978/1438 3925/978/1438 3993/978/1438 3994/978/1438
f 3928/978/1439 3931/978/1439 3995/978/1439 3996/978/1439
f 3938/978/1440 3930/978/1440 3994/978/1440 3997/978/1440
f 3936/978/1441 3933/978/1441 3998/978/1441 3999/978/1441
f 3931/978/1442 3936/978/1442 3999/978/1442 3995/978/1442
f 3933/978/1443 3938/978/1443 3997/978/1443 3998/978/1443
f 3925/978/1444 3939/978/1444 4000/978/1444 3993/978/1444
f 3939/978/1445 3941/978/1445 4001/978/1445 4000/978/1445
f 3941/978/1446 3943/978/1446 4002/978/1446 4001/978/1446
f 3951/978/1447 3945/978/1447 4003/978/1447 4004/978/1447
f 3945/978/1448 3947/978/1448 4005/978/1448 4003/978/1448
f 3947/978/1449 3949/978/1449 4006/978/1449 4005/978/1449
f 3996/978/1450 4006/978/1450 3949/978/1450 3928/978/1450
f 3943/978/1451 3951/978/1451 4004/978/1451 4002/978/1451
f 3973/978/1452 3970/978/1452 3991/978/1452
f 3979/978/1453 3954/978/1453 3955/978/1453 3952/978/1453
f 3957/978/1454 3982/978/1454 3959/978/1454 3956/978/1454
f 3983/978/1455 3979/978/1455 3952/978/1455 3960/978/1455
f 3984/978/1456 3985/978/1456 3965/978/1456 3962/978/1456
f 3982/978/1457 3984/978/1457 3962/978/1457 3959/978/1457
f 3985/978/1512 3983/978/1512 3960/978/1512 3965/978/1512
f 3954/978/1459 3966/978/1459 3967/978/1459 3955/978/1459
f 3966/978/1460 3968/978/1460 3969/978/1460 3967/978/1460
f 3968/978/1461 3988/978/1461 3971/978/1461 3969/978/1461
f 3989/978/1462 3990/978/1462 3974/978/1462 3972/978/1462
f 3990/978/1463 3975/978/1463 3976/978/1463 3974/978/1463
f 3975/978/1464 3977/978/1464 3978/978/1464 3976/978/1464
f 3956/978/1465 3978/978/1465 3977/978/1465 3957/978/1465
f 3988/978/1466 3989/978/1466 3972/978/1466 3971/978/1466
f 3930/978/1467 3952/978/1467 3955/978/1467 3925/978/1467
f 3991/978/1452 3970/978/1452 3987/978/1452
f 3938/978/1468 3960/978/1468 3952/978/1468 3930/978/1468
f 3925/978/1469 3955/978/1469 3967/978/1469 3939/978/1469
f 3928/978/1470 3956/978/1470 3959/978/1470 3931/978/1470
f 3949/978/1471 3978/978/1471 3956/978/1471 3928/978/1471
f 3931/978/1472 3959/978/1472 3962/978/1472 3936/978/1472
f 3933/978/1473 3965/978/1473 3960/978/1473 3938/978/1473
f 3936/978/1474 3962/978/1474 3965/978/1474 3933/978/1474
f 3967/978/1452 3969/978/1452 4009/978/1452 4010/978/1452
f 3941/978/1475 3969/978/1475 3971/978/1475 3943/978/1475
f 3943/978/1476 3971/978/1476 3972/978/1476 3951/978/1476
f 3951/978/1477 3972/978/1477 3974/978/1477 3945/978/1477
f 3945/978/1478 3974/978/1478 3976/978/1478 3947/978/1478
f 3947/978/1479 3976/978/1479 3978/978/1479 3949/978/1479
f 3991/978/1452 3987/978/1452 3986/978/1452 3992/978/1452
f 3981/978/1452 3992/978/1452 3986/978/1452 3980/978/1452
f 3981/978/1452 3980/978/1452 3958/978/1452
f 3953/978/1452 3963/978/1452 3958/978/1452 3980/978/1452
f 3961/978/1452 3964/978/1452 3963/978/1452 3953/978/1452
f 3953/978/1514 3980/978/1514 3954/978/1514 3979/978/1514
f 3981/978/1481 3958/978/1481 3982/978/1481 3957/978/1481
f 3961/978/1515 3953/978/1515 3979/978/1515 3983/978/1515
f 3963/978/1483 3964/978/1483 3985/978/1483 3984/978/1483
f 3958/978/1484 3963/978/1484 3984/978/1484 3982/978/1484
f 3964/978/1485 3961/978/1485 3983/978/1485 3985/978/1485
f 3980/978/1486 3986/978/1486 3966/978/1486 3954/978/1486
f 3986/978/1487 3987/978/1487 3968/978/1487 3966/978/1487
f 3987/978/1488 3970/978/1488 3988/978/1488 3968/978/1488
f 3973/978/1489 3990/978/1489 3989/978/1489
f 3973/978/1490 3991/978/1490 3975/978/1490 3990/978/1490
f 3991/978/1491 3992/978/1491 3977/978/1491 3975/978/1491
f 3992/978/1492 3981/978/1492 3957/978/1492 3977/978/1492
f 3970/978/1517 3973/978/1517 3989/978/1517 3988/978/1517
f 3944/978/1494 3946/978/1494 3948/978/1494 3942/978/1494
f 3942/978/1494 3948/978/1494 3950/978/1494 3940/978/1494
f 3940/978/1494 3950/978/1494 3927/978/1494 3926/978/1494
f 3926/978/1494 3927/978/1494 3932/978/1494 3935/978/1494 3929/978/1494
f 3929/978/1494 3935/978/1494 3934/978/1494 3937/978/1494
f 3926/978/1525 3929/978/1525 3994/978/1525 3993/978/1525
f 3932/978/1496 3927/978/1496 3996/978/1496 3995/978/1496
f 3929/978/1497 3937/978/1497 3997/978/1497 3994/978/1497
f 3934/978/1526 3935/978/1526 3999/978/1526 3998/978/1526
f 3935/978/1499 3932/978/1499 3995/978/1499 3999/978/1499
f 3937/978/1500 3934/978/1500 3998/978/1500 3997/978/1500
f 3940/978/1501 3926/978/1501 3993/978/1501 4000/978/1501
f 3942/978/1502 3940/978/1502 4000/978/1502 4001/978/1502
f 3944/978/1518 3942/978/1518 4001/978/1518 4002/978/1518
f 3946/978/1527 4004/978/1527 4003/978/1527
f 3948/978/1505 3946/978/1505 4003/978/1505 4005/978/1505
f 3950/978/1506 3948/978/1506 4005/978/1506 4006/978/1506
f 3927/978/1507 3950/978/1507 4006/978/1507 3996/978/1507
f 3946/978/1508 3944/978/1508 4002/978/1508 4004/978/1508
f 4007/978/1509 4010/978/1509 4009/978/1509 4008/978/1509
f 3941/978/1494 3939/978/1494 4007/978/1494 4008/978/1494
f 3969/978/1510 3941/978/1510 4008/978/1510 4009/978/1510
f 3939/978/1511 3967/978/1511 4010/978/1511 4007/978/1511
f 4016/978/1438 4011/978/1438 4079/978/1438 4080/978/1438
f 4014/978/1439 4017/978/1439 4081/978/1439 4082/978/1439
f 4024/978/1440 4016/978/1440 4080/978/1440 4083/978/1440
f 4022/978/1441 4019/978/1441 4084/978/1441 4085/978/1441
f 4017/978/1442 4022/978/1442 4085/978/1442 4081/978/1442
f 4019/978/1443 4024/978/1443 4083/978/1443 4084/978/1443
f 4011/978/1444 4025/978/1444 4086/978/1444 4079/978/1444
f 4025/978/1445 4027/978/1445 4087/978/1445 4086/978/1445
f 4027/978/1446 4029/978/1446 4088/978/1446 4087/978/1446
f 4037/978/1447 4031/978/1447 4089/978/1447 4090/978/1447
f 4031/978/1448 4033/978/1448 4091/978/1448 4089/978/1448
f 4033/978/1449 4035/978/1449 4092/978/1449 4091/978/1449
f 4082/978/1450 4092/978/1450 4035/978/1450 4014/978/1450
f 4029/978/1451 4037/978/1451 4090/978/1451 4088/978/1451
f 4059/978/1452 4056/978/1452 4077/978/1452
f 4065/978/1453 4040/978/1453 4041/978/1453 4038/978/1453
f 4043/978/1454 4068/978/1454 4045/978/1454 4042/978/1454
f 4069/978/1455 4065/978/1455 4038/978/1455 4046/978/1455
f 4070/978/1456 4071/978/1456 4051/978/1456 4048/978/1456
f 4068/978/1457 4070/978/1457 4048/978/1457 4045/978/1457
f 4071/978/1458 4069/978/1458 4046/978/1458 4051/978/1458
f 4040/978/1459 4052/978/1459 4053/978/1459 4041/978/1459
f 4052/978/1460 4054/978/1460 4055/978/1460 4053/978/1460
f 4054/978/1461 4074/978/1461 4057/978/1461 4055/978/1461
f 4075/978/1462 4076/978/1462 4060/978/1462 4058/978/1462
f 4076/978/1463 4061/978/1463 4062/978/1463 4060/978/1463
f 4061/978/1464 4063/978/1464 4064/978/1464 4062/978/1464
f 4042/978/1465 4064/978/1465 4063/978/1465 4043/978/1465
f 4074/978/1466 4075/978/1466 4058/978/1466 4057/978/1466
f 4016/978/1467 4038/978/1467 4041/978/1467 4011/978/1467
f 4077/978/1452 4056/978/1452 4073/978/1452
f 4024/978/1468 4046/978/1468 4038/978/1468 4016/978/1468
f 4011/978/1469 4041/978/1469 4053/978/1469 4025/978/1469
f 4014/978/1470 4042/978/1470 4045/978/1470 4017/978/1470
f 4035/978/1471 4064/978/1471 4042/978/1471 4014/978/1471
f 4017/978/1472 4045/978/1472 4048/978/1472 4022/978/1472
f 4019/978/1473 4051/978/1473 4046/978/1473 4024/978/1473
f 4022/978/1474 4048/978/1474 4051/978/1474 4019/978/1474
f 4053/978/1452 4055/978/1452 4095/978/1452 4096/978/1452
f 4027/978/1475 4055/978/1475 4057/978/1475 4029/978/1475
f 4029/978/1476 4057/978/1476 4058/978/1476 4037/978/1476
f 4037/978/1477 4058/978/1477 4060/978/1477 4031/978/1477
f 4031/978/1478 4060/978/1478 4062/978/1478 4033/978/1478
f 4033/978/1479 4062/978/1479 4064/978/1479 4035/978/1479
f 4077/978/1452 4073/978/1452 4072/978/1452 4078/978/1452
f 4067/978/1452 4078/978/1452 4072/978/1452 4066/978/1452
f 4067/978/1452 4066/978/1452 4044/978/1452
f 4039/978/1452 4049/978/1452 4044/978/1452 4066/978/1452
f 4047/978/1452 4050/978/1452 4049/978/1452 4039/978/1452
f 4039/978/1514 4066/978/1514 4040/978/1514 4065/978/1514
f 4067/978/1528 4044/978/1528 4068/978/1528 4043/978/1528
f 4047/978/1515 4039/978/1515 4065/978/1515 4069/978/1515
f 4049/978/1483 4050/978/1483 4071/978/1483 4070/978/1483
f 4044/978/1484 4049/978/1484 4070/978/1484 4068/978/1484
f 4050/978/1485 4047/978/1485 4069/978/1485 4071/978/1485
f 4066/978/1486 4072/978/1486 4052/978/1486 4040/978/1486
f 4072/978/1487 4073/978/1487 4054/978/1487 4052/978/1487
f 4073/978/1488 4056/978/1488 4074/978/1488 4054/978/1488
f 4059/978/1489 4076/978/1489 4075/978/1489
f 4059/978/1490 4077/978/1490 4061/978/1490 4076/978/1490
f 4077/978/1491 4078/978/1491 4063/978/1491 4061/978/1491
f 4078/978/1492 4067/978/1492 4043/978/1492 4063/978/1492
f 4056/978/1493 4059/978/1493 4075/978/1493 4074/978/1493
f 4030/978/1494 4032/978/1494 4034/978/1494 4028/978/1494
f 4028/978/1494 4034/978/1494 4036/978/1494 4026/978/1494
f 4026/978/1494 4036/978/1494 4013/978/1494 4012/978/1494
f 4012/978/1494 4013/978/1494 4018/978/1494 4021/978/1494 4015/978/1494
f 4015/978/1494 4021/978/1494 4020/978/1494 4023/978/1494
f 4012/978/1525 4015/978/1525 4080/978/1525 4079/978/1525
f 4018/978/1521 4013/978/1521 4082/978/1521 4081/978/1521
f 4015/978/1522 4023/978/1522 4083/978/1522 4080/978/1522
f 4020/978/1498 4021/978/1498 4085/978/1498 4084/978/1498
f 4021/978/1499 4018/978/1499 4081/978/1499 4085/978/1499
f 4023/978/1500 4020/978/1500 4084/978/1500 4083/978/1500
f 4026/978/1501 4012/978/1501 4079/978/1501 4086/978/1501
f 4028/978/1502 4026/978/1502 4086/978/1502 4087/978/1502
f 4030/978/1503 4028/978/1503 4087/978/1503 4088/978/1503
f 4032/978/1504 4090/978/1504 4089/978/1504
f 4034/978/1505 4032/978/1505 4089/978/1505 4091/978/1505
f 4036/978/1529 4034/978/1529 4091/978/1529 4092/978/1529
f 4013/978/1530 4036/978/1530 4092/978/1530 4082/978/1530
f 4032/978/1531 4030/978/1531 4088/978/1531 4090/978/1531
f 4093/978/1509 4096/978/1509 4095/978/1509 4094/978/1509
f 4027/978/1494 4025/978/1494 4093/978/1494 4094/978/1494
f 4055/978/1510 4027/978/1510 4094/978/1510 4095/978/1510
f 4025/978/1511 4053/978/1511 4096/978/1511 4093/978/1511
f 4102/978/1438 4097/978/1438 4165/978/1438 4166/978/1438
f 4100/978/1439 4103/978/1439 4167/978/1439 4168/978/1439
f 4110/978/1440 4102/978/1440 4166/978/1440 4169/978/1440
f 4108/978/1441 4105/978/1441 4170/978/1441 4171/978/1441
f 4103/978/1532 4108/978/1532 4171/978/1532 4167/978/1532
f 4105/978/1443 4110/978/1443 4169/978/1443 4170/978/1443
f 4097/978/1444 4111/978/1444 4172/978/1444 4165/978/1444
f 4111/978/1445 4113/978/1445 4173/978/1445 4172/978/1445
f 4113/978/1446 4115/978/1446 4174/978/1446 4173/978/1446
f 4123/978/1447 4117/978/1447 4175/978/1447 4176/978/1447
f 4117/978/1448 4118/978/1448 4177/978/1448 4175/978/1448
f 4118/978/1449 4120/978/1449 4178/978/1449 4177/978/1449
f 4168/978/1450 4178/978/1450 4120/978/1450 4100/978/1450
f 4115/978/1451 4123/978/1451 4176/978/1451 4174/978/1451
f 4145/978/1452 4142/978/1452 4163/978/1452
f 4151/978/1453 4126/978/1453 4127/978/1453 4124/978/1453
f 4129/978/1454 4154/978/1454 4131/978/1454 4128/978/1454
f 4155/978/1455 4151/978/1455 4124/978/1455 4132/978/1455
f 4156/978/1456 4157/978/1456 4137/978/1456 4134/978/1456
f 4154/978/1457 4156/978/1457 4134/978/1457 4131/978/1457
f 4157/978/1512 4155/978/1512 4132/978/1512 4137/978/1512
f 4126/978/1459 4138/978/1459 4139/978/1459 4127/978/1459
f 4138/978/1460 4140/978/1460 4141/978/1460 4139/978/1460
f 4140/978/1461 4160/978/1461 4143/978/1461 4141/978/1461
f 4161/978/1462 4162/978/1462 4146/978/1462 4144/978/1462
f 4162/978/1463 4147/978/1463 4148/978/1463 4146/978/1463
f 4147/978/1464 4149/978/1464 4150/978/1464 4148/978/1464
f 4128/978/1465 4150/978/1465 4149/978/1465 4129/978/1465
f 4160/978/1466 4161/978/1466 4144/978/1466 4143/978/1466
f 4102/978/1467 4124/978/1467 4127/978/1467 4097/978/1467
f 4163/978/1452 4142/978/1452 4159/978/1452
f 4110/978/1468 4132/978/1468 4124/978/1468 4102/978/1468
f 4097/978/1469 4127/978/1469 4139/978/1469 4111/978/1469
f 4100/978/1470 4128/978/1470 4131/978/1470 4103/978/1470
f 4120/978/1471 4150/978/1471 4128/978/1471 4100/978/1471
f 4103/978/1472 4131/978/1472 4134/978/1472 4108/978/1472
f 4105/978/1473 4137/978/1473 4132/978/1473 4110/978/1473
f 4108/978/1474 4134/978/1474 4137/978/1474 4105/978/1474
f 4139/978/1452 4141/978/1452 4181/978/1452 4182/978/1452
f 4113/978/1475 4141/978/1475 4143/978/1475 4115/978/1475
f 4115/978/1476 4143/978/1476 4144/978/1476 4123/978/1476
f 4123/978/1477 4144/978/1477 4146/978/1477 4117/978/1477
f 4117/978/1478 4146/978/1478 4148/978/1478 4118/978/1478
f 4118/978/1479 4148/978/1479 4150/978/1479 4120/978/1479
f 4163/978/1452 4159/978/1452 4158/978/1452 4164/978/1452
f 4153/978/1452 4164/978/1452 4158/978/1452 4152/978/1452
f 4153/978/1452 4152/978/1452 4130/978/1452
f 4125/978/1452 4135/978/1452 4130/978/1452 4152/978/1452
f 4133/978/1452 4136/978/1452 4135/978/1452 4125/978/1452
f 4125/978/1514 4152/978/1514 4126/978/1514 4151/978/1514
f 4153/978/1481 4130/978/1481 4154/978/1481 4129/978/1481
f 4133/978/1515 4125/978/1515 4151/978/1515 4155/978/1515
f 4135/978/1483 4136/978/1483 4157/978/1483 4156/978/1483
f 4130/978/1520 4135/978/1520 4156/978/1520 4154/978/1520
f 4136/978/1485 4133/978/1485 4155/978/1485 4157/978/1485
f 4152/978/1486 4158/978/1486 4138/978/1486 4126/978/1486
f 4158/978/1487 4159/978/1487 4140/978/1487 4138/978/1487
f 4159/978/1488 4142/978/1488 4160/978/1488 4140/978/1488
f 4145/978/1489 4162/978/1489 4161/978/1489
f 4145/978/1490 4163/978/1490 4147/978/1490 4162/978/1490
f 4163/978/1491 4164/978/1491 4149/978/1491 4147/978/1491
f 4164/978/1492 4153/978/1492 4129/978/1492 4149/978/1492
f 4142/978/1493 4145/978/1493 4161/978/1493 4160/978/1493
f 4116/978/1494 4122/978/1494 4119/978/1494 4114/978/1494
f 4114/978/1494 4119/978/1494 4121/978/1494 4112/978/1494
f 4112/978/1494 4121/978/1494 4099/978/1494 4098/978/1494
f 4098/978/1494 4099/978/1494 4104/978/1494 4107/978/1494 4101/978/1494
f 4101/978/1494 4107/978/1494 4106/978/1494 4109/978/1494
f 4098/978/1495 4101/978/1495 4166/978/1495 4165/978/1495
f 4104/978/1496 4099/978/1496 4168/978/1496 4167/978/1496
f 4101/978/1522 4109/978/1522 4169/978/1522 4166/978/1522
f 4106/978/1498 4107/978/1498 4171/978/1498 4170/978/1498
f 4107/978/1533 4104/978/1533 4167/978/1533 4171/978/1533
f 4109/978/1500 4106/978/1500 4170/978/1500 4169/978/1500
f 4112/978/1501 4098/978/1501 4165/978/1501 4172/978/1501
f 4114/978/1502 4112/978/1502 4172/978/1502 4173/978/1502
f 4116/978/1503 4114/978/1503 4173/978/1503 4174/978/1503
f 4122/978/1504 4176/978/1504 4175/978/1504
f 4119/978/1505 4122/978/1505 4175/978/1505 4177/978/1505
f 4121/978/1506 4119/978/1506 4177/978/1506 4178/978/1506
f 4099/978/1530 4121/978/1530 4178/978/1530 4168/978/1530
f 4122/978/1508 4116/978/1508 4174/978/1508 4176/978/1508
f 4179/978/1509 4182/978/1509 4181/978/1509 4180/978/1509
f 4113/978/1494 4111/978/1494 4179/978/1494 4180/978/1494
f 4141/978/1510 4113/978/1510 4180/978/1510 4181/978/1510
f 4111/978/1511 4139/978/1511 4182/978/1511 4179/978/1511
o Plane.016
v -2.466956 1.328936 -4.926266
v -4.466956 1.328936 -4.926265
v -2.466953 1.328936 4.911780
v -4.466953 1.328936 4.911781
v -4.587935 1.186705 -4.937705
v -4.587933 1.186705 4.900341
v -2.346017 1.281543 -4.929182
v -2.346014 1.281543 4.908864
v -2.466954 1.328936 -0.007243
v -4.466954 1.328936 -0.007243
v -4.587934 1.186705 -0.018682
v -2.346016 1.281543 -0.010159
v -4.466954 1.328936 0.187832
v -4.587934 1.186705 0.176393
v -2.466954 1.328936 0.187832
v -2.346016 1.281543 0.184916
v -2.466954 1.328936 -0.211594
v -2.346016 1.281543 -0.214510
v -4.466954 1.328936 -0.211594
v -4.587934 1.186705 -0.223034
v -3.466956 1.328936 -4.926266
v -3.466953 1.328936 4.911780
v -3.466954 1.328936 -0.007243
v -3.466954 1.328936 0.187832
v -3.466954 1.328936 -0.211594
v -3.966956 1.328936 -4.926266
v -3.966953 1.328936 4.911780
v -3.966954 1.328936 -0.007243
v -3.966954 1.328936 0.187832
v -3.966954 1.328936 -0.211594
v -4.216956 1.328936 -4.926265
v -4.216953 1.328936 4.911781
v -4.216954 1.328936 -0.007243
v -4.216954 1.328936 0.187832
v -4.216954 1.328936 -0.211594
v -3.716953 1.328936 4.911780
v -3.716954 1.328936 -0.007243
v -3.716954 1.328936 0.187832
v -3.716954 1.328936 -0.211594
v -3.716956 1.328936 -4.926266
v -2.966953 1.328936 4.911780
v -2.966954 1.328936 -0.007243
v -2.966954 1.328936 0.187832
v -2.966954 1.328936 -0.211594
v -2.966956 1.328936 -4.926266
v -3.216956 1.328936 -4.926266
v -3.216953 1.328936 4.911780
v -3.216954 1.328936 -0.007243
v -3.216954 1.328936 0.187832
v -3.216954 1.328936 -0.211594
v -2.716953 1.328936 4.911780
v -2.716954 1.328936 -0.007243
v -2.716954 1.328936 0.187832
v -2.716954 1.328936 -0.211594
v -2.716956 1.328936 -4.926266
v -2.841956 1.328936 -4.926266
v -2.841953 1.328936 4.911780
v -2.841954 1.328936 -0.007243
v -2.841954 1.328936 0.187832
v -2.841954 1.328936 -0.211594
v -3.091953 1.328936 4.911780
v -3.091954 1.328936 -0.007243
v -3.091954 1.328936 0.187832
v -3.091954 1.328936 -0.211594
v -3.091956 1.328936 -4.926266
v -3.341956 1.328936 -4.926266
v -3.341953 1.328936 4.911780
v -3.341954 1.328936 -0.007243
v -3.341954 1.328936 0.187832
v -3.341954 1.328936 -0.211594
v -3.591953 1.328936 4.911780
v -3.591954 1.328936 -0.007243
v -3.591954 1.328936 0.187832
v -3.591954 1.328936 -0.211594
v -3.591956 1.328936 -4.926266
v -3.841956 1.328936 -4.926266
v -3.841953 1.328936 4.911780
v -3.841954 1.328936 -0.007243
v -3.841954 1.328936 0.187832
v -3.841954 1.328936 -0.211594
v -4.091953 1.328936 4.911780
v -4.091954 1.328936 -0.007243
v -4.091954 1.328936 0.187832
v -4.091954 1.328936 -0.211594
v -4.091956 1.328936 -4.926266
v -3.591954 1.276619 -0.211594
v -3.466954 1.276619 -0.211594
v -3.466956 1.276619 -4.926266
v -4.091954 1.276619 -0.211594
v -3.966954 1.276619 -0.211594
v -3.966956 1.276619 -4.926266
v -3.841954 1.276619 -0.211594
v -3.716954 1.276619 -0.211594
v -3.716956 1.276619 -4.926266
v -3.091954 1.276619 -0.211594
v -2.966954 1.276619 -0.211594
v -2.966956 1.276619 -4.926266
v -3.341954 1.276619 -0.211594
v -3.216954 1.276619 -0.211594
v -3.216956 1.276619 -4.926266
v -2.841954 1.276619 -0.211594
v -2.716954 1.276619 -0.211594
v -2.716956 1.276619 -4.926266
v -2.841956 1.276619 -4.926266
v -3.091956 1.276619 -4.926266
v -3.341956 1.276619 -4.926266
v -3.591956 1.276619 -4.926266
v -3.841956 1.276619 -4.926266
v -4.091956 1.276619 -4.926266
v -3.591953 1.276619 4.911780
v -3.466953 1.276619 4.911780
v -3.591954 1.276619 0.187832
v -3.466954 1.276619 0.187832
v -4.091953 1.276619 4.911780
v -3.966953 1.276619 4.911780
v -4.091954 1.276619 0.187832
v -3.966954 1.276619 0.187832
v -3.841953 1.276619 4.911780
v -3.716953 1.276619 4.911780
v -3.841954 1.276619 0.187832
v -3.716954 1.276619 0.187832
v -3.091953 1.276619 4.911780
v -2.966953 1.276619 4.911780
v -3.091954 1.276619 0.187832
v -2.966954 1.276619 0.187832
v -3.341953 1.276619 4.911780
v -3.216953 1.276619 4.911780
v -3.341954 1.276619 0.187832
v -3.216954 1.276619 0.187832
v -2.841953 1.276619 4.911780
v -2.716953 1.276619 4.911780
v -2.841954 1.276619 0.187832
v -2.716954 1.276619 0.187832
vn -0.0000 1.0000 -0.0000
vn -0.7617 0.6479 -0.0000
vn 0.3649 0.9311 -0.0000
vn 1.0000 -0.0000 -0.0000
vn -0.0049 0.0233 -0.9997
vn -1.0000 -0.0000 -0.0000
vn -0.0000 -0.0000 1.0000
vn -0.0000 -0.0000 -1.0000
vn 0.0137 0.0327 -0.9994
vn -0.0000 0.0802 -0.9968
vn 0.0049 -0.0233 0.9997
vn -0.0075 -0.0540 0.9985
vt 0.875000 0.519829
vt 1.000000 0.519829
vt 1.000000 1.000000
vt 0.875000 1.000000
vt 1.000000 0.479228
vt 1.000000 0.000000
vt 0.000000 0.519829
vt 0.000000 1.000000
vt 0.000000 0.479228
vt 0.000000 0.500000
vt 1.000000 0.500000
vt 0.875000 0.479228
vt 0.875000 0.500000
vt 0.875000 0.000000
vt 0.000000 0.000000
vt 0.437500 0.000000
vt 0.500000 0.000000
vt 0.500000 0.479228
vt 0.437500 0.479228
vt 0.437500 0.500000
vt 0.500000 0.500000
vt 0.500000 0.519829
vt 0.437500 0.519829
vt 0.500000 1.000000
vt 0.437500 1.000000
vt 0.687500 0.000000
vt 0.750000 0.000000
vt 0.750000 0.479228
vt 0.687500 0.479228
vt 0.687500 0.500000
vt 0.750000 0.500000
vt 0.750000 0.519829
vt 0.687500 0.519829
vt 0.750000 1.000000
vt 0.687500 1.000000
vt 0.812500 0.000000
vt 0.812500 0.479228
vt 0.812500 0.500000
vt 0.812500 0.519829
vt 0.812500 1.000000
vt 0.562500 0.519829
vt 0.625000 0.519829
vt 0.625000 1.000000
vt 0.562500 1.000000
vt 0.562500 0.479228
vt 0.625000 0.479228
vt 0.625000 0.500000
vt 0.562500 0.500000
vt 0.562500 0.000000
vt 0.625000 0.000000
vt 0.187500 0.519829
vt 0.250000 0.519829
vt 0.250000 1.000000
vt 0.187500 1.000000
vt 0.187500 0.479228
vt 0.250000 0.479228
vt 0.250000 0.500000
vt 0.187500 0.500000
vt 0.187500 0.000000
vt 0.250000 0.000000
vt 0.312500 0.519829
vt 0.375000 0.519829
vt 0.375000 1.000000
vt 0.312500 1.000000
vt 0.312500 0.479228
vt 0.375000 0.479228
vt 0.375000 0.500000
vt 0.312500 0.500000
vt 0.312500 0.000000
vt 0.375000 0.000000
vt 0.125000 0.000000
vt 0.125000 0.479228
vt 0.125000 0.500000
vt 0.125000 0.519829
vt 0.125000 1.000000
s 1
f 4216/979/1534 4195/980/1534 4186/981/1534 4214/982/1534
f 4201/983/1535 4184/984/1535 4187/984/1535 4202/983/1535
f 4197/985/1536 4185/986/1536 4190/986/1536 4198/985/1536
f 4199/987/1536 4191/988/1536 4194/988/1536 4200/987/1536
f 4195/980/1535 4192/989/1535 4193/989/1535 4196/980/1535
f 4217/990/1534 4201/983/1534 4192/989/1534 4215/991/1534
f 4186/981/1535 4195/980/1535 4196/980/1535 4188/981/1535
f 4191/988/1536 4197/985/1536 4198/985/1536 4194/988/1536
f 4215/991/1534 4192/989/1534 4195/980/1534 4216/979/1534
f 4213/992/1534 4184/984/1534 4201/983/1534 4217/990/1534
f 4183/993/1536 4199/987/1536 4200/987/1536 4189/993/1536
f 4192/989/1535 4201/983/1535 4202/983/1535 4193/989/1535
f 4248/994/1534 4203/995/1534 4207/996/1534 4252/997/1534
f 4250/998/1534 4205/999/1534 4206/1000/1534 4251/1001/1534
f 4252/997/1534 4207/996/1534 4205/999/1534 4250/998/1534
f 4251/1001/1534 4206/1000/1534 4204/1002/1534 4249/1003/1534
f 4258/1004/1534 4208/1005/1534 4212/1006/1534 4262/1007/1534
f 4260/1008/1534 4210/1009/1534 4211/1010/1534 4261/1011/1534
f 4262/1007/1534 4212/1006/1534 4210/1009/1534 4260/1008/1534
f 4261/1011/1534 4211/1010/1534 4209/1012/1534 4259/1013/1534
f 4267/1014/1534 4213/992/1534 4217/990/1534 4266/1015/1534
f 4264/1016/1534 4215/991/1534 4216/979/1534 4265/1017/1534
f 4266/1015/1534 4217/990/1534 4215/991/1534 4264/1016/1534
f 4265/1017/1534 4216/979/1534 4214/982/1534 4263/1018/1534
f 4255/1019/1534 4220/1020/1534 4218/1021/1534 4253/1022/1534
f 4256/1023/1534 4221/1024/1534 4219/1025/1534 4254/1026/1534
f 4254/1026/1534 4219/1025/1534 4220/1020/1534 4255/1019/1534
f 4257/1027/1534 4222/1028/1534 4221/1024/1534 4256/1023/1534
f 4241/1029/1534 4225/1030/1534 4223/1031/1534 4239/1032/1534
f 4242/1033/1534 4226/1034/1534 4224/1035/1534 4240/1036/1534
f 4240/1036/1534 4224/1035/1534 4225/1030/1534 4241/1029/1534
f 4238/1037/1534 4227/1038/1534 4226/1034/1534 4242/1033/1534
f 4245/1039/1534 4231/1040/1534 4229/1041/1534 4243/1042/1534
f 4246/1043/1534 4232/1044/1534 4230/1045/1534 4244/1046/1534
f 4244/1046/1534 4230/1045/1534 4231/1040/1534 4245/1039/1534
f 4247/1047/1534 4228/1048/1534 4232/1044/1534 4246/1043/1534
f 4183/993/1534 4237/1049/1534 4236/1050/1534 4199/987/1534
f 4191/988/1534 4234/1051/1534 4235/1052/1534 4197/985/1534
f 4199/987/1534 4236/1050/1534 4234/1051/1534 4191/988/1534
f 4197/985/1534 4235/1052/1534 4233/1053/1534 4185/986/1534
f 4251/1001/1537 4249/1003/1537 4308/1003/1537 4310/1001/1537
f 4234/1051/1534 4240/1036/1534 4241/1029/1534 4235/1052/1534
f 4236/1050/1534 4242/1033/1534 4240/1036/1534 4234/1051/1534
f 4189/993/1538 4285/1049/1538 4237/1049/1538 4183/993/1538
f 4224/1035/1534 4244/1046/1534 4245/1039/1534 4225/1030/1534
f 4226/1034/1534 4246/1043/1534 4244/1046/1534 4224/1035/1534
f 4232/1044/1534 4252/997/1534 4250/998/1534 4230/1045/1534
f 4230/1045/1534 4250/998/1534 4251/1001/1534 4231/1040/1534
f 4245/1039/1537 4243/1042/1537 4304/1042/1537 4306/1039/1537
f 4209/1012/1539 4211/1010/1539 4299/1010/1539 4297/1012/1539
f 4205/999/1534 4254/1026/1534 4255/1019/1534 4206/1000/1534
f 4207/996/1534 4256/1023/1534 4254/1026/1534 4205/999/1534
f 4221/1024/1534 4262/1007/1534 4260/1008/1534 4219/1025/1534
f 4219/1025/1534 4260/1008/1534 4261/1011/1534 4220/1020/1534
f 4257/1027/1537 4256/1023/1537 4268/1023/1537 4289/1027/1537
f 4212/1006/1534 4266/1015/1534 4264/1016/1534 4210/1009/1534
f 4210/1009/1534 4264/1016/1534 4265/1017/1534 4211/1010/1534
f 4238/1037/1537 4242/1033/1537 4283/1033/1537 4286/1037/1537
f 4241/1029/1537 4239/1032/1537 4312/1032/1537 4314/1029/1537
f 4212/1006/1539 4208/1005/1539 4273/1005/1539 4272/1006/1539
f 4211/1010/1540 4265/1017/1540 4298/1017/1540 4299/1010/1540
f 4233/1053/1539 4235/1052/1539 4315/1052/1539 4313/1053/1539
f 4227/1038/1541 4238/1037/1541 4286/1037/1541 4279/1038/1541
f 4187/993/1542 4213/992/1542 4267/1014/1542 4291/1014/1542
f 4222/1028/1541 4257/1027/1541 4289/1027/1541 4276/1028/1541
f 4247/1047/1541 4287/1047/1541 4282/1048/1541 4228/1048/1541
f 4285/1049/1534 4286/1037/1534 4283/1033/1534 4284/1050/1534
f 4279/1038/1534 4287/1047/1534 4277/1043/1534 4278/1034/1534
f 4282/1048/1534 4288/994/1534 4280/997/1534 4281/1044/1534
f 4270/995/1534 4289/1027/1534 4268/1023/1534 4269/996/1534
f 4276/1028/1534 4290/1004/1534 4274/1007/1534 4275/1024/1534
f 4273/1005/1534 4291/1014/1534 4271/1015/1534 4272/1006/1534
f 4315/1052/1534 4314/1029/1534 4312/1032/1534 4313/1053/1534
f 4307/1030/1534 4306/1039/1534 4304/1042/1534 4305/1031/1534
f 4311/1040/1534 4310/1001/1534 4308/1003/1534 4309/1041/1534
f 4295/1000/1534 4294/1019/1534 4292/1022/1534 4293/1002/1534
f 4303/1020/1534 4302/1011/1534 4300/1013/1534 4301/1021/1534
f 4299/1010/1534 4298/1017/1534 4296/1018/1534 4297/1012/1534
f 4262/1007/1541 4221/1024/1541 4275/1024/1541 4274/1007/1541
f 4220/1020/1540 4261/1011/1540 4302/1011/1540 4303/1020/1540
f 4242/1033/1541 4236/1050/1541 4284/1050/1541 4283/1033/1541
f 4226/1034/1539 4227/1038/1539 4279/1038/1539 4278/1034/1539
f 4255/1019/1537 4253/1022/1537 4292/1022/1537 4294/1019/1537
f 4256/1023/1541 4207/996/1541 4269/996/1541 4268/1023/1541
f 4218/1021/1539 4220/1020/1539 4303/1020/1539 4301/1021/1539
f 4261/1011/1537 4259/1013/1537 4300/1013/1537 4302/1011/1537
f 4207/996/1539 4203/995/1539 4270/995/1539 4269/996/1539
f 4213/992/1543 4187/993/1543 4184/984/1543
f 4236/1050/1539 4237/1049/1539 4285/1049/1539 4284/1050/1539
f 4265/1017/1537 4263/1018/1537 4296/1018/1537 4298/1017/1537
f 4225/1030/1540 4245/1039/1540 4306/1039/1540 4307/1030/1540
f 4223/1031/1539 4225/1030/1539 4307/1030/1539 4305/1031/1539
f 4221/1024/1539 4222/1028/1539 4276/1028/1539 4275/1024/1539
f 4258/1004/1541 4290/1004/1541 4273/1005/1541 4208/1005/1541
f 4248/994/1537 4252/997/1537 4280/997/1537 4288/994/1537
f 4267/1014/1537 4266/1015/1537 4271/1015/1537 4291/1014/1537
f 4252/997/1541 4232/1044/1541 4281/1044/1541 4280/997/1541
f 4231/1040/1540 4251/1001/1540 4310/1001/1540 4311/1040/1540
f 4247/1047/1537 4246/1043/1537 4277/1043/1537 4287/1047/1537
f 4229/1041/1539 4231/1040/1539 4311/1040/1539 4309/1041/1539
f 4206/1000/1540 4255/1019/1540 4294/1019/1540 4295/1000/1540
f 4248/994/1541 4288/994/1541 4270/995/1541 4203/995/1541
f 4204/1002/1539 4206/1000/1539 4295/1000/1539 4293/1002/1539
f 4246/1043/1541 4226/1034/1541 4278/1034/1541 4277/1043/1541
f 4235/1052/1540 4241/1029/1540 4314/1029/1540 4315/1052/1540
f 4232/1044/1539 4228/1048/1539 4282/1048/1539 4281/1044/1539
f 4266/1015/1541 4212/1006/1541 4272/1006/1541 4271/1015/1541
f 4258/1004/1537 4262/1007/1537 4274/1007/1537 4290/1004/1537
f 4301/1021/1540 4292/1022/1540 4253/1022/1540 4218/1021/1540
f 4308/1003/1540 4249/1003/1540 4204/1002/1540 4293/1002/1540
f 4304/1042/1540 4243/1042/1540 4229/1041/1540 4309/1041/1540
f 4312/1032/1540 4239/1032/1540 4223/1031/1540 4305/1031/1540
f 4185/986/1544 4233/1053/1544 4313/1053/1544 4190/986/1544
f 4188/981/1545 4296/1018/1545 4263/1018/1545 4186/981/1545
f 4209/1012/1540 4297/1012/1540 4300/1013/1540 4259/1013/1540
o Plane.017
v 2.478093 1.328936 4.911780
v 4.478093 1.328936 4.911780
v 2.478093 1.328936 -4.926266
v 4.478093 1.328936 -4.926266
v 4.581338 1.177651 4.923220
v 4.581338 1.177651 -4.914826
v 2.357154 1.281543 4.914696
v 2.357154 1.281543 -4.923350
v 2.478093 1.328936 -0.007243
v 4.478093 1.328936 -0.007243
v 4.581338 1.177651 0.004197
v 2.357154 1.281543 -0.004327
v 4.478093 1.328936 -0.202318
v 4.581338 1.177651 -0.190878
v 2.478093 1.328936 -0.202318
v 2.357154 1.281543 -0.199402
v 2.478093 1.328936 0.197108
v 2.357154 1.281543 0.200024
v 4.478093 1.328936 0.197108
v 4.581338 1.177651 0.208548
v 3.478093 1.328936 4.911780
v 3.478093 1.328936 -4.926266
v 3.478093 1.328936 -0.007243
v 3.478093 1.328936 -0.202318
v 3.478093 1.328936 0.197108
v 3.978093 1.328936 4.911780
v 3.978093 1.328936 -4.926266
v 3.978093 1.328936 -0.007243
v 3.978093 1.328936 -0.202318
v 3.978093 1.328936 0.197108
v 4.228093 1.328936 4.911780
v 4.228093 1.328936 -4.926266
v 4.228093 1.328936 -0.007243
v 4.228093 1.328936 -0.202318
v 4.228093 1.328936 0.197108
v 3.728093 1.328936 -4.926266
v 3.728093 1.328936 -0.007243
v 3.728093 1.328936 -0.202318
v 3.728093 1.328936 0.197108
v 3.728093 1.328936 4.911780
v 2.978093 1.328936 -4.926266
v 2.978093 1.328936 -0.007243
v 2.978093 1.328936 -0.202318
v 2.978093 1.328936 0.197108
v 2.978093 1.328936 4.911780
v 3.228093 1.328936 4.911780
v 3.228093 1.328936 -4.926266
v 3.228093 1.328936 -0.007243
v 3.228093 1.328936 -0.202318
v 3.228093 1.328936 0.197108
v 2.728093 1.328936 -4.926266
v 2.728093 1.328936 -0.007243
v 2.728093 1.328936 -0.202318
v 2.728093 1.328936 0.197108
v 2.728093 1.328936 4.911780
v 2.853093 1.328936 4.911780
v 2.853093 1.328936 -4.926266
v 2.853093 1.328936 -0.007243
v 2.853093 1.328936 -0.202318
v 2.853093 1.328936 0.197108
v 3.103093 1.328936 -4.926266
v 3.103093 1.328936 -0.007243
v 3.103093 1.328936 -0.202318
v 3.103093 1.328936 0.197108
v 3.103093 1.328936 4.911780
v 3.353093 1.328936 4.911780
v 3.353093 1.328936 -4.926266
v 3.353093 1.328936 -0.007243
v 3.353093 1.328936 -0.202318
v 3.353093 1.328936 0.197108
v 3.603093 1.328936 -4.926266
v 3.603093 1.328936 -0.007243
v 3.603093 1.328936 -0.202318
v 3.603093 1.328936 0.197108
v 3.603093 1.328936 4.911780
v 3.853093 1.328936 4.911780
v 3.853093 1.328936 -4.926266
v 3.853093 1.328936 -0.007243
v 3.853093 1.328936 -0.202318
v 3.853093 1.328936 0.197108
v 4.103093 1.328936 -4.926266
v 4.103093 1.328936 -0.007243
v 4.103093 1.328936 -0.202318
v 4.103093 1.328936 0.197108
v 4.103093 1.328936 4.911780
v 3.603093 1.276619 0.197108
v 3.478093 1.276619 0.197108
v 3.478093 1.276619 4.911780
v 4.103093 1.276619 0.197108
v 3.978093 1.276619 0.197108
v 3.978093 1.276619 4.911780
v 3.853093 1.276619 0.197108
v 3.728093 1.276619 0.197108
v 3.728093 1.276619 4.911780
v 3.103093 1.276619 0.197108
v 2.978093 1.276619 0.197108
v 2.978093 1.276619 4.911780
v 3.353093 1.276619 0.197108
v 3.228093 1.276619 0.197108
v 3.228093 1.276619 4.911780
v 2.853093 1.276619 0.197108
v 2.728093 1.276619 0.197108
v 2.728093 1.276619 4.911780
v 2.853093 1.276619 4.911780
v 3.103093 1.276619 4.911780
v 3.353093 1.276619 4.911780
v 3.603093 1.276619 4.911780
v 3.853093 1.276619 4.911780
v 4.103093 1.276619 4.911780
v 3.603093 1.276619 -4.926266
v 3.478093 1.276619 -4.926266
v 3.603093 1.276619 -0.202318
v 3.478093 1.276619 -0.202318
v 4.103093 1.276619 -4.926266
v 3.978093 1.276619 -4.926266
v 4.103093 1.276619 -0.202318
v 3.978093 1.276619 -0.202318
v 3.853093 1.276619 -4.926266
v 3.728093 1.276619 -4.926266
v 3.853093 1.276619 -0.202318
v 3.728093 1.276619 -0.202318
v 3.103093 1.276619 -4.926266
v 2.978093 1.276619 -4.926266
v 3.103093 1.276619 -0.202318
v 2.978093 1.276619 -0.202318
v 3.353093 1.276619 -4.926266
v 3.228093 1.276619 -4.926266
v 3.353093 1.276619 -0.202318
v 3.228093 1.276619 -0.202318
v 2.853093 1.276619 -4.926266
v 2.728093 1.276619 -4.926266
v 2.853093 1.276619 -0.202318
v 2.728093 1.276619 -0.202318
vn -0.0000 1.0000 -0.0000
vn 0.8260 0.5637 -0.0000
vn -0.3649 0.9311 -0.0000
vn -1.0000 -0.0000 -0.0000
vn 0.0049 0.0233 0.9997
vn 1.0000 -0.0000 -0.0000
vn -0.0000 -0.0000 -1.0000
vn -0.0000 -0.0000 1.0000
vn -0.0136 0.0325 0.9994
vn -0.0000 0.0754 0.9972
vn -0.0049 -0.0233 -0.9997
vn 0.0073 -0.0524 -0.9986
vt 0.875000 0.519829
vt 1.000000 0.519829
vt 1.000000 1.000000
vt 0.875000 1.000000
vt 1.000000 0.479228
vt 1.000000 0.000000
vt 0.000000 0.519829
vt 0.000000 1.000000
vt 0.000000 0.479228
vt 0.000000 0.500000
vt 1.000000 0.500000
vt 0.875000 0.479228
vt 0.875000 0.500000
vt 0.875000 0.000000
vt 0.000000 0.000000
vt 0.437500 0.000000
vt 0.500000 0.000000
vt 0.500000 0.479228
vt 0.437500 0.479228
vt 0.437500 0.500000
vt 0.500000 0.500000
vt 0.500000 0.519829
vt 0.437500 0.519829
vt 0.500000 1.000000
vt 0.437500 1.000000
vt 0.687500 0.000000
vt 0.750000 0.000000
vt 0.750000 0.479228
vt 0.687500 0.479228
vt 0.687500 0.500000
vt 0.750000 0.500000
vt 0.750000 0.519829
vt 0.687500 0.519829
vt 0.750000 1.000000
vt 0.687500 1.000000
vt 0.812500 0.000000
vt 0.812500 0.479228
vt 0.812500 0.500000
vt 0.812500 0.519829
vt 0.812500 1.000000
vt 0.562500 0.519829
vt 0.625000 0.519829
vt 0.625000 1.000000
vt 0.562500 1.000000
vt 0.562500 0.479228
vt 0.625000 0.479228
vt 0.625000 0.500000
vt 0.562500 0.500000
vt 0.562500 0.000000
vt 0.625000 0.000000
vt 0.187500 0.519829
vt 0.250000 0.519829
vt 0.250000 1.000000
vt 0.187500 1.000000
vt 0.187500 0.479228
vt 0.250000 0.479228
vt 0.250000 0.500000
vt 0.187500 0.500000
vt 0.187500 0.000000
vt 0.250000 0.000000
vt 0.312500 0.519829
vt 0.375000 0.519829
vt 0.375000 1.000000
vt 0.312500 1.000000
vt 0.312500 0.479228
vt 0.375000 0.479228
vt 0.375000 0.500000
vt 0.312500 0.500000
vt 0.312500 0.000000
vt 0.375000 0.000000
vt 0.125000 0.000000
vt 0.125000 0.479228
vt 0.125000 0.500000
vt 0.125000 0.519829
vt 0.125000 1.000000
s 1
f 4349/1054/1546 4328/1055/1546 4319/1056/1546 4347/1057/1546
f 4334/1058/1547 4317/1059/1547 4320/1059/1547 4335/1058/1547
f 4330/1060/1548 4318/1061/1548 4323/1061/1548 4331/1060/1548
f 4332/1062/1548 4324/1063/1548 4327/1063/1548 4333/1062/1548
f 4328/1055/1547 4325/1064/1547 4326/1064/1547 4329/1055/1547
f 4350/1065/1546 4334/1058/1546 4325/1064/1546 4348/1066/1546
f 4319/1056/1547 4328/1055/1547 4329/1055/1547 4321/1056/1547
f 4324/1063/1548 4330/1060/1548 4331/1060/1548 4327/1063/1548
f 4348/1066/1546 4325/1064/1546 4328/1055/1546 4349/1054/1546
f 4346/1067/1546 4317/1059/1546 4334/1058/1546 4350/1065/1546
f 4316/1068/1548 4332/1062/1548 4333/1062/1548 4322/1068/1548
f 4325/1064/1547 4334/1058/1547 4335/1058/1547 4326/1064/1547
f 4381/1069/1546 4336/1070/1546 4340/1071/1546 4385/1072/1546
f 4383/1073/1546 4338/1074/1546 4339/1075/1546 4384/1076/1546
f 4385/1072/1546 4340/1071/1546 4338/1074/1546 4383/1073/1546
f 4384/1076/1546 4339/1075/1546 4337/1077/1546 4382/1078/1546
f 4391/1079/1546 4341/1080/1546 4345/1081/1546 4395/1082/1546
f 4393/1083/1546 4343/1084/1546 4344/1085/1546 4394/1086/1546
f 4395/1082/1546 4345/1081/1546 4343/1084/1546 4393/1083/1546
f 4394/1086/1546 4344/1085/1546 4342/1087/1546 4392/1088/1546
f 4400/1089/1546 4346/1067/1546 4350/1065/1546 4399/1090/1546
f 4397/1091/1546 4348/1066/1546 4349/1054/1546 4398/1092/1546
f 4399/1090/1546 4350/1065/1546 4348/1066/1546 4397/1091/1546
f 4398/1092/1546 4349/1054/1546 4347/1057/1546 4396/1093/1546
f 4388/1094/1546 4353/1095/1546 4351/1096/1546 4386/1097/1546
f 4389/1098/1546 4354/1099/1546 4352/1100/1546 4387/1101/1546
f 4387/1101/1546 4352/1100/1546 4353/1095/1546 4388/1094/1546
f 4390/1102/1546 4355/1103/1546 4354/1099/1546 4389/1098/1546
f 4374/1104/1546 4358/1105/1546 4356/1106/1546 4372/1107/1546
f 4375/1108/1546 4359/1109/1546 4357/1110/1546 4373/1111/1546
f 4373/1111/1546 4357/1110/1546 4358/1105/1546 4374/1104/1546
f 4371/1112/1546 4360/1113/1546 4359/1109/1546 4375/1108/1546
f 4378/1114/1546 4364/1115/1546 4362/1116/1546 4376/1117/1546
f 4379/1118/1546 4365/1119/1546 4363/1120/1546 4377/1121/1546
f 4377/1121/1546 4363/1120/1546 4364/1115/1546 4378/1114/1546
f 4380/1122/1546 4361/1123/1546 4365/1119/1546 4379/1118/1546
f 4316/1068/1546 4370/1124/1546 4369/1125/1546 4332/1062/1546
f 4324/1063/1546 4367/1126/1546 4368/1127/1546 4330/1060/1546
f 4332/1062/1546 4369/1125/1546 4367/1126/1546 4324/1063/1546
f 4330/1060/1546 4368/1127/1546 4366/1128/1546 4318/1061/1546
f 4384/1076/1549 4382/1078/1549 4441/1078/1549 4443/1076/1549
f 4367/1126/1546 4373/1111/1546 4374/1104/1546 4368/1127/1546
f 4369/1125/1546 4375/1108/1546 4373/1111/1546 4367/1126/1546
f 4322/1068/1550 4418/1124/1550 4370/1124/1550 4316/1068/1550
f 4357/1110/1546 4377/1121/1546 4378/1114/1546 4358/1105/1546
f 4359/1109/1546 4379/1118/1546 4377/1121/1546 4357/1110/1546
f 4365/1119/1546 4385/1072/1546 4383/1073/1546 4363/1120/1546
f 4363/1120/1546 4383/1073/1546 4384/1076/1546 4364/1115/1546
f 4378/1114/1549 4376/1117/1549 4437/1117/1549 4439/1114/1549
f 4342/1087/1551 4344/1085/1551 4432/1085/1551 4430/1087/1551
f 4338/1074/1546 4387/1101/1546 4388/1094/1546 4339/1075/1546
f 4340/1071/1546 4389/1098/1546 4387/1101/1546 4338/1074/1546
f 4354/1099/1546 4395/1082/1546 4393/1083/1546 4352/1100/1546
f 4352/1100/1546 4393/1083/1546 4394/1086/1546 4353/1095/1546
f 4390/1102/1549 4389/1098/1549 4401/1098/1549 4422/1102/1549
f 4345/1081/1546 4399/1090/1546 4397/1091/1546 4343/1084/1546
f 4343/1084/1546 4397/1091/1546 4398/1092/1546 4344/1085/1546
f 4371/1112/1549 4375/1108/1549 4416/1108/1549 4419/1112/1549
f 4374/1104/1549 4372/1107/1549 4445/1107/1549 4447/1104/1549
f 4345/1081/1551 4341/1080/1551 4406/1080/1551 4405/1081/1551
f 4344/1085/1552 4398/1092/1552 4431/1092/1552 4432/1085/1552
f 4366/1128/1551 4368/1127/1551 4448/1127/1551 4446/1128/1551
f 4360/1113/1553 4371/1112/1553 4419/1112/1553 4412/1113/1553
f 4320/1068/1554 4346/1067/1554 4400/1089/1554 4424/1089/1554
f 4355/1103/1553 4390/1102/1553 4422/1102/1553 4409/1103/1553
f 4380/1122/1553 4420/1122/1553 4415/1123/1553 4361/1123/1553
f 4418/1124/1546 4419/1112/1546 4416/1108/1546 4417/1125/1546
f 4412/1113/1546 4420/1122/1546 4410/1118/1546 4411/1109/1546
f 4415/1123/1546 4421/1069/1546 4413/1072/1546 4414/1119/1546
f 4403/1070/1546 4422/1102/1546 4401/1098/1546 4402/1071/1546
f 4409/1103/1546 4423/1079/1546 4407/1082/1546 4408/1099/1546
f 4406/1080/1546 4424/1089/1546 4404/1090/1546 4405/1081/1546
f 4448/1127/1546 4447/1104/1546 4445/1107/1546 4446/1128/1546
f 4440/1105/1546 4439/1114/1546 4437/1117/1546 4438/1106/1546
f 4444/1115/1546 4443/1076/1546 4441/1078/1546 4442/1116/1546
f 4428/1075/1546 4427/1094/1546 4425/1097/1546 4426/1077/1546
f 4436/1095/1546 4435/1086/1546 4433/1088/1546 4434/1096/1546
f 4432/1085/1546 4431/1092/1546 4429/1093/1546 4430/1087/1546
f 4395/1082/1553 4354/1099/1553 4408/1099/1553 4407/1082/1553
f 4353/1095/1552 4394/1086/1552 4435/1086/1552 4436/1095/1552
f 4375/1108/1553 4369/1125/1553 4417/1125/1553 4416/1108/1553
f 4359/1109/1551 4360/1113/1551 4412/1113/1551 4411/1109/1551
f 4388/1094/1549 4386/1097/1549 4425/1097/1549 4427/1094/1549
f 4389/1098/1553 4340/1071/1553 4402/1071/1553 4401/1098/1553
f 4351/1096/1551 4353/1095/1551 4436/1095/1551 4434/1096/1551
f 4394/1086/1549 4392/1088/1549 4433/1088/1549 4435/1086/1549
f 4340/1071/1551 4336/1070/1551 4403/1070/1551 4402/1071/1551
f 4346/1067/1555 4320/1068/1555 4317/1059/1555
f 4369/1125/1551 4370/1124/1551 4418/1124/1551 4417/1125/1551
f 4398/1092/1549 4396/1093/1549 4429/1093/1549 4431/1092/1549
f 4358/1105/1552 4378/1114/1552 4439/1114/1552 4440/1105/1552
f 4356/1106/1551 4358/1105/1551 4440/1105/1551 4438/1106/1551
f 4354/1099/1551 4355/1103/1551 4409/1103/1551 4408/1099/1551
f 4391/1079/1553 4423/1079/1553 4406/1080/1553 4341/1080/1553
f 4381/1069/1549 4385/1072/1549 4413/1072/1549 4421/1069/1549
f 4400/1089/1549 4399/1090/1549 4404/1090/1549 4424/1089/1549
f 4385/1072/1553 4365/1119/1553 4414/1119/1553 4413/1072/1553
f 4364/1115/1552 4384/1076/1552 4443/1076/1552 4444/1115/1552
f 4380/1122/1549 4379/1118/1549 4410/1118/1549 4420/1122/1549
f 4362/1116/1551 4364/1115/1551 4444/1115/1551 4442/1116/1551
f 4339/1075/1552 4388/1094/1552 4427/1094/1552 4428/1075/1552
f 4381/1069/1553 4421/1069/1553 4403/1070/1553 4336/1070/1553
f 4337/1077/1551 4339/1075/1551 4428/1075/1551 4426/1077/1551
f 4379/1118/1553 4359/1109/1553 4411/1109/1553 4410/1118/1553
f 4368/1127/1552 4374/1104/1552 4447/1104/1552 4448/1127/1552
f 4365/1119/1551 4361/1123/1551 4415/1123/1551 4414/1119/1551
f 4399/1090/1553 4345/1081/1553 4405/1081/1553 4404/1090/1553
f 4391/1079/1549 4395/1082/1549 4407/1082/1549 4423/1079/1549
f 4434/1096/1552 4425/1097/1552 4386/1097/1552 4351/1096/1552
f 4441/1078/1552 4382/1078/1552 4337/1077/1552 4426/1077/1552
f 4437/1117/1552 4376/1117/1552 4362/1116/1552 4442/1116/1552
f 4445/1107/1552 4372/1107/1552 4356/1106/1552 4438/1106/1552
f 4318/1061/1556 4366/1128/1556 4446/1128/1556 4323/1061/1556
f 4321/1056/1557 4429/1093/1557 4396/1093/1557 4319/1056/1557
f 4342/1087/1552 4430/1087/1552 4433/1088/1552 4392/1088/1552
o Plane.018
v 2.478093 1.332862 23.426445
v 4.478093 1.332862 23.426445
v 2.478093 1.332861 19.420219
v 4.478093 1.332861 19.420219
v 4.581338 1.181577 23.431103
v 4.581338 1.181576 19.424879
v 2.357154 1.285469 23.427631
v 2.357154 1.285468 19.421408
v 2.478093 1.332862 21.423332
v 4.478093 1.332862 21.423332
v 4.581338 1.181577 21.427990
v 2.357154 1.285469 21.424519
v 4.478093 1.332862 21.343895
v 4.581338 1.181577 21.348553
v 2.478093 1.332862 21.343895
v 2.357154 1.285469 21.345081
v 2.478093 1.332862 21.506548
v 2.357154 1.285469 21.507734
v 4.478093 1.332862 21.506548
v 4.581338 1.181577 21.511206
v 3.478093 1.332862 23.426445
v 3.478093 1.332861 19.420219
v 3.478093 1.332862 21.423332
v 3.478093 1.332862 21.343895
v 3.478093 1.332862 21.506548
v 3.978093 1.332862 23.426445
v 3.978093 1.332861 19.420219
v 3.978093 1.332862 21.423332
v 3.978093 1.332862 21.343895
v 3.978093 1.332862 21.506548
v 4.228093 1.332862 23.426445
v 4.228093 1.332861 19.420219
v 4.228093 1.332862 21.423332
v 4.228093 1.332862 21.343895
v 4.228093 1.332862 21.506548
v 3.728093 1.332861 19.420219
v 3.728093 1.332862 21.423332
v 3.728093 1.332862 21.343895
v 3.728093 1.332862 21.506548
v 3.728093 1.332862 23.426445
v 2.978093 1.332861 19.420219
v 2.978093 1.332862 21.423332
v 2.978093 1.332862 21.343895
v 2.978093 1.332862 21.506548
v 2.978093 1.332862 23.426445
v 3.228093 1.332862 23.426445
v 3.228093 1.332861 19.420219
v 3.228093 1.332862 21.423332
v 3.228093 1.332862 21.343895
v 3.228093 1.332862 21.506548
v 2.728093 1.332861 19.420219
v 2.728093 1.332862 21.423332
v 2.728093 1.332862 21.343895
v 2.728093 1.332862 21.506548
v 2.728093 1.332862 23.426445
v 2.853093 1.332862 23.426445
v 2.853093 1.332861 19.420219
v 2.853093 1.332862 21.423332
v 2.853093 1.332862 21.343895
v 2.853093 1.332862 21.506548
v 3.103093 1.332861 19.420219
v 3.103093 1.332862 21.423332
v 3.103093 1.332862 21.343895
v 3.103093 1.332862 21.506548
v 3.103093 1.332862 23.426445
v 3.353093 1.332862 23.426445
v 3.353093 1.332861 19.420219
v 3.353093 1.332862 21.423332
v 3.353093 1.332862 21.343895
v 3.353093 1.332862 21.506548
v 3.603093 1.332861 19.420219
v 3.603093 1.332862 21.423332
v 3.603093 1.332862 21.343895
v 3.603093 1.332862 21.506548
v 3.603093 1.332862 23.426445
v 3.853093 1.332862 23.426445
v 3.853093 1.332861 19.420219
v 3.853093 1.332862 21.423332
v 3.853093 1.332862 21.343895
v 3.853093 1.332862 21.506548
v 4.103093 1.332861 19.420219
v 4.103093 1.332862 21.423332
v 4.103093 1.332862 21.343895
v 4.103093 1.332862 21.506548
v 4.103093 1.332862 23.426445
v 3.603093 1.280545 21.506548
v 3.478093 1.280545 21.506548
v 3.478093 1.280545 23.426445
v 4.103093 1.280545 21.506548
v 3.978093 1.280545 21.506548
v 3.978093 1.280545 23.426445
v 3.853093 1.280545 21.506548
v 3.728093 1.280545 21.506548
v 3.728093 1.280545 23.426445
v 3.103093 1.280545 21.506548
v 2.978093 1.280545 21.506548
v 2.978093 1.280545 23.426445
v 3.353093 1.280545 21.506548
v 3.228093 1.280545 21.506548
v 3.228093 1.280545 23.426445
v 2.853093 1.280545 21.506548
v 2.728093 1.280545 21.506548
v 2.728093 1.280545 23.426445
v 2.853093 1.280545 23.426445
v 3.103093 1.280545 23.426445
v 3.353093 1.280545 23.426445
v 3.603093 1.280545 23.426445
v 3.853093 1.280545 23.426445
v 4.103093 1.280545 23.426445
v 3.603093 1.280544 19.420219
v 3.478093 1.280544 19.420219
v 3.603093 1.280545 21.343895
v 3.478093 1.280545 21.343895
v 4.103093 1.280544 19.420219
v 3.978093 1.280544 19.420219
v 4.103093 1.280545 21.343895
v 3.978093 1.280545 21.343895
v 3.853093 1.280544 19.420219
v 3.728093 1.280544 19.420219
v 3.853093 1.280545 21.343895
v 3.728093 1.280545 21.343895
v 3.103093 1.280544 19.420219
v 2.978093 1.280544 19.420219
v 3.103093 1.280545 21.343895
v 2.978093 1.280545 21.343895
v 3.353093 1.280544 19.420219
v 3.228093 1.280544 19.420219
v 3.353093 1.280545 21.343895
v 3.228093 1.280545 21.343895
v 2.853093 1.280544 19.420219
v 2.728093 1.280544 19.420219
v 2.853093 1.280545 21.343895
v 2.728093 1.280545 21.343895
vn -0.0000 1.0000 -0.0000
vn 0.8260 0.5637 -0.0000
vn -0.3649 0.9311 -0.0000
vn -1.0000 -0.0000 -0.0000
vn 0.0020 0.0095 1.0000
vn 1.0000 -0.0000 -0.0000
vn -0.0000 -0.0000 -1.0000
vn -0.0000 -0.0000 1.0000
vn -0.0055 0.0133 0.9999
vn -0.0000 0.0308 0.9995
vn -0.0020 -0.0095 -1.0000
vn 0.0030 -0.0214 -0.9998
vt 0.875000 0.519829
vt 1.000000 0.519829
vt 1.000000 1.000000
vt 0.875000 1.000000
vt 1.000000 0.479228
vt 1.000000 0.000000
vt 0.000000 0.519829
vt 0.000000 1.000000
vt 0.000000 0.479228
vt 0.000000 0.500000
vt 1.000000 0.500000
vt 0.875000 0.479228
vt 0.875000 0.500000
vt 0.875000 0.000000
vt 0.000000 0.000000
vt 0.437500 0.000000
vt 0.500000 0.000000
vt 0.500000 0.479228
vt 0.437500 0.479228
vt 0.437500 0.500000
vt 0.500000 0.500000
vt 0.500000 0.519829
vt 0.437500 0.519829
vt 0.500000 1.000000
vt 0.437500 1.000000
vt 0.687500 0.000000
vt 0.750000 0.000000
vt 0.750000 0.479228
vt 0.687500 0.479228
vt 0.687500 0.500000
vt 0.750000 0.500000
vt 0.750000 0.519829
vt 0.687500 0.519829
vt 0.750000 1.000000
vt 0.687500 1.000000
vt 0.812500 0.000000
vt 0.812500 0.479228
vt 0.812500 0.500000
vt 0.812500 0.519829
vt 0.812500 1.000000
vt 0.562500 0.519829
vt 0.625000 0.519829
vt 0.625000 1.000000
vt 0.562500 1.000000
vt 0.562500 0.479228
vt 0.625000 0.479228
vt 0.625000 0.500000
vt 0.562500 0.500000
vt 0.562500 0.000000
vt 0.625000 0.000000
vt 0.187500 0.519829
vt 0.250000 0.519829
vt 0.250000 1.000000
vt 0.187500 1.000000
vt 0.187500 0.479228
vt 0.250000 0.479228
vt 0.250000 0.500000
vt 0.187500 0.500000
vt 0.187500 0.000000
vt 0.250000 0.000000
vt 0.312500 0.519829
vt 0.375000 0.519829
vt 0.375000 1.000000
vt 0.312500 1.000000
vt 0.312500 0.479228
vt 0.375000 0.479228
vt 0.375000 0.500000
vt 0.312500 0.500000
vt 0.312500 0.000000
vt 0.375000 0.000000
vt 0.125000 0.000000
vt 0.125000 0.479228
vt 0.125000 0.500000
vt 0.125000 0.519829
vt 0.125000 1.000000
s 1
f 4482/1129/1558 4461/1130/1558 4452/1131/1558 4480/1132/1558
f 4467/1133/1559 4450/1134/1559 4453/1134/1559 4468/1133/1559
f 4463/1135/1560 4451/1136/1560 4456/1136/1560 4464/1135/1560
f 4465/1137/1560 4457/1138/1560 4460/1138/1560 4466/1137/1560
f 4461/1130/1559 4458/1139/1559 4459/1139/1559 4462/1130/1559
f 4483/1140/1558 4467/1133/1558 4458/1139/1558 4481/1141/1558
f 4452/1131/1559 4461/1130/1559 4462/1130/1559 4454/1131/1559
f 4457/1138/1560 4463/1135/1560 4464/1135/1560 4460/1138/1560
f 4481/1141/1558 4458/1139/1558 4461/1130/1558 4482/1129/1558
f 4479/1142/1558 4450/1134/1558 4467/1133/1558 4483/1140/1558
f 4449/1143/1560 4465/1137/1560 4466/1137/1560 4455/1143/1560
f 4458/1139/1559 4467/1133/1559 4468/1133/1559 4459/1139/1559
f 4514/1144/1558 4469/1145/1558 4473/1146/1558 4518/1147/1558
f 4516/1148/1558 4471/1149/1558 4472/1150/1558 4517/1151/1558
f 4518/1147/1558 4473/1146/1558 4471/1149/1558 4516/1148/1558
f 4517/1151/1558 4472/1150/1558 4470/1152/1558 4515/1153/1558
f 4524/1154/1558 4474/1155/1558 4478/1156/1558 4528/1157/1558
f 4526/1158/1558 4476/1159/1558 4477/1160/1558 4527/1161/1558
f 4528/1157/1558 4478/1156/1558 4476/1159/1558 4526/1158/1558
f 4527/1161/1558 4477/1160/1558 4475/1162/1558 4525/1163/1558
f 4533/1164/1558 4479/1142/1558 4483/1140/1558 4532/1165/1558
f 4530/1166/1558 4481/1141/1558 4482/1129/1558 4531/1167/1558
f 4532/1165/1558 4483/1140/1558 4481/1141/1558 4530/1166/1558
f 4531/1167/1558 4482/1129/1558 4480/1132/1558 4529/1168/1558
f 4521/1169/1558 4486/1170/1558 4484/1171/1558 4519/1172/1558
f 4522/1173/1558 4487/1174/1558 4485/1175/1558 4520/1176/1558
f 4520/1176/1558 4485/1175/1558 4486/1170/1558 4521/1169/1558
f 4523/1177/1558 4488/1178/1558 4487/1174/1558 4522/1173/1558
f 4507/1179/1558 4491/1180/1558 4489/1181/1558 4505/1182/1558
f 4508/1183/1558 4492/1184/1558 4490/1185/1558 4506/1186/1558
f 4506/1186/1558 4490/1185/1558 4491/1180/1558 4507/1179/1558
f 4504/1187/1558 4493/1188/1558 4492/1184/1558 4508/1183/1558
f 4511/1189/1558 4497/1190/1558 4495/1191/1558 4509/1192/1558
f 4512/1193/1558 4498/1194/1558 4496/1195/1558 4510/1196/1558
f 4510/1196/1558 4496/1195/1558 4497/1190/1558 4511/1189/1558
f 4513/1197/1558 4494/1198/1558 4498/1194/1558 4512/1193/1558
f 4449/1143/1558 4503/1199/1558 4502/1200/1558 4465/1137/1558
f 4457/1138/1558 4500/1201/1558 4501/1202/1558 4463/1135/1558
f 4465/1137/1558 4502/1200/1558 4500/1201/1558 4457/1138/1558
f 4463/1135/1558 4501/1202/1558 4499/1203/1558 4451/1136/1558
f 4517/1151/1561 4515/1153/1561 4574/1153/1561 4576/1151/1561
f 4500/1201/1558 4506/1186/1558 4507/1179/1558 4501/1202/1558
f 4502/1200/1558 4508/1183/1558 4506/1186/1558 4500/1201/1558
f 4455/1143/1562 4551/1199/1562 4503/1199/1562 4449/1143/1562
f 4490/1185/1558 4510/1196/1558 4511/1189/1558 4491/1180/1558
f 4492/1184/1558 4512/1193/1558 4510/1196/1558 4490/1185/1558
f 4498/1194/1558 4518/1147/1558 4516/1148/1558 4496/1195/1558
f 4496/1195/1558 4516/1148/1558 4517/1151/1558 4497/1190/1558
f 4511/1189/1561 4509/1192/1561 4570/1192/1561 4572/1189/1561
f 4475/1162/1563 4477/1160/1563 4565/1160/1563 4563/1162/1563
f 4471/1149/1558 4520/1176/1558 4521/1169/1558 4472/1150/1558
f 4473/1146/1558 4522/1173/1558 4520/1176/1558 4471/1149/1558
f 4487/1174/1558 4528/1157/1558 4526/1158/1558 4485/1175/1558
f 4485/1175/1558 4526/1158/1558 4527/1161/1558 4486/1170/1558
f 4523/1177/1561 4522/1173/1561 4534/1173/1561 4555/1177/1561
f 4478/1156/1558 4532/1165/1558 4530/1166/1558 4476/1159/1558
f 4476/1159/1558 4530/1166/1558 4531/1167/1558 4477/1160/1558
f 4504/1187/1561 4508/1183/1561 4549/1183/1561 4552/1187/1561
f 4507/1179/1561 4505/1182/1561 4578/1182/1561 4580/1179/1561
f 4478/1156/1563 4474/1155/1563 4539/1155/1563 4538/1156/1563
f 4477/1160/1564 4531/1167/1564 4564/1167/1564 4565/1160/1564
f 4499/1203/1563 4501/1202/1563 4581/1202/1563 4579/1203/1563
f 4493/1188/1565 4504/1187/1565 4552/1187/1565 4545/1188/1565
f 4453/1143/1566 4479/1142/1566 4533/1164/1566 4557/1164/1566
f 4488/1178/1565 4523/1177/1565 4555/1177/1565 4542/1178/1565
f 4513/1197/1565 4553/1197/1565 4548/1198/1565 4494/1198/1565
f 4551/1199/1558 4552/1187/1558 4549/1183/1558 4550/1200/1558
f 4545/1188/1558 4553/1197/1558 4543/1193/1558 4544/1184/1558
f 4548/1198/1558 4554/1144/1558 4546/1147/1558 4547/1194/1558
f 4536/1145/1558 4555/1177/1558 4534/1173/1558 4535/1146/1558
f 4542/1178/1558 4556/1154/1558 4540/1157/1558 4541/1174/1558
f 4539/1155/1558 4557/1164/1558 4537/1165/1558 4538/1156/1558
f 4581/1202/1558 4580/1179/1558 4578/1182/1558 4579/1203/1558
f 4573/1180/1558 4572/1189/1558 4570/1192/1558 4571/1181/1558
f 4577/1190/1558 4576/1151/1558 4574/1153/1558 4575/1191/1558
f 4561/1150/1558 4560/1169/1558 4558/1172/1558 4559/1152/1558
f 4569/1170/1558 4568/1161/1558 4566/1163/1558 4567/1171/1558
f 4565/1160/1558 4564/1167/1558 4562/1168/1558 4563/1162/1558
f 4528/1157/1565 4487/1174/1565 4541/1174/1565 4540/1157/1565
f 4486/1170/1564 4527/1161/1564 4568/1161/1564 4569/1170/1564
f 4508/1183/1565 4502/1200/1565 4550/1200/1565 4549/1183/1565
f 4492/1184/1563 4493/1188/1563 4545/1188/1563 4544/1184/1563
f 4521/1169/1561 4519/1172/1561 4558/1172/1561 4560/1169/1561
f 4522/1173/1565 4473/1146/1565 4535/1146/1565 4534/1173/1565
f 4484/1171/1563 4486/1170/1563 4569/1170/1563 4567/1171/1563
f 4527/1161/1561 4525/1163/1561 4566/1163/1561 4568/1161/1561
f 4473/1146/1563 4469/1145/1563 4536/1145/1563 4535/1146/1563
f 4479/1142/1567 4453/1143/1567 4450/1134/1567
f 4502/1200/1563 4503/1199/1563 4551/1199/1563 4550/1200/1563
f 4531/1167/1561 4529/1168/1561 4562/1168/1561 4564/1167/1561
f 4491/1180/1564 4511/1189/1564 4572/1189/1564 4573/1180/1564
f 4489/1181/1563 4491/1180/1563 4573/1180/1563 4571/1181/1563
f 4487/1174/1563 4488/1178/1563 4542/1178/1563 4541/1174/1563
f 4524/1154/1565 4556/1154/1565 4539/1155/1565 4474/1155/1565
f 4514/1144/1561 4518/1147/1561 4546/1147/1561 4554/1144/1561
f 4533/1164/1561 4532/1165/1561 4537/1165/1561 4557/1164/1561
f 4518/1147/1565 4498/1194/1565 4547/1194/1565 4546/1147/1565
f 4497/1190/1564 4517/1151/1564 4576/1151/1564 4577/1190/1564
f 4513/1197/1561 4512/1193/1561 4543/1193/1561 4553/1197/1561
f 4495/1191/1563 4497/1190/1563 4577/1190/1563 4575/1191/1563
f 4472/1150/1564 4521/1169/1564 4560/1169/1564 4561/1150/1564
f 4514/1144/1565 4554/1144/1565 4536/1145/1565 4469/1145/1565
f 4470/1152/1563 4472/1150/1563 4561/1150/1563 4559/1152/1563
f 4512/1193/1565 4492/1184/1565 4544/1184/1565 4543/1193/1565
f 4501/1202/1564 4507/1179/1564 4580/1179/1564 4581/1202/1564
f 4498/1194/1563 4494/1198/1563 4548/1198/1563 4547/1194/1563
f 4532/1165/1565 4478/1156/1565 4538/1156/1565 4537/1165/1565
f 4524/1154/1561 4528/1157/1561 4540/1157/1561 4556/1154/1561
f 4567/1171/1564 4558/1172/1564 4519/1172/1564 4484/1171/1564
f 4574/1153/1564 4515/1153/1564 4470/1152/1564 4559/1152/1564
f 4570/1192/1564 4509/1192/1564 4495/1191/1564 4575/1191/1564
f 4578/1182/1564 4505/1182/1564 4489/1181/1564 4571/1181/1564
f 4451/1136/1568 4499/1203/1568 4579/1203/1568 4456/1136/1568
f 4454/1131/1569 4562/1168/1569 4529/1168/1569 4452/1131/1569
f 4475/1162/1564 4563/1162/1564 4566/1163/1564 4525/1163/1564
o Plane.019
v 2.478093 1.332859 -19.421671
v 4.478093 1.332859 -19.421671
v 2.478093 1.332858 -23.427896
v 4.478093 1.332858 -23.427896
v 4.581338 1.181574 -19.417013
v 4.581338 1.181573 -23.423237
v 2.357154 1.285466 -19.420485
v 2.357154 1.285465 -23.426708
v 2.478093 1.332858 -21.424784
v 4.478093 1.332858 -21.424784
v 4.581338 1.181573 -21.420126
v 2.357154 1.285465 -21.423597
v 4.478093 1.332858 -21.504221
v 4.581338 1.181573 -21.499563
v 2.478093 1.332858 -21.504221
v 2.357154 1.285465 -21.503035
v 2.478093 1.332858 -21.341568
v 2.357154 1.285465 -21.340382
v 4.478093 1.332858 -21.341568
v 4.581338 1.181573 -21.336910
v 3.478093 1.332859 -19.421671
v 3.478093 1.332858 -23.427896
v 3.478093 1.332858 -21.424784
v 3.478093 1.332858 -21.504221
v 3.478093 1.332858 -21.341568
v 3.978093 1.332859 -19.421671
v 3.978093 1.332858 -23.427896
v 3.978093 1.332858 -21.424784
v 3.978093 1.332858 -21.504221
v 3.978093 1.332858 -21.341568
v 4.228093 1.332859 -19.421671
v 4.228093 1.332858 -23.427896
v 4.228093 1.332858 -21.424784
v 4.228093 1.332858 -21.504221
v 4.228093 1.332858 -21.341568
v 3.728093 1.332858 -23.427896
v 3.728093 1.332858 -21.424784
v 3.728093 1.332858 -21.504221
v 3.728093 1.332858 -21.341568
v 3.728093 1.332859 -19.421671
v 2.978093 1.332858 -23.427896
v 2.978093 1.332858 -21.424784
v 2.978093 1.332858 -21.504221
v 2.978093 1.332858 -21.341568
v 2.978093 1.332859 -19.421671
v 3.228093 1.332859 -19.421671
v 3.228093 1.332858 -23.427896
v 3.228093 1.332858 -21.424784
v 3.228093 1.332858 -21.504221
v 3.228093 1.332858 -21.341568
v 2.728093 1.332858 -23.427896
v 2.728093 1.332858 -21.424784
v 2.728093 1.332858 -21.504221
v 2.728093 1.332858 -21.341568
v 2.728093 1.332859 -19.421671
v 2.853093 1.332859 -19.421671
v 2.853093 1.332858 -23.427896
v 2.853093 1.332858 -21.424784
v 2.853093 1.332858 -21.504221
v 2.853093 1.332858 -21.341568
v 3.103093 1.332858 -23.427896
v 3.103093 1.332858 -21.424784
v 3.103093 1.332858 -21.504221
v 3.103093 1.332858 -21.341568
v 3.103093 1.332859 -19.421671
v 3.353093 1.332859 -19.421671
v 3.353093 1.332858 -23.427896
v 3.353093 1.332858 -21.424784
v 3.353093 1.332858 -21.504221
v 3.353093 1.332858 -21.341568
v 3.603093 1.332858 -23.427896
v 3.603093 1.332858 -21.424784
v 3.603093 1.332858 -21.504221
v 3.603093 1.332858 -21.341568
v 3.603093 1.332859 -19.421671
v 3.853093 1.332859 -19.421671
v 3.853093 1.332858 -23.427896
v 3.853093 1.332858 -21.424784
v 3.853093 1.332858 -21.504221
v 3.853093 1.332858 -21.341568
v 4.103093 1.332858 -23.427896
v 4.103093 1.332858 -21.424784
v 4.103093 1.332858 -21.504221
v 4.103093 1.332858 -21.341568
v 4.103093 1.332859 -19.421671
v 3.603093 1.280541 -21.341568
v 3.478093 1.280541 -21.341568
v 3.478093 1.280542 -19.421671
v 4.103093 1.280541 -21.341568
v 3.978093 1.280541 -21.341568
v 3.978093 1.280542 -19.421671
v 3.853093 1.280541 -21.341568
v 3.728093 1.280541 -21.341568
v 3.728093 1.280542 -19.421671
v 3.103093 1.280541 -21.341568
v 2.978093 1.280541 -21.341568
v 2.978093 1.280542 -19.421671
v 3.353093 1.280541 -21.341568
v 3.228093 1.280541 -21.341568
v 3.228093 1.280542 -19.421671
v 2.853093 1.280541 -21.341568
v 2.728093 1.280541 -21.341568
v 2.728093 1.280542 -19.421671
v 2.853093 1.280542 -19.421671
v 3.103093 1.280542 -19.421671
v 3.353093 1.280542 -19.421671
v 3.603093 1.280542 -19.421671
v 3.853093 1.280542 -19.421671
v 4.103093 1.280542 -19.421671
v 3.603093 1.280541 -23.427896
v 3.478093 1.280541 -23.427896
v 3.603093 1.280541 -21.504221
v 3.478093 1.280541 -21.504221
v 4.103093 1.280541 -23.427896
v 3.978093 1.280541 -23.427896
v 4.103093 1.280541 -21.504221
v 3.978093 1.280541 -21.504221
v 3.853093 1.280541 -23.427896
v 3.728093 1.280541 -23.427896
v 3.853093 1.280541 -21.504221
v 3.728093 1.280541 -21.504221
v 3.103093 1.280541 -23.427896
v 2.978093 1.280541 -23.427896
v 3.103093 1.280541 -21.504221
v 2.978093 1.280541 -21.504221
v 3.353093 1.280541 -23.427896
v 3.228093 1.280541 -23.427896
v 3.353093 1.280541 -21.504221
v 3.228093 1.280541 -21.504221
v 2.853093 1.280541 -23.427896
v 2.728093 1.280541 -23.427896
v 2.853093 1.280541 -21.504221
v 2.728093 1.280541 -21.504221
vn -0.0000 1.0000 -0.0000
vn 0.8260 0.5637 -0.0000
vn -0.3649 0.9311 -0.0000
vn -1.0000 -0.0000 -0.0000
vn 0.0020 0.0095 1.0000
vn 1.0000 -0.0000 -0.0000
vn -0.0000 -0.0000 -1.0000
vn -0.0000 -0.0000 1.0000
vn -0.0055 0.0133 0.9999
vn -0.0000 0.0308 0.9995
vn -0.0020 -0.0095 -1.0000
vn 0.0030 -0.0214 -0.9998
vt 0.875000 0.519829
vt 1.000000 0.519829
vt 1.000000 1.000000
vt 0.875000 1.000000
vt 1.000000 0.479228
vt 1.000000 0.000000
vt 0.000000 0.519829
vt 0.000000 1.000000
vt 0.000000 0.479228
vt 0.000000 0.500000
vt 1.000000 0.500000
vt 0.875000 0.479228
vt 0.875000 0.500000
vt 0.875000 0.000000
vt 0.000000 0.000000
vt 0.437500 0.000000
vt 0.500000 0.000000
vt 0.500000 0.479228
vt 0.437500 0.479228
vt 0.437500 0.500000
vt 0.500000 0.500000
vt 0.500000 0.519829
vt 0.437500 0.519829
vt 0.500000 1.000000
vt 0.437500 1.000000
vt 0.687500 0.000000
vt 0.750000 0.000000
vt 0.750000 0.479228
vt 0.687500 0.479228
vt 0.687500 0.500000
vt 0.750000 0.500000
vt 0.750000 0.519829
vt 0.687500 0.519829
vt 0.750000 1.000000
vt 0.687500 1.000000
vt 0.812500 0.000000
vt 0.812500 0.479228
vt 0.812500 0.500000
vt 0.812500 0.519829
vt 0.812500 1.000000
vt 0.562500 0.519829
vt 0.625000 0.519829
vt 0.625000 1.000000
vt 0.562500 1.000000
vt 0.562500 0.479228
vt 0.625000 0.479228
vt 0.625000 0.500000
vt 0.562500 0.500000
vt 0.562500 0.000000
vt 0.625000 0.000000
vt 0.187500 0.519829
vt 0.250000 0.519829
vt 0.250000 1.000000
vt 0.187500 1.000000
vt 0.187500 0.479228
vt 0.250000 0.479228
vt 0.250000 0.500000
vt 0.187500 0.500000
vt 0.187500 0.000000
vt 0.250000 0.000000
vt 0.312500 0.519829
vt 0.375000 0.519829
vt 0.375000 1.000000
vt 0.312500 1.000000
vt 0.312500 0.479228
vt 0.375000 0.479228
vt 0.375000 0.500000
vt 0.312500 0.500000
vt 0.312500 0.000000
vt 0.375000 0.000000
vt 0.125000 0.000000
vt 0.125000 0.479228
vt 0.125000 0.500000
vt 0.125000 0.519829
vt 0.125000 1.000000
s 1
f 4615/1204/1570 4594/1205/1570 4585/1206/1570 4613/1207/1570
f 4600/1208/1571 4583/1209/1571 4586/1209/1571 4601/1208/1571
f 4596/1210/1572 4584/1211/1572 4589/1211/1572 4597/1210/1572
f 4598/1212/1572 4590/1213/1572 4593/1213/1572 4599/1212/1572
f 4594/1205/1571 4591/1214/1571 4592/1214/1571 4595/1205/1571
f 4616/1215/1570 4600/1208/1570 4591/1214/1570 4614/1216/1570
f 4585/1206/1571 4594/1205/1571 4595/1205/1571 4587/1206/1571
f 4590/1213/1572 4596/1210/1572 4597/1210/1572 4593/1213/1572
f 4614/1216/1570 4591/1214/1570 4594/1205/1570 4615/1204/1570
f 4612/1217/1570 4583/1209/1570 4600/1208/1570 4616/1215/1570
f 4582/1218/1572 4598/1212/1572 4599/1212/1572 4588/1218/1572
f 4591/1214/1571 4600/1208/1571 4601/1208/1571 4592/1214/1571
f 4647/1219/1570 4602/1220/1570 4606/1221/1570 4651/1222/1570
f 4649/1223/1570 4604/1224/1570 4605/1225/1570 4650/1226/1570
f 4651/1222/1570 4606/1221/1570 4604/1224/1570 4649/1223/1570
f 4650/1226/1570 4605/1225/1570 4603/1227/1570 4648/1228/1570
f 4657/1229/1570 4607/1230/1570 4611/1231/1570 4661/1232/1570
f 4659/1233/1570 4609/1234/1570 4610/1235/1570 4660/1236/1570
f 4661/1232/1570 4611/1231/1570 4609/1234/1570 4659/1233/1570
f 4660/1236/1570 4610/1235/1570 4608/1237/1570 4658/1238/1570
f 4666/1239/1570 4612/1217/1570 4616/1215/1570 4665/1240/1570
f 4663/1241/1570 4614/1216/1570 4615/1204/1570 4664/1242/1570
f 4665/1240/1570 4616/1215/1570 4614/1216/1570 4663/1241/1570
f 4664/1242/1570 4615/1204/1570 4613/1207/1570 4662/1243/1570
f 4654/1244/1570 4619/1245/1570 4617/1246/1570 4652/1247/1570
f 4655/1248/1570 4620/1249/1570 4618/1250/1570 4653/1251/1570
f 4653/1251/1570 4618/1250/1570 4619/1245/1570 4654/1244/1570
f 4656/1252/1570 4621/1253/1570 4620/1249/1570 4655/1248/1570
f 4640/1254/1570 4624/1255/1570 4622/1256/1570 4638/1257/1570
f 4641/1258/1570 4625/1259/1570 4623/1260/1570 4639/1261/1570
f 4639/1261/1570 4623/1260/1570 4624/1255/1570 4640/1254/1570
f 4637/1262/1570 4626/1263/1570 4625/1259/1570 4641/1258/1570
f 4644/1264/1570 4630/1265/1570 4628/1266/1570 4642/1267/1570
f 4645/1268/1570 4631/1269/1570 4629/1270/1570 4643/1271/1570
f 4643/1271/1570 4629/1270/1570 4630/1265/1570 4644/1264/1570
f 4646/1272/1570 4627/1273/1570 4631/1269/1570 4645/1268/1570
f 4582/1218/1570 4636/1274/1570 4635/1275/1570 4598/1212/1570
f 4590/1213/1570 4633/1276/1570 4634/1277/1570 4596/1210/1570
f 4598/1212/1570 4635/1275/1570 4633/1276/1570 4590/1213/1570
f 4596/1210/1570 4634/1277/1570 4632/1278/1570 4584/1211/1570
f 4650/1226/1573 4648/1228/1573 4707/1228/1573 4709/1226/1573
f 4633/1276/1570 4639/1261/1570 4640/1254/1570 4634/1277/1570
f 4635/1275/1570 4641/1258/1570 4639/1261/1570 4633/1276/1570
f 4588/1218/1574 4684/1274/1574 4636/1274/1574 4582/1218/1574
f 4623/1260/1570 4643/1271/1570 4644/1264/1570 4624/1255/1570
f 4625/1259/1570 4645/1268/1570 4643/1271/1570 4623/1260/1570
f 4631/1269/1570 4651/1222/1570 4649/1223/1570 4629/1270/1570
f 4629/1270/1570 4649/1223/1570 4650/1226/1570 4630/1265/1570
f 4644/1264/1573 4642/1267/1573 4703/1267/1573 4705/1264/1573
f 4608/1237/1575 4610/1235/1575 4698/1235/1575 4696/1237/1575
f 4604/1224/1570 4653/1251/1570 4654/1244/1570 4605/1225/1570
f 4606/1221/1570 4655/1248/1570 4653/1251/1570 4604/1224/1570
f 4620/1249/1570 4661/1232/1570 4659/1233/1570 4618/1250/1570
f 4618/1250/1570 4659/1233/1570 4660/1236/1570 4619/1245/1570
f 4656/1252/1573 4655/1248/1573 4667/1248/1573 4688/1252/1573
f 4611/1231/1570 4665/1240/1570 4663/1241/1570 4609/1234/1570
f 4609/1234/1570 4663/1241/1570 4664/1242/1570 4610/1235/1570
f 4637/1262/1573 4641/1258/1573 4682/1258/1573 4685/1262/1573
f 4640/1254/1573 4638/1257/1573 4711/1257/1573 4713/1254/1573
f 4611/1231/1575 4607/1230/1575 4672/1230/1575 4671/1231/1575
f 4610/1235/1576 4664/1242/1576 4697/1242/1576 4698/1235/1576
f 4632/1278/1575 4634/1277/1575 4714/1277/1575 4712/1278/1575
f 4626/1263/1577 4637/1262/1577 4685/1262/1577 4678/1263/1577
f 4586/1218/1578 4612/1217/1578 4666/1239/1578 4690/1239/1578
f 4621/1253/1577 4656/1252/1577 4688/1252/1577 4675/1253/1577
f 4646/1272/1577 4686/1272/1577 4681/1273/1577 4627/1273/1577
f 4684/1274/1570 4685/1262/1570 4682/1258/1570 4683/1275/1570
f 4678/1263/1570 4686/1272/1570 4676/1268/1570 4677/1259/1570
f 4681/1273/1570 4687/1219/1570 4679/1222/1570 4680/1269/1570
f 4669/1220/1570 4688/1252/1570 4667/1248/1570 4668/1221/1570
f 4675/1253/1570 4689/1229/1570 4673/1232/1570 4674/1249/1570
f 4672/1230/1570 4690/1239/1570 4670/1240/1570 4671/1231/1570
f 4714/1277/1570 4713/1254/1570 4711/1257/1570 4712/1278/1570
f 4706/1255/1570 4705/1264/1570 4703/1267/1570 4704/1256/1570
f 4710/1265/1570 4709/1226/1570 4707/1228/1570 4708/1266/1570
f 4694/1225/1570 4693/1244/1570 4691/1247/1570 4692/1227/1570
f 4702/1245/1570 4701/1236/1570 4699/1238/1570 4700/1246/1570
f 4698/1235/1570 4697/1242/1570 4695/1243/1570 4696/1237/1570
f 4661/1232/1577 4620/1249/1577 4674/1249/1577 4673/1232/1577
f 4619/1245/1576 4660/1236/1576 4701/1236/1576 4702/1245/1576
f 4641/1258/1577 4635/1275/1577 4683/1275/1577 4682/1258/1577
f 4625/1259/1575 4626/1263/1575 4678/1263/1575 4677/1259/1575
f 4654/1244/1573 4652/1247/1573 4691/1247/1573 4693/1244/1573
f 4655/1248/1577 4606/1221/1577 4668/1221/1577 4667/1248/1577
f 4617/1246/1575 4619/1245/1575 4702/1245/1575 4700/1246/1575
f 4660/1236/1573 4658/1238/1573 4699/1238/1573 4701/1236/1573
f 4606/1221/1575 4602/1220/1575 4669/1220/1575 4668/1221/1575
f 4612/1217/1579 4586/1218/1579 4583/1209/1579
f 4635/1275/1575 4636/1274/1575 4684/1274/1575 4683/1275/1575
f 4664/1242/1573 4662/1243/1573 4695/1243/1573 4697/1242/1573
f 4624/1255/1576 4644/1264/1576 4705/1264/1576 4706/1255/1576
f 4622/1256/1575 4624/1255/1575 4706/1255/1575 4704/1256/1575
f 4620/1249/1575 4621/1253/1575 4675/1253/1575 4674/1249/1575
f 4657/1229/1577 4689/1229/1577 4672/1230/1577 4607/1230/1577
f 4647/1219/1573 4651/1222/1573 4679/1222/1573 4687/1219/1573
f 4666/1239/1573 4665/1240/1573 4670/1240/1573 4690/1239/1573
f 4651/1222/1577 4631/1269/1577 4680/1269/1577 4679/1222/1577
f 4630/1265/1576 4650/1226/1576 4709/1226/1576 4710/1265/1576
f 4646/1272/1573 4645/1268/1573 4676/1268/1573 4686/1272/1573
f 4628/1266/1575 4630/1265/1575 4710/1265/1575 4708/1266/1575
f 4605/1225/1576 4654/1244/1576 4693/1244/1576 4694/1225/1576
f 4647/1219/1577 4687/1219/1577 4669/1220/1577 4602/1220/1577
f 4603/1227/1575 4605/1225/1575 4694/1225/1575 4692/1227/1575
f 4645/1268/1577 4625/1259/1577 4677/1259/1577 4676/1268/1577
f 4634/1277/1576 4640/1254/1576 4713/1254/1576 4714/1277/1576
f 4631/1269/1575 4627/1273/1575 4681/1273/1575 4680/1269/1575
f 4665/1240/1577 4611/1231/1577 4671/1231/1577 4670/1240/1577
f 4657/1229/1573 4661/1232/1573 4673/1232/1573 4689/1229/1573
f 4700/1246/1576 4691/1247/1576 4652/1247/1576 4617/1246/1576
f 4707/1228/1576 4648/1228/1576 4603/1227/1576 4692/1227/1576
f 4703/1267/1576 4642/1267/1576 4628/1266/1576 4708/1266/1576
f 4711/1257/1576 4638/1257/1576 4622/1256/1576 4704/1256/1576
f 4584/1211/1580 4632/1278/1580 4712/1278/1580 4589/1211/1580
f 4587/1206/1581 4695/1243/1581 4662/1243/1581 4585/1206/1581
f 4608/1237/1576 4696/1237/1576 4699/1238/1576 4658/1238/1576
o Plane.020
v -2.490752 1.332858 -23.427896
v -4.490752 1.332858 -23.427895
v -2.490751 1.332859 -19.421673
v -4.490751 1.332859 -19.421671
v -4.593997 1.181573 -23.432554
v -4.593996 1.181574 -19.426331
v -2.369813 1.285465 -23.429083
v -2.369812 1.285466 -19.422859
v -2.490751 1.332858 -21.424784
v -4.490751 1.332858 -21.424784
v -4.593997 1.181573 -21.429441
v -2.369813 1.285465 -21.425972
v -4.490751 1.332858 -21.345345
v -4.593997 1.181573 -21.350004
v -2.490751 1.332858 -21.345346
v -2.369813 1.285465 -21.346533
v -2.490751 1.332858 -21.507999
v -2.369813 1.285465 -21.509186
v -4.490751 1.332858 -21.507999
v -4.593997 1.181573 -21.512657
v -3.490752 1.332858 -23.427896
v -3.490751 1.332859 -19.421671
v -3.490751 1.332858 -21.424784
v -3.490751 1.332858 -21.345346
v -3.490751 1.332858 -21.507999
v -3.990752 1.332858 -23.427895
v -3.990751 1.332859 -19.421671
v -3.990751 1.332858 -21.424784
v -3.990751 1.332858 -21.345346
v -3.990751 1.332858 -21.507999
v -4.240752 1.332858 -23.427895
v -4.240751 1.332859 -19.421671
v -4.240751 1.332858 -21.424784
v -4.240751 1.332858 -21.345346
v -4.240751 1.332858 -21.507999
v -3.740751 1.332859 -19.421671
v -3.740751 1.332858 -21.424784
v -3.740751 1.332858 -21.345346
v -3.740751 1.332858 -21.507999
v -3.740752 1.332858 -23.427896
v -2.990751 1.332859 -19.421673
v -2.990751 1.332858 -21.424784
v -2.990751 1.332858 -21.345346
v -2.990751 1.332858 -21.507999
v -2.990752 1.332858 -23.427896
v -3.240752 1.332858 -23.427896
v -3.240751 1.332859 -19.421671
v -3.240751 1.332858 -21.424784
v -3.240751 1.332858 -21.345346
v -3.240751 1.332858 -21.507999
v -2.740751 1.332859 -19.421673
v -2.740751 1.332858 -21.424784
v -2.740751 1.332858 -21.345346
v -2.740751 1.332858 -21.507999
v -2.740752 1.332858 -23.427896
v -2.865752 1.332858 -23.427896
v -2.865751 1.332859 -19.421673
v -2.865751 1.332858 -21.424784
v -2.865751 1.332858 -21.345346
v -2.865751 1.332858 -21.507999
v -3.115751 1.332859 -19.421673
v -3.115751 1.332858 -21.424784
v -3.115751 1.332858 -21.345346
v -3.115751 1.332858 -21.507999
v -3.115752 1.332858 -23.427896
v -3.365752 1.332858 -23.427896
v -3.365751 1.332859 -19.421671
v -3.365751 1.332858 -21.424784
v -3.365751 1.332858 -21.345346
v -3.365751 1.332858 -21.507999
v -3.615751 1.332859 -19.421671
v -3.615751 1.332858 -21.424784
v -3.615751 1.332858 -21.345346
v -3.615751 1.332858 -21.507999
v -3.615752 1.332858 -23.427896
v -3.865752 1.332858 -23.427895
v -3.865751 1.332859 -19.421671
v -3.865751 1.332858 -21.424784
v -3.865751 1.332858 -21.345346
v -3.865751 1.332858 -21.507999
v -4.115751 1.332859 -19.421671
v -4.115751 1.332858 -21.424784
v -4.115751 1.332858 -21.345346
v -4.115751 1.332858 -21.507999
v -4.115752 1.332858 -23.427895
v -3.615751 1.280541 -21.507999
v -3.490751 1.280541 -21.507999
v -3.490752 1.280541 -23.427896
v -4.115751 1.280541 -21.507999
v -3.990751 1.280541 -21.507999
v -3.990752 1.280541 -23.427895
v -3.865751 1.280541 -21.507999
v -3.740751 1.280541 -21.507999
v -3.740752 1.280541 -23.427896
v -3.115751 1.280541 -21.507999
v -2.990751 1.280541 -21.507999
v -2.990752 1.280541 -23.427896
v -3.365751 1.280541 -21.507999
v -3.240751 1.280541 -21.507999
v -3.240752 1.280541 -23.427896
v -2.865751 1.280541 -21.507999
v -2.740751 1.280541 -21.507999
v -2.740752 1.280541 -23.427896
v -2.865752 1.280541 -23.427896
v -3.115752 1.280541 -23.427896
v -3.365752 1.280541 -23.427896
v -3.615752 1.280541 -23.427896
v -3.865752 1.280541 -23.427895
v -4.115752 1.280541 -23.427895
v -3.615751 1.280542 -19.421671
v -3.490751 1.280542 -19.421671
v -3.615751 1.280541 -21.345346
v -3.490751 1.280541 -21.345346
v -4.115751 1.280542 -19.421671
v -3.990751 1.280542 -19.421671
v -4.115751 1.280541 -21.345346
v -3.990751 1.280541 -21.345346
v -3.865751 1.280542 -19.421671
v -3.740751 1.280542 -19.421671
v -3.865751 1.280541 -21.345346
v -3.740751 1.280541 -21.345346
v -3.115751 1.280542 -19.421673
v -2.990751 1.280542 -19.421673
v -3.115751 1.280541 -21.345346
v -2.990751 1.280541 -21.345346
v -3.365751 1.280542 -19.421671
v -3.240751 1.280542 -19.421671
v -3.365751 1.280541 -21.345346
v -3.240751 1.280541 -21.345346
v -2.865751 1.280542 -19.421673
v -2.740751 1.280542 -19.421673
v -2.865751 1.280541 -21.345346
v -2.740751 1.280541 -21.345346
vn -0.0000 1.0000 -0.0000
vn -0.8260 0.5637 -0.0000
vn 0.3649 0.9311 -0.0000
vn 1.0000 -0.0000 -0.0000
vn -0.0020 0.0095 -1.0000
vn -1.0000 -0.0000 -0.0000
vn -0.0000 -0.0000 1.0000
vn -0.0000 -0.0000 -1.0000
vn 0.0056 0.0133 -0.9999
vn -0.0000 0.0308 -0.9995
vn 0.0020 -0.0095 1.0000
vn -0.0030 -0.0214 0.9998
vt 0.875000 0.519829
vt 1.000000 0.519829
vt 1.000000 1.000000
vt 0.875000 1.000000
vt 1.000000 0.479228
vt 1.000000 0.000000
vt 0.000000 0.519829
vt 0.000000 1.000000
vt 0.000000 0.479228
vt 0.000000 0.500000
vt 1.000000 0.500000
vt 0.875000 0.479228
vt 0.875000 0.500000
vt 0.875000 0.000000
vt 0.000000 0.000000
vt 0.437500 0.000000
vt 0.500000 0.000000
vt 0.500000 0.479228
vt 0.437500 0.479228
vt 0.437500 0.500000
vt 0.500000 0.500000
vt 0.500000 0.519829
vt 0.437500 0.519829
vt 0.500000 1.000000
vt 0.437500 1.000000
vt 0.687500 0.000000
vt 0.750000 0.000000
vt 0.750000 0.479228
vt 0.687500 0.479228
vt 0.687500 0.500000
vt 0.750000 0.500000
vt 0.750000 0.519829
vt 0.687500 0.519829
vt 0.750000 1.000000
vt 0.687500 1.000000
vt 0.812500 0.000000
vt 0.812500 0.479228
vt 0.812500 0.500000
vt 0.812500 0.519829
vt 0.812500 1.000000
vt 0.562500 0.519829
vt 0.625000 0.519829
vt 0.625000 1.000000
vt 0.562500 1.000000
vt 0.562500 0.479228
vt 0.625000 0.479228
vt 0.625000 0.500000
vt 0.562500 0.500000
vt 0.562500 0.000000
vt 0.625000 0.000000
vt 0.187500 0.519829
vt 0.250000 0.519829
vt 0.250000 1.000000
vt 0.187500 1.000000
vt 0.187500 0.479228
vt 0.250000 0.479228
vt 0.250000 0.500000
vt 0.187500 0.500000
vt 0.187500 0.000000
vt 0.250000 0.000000
vt 0.312500 0.519829
vt 0.375000 0.519829
vt 0.375000 1.000000
vt 0.312500 1.000000
vt 0.312500 0.479228
vt 0.375000 0.479228
vt 0.375000 0.500000
vt 0.312500 0.500000
vt 0.312500 0.000000
vt 0.375000 0.000000
vt 0.125000 0.000000
vt 0.125000 0.479228
vt 0.125000 0.500000
vt 0.125000 0.519829
vt 0.125000 1.000000
s 1
f 4748/1279/1582 4727/1280/1582 4718/1281/1582 4746/1282/1582
f 4733/1283/1583 4716/1284/1583 4719/1284/1583 4734/1283/1583
f 4729/1285/1584 4717/1286/1584 4722/1286/1584 4730/1285/1584
f 4731/1287/1584 4723/1288/1584 4726/1288/1584 4732/1287/1584
f 4727/1280/1583 4724/1289/1583 4725/1289/1583 4728/1280/1583
f 4749/1290/1582 4733/1283/1582 4724/1289/1582 4747/1291/1582
f 4718/1281/1583 4727/1280/1583 4728/1280/1583 4720/1281/1583
f 4723/1288/1584 4729/1285/1584 4730/1285/1584 4726/1288/1584
f 4747/1291/1582 4724/1289/1582 4727/1280/1582 4748/1279/1582
f 4745/1292/1582 4716/1284/1582 4733/1283/1582 4749/1290/1582
f 4715/1293/1584 4731/1287/1584 4732/1287/1584 4721/1293/1584
f 4724/1289/1583 4733/1283/1583 4734/1283/1583 4725/1289/1583
f 4780/1294/1582 4735/1295/1582 4739/1296/1582 4784/1297/1582
f 4782/1298/1582 4737/1299/1582 4738/1300/1582 4783/1301/1582
f 4784/1297/1582 4739/1296/1582 4737/1299/1582 4782/1298/1582
f 4783/1301/1582 4738/1300/1582 4736/1302/1582 4781/1303/1582
f 4790/1304/1582 4740/1305/1582 4744/1306/1582 4794/1307/1582
f 4792/1308/1582 4742/1309/1582 4743/1310/1582 4793/1311/1582
f 4794/1307/1582 4744/1306/1582 4742/1309/1582 4792/1308/1582
f 4793/1311/1582 4743/1310/1582 4741/1312/1582 4791/1313/1582
f 4799/1314/1582 4745/1292/1582 4749/1290/1582 4798/1315/1582
f 4796/1316/1582 4747/1291/1582 4748/1279/1582 4797/1317/1582
f 4798/1315/1582 4749/1290/1582 4747/1291/1582 4796/1316/1582
f 4797/1317/1582 4748/1279/1582 4746/1282/1582 4795/1318/1582
f 4787/1319/1582 4752/1320/1582 4750/1321/1582 4785/1322/1582
f 4788/1323/1582 4753/1324/1582 4751/1325/1582 4786/1326/1582
f 4786/1326/1582 4751/1325/1582 4752/1320/1582 4787/1319/1582
f 4789/1327/1582 4754/1328/1582 4753/1324/1582 4788/1323/1582
f 4773/1329/1582 4757/1330/1582 4755/1331/1582 4771/1332/1582
f 4774/1333/1582 4758/1334/1582 4756/1335/1582 4772/1336/1582
f 4772/1336/1582 4756/1335/1582 4757/1330/1582 4773/1329/1582
f 4770/1337/1582 4759/1338/1582 4758/1334/1582 4774/1333/1582
f 4777/1339/1582 4763/1340/1582 4761/1341/1582 4775/1342/1582
f 4778/1343/1582 4764/1344/1582 4762/1345/1582 4776/1346/1582
f 4776/1346/1582 4762/1345/1582 4763/1340/1582 4777/1339/1582
f 4779/1347/1582 4760/1348/1582 4764/1344/1582 4778/1343/1582
f 4715/1293/1582 4769/1349/1582 4768/1350/1582 4731/1287/1582
f 4723/1288/1582 4766/1351/1582 4767/1352/1582 4729/1285/1582
f 4731/1287/1582 4768/1350/1582 4766/1351/1582 4723/1288/1582
f 4729/1285/1582 4767/1352/1582 4765/1353/1582 4717/1286/1582
f 4783/1301/1585 4781/1303/1585 4840/1303/1585 4842/1301/1585
f 4766/1351/1582 4772/1336/1582 4773/1329/1582 4767/1352/1582
f 4768/1350/1582 4774/1333/1582 4772/1336/1582 4766/1351/1582
f 4721/1293/1586 4817/1349/1586 4769/1349/1586 4715/1293/1586
f 4756/1335/1582 4776/1346/1582 4777/1339/1582 4757/1330/1582
f 4758/1334/1582 4778/1343/1582 4776/1346/1582 4756/1335/1582
f 4764/1344/1582 4784/1297/1582 4782/1298/1582 4762/1345/1582
f 4762/1345/1582 4782/1298/1582 4783/1301/1582 4763/1340/1582
f 4777/1339/1585 4775/1342/1585 4836/1342/1585 4838/1339/1585
f 4741/1312/1587 4743/1310/1587 4831/1310/1587 4829/1312/1587
f 4737/1299/1582 4786/1326/1582 4787/1319/1582 4738/1300/1582
f 4739/1296/1582 4788/1323/1582 4786/1326/1582 4737/1299/1582
f 4753/1324/1582 4794/1307/1582 4792/1308/1582 4751/1325/1582
f 4751/1325/1582 4792/1308/1582 4793/1311/1582 4752/1320/1582
f 4789/1327/1585 4788/1323/1585 4800/1323/1585 4821/1327/1585
f 4744/1306/1582 4798/1315/1582 4796/1316/1582 4742/1309/1582
f 4742/1309/1582 4796/1316/1582 4797/1317/1582 4743/1310/1582
f 4770/1337/1585 4774/1333/1585 4815/1333/1585 4818/1337/1585
f 4773/1329/1585 4771/1332/1585 4844/1332/1585 4846/1329/1585
f 4744/1306/1587 4740/1305/1587 4805/1305/1587 4804/1306/1587
f 4743/1310/1588 4797/1317/1588 4830/1317/1588 4831/1310/1588
f 4765/1353/1587 4767/1352/1587 4847/1352/1587 4845/1353/1587
f 4759/1338/1589 4770/1337/1589 4818/1337/1589 4811/1338/1589
f 4719/1293/1590 4745/1292/1590 4799/1314/1590 4823/1314/1590
f 4754/1328/1589 4789/1327/1589 4821/1327/1589 4808/1328/1589
f 4779/1347/1589 4819/1347/1589 4814/1348/1589 4760/1348/1589
f 4817/1349/1582 4818/1337/1582 4815/1333/1582 4816/1350/1582
f 4811/1338/1582 4819/1347/1582 4809/1343/1582 4810/1334/1582
f 4814/1348/1582 4820/1294/1582 4812/1297/1582 4813/1344/1582
f 4802/1295/1582 4821/1327/1582 4800/1323/1582 4801/1296/1582
f 4808/1328/1582 4822/1304/1582 4806/1307/1582 4807/1324/1582
f 4805/1305/1582 4823/1314/1582 4803/1315/1582 4804/1306/1582
f 4847/1352/1582 4846/1329/1582 4844/1332/1582 4845/1353/1582
f 4839/1330/1582 4838/1339/1582 4836/1342/1582 4837/1331/1582
f 4843/1340/1582 4842/1301/1582 4840/1303/1582 4841/1341/1582
f 4827/1300/1582 4826/1319/1582 4824/1322/1582 4825/1302/1582
f 4835/1320/1582 4834/1311/1582 4832/1313/1582 4833/1321/1582
f 4831/1310/1582 4830/1317/1582 4828/1318/1582 4829/1312/1582
f 4794/1307/1589 4753/1324/1589 4807/1324/1589 4806/1307/1589
f 4752/1320/1588 4793/1311/1588 4834/1311/1588 4835/1320/1588
f 4774/1333/1589 4768/1350/1589 4816/1350/1589 4815/1333/1589
f 4758/1334/1587 4759/1338/1587 4811/1338/1587 4810/1334/1587
f 4787/1319/1585 4785/1322/1585 4824/1322/1585 4826/1319/1585
f 4788/1323/1589 4739/1296/1589 4801/1296/1589 4800/1323/1589
f 4750/1321/1587 4752/1320/1587 4835/1320/1587 4833/1321/1587
f 4793/1311/1585 4791/1313/1585 4832/1313/1585 4834/1311/1585
f 4739/1296/1587 4735/1295/1587 4802/1295/1587 4801/1296/1587
f 4745/1292/1591 4719/1293/1591 4716/1284/1591
f 4768/1350/1587 4769/1349/1587 4817/1349/1587 4816/1350/1587
f 4797/1317/1585 4795/1318/1585 4828/1318/1585 4830/1317/1585
f 4757/1330/1588 4777/1339/1588 4838/1339/1588 4839/1330/1588
f 4755/1331/1587 4757/1330/1587 4839/1330/1587 4837/1331/1587
f 4753/1324/1587 4754/1328/1587 4808/1328/1587 4807/1324/1587
f 4790/1304/1589 4822/1304/1589 4805/1305/1589 4740/1305/1589
f 4780/1294/1585 4784/1297/1585 4812/1297/1585 4820/1294/1585
f 4799/1314/1585 4798/1315/1585 4803/1315/1585 4823/1314/1585
f 4784/1297/1589 4764/1344/1589 4813/1344/1589 4812/1297/1589
f 4763/1340/1588 4783/1301/1588 4842/1301/1588 4843/1340/1588
f 4779/1347/1585 4778/1343/1585 4809/1343/1585 4819/1347/1585
f 4761/1341/1587 4763/1340/1587 4843/1340/1587 4841/1341/1587
f 4738/1300/1588 4787/1319/1588 4826/1319/1588 4827/1300/1588
f 4780/1294/1589 4820/1294/1589 4802/1295/1589 4735/1295/1589
f 4736/1302/1587 4738/1300/1587 4827/1300/1587 4825/1302/1587
f 4778/1343/1589 4758/1334/1589 4810/1334/1589 4809/1343/1589
f 4767/1352/1588 4773/1329/1588 4846/1329/1588 4847/1352/1588
f 4764/1344/1587 4760/1348/1587 4814/1348/1587 4813/1344/1587
f 4798/1315/1589 4744/1306/1589 4804/1306/1589 4803/1315/1589
f 4790/1304/1585 4794/1307/1585 4806/1307/1585 4822/1304/1585
f 4833/1321/1588 4824/1322/1588 4785/1322/1588 4750/1321/1588
f 4840/1303/1588 4781/1303/1588 4736/1302/1588 4825/1302/1588
f 4836/1342/1588 4775/1342/1588 4761/1341/1588 4841/1341/1588
f 4844/1332/1588 4771/1332/1588 4755/1331/1588 4837/1331/1588
f 4717/1286/1592 4765/1353/1592 4845/1353/1592 4722/1286/1592
f 4720/1281/1593 4828/1318/1593 4795/1318/1593 4718/1281/1593
f 4741/1312/1588 4829/1312/1588 4832/1313/1588 4791/1313/1588
o Plane.021
v -2.490752 1.332861 19.424385
v -4.490752 1.332861 19.424385
v -2.490751 1.332862 23.430611
v -4.490751 1.332862 23.430611
v -4.593997 1.181576 19.419727
v -4.593996 1.181577 23.425951
v -2.369813 1.285468 19.423199
v -2.369812 1.285469 23.429422
v -2.490751 1.332862 21.427498
v -4.490751 1.332862 21.427498
v -4.593997 1.181577 21.422840
v -2.369813 1.285469 21.426310
v -4.490751 1.332862 21.506937
v -4.593997 1.181577 21.502277
v -2.490751 1.332862 21.506935
v -2.369813 1.285469 21.505749
v -2.490751 1.332862 21.344282
v -2.369813 1.285469 21.343096
v -4.490751 1.332862 21.344282
v -4.593997 1.181577 21.339624
v -3.490752 1.332861 19.424385
v -3.490751 1.332862 23.430611
v -3.490751 1.332862 21.427498
v -3.490751 1.332862 21.506935
v -3.490751 1.332862 21.344282
v -3.990752 1.332861 19.424385
v -3.990751 1.332862 23.430611
v -3.990751 1.332862 21.427498
v -3.990751 1.332862 21.506935
v -3.990751 1.332862 21.344282
v -4.240752 1.332861 19.424385
v -4.240751 1.332862 23.430611
v -4.240751 1.332862 21.427498
v -4.240751 1.332862 21.506935
v -4.240751 1.332862 21.344282
v -3.740751 1.332862 23.430611
v -3.740751 1.332862 21.427498
v -3.740751 1.332862 21.506935
v -3.740751 1.332862 21.344282
v -3.740752 1.332861 19.424385
v -2.990751 1.332862 23.430611
v -2.990751 1.332862 21.427498
v -2.990751 1.332862 21.506935
v -2.990751 1.332862 21.344282
v -2.990752 1.332861 19.424385
v -3.240752 1.332861 19.424385
v -3.240751 1.332862 23.430611
v -3.240751 1.332862 21.427498
v -3.240751 1.332862 21.506935
v -3.240751 1.332862 21.344282
v -2.740751 1.332862 23.430611
v -2.740751 1.332862 21.427498
v -2.740751 1.332862 21.506935
v -2.740751 1.332862 21.344282
v -2.740752 1.332861 19.424385
v -2.865752 1.332861 19.424385
v -2.865751 1.332862 23.430611
v -2.865751 1.332862 21.427498
v -2.865751 1.332862 21.506935
v -2.865751 1.332862 21.344282
v -3.115751 1.332862 23.430611
v -3.115751 1.332862 21.427498
v -3.115751 1.332862 21.506935
v -3.115751 1.332862 21.344282
v -3.115752 1.332861 19.424385
v -3.365752 1.332861 19.424385
v -3.365751 1.332862 23.430611
v -3.365751 1.332862 21.427498
v -3.365751 1.332862 21.506935
v -3.365751 1.332862 21.344282
v -3.615751 1.332862 23.430611
v -3.615751 1.332862 21.427498
v -3.615751 1.332862 21.506935
v -3.615751 1.332862 21.344282
v -3.615752 1.332861 19.424385
v -3.865752 1.332861 19.424385
v -3.865751 1.332862 23.430611
v -3.865751 1.332862 21.427498
v -3.865751 1.332862 21.506935
v -3.865751 1.332862 21.344282
v -4.115751 1.332862 23.430611
v -4.115751 1.332862 21.427498
v -4.115751 1.332862 21.506935
v -4.115751 1.332862 21.344282
v -4.115752 1.332861 19.424385
v -3.615751 1.280545 21.344282
v -3.490751 1.280545 21.344282
v -3.490752 1.280544 19.424385
v -4.115751 1.280545 21.344282
v -3.990751 1.280545 21.344282
v -3.990752 1.280544 19.424385
v -3.865751 1.280545 21.344282
v -3.740751 1.280545 21.344282
v -3.740752 1.280544 19.424385
v -3.115751 1.280545 21.344282
v -2.990751 1.280545 21.344282
v -2.990752 1.280544 19.424385
v -3.365751 1.280545 21.344282
v -3.240751 1.280545 21.344282
v -3.240752 1.280544 19.424385
v -2.865751 1.280545 21.344282
v -2.740751 1.280545 21.344282
v -2.740752 1.280544 19.424385
v -2.865752 1.280544 19.424385
v -3.115752 1.280544 19.424385
v -3.365752 1.280544 19.424385
v -3.615752 1.280544 19.424385
v -3.865752 1.280544 19.424385
v -4.115752 1.280544 19.424385
v -3.615751 1.280545 23.430611
v -3.490751 1.280545 23.430611
v -3.615751 1.280545 21.506935
v -3.490751 1.280545 21.506935
v -4.115751 1.280545 23.430611
v -3.990751 1.280545 23.430611
v -4.115751 1.280545 21.506935
v -3.990751 1.280545 21.506935
v -3.865751 1.280545 23.430611
v -3.740751 1.280545 23.430611
v -3.865751 1.280545 21.506935
v -3.740751 1.280545 21.506935
v -3.115751 1.280545 23.430611
v -2.990751 1.280545 23.430611
v -3.115751 1.280545 21.506935
v -2.990751 1.280545 21.506935
v -3.365751 1.280545 23.430611
v -3.240751 1.280545 23.430611
v -3.365751 1.280545 21.506935
v -3.240751 1.280545 21.506935
v -2.865751 1.280545 23.430611
v -2.740751 1.280545 23.430611
v -2.865751 1.280545 21.506935
v -2.740751 1.280545 21.506935
vn -0.0000 1.0000 -0.0000
vn -0.8260 0.5637 -0.0000
vn 0.3649 0.9311 -0.0000
vn 1.0000 -0.0000 -0.0000
vn -0.0020 0.0095 -1.0000
vn -1.0000 -0.0000 -0.0000
vn -0.0000 -0.0000 1.0000
vn -0.0000 -0.0000 -1.0000
vn 0.0056 0.0133 -0.9999
vn -0.0000 0.0308 -0.9995
vn 0.0020 -0.0095 1.0000
vn -0.0030 -0.0214 0.9998
vt 0.875000 0.519829
vt 1.000000 0.519829
vt 1.000000 1.000000
vt 0.875000 1.000000
vt 1.000000 0.479228
vt 1.000000 0.000000
vt 0.000000 0.519829
vt 0.000000 1.000000
vt 0.000000 0.479228
vt 0.000000 0.500000
vt 1.000000 0.500000
vt 0.875000 0.479228
vt 0.875000 0.500000
vt 0.875000 0.000000
vt 0.000000 0.000000
vt 0.437500 0.000000
vt 0.500000 0.000000
vt 0.500000 0.479228
vt 0.437500 0.479228
vt 0.437500 0.500000
vt 0.500000 0.500000
vt 0.500000 0.519829
vt 0.437500 0.519829
vt 0.500000 1.000000
vt 0.437500 1.000000
vt 0.687500 0.000000
vt 0.750000 0.000000
vt 0.750000 0.479228
vt 0.687500 0.479228
vt 0.687500 0.500000
vt 0.750000 0.500000
vt 0.750000 0.519829
vt 0.687500 0.519829
vt 0.750000 1.000000
vt 0.687500 1.000000
vt 0.812500 0.000000
vt 0.812500 0.479228
vt 0.812500 0.500000
vt 0.812500 0.519829
vt 0.812500 1.000000
vt 0.562500 0.519829
vt 0.625000 0.519829
vt 0.625000 1.000000
vt 0.562500 1.000000
vt 0.562500 0.479228
vt 0.625000 0.479228
vt 0.625000 0.500000
vt 0.562500 0.500000
vt 0.562500 0.000000
vt 0.625000 0.000000
vt 0.187500 0.519829
vt 0.250000 0.519829
vt 0.250000 1.000000
vt 0.187500 1.000000
vt 0.187500 0.479228
vt 0.250000 0.479228
vt 0.250000 0.500000
vt 0.187500 0.500000
vt 0.187500 0.000000
vt 0.250000 0.000000
vt 0.312500 0.519829
vt 0.375000 0.519829
vt 0.375000 1.000000
vt 0.312500 1.000000
vt 0.312500 0.479228
vt 0.375000 0.479228
vt 0.375000 0.500000
vt 0.312500 0.500000
vt 0.312500 0.000000
vt 0.375000 0.000000
vt 0.125000 0.000000
vt 0.125000 0.479228
vt 0.125000 0.500000
vt 0.125000 0.519829
vt 0.125000 1.000000
s 1
f 4881/1354/1594 4860/1355/1594 4851/1356/1594 4879/1357/1594
f 4866/1358/1595 4849/1359/1595 4852/1359/1595 4867/1358/1595
f 4862/1360/1596 4850/1361/1596 4855/1361/1596 4863/1360/1596
f 4864/1362/1596 4856/1363/1596 4859/1363/1596 4865/1362/1596
f 4860/1355/1595 4857/1364/1595 4858/1364/1595 4861/1355/1595
f 4882/1365/1594 4866/1358/1594 4857/1364/1594 4880/1366/1594
f 4851/1356/1595 4860/1355/1595 4861/1355/1595 4853/1356/1595
f 4856/1363/1596 4862/1360/1596 4863/1360/1596 4859/1363/1596
f 4880/1366/1594 4857/1364/1594 4860/1355/1594 4881/1354/1594
f 4878/1367/1594 4849/1359/1594 4866/1358/1594 4882/1365/1594
f 4848/1368/1596 4864/1362/1596 4865/1362/1596 4854/1368/1596
f 4857/1364/1595 4866/1358/1595 4867/1358/1595 4858/1364/1595
f 4913/1369/1594 4868/1370/1594 4872/1371/1594 4917/1372/1594
f 4915/1373/1594 4870/1374/1594 4871/1375/1594 4916/1376/1594
f 4917/1372/1594 4872/1371/1594 4870/1374/1594 4915/1373/1594
f 4916/1376/1594 4871/1375/1594 4869/1377/1594 4914/1378/1594
f 4923/1379/1594 4873/1380/1594 4877/1381/1594 4927/1382/1594
f 4925/1383/1594 4875/1384/1594 4876/1385/1594 4926/1386/1594
f 4927/1382/1594 4877/1381/1594 4875/1384/1594 4925/1383/1594
f 4926/1386/1594 4876/1385/1594 4874/1387/1594 4924/1388/1594
f 4932/1389/1594 4878/1367/1594 4882/1365/1594 4931/1390/1594
f 4929/1391/1594 4880/1366/1594 4881/1354/1594 4930/1392/1594
f 4931/1390/1594 4882/1365/1594 4880/1366/1594 4929/1391/1594
f 4930/1392/1594 4881/1354/1594 4879/1357/1594 4928/1393/1594
f 4920/1394/1594 4885/1395/1594 4883/1396/1594 4918/1397/1594
f 4921/1398/1594 4886/1399/1594 4884/1400/1594 4919/1401/1594
f 4919/1401/1594 4884/1400/1594 4885/1395/1594 4920/1394/1594
f 4922/1402/1594 4887/1403/1594 4886/1399/1594 4921/1398/1594
f 4906/1404/1594 4890/1405/1594 4888/1406/1594 4904/1407/1594
f 4907/1408/1594 4891/1409/1594 4889/1410/1594 4905/1411/1594
f 4905/1411/1594 4889/1410/1594 4890/1405/1594 4906/1404/1594
f 4903/1412/1594 4892/1413/1594 4891/1409/1594 4907/1408/1594
f 4910/1414/1594 4896/1415/1594 4894/1416/1594 4908/1417/1594
f 4911/1418/1594 4897/1419/1594 4895/1420/1594 4909/1421/1594
f 4909/1421/1594 4895/1420/1594 4896/1415/1594 4910/1414/1594
f 4912/1422/1594 4893/1423/1594 4897/1419/1594 4911/1418/1594
f 4848/1368/1594 4902/1424/1594 4901/1425/1594 4864/1362/1594
f 4856/1363/1594 4899/1426/1594 4900/1427/1594 4862/1360/1594
f 4864/1362/1594 4901/1425/1594 4899/1426/1594 4856/1363/1594
f 4862/1360/1594 4900/1427/1594 4898/1428/1594 4850/1361/1594
f 4916/1376/1597 4914/1378/1597 4973/1378/1597 4975/1376/1597
f 4899/1426/1594 4905/1411/1594 4906/1404/1594 4900/1427/1594
f 4901/1425/1594 4907/1408/1594 4905/1411/1594 4899/1426/1594
f 4854/1368/1598 4950/1424/1598 4902/1424/1598 4848/1368/1598
f 4889/1410/1594 4909/1421/1594 4910/1414/1594 4890/1405/1594
f 4891/1409/1594 4911/1418/1594 4909/1421/1594 4889/1410/1594
f 4897/1419/1594 4917/1372/1594 4915/1373/1594 4895/1420/1594
f 4895/1420/1594 4915/1373/1594 4916/1376/1594 4896/1415/1594
f 4910/1414/1597 4908/1417/1597 4969/1417/1597 4971/1414/1597
f 4874/1387/1599 4876/1385/1599 4964/1385/1599 4962/1387/1599
f 4870/1374/1594 4919/1401/1594 4920/1394/1594 4871/1375/1594
f 4872/1371/1594 4921/1398/1594 4919/1401/1594 4870/1374/1594
f 4886/1399/1594 4927/1382/1594 4925/1383/1594 4884/1400/1594
f 4884/1400/1594 4925/1383/1594 4926/1386/1594 4885/1395/1594
f 4922/1402/1597 4921/1398/1597 4933/1398/1597 4954/1402/1597
f 4877/1381/1594 4931/1390/1594 4929/1391/1594 4875/1384/1594
f 4875/1384/1594 4929/1391/1594 4930/1392/1594 4876/1385/1594
f 4903/1412/1597 4907/1408/1597 4948/1408/1597 4951/1412/1597
f 4906/1404/1597 4904/1407/1597 4977/1407/1597 4979/1404/1597
f 4877/1381/1599 4873/1380/1599 4938/1380/1599 4937/1381/1599
f 4876/1385/1600 4930/1392/1600 4963/1392/1600 4964/1385/1600
f 4898/1428/1599 4900/1427/1599 4980/1427/1599 4978/1428/1599
f 4892/1413/1601 4903/1412/1601 4951/1412/1601 4944/1413/1601
f 4852/1368/1602 4878/1367/1602 4932/1389/1602 4956/1389/1602
f 4887/1403/1601 4922/1402/1601 4954/1402/1601 4941/1403/1601
f 4912/1422/1601 4952/1422/1601 4947/1423/1601 4893/1423/1601
f 4950/1424/1594 4951/1412/1594 4948/1408/1594 4949/1425/1594
f 4944/1413/1594 4952/1422/1594 4942/1418/1594 4943/1409/1594
f 4947/1423/1594 4953/1369/1594 4945/1372/1594 4946/1419/1594
f 4935/1370/1594 4954/1402/1594 4933/1398/1594 4934/1371/1594
f 4941/1403/1594 4955/1379/1594 4939/1382/1594 4940/1399/1594
f 4938/1380/1594 4956/1389/1594 4936/1390/1594 4937/1381/1594
f 4980/1427/1594 4979/1404/1594 4977/1407/1594 4978/1428/1594
f 4972/1405/1594 4971/1414/1594 4969/1417/1594 4970/1406/1594
f 4976/1415/1594 4975/1376/1594 4973/1378/1594 4974/1416/1594
f 4960/1375/1594 4959/1394/1594 4957/1397/1594 4958/1377/1594
f 4968/1395/1594 4967/1386/1594 4965/1388/1594 4966/1396/1594
f 4964/1385/1594 4963/1392/1594 4961/1393/1594 4962/1387/1594
f 4927/1382/1601 4886/1399/1601 4940/1399/1601 4939/1382/1601
f 4885/1395/1600 4926/1386/1600 4967/1386/1600 4968/1395/1600
f 4907/1408/1601 4901/1425/1601 4949/1425/1601 4948/1408/1601
f 4891/1409/1599 4892/1413/1599 4944/1413/1599 4943/1409/1599
f 4920/1394/1597 4918/1397/1597 4957/1397/1597 4959/1394/1597
f 4921/1398/1601 4872/1371/1601 4934/1371/1601 4933/1398/1601
f 4883/1396/1599 4885/1395/1599 4968/1395/1599 4966/1396/1599
f 4926/1386/1597 4924/1388/1597 4965/1388/1597 4967/1386/1597
f 4872/1371/1599 4868/1370/1599 4935/1370/1599 4934/1371/1599
f 4878/1367/1603 4852/1368/1603 4849/1359/1603
f 4901/1425/1599 4902/1424/1599 4950/1424/1599 4949/1425/1599
f 4930/1392/1597 4928/1393/1597 4961/1393/1597 4963/1392/1597
f 4890/1405/1600 4910/1414/1600 4971/1414/1600 4972/1405/1600
f 4888/1406/1599 4890/1405/1599 4972/1405/1599 4970/1406/1599
f 4886/1399/1599 4887/1403/1599 4941/1403/1599 4940/1399/1599
f 4923/1379/1601 4955/1379/1601 4938/1380/1601 4873/1380/1601
f 4913/1369/1597 4917/1372/1597 4945/1372/1597 4953/1369/1597
f 4932/1389/1597 4931/1390/1597 4936/1390/1597 4956/1389/1597
f 4917/1372/1601 4897/1419/1601 4946/1419/1601 4945/1372/1601
f 4896/1415/1600 4916/1376/1600 4975/1376/1600 4976/1415/1600
f 4912/1422/1597 4911/1418/1597 4942/1418/1597 4952/1422/1597
f 4894/1416/1599 4896/1415/1599 4976/1415/1599 4974/1416/1599
f 4871/1375/1600 4920/1394/1600 4959/1394/1600 4960/1375/1600
f 4913/1369/1601 4953/1369/1601 4935/1370/1601 4868/1370/1601
f 4869/1377/1599 4871/1375/1599 4960/1375/1599 4958/1377/1599
f 4911/1418/1601 4891/1409/1601 4943/1409/1601 4942/1418/1601
f 4900/1427/1600 4906/1404/1600 4979/1404/1600 4980/1427/1600
f 4897/1419/1599 4893/1423/1599 4947/1423/1599 4946/1419/1599
f 4931/1390/1601 4877/1381/1601 4937/1381/1601 4936/1390/1601
f 4923/1379/1597 4927/1382/1597 4939/1382/1597 4955/1379/1597
f 4966/1396/1600 4957/1397/1600 4918/1397/1600 4883/1396/1600
f 4973/1378/1600 4914/1378/1600 4869/1377/1600 4958/1377/1600
f 4969/1417/1600 4908/1417/1600 4894/1416/1600 4974/1416/1600
f 4977/1407/1600 4904/1407/1600 4888/1406/1600 4970/1406/1600
f 4850/1361/1604 4898/1428/1604 4978/1428/1604 4855/1361/1604
f 4853/1356/1605 4961/1393/1605 4928/1393/1605 4851/1356/1605
f 4874/1387/1600 4962/1387/1600 4965/1388/1600 4924/1388/1600
o Plane.022
v 2.371428 8.581676 -19.904716
v 3.076949 8.656329 -19.922474
v 1.921726 9.171494 -19.918049
v 2.492899 9.143272 -19.926880
v 2.050409 8.796832 -19.901905
v 2.492884 9.143375 -23.049103
v 3.077021 8.655725 -20.035496
v 2.371465 8.581363 -20.017706
v 2.050444 8.796514 -20.014860
v 2.492960 9.142642 -19.992790
v 1.921785 9.170858 -20.030897
v 2.371416 8.581845 -22.922600
v 1.921698 9.171654 -22.935757
v 3.076934 8.656522 -22.940357
v 2.492872 9.143444 -22.921921
v 2.341456 8.535745 -22.922611
v 3.046979 8.610339 -23.044779
v 3.046974 8.610420 -22.940369
v 1.894939 9.130277 -19.918049
v 2.023622 8.755614 -19.901905
v 3.050161 8.615111 -20.035431
v 3.050161 8.615111 -19.922474
v 2.344640 8.540459 -19.904716
v 2.344640 8.540459 -20.017673
v 2.023622 8.755614 -20.014862
v 1.894939 9.130277 -20.031006
v 1.921695 9.171682 -23.040207
v 2.050388 8.797020 -23.024168
v 2.371413 8.581874 -23.027048
v 3.076940 8.656440 -23.044773
v 2.050392 8.796991 -22.919720
v 2.341453 8.535773 -23.027060
v 1.891736 9.125582 -23.040218
v 2.020429 8.750919 -23.024181
v 2.020432 8.750891 -22.919731
v 1.891739 9.125553 -22.935768
vn 0.0179 0.0492 0.9986
vn 0.0247 0.0405 0.9989
vn 0.0191 0.0475 0.9987
vn 0.6403 0.7681 -0.0001
vn 0.6404 0.7681 -0.0004
vn 0.0270 -0.0178 0.9995
vn 0.0495 0.9987 -0.0070
vn 0.0489 0.9988 0.0001
vn 0.0489 0.9988 -0.0068
vn 0.0442 -0.0277 -0.9986
vn -0.0063 0.0038 -1.0000
vn 0.0494 0.9988 0.0001
vn 0.0494 0.9988 -0.0000
vn 0.6400 0.7684 -0.0000
vn 0.6403 0.7681 -0.0022
vn 0.8385 -0.5449 0.0005
vn -0.9458 -0.3248 -0.0000
vn 0.1052 -0.9944 -0.0000
vn -0.5567 -0.8307 -0.0000
vn -0.8363 0.5483 -0.0018
vn 0.8363 -0.5483 0.0017
vn -0.0269 0.0165 -0.9995
vn -0.0061 0.0042 -1.0000
vn -0.0270 0.0177 -0.9995
vn -0.0308 -0.0326 -0.9990
vn -0.0299 -0.0328 -0.9990
vn -0.0260 -0.0336 -0.9991
vn -0.0180 -0.0489 -0.9986
vn -0.0215 -0.0346 -0.9992
vn 0.0494 0.9988 -0.0002
vn -0.9457 -0.3249 -0.0000
vn 0.1050 -0.9945 -0.0002
vn -0.5567 -0.8307 -0.0001
vn -0.5567 -0.8307 -0.0002
vn 0.1052 -0.9945 0.0002
vn -0.9458 -0.3249 -0.0001
vn 0.0061 -0.0042 1.0000
vn -0.0434 0.0279 0.9987
vn 0.0433 -0.0279 -0.9987
vn -0.8385 0.5449 0.0002
vn 0.6403 0.7682 -0.0048
vn 0.0061 -0.0040 1.0000
vn -0.0433 0.0282 0.9987
vn 0.0270 -0.0176 0.9995
vn 0.0229 0.0211 0.9995
vn 0.0254 0.0395 0.9989
vt 0.000000 1.000000
vt 0.000000 0.500000
vt 0.000000 0.000000
s 1
f 4983/1429/1606 4985/1430/1607 4984/1431/1608
f 4995/1431/1609 4994/1431/1609 5010/1431/1610 4986/1431/1610
f 4994/1431/1611 4992/1431/1611 4996/1431/1611 4998/1431/1611
f 4983/1431/1612 4984/1431/1612 4990/1431/1613 4991/1431/1614
f 4991/1429/1615 4989/1430/1615 5005/1430/1615 5006/1429/1615
f 4989/1431/1616 4988/1431/1616 5004/1431/1616 5005/1431/1616
f 4991/1431/1614 4990/1431/1613 4995/1431/1617 4993/1431/1618
f 4990/1431/1619 4987/1431/1620 4994/1431/1609 4995/1431/1609
f 5010/1431/1621 4994/1431/1621 4998/1431/1621 4997/1431/1621
f 5000/1430/1622 4999/1429/1622 5006/1429/1622 5005/1430/1622
f 5002/1431/1623 5003/1431/1623 5004/1431/1623 5001/1431/1623
f 5003/1431/1624 5000/1431/1624 5005/1431/1624 5004/1431/1624
f 4983/1431/1625 4991/1431/1625 5006/1431/1625 4999/1431/1625
f 4987/1431/1626 4982/1431/1626 5002/1431/1626 5001/1431/1626
f 4988/1431/1627 4987/1431/1627 5001/1431/1627 5004/1431/1627
f 5008/1431/1628 5009/1431/1628 5012/1431/1628 5014/1431/1628
f 5009/1431/1629 5010/1431/1629 4997/1431/1629 5012/1431/1629
f 5008/1431/1630 4986/1431/1631 5009/1431/1632
f 5008/1431/1633 5007/1429/1633 4986/1431/1633
f 5010/1431/1634 5009/1431/1632 4986/1431/1631
f 4993/1431/1618 4995/1431/1617 4986/1431/1635 5007/1431/1635
f 4989/1430/1636 4991/1429/1636 4993/1429/1636 5011/1430/1636
f 4987/1431/1637 4988/1431/1637 4992/1431/1637 4994/1431/1637
f 4988/1431/1638 4989/1431/1638 5011/1431/1638 4992/1431/1638
f 4996/1431/1639 5015/1431/1639 5014/1431/1639 5012/1431/1639
f 4998/1431/1640 4996/1431/1640 5012/1431/1640 4997/1431/1640
f 5015/1430/1641 5016/1429/1641 5013/1429/1641 5014/1430/1641
f 4992/1431/1642 5011/1431/1642 5015/1431/1642 4996/1431/1642
f 5011/1430/1643 4993/1429/1643 5016/1429/1643 5015/1430/1643
f 5007/1429/1644 5008/1431/1644 5014/1431/1644 5013/1429/1644
f 4993/1431/1645 5007/1431/1645 5013/1431/1645 5016/1431/1645
f 4990/1431/1619 4984/1431/1646 4982/1431/1646 4987/1431/1620
f 5000/1431/1647 5003/1431/1647 4981/1431/1647 4985/1431/1647
f 4983/1431/1648 4999/1431/1648 5000/1431/1648 4985/1431/1648
f 5002/1431/1649 4982/1431/1649 4981/1431/1649 5003/1431/1649
f 4981/1431/1650 4982/1431/1650 4985/1431/1650
f 4984/1431/1608 4985/1431/1607 4982/1431/1651
l 4983 4987
o Plane.023
v 4.931055 6.898925 -4.938491
v 4.862444 2.235799 -4.938491
v 3.830930 7.809658 -4.938491
v 4.538691 1.172494 -4.938491
v 4.931055 6.898926 -0.000012
v 4.862444 2.235799 -0.000011
v 3.830930 7.809658 -0.000012
v 4.589449 1.173600 -0.000011
v 4.862444 2.235799 -2.469251
v 4.589449 1.173600 -2.469251
v 3.830930 7.809658 -2.469251
v 4.931055 6.898926 -0.234917
v 3.830930 7.809658 -0.234917
v 4.862444 2.235799 -0.234916
v 4.589449 1.173600 -0.234916
v 4.862444 2.235799 -0.670630
v 4.589449 1.173600 -0.670630
v 4.931055 6.898926 -0.670631
v 3.830930 7.809658 -0.670631
v 4.862444 2.235799 -4.505565
v 4.589449 1.173600 -4.505566
v 4.931055 6.898925 -4.505566
v 3.830930 7.809658 -4.505566
v 4.678332 1.951546 -4.938491
v 4.678332 1.951546 -0.000011
v 4.678333 1.951546 -2.469251
v 4.678333 1.951546 -0.234916
v 4.678333 1.951546 -0.670630
v 4.678333 1.951546 -4.505565
v 4.879004 3.361284 -4.938491
v 4.879004 3.361284 -0.000011
v 4.879004 3.361284 -2.469251
v 4.879004 3.361284 -0.234916
v 4.879004 3.361284 -0.670630
v 4.879004 3.361284 -4.505566
v 4.608173 7.166222 -4.938491
v 4.608173 7.166222 -0.000012
v 4.608173 7.166222 -2.469251
v 4.608174 7.166222 -0.234917
v 4.608173 7.166222 -0.670631
v 4.608173 7.166222 -4.505566
v 4.916420 5.904275 -4.938491
v 4.916420 5.904276 -0.000011
v 4.916420 5.904276 -0.234916
v 4.916420 5.904276 -0.670630
v 4.916420 5.904275 -4.505566
v 4.877197 3.238475 -4.938491
v 4.877197 3.238475 -0.000011
v 4.877197 3.238475 -2.469251
v 4.877197 3.238475 -0.234916
v 4.877197 3.238475 -0.670630
v 4.877197 3.238475 -4.505566
v 4.875456 3.120182 -4.938491
v 4.875456 3.120182 -0.000011
v 4.875457 3.120182 -2.469251
v 4.875457 3.120182 -0.234916
v 4.875457 3.120182 -0.670630
v 4.875457 3.120182 -4.505565
v 4.862444 2.235799 -4.634277
v 4.589449 1.173600 -4.634278
v 4.931055 6.898925 -4.634277
v 3.830930 7.809658 -4.634278
v 4.678333 1.951546 -4.634277
v 4.879004 3.361284 -4.634277
v 4.608174 7.166222 -4.634277
v 4.916420 5.904275 -4.634277
v 4.877197 3.238475 -4.634277
v 4.875457 3.120182 -4.634277
v 4.862444 2.235799 -4.756497
v 4.589449 1.173600 -4.756497
v 4.678333 1.951546 -4.756497
v 4.879004 3.361284 -4.756497
v 4.916420 5.904275 -4.756497
v 4.877197 3.238475 -4.756497
v 4.875457 3.120182 -4.756497
v 4.931055 6.898925 -4.756497
v 3.830930 7.809658 -4.756497
v 4.608174 7.166222 -4.756497
v 4.511018 7.246651 -4.938491
v 4.511018 7.246651 -0.000012
v 4.511018 7.246651 -2.469251
v 4.511018 7.246651 -0.234917
v 4.511018 7.246651 -0.670631
v 4.511018 7.246651 -4.505566
v 4.511018 7.246651 -4.634277
v 4.511018 7.246651 -4.756497
v 4.400639 7.338027 -4.938491
v 4.400639 7.338028 -0.000012
v 4.400640 7.338028 -2.469251
v 4.400640 7.338028 -0.234917
v 4.400640 7.338028 -0.670631
v 4.400640 7.338027 -4.505566
v 4.400640 7.338027 -4.634277
v 4.400640 7.338027 -4.756497
v 4.931055 6.898926 -0.547245
v 3.830930 7.809658 -0.547245
v 4.862444 2.235799 -0.547244
v 4.589449 1.173600 -0.547244
v 4.678333 1.951546 -0.547244
v 4.879004 3.361284 -0.547244
v 4.608174 7.166222 -0.547245
v 4.916420 5.904276 -0.547244
v 4.877197 3.238475 -0.547244
v 4.875457 3.120182 -0.547244
v 4.511018 7.246651 -0.547245
v 4.400640 7.338028 -0.547245
v 4.931055 6.898926 -0.424545
v 3.830930 7.809658 -0.424545
v 4.608174 7.166222 -0.424545
v 4.511018 7.246651 -0.424545
v 4.400640 7.338028 -0.424545
v 4.862444 2.235799 -0.424544
v 4.589449 1.173600 -0.424544
v 4.678333 1.951546 -0.424544
v 4.879004 3.361284 -0.424544
v 4.916420 5.904276 -0.424544
v 4.877197 3.238475 -0.424544
v 4.875457 3.120182 -0.424544
v 5.340832 2.261014 -4.756497
v 5.340832 2.261014 -4.938491
v 5.385298 5.998767 -4.938491
v 5.399932 6.993419 -4.938491
v 4.869516 7.432519 -4.938491
v 4.299807 7.904150 -4.938491
v 5.093598 1.283565 -4.756497
v 5.093598 1.283565 -4.938491
v 5.520073 1.976762 -4.938491
v 5.399932 6.993419 -0.234917
v 4.299807 7.904151 -0.234917
v 5.520073 1.976762 -0.000011
v 5.093598 1.283565 -0.000011
v 5.385298 5.998768 -0.000011
v 5.340832 2.261014 -0.670630
v 5.340832 2.261014 -2.469251
v 5.093598 1.283565 -0.670630
v 5.093598 1.283565 -2.469251
v 4.299807 7.904150 -4.505566
v 4.299807 7.904151 -2.469252
v 5.520073 1.976762 -2.469251
v 4.869516 7.432520 -2.469251
v 5.399932 6.993419 -0.424545
v 4.299807 7.904151 -0.424545
v 5.340832 2.261014 -0.000011
v 5.340832 2.261014 -0.234916
v 5.093598 1.283565 -0.234916
v 5.385298 5.998768 -0.234916
v 4.869516 7.432520 -0.234917
v 5.340832 2.261014 -0.547244
v 5.093598 1.283565 -0.547244
v 4.299807 7.904151 -0.670631
v 5.500476 1.968408 -0.670630
v 5.385298 5.998768 -0.670630
v 5.399932 6.993419 -0.670631
v 4.869516 7.432520 -0.670631
v 5.340832 2.261014 -4.505565
v 5.093598 1.283565 -4.505565
v 5.399932 6.993419 -4.634277
v 5.399932 6.993419 -4.505566
v 4.299807 7.904150 -4.634277
v 5.520073 1.976762 -4.505565
v 4.869516 7.432519 -4.505566
v 5.385298 5.998767 -4.505566
v 5.520073 1.976762 -4.756497
v 5.500476 1.968408 -0.547244
v 5.346074 3.332967 -4.938491
v 5.347881 3.455775 -4.938491
v 5.346074 3.332967 -0.000011
v 5.347881 3.455776 -0.000011
v 5.346074 3.332967 -2.469251
v 5.347881 3.455776 -2.469251
v 5.346074 3.332967 -0.234916
v 5.347881 3.455776 -0.234916
v 5.346075 3.333006 -0.670630
v 5.346074 3.332967 -4.505566
v 5.347881 3.455776 -4.505566
v 5.347881 3.455776 -0.547327
v 5.347881 3.455775 -4.756497
v 5.077051 7.260714 -4.938491
v 5.077051 7.260714 -0.234917
v 5.077051 7.260714 -0.670631
v 5.077051 7.260714 -4.505566
v 5.077051 7.260714 -2.469251
v 5.077051 7.260714 -0.424545
v 5.077051 7.260714 -4.634277
v 5.385298 5.998767 -4.756497
v 5.385298 5.998768 -0.547244
v 5.344334 3.214674 -4.938491
v 5.344334 3.214674 -0.000011
v 5.344334 3.214674 -2.469251
v 5.344334 3.214674 -0.234916
v 5.344334 3.214674 -0.670630
v 5.344334 3.214674 -4.505566
v 5.346074 3.332967 -0.547244
v 5.346074 3.332967 -4.756497
v 5.344334 3.214674 -0.547244
v 5.344334 3.214674 -4.756497
v 5.340832 2.261014 -4.634277
v 5.093598 1.283565 -4.634278
v 5.399932 6.993419 -4.756497
v 4.299807 7.904150 -4.756497
v 5.520073 1.976762 -4.634277
v 5.347881 3.455776 -4.634277
v 5.077051 7.260714 -4.756497
v 5.385298 5.998767 -4.634277
v 5.346074 3.332967 -4.634277
v 5.344334 3.214674 -4.634277
v 4.869516 7.432519 -4.634277
v 4.869516 7.432519 -4.756497
v 4.979896 7.341144 -4.938491
v 4.979896 7.341144 -2.469251
v 4.979896 7.341144 -0.234917
v 4.979896 7.341144 -0.670631
v 4.979896 7.341144 -4.505566
v 4.979896 7.341144 -4.634277
v 4.979896 7.341144 -4.756497
v 4.979896 7.341144 -0.424545
v 4.869516 7.432520 -0.424545
v 5.399932 6.993419 -0.547245
v 4.299807 7.904151 -0.547245
v 5.340832 2.261014 -0.424544
v 5.093598 1.283565 -0.424544
v 5.347881 3.455776 -0.424544
v 5.077051 7.260714 -0.547245
v 5.385298 5.998768 -0.424544
v 5.346074 3.332967 -0.424544
v 5.344334 3.214674 -0.424544
v 4.979896 7.341144 -0.547245
v 4.869516 7.432520 -0.547245
v 5.288850 3.192074 -2.469251
v 5.290590 3.310367 -2.469251
v 5.288850 3.192074 -0.670630
v 5.290590 3.310367 -0.670630
v 5.288850 3.192074 -4.505566
v 5.290590 3.310367 -4.505566
v 5.290590 3.310367 -0.547244
v 5.288850 3.192074 -0.547244
v 5.344448 6.970819 -4.756497
v 5.344448 6.970819 -4.634277
v 5.021566 7.238113 -4.756497
v 5.021566 7.238113 -4.634277
v 5.290590 3.310367 -4.634277
v 5.288850 3.192074 -4.634277
v 5.292397 3.433177 -4.634277
v 5.329813 5.976169 -4.634277
v 5.292397 3.433177 -4.756497
v 5.329813 5.976169 -4.756497
v 5.290590 3.310367 -4.756497
v 5.288850 3.192074 -4.756497
v 4.924411 7.318543 -4.634277
v 4.924411 7.318543 -4.756497
v 4.924411 7.318543 -4.505566
v 4.924411 7.318544 -2.469251
v 4.924411 7.318544 -0.670631
v 4.814033 7.409921 -2.469251
v 4.814033 7.409921 -0.670631
v 4.814033 7.409921 -4.505566
v 4.814033 7.409921 -4.634277
v 4.814033 7.409921 -4.756497
v 5.292397 3.433177 -0.424544
v 5.292397 3.433177 -0.547244
v 5.329813 5.976169 -0.424544
v 5.329813 5.976169 -0.547244
v 5.290590 3.310367 -0.424544
v 5.288850 3.192074 -0.424544
v 4.924411 7.318544 -0.547245
v 4.814033 7.409921 -0.547245
v 5.021566 7.238114 -0.547245
v 5.344448 6.970819 -0.547245
v 5.344448 6.970819 -0.424545
v 5.021566 7.238114 -0.424545
v 4.924411 7.318544 -0.424545
v 4.814033 7.409921 -0.424545
v 5.310946 6.993419 -0.234917
v 5.310946 6.993419 -0.000012
v 4.210821 7.886754 -0.234917
v 4.210821 7.886754 -0.000012
v 4.780530 7.432520 -0.000012
v 5.296311 5.998768 -0.000011
v 5.296311 5.998768 -0.234916
v 4.780530 7.432520 -0.234917
v 4.988064 7.260714 -0.000012
v 4.988064 7.260714 -0.234917
v 4.890909 7.341144 -0.000012
v 4.890909 7.341144 -0.234917
v 4.889462 4.072037 -0.670630
v 5.358339 4.166529 -0.670630
v 4.658791 1.890413 -0.000011
v 4.658791 1.890413 -2.469251
v 4.658791 1.890413 -0.234916
v 4.658791 1.890413 -0.670630
v 4.658791 1.890413 -4.505565
v 4.658791 1.890413 -4.938491
v 4.658791 1.890413 -4.634277
v 4.658791 1.890413 -4.756497
v 4.658791 1.890413 -0.547244
v 4.658791 1.890413 -0.424544
v 5.500075 1.896271 -0.000011
v 5.500075 1.896271 -2.469251
v 5.500075 1.896271 -0.234916
v 5.500075 1.896271 -0.670630
v 5.500075 1.896271 -4.505565
v 5.500075 1.896271 -4.938491
v 5.500075 1.896271 -4.634277
v 5.500075 1.896271 -4.756497
v 5.500075 1.896271 -0.547244
v 5.500075 1.896271 -0.424544
v 4.862444 2.235799 -0.797526
v 4.589449 1.173600 -0.797526
v 4.678333 1.951546 -0.797526
v 4.879004 3.361284 -0.797526
v 4.877197 3.238475 -0.797526
v 4.875457 3.120182 -0.797526
v 5.340832 2.261014 -0.797526
v 5.093598 1.283565 -0.797526
v 5.500476 1.968408 -0.797526
v 5.346075 3.333003 -0.797526
v 5.344334 3.214674 -0.797526
v 5.290590 3.310367 -0.797526
v 5.288850 3.192074 -0.797526
v 5.347881 3.455776 -2.166046
v 4.879004 3.361284 -2.166046
v 5.500075 1.896271 -0.797526
v 4.658791 1.890413 -0.797526
v 4.862444 2.235799 -0.930303
v 4.589449 1.173600 -0.930303
v 4.678333 1.951546 -0.930303
v 4.879004 3.361284 -0.930303
v 4.877197 3.238475 -0.930303
v 4.875457 3.120182 -0.930303
v 5.340832 2.261014 -0.930303
v 5.093598 1.283565 -0.930303
v 5.346075 3.333000 -0.930303
v 5.344334 3.214674 -0.930303
v 5.290590 3.310367 -0.930303
v 5.288850 3.192074 -0.930303
v 5.500075 1.896271 -0.930303
v 4.658791 1.890413 -0.930303
v 4.962018 3.137626 -0.000011
v 4.728301 1.194106 -0.670630
v 4.962018 3.137625 -4.938491
v 4.728301 1.194106 -4.756497
v 3.917492 7.827103 -0.670631
v 3.917492 7.827103 -0.234917
v 4.728301 1.194106 -4.634278
v 4.963759 3.255919 -0.000011
v 4.963759 3.255919 -4.938491
v 5.017616 6.916370 -4.938491
v 5.002982 5.921721 -0.000011
v 4.965566 3.378729 -0.000011
v 4.987169 2.240453 -4.938491
v 3.917492 7.827103 -0.547245
v 3.917492 7.827103 -0.424545
v 3.917492 7.827103 -4.505566
v 3.917492 7.827103 -2.469251
v 4.694736 7.183666 -4.938491
v 4.597580 7.264095 -4.938491
v 4.965566 3.378729 -4.938491
v 5.002982 5.921721 -4.938491
v 4.728301 1.194106 -0.547244
v 4.987169 2.240454 -0.000011
v 4.922517 1.956202 -0.000011
v 4.728301 1.194106 -4.505566
v 4.728301 1.194106 -0.000011
v 4.728301 1.194106 -2.469251
v 4.728301 1.194106 -0.424544
v 4.728301 1.194106 -0.234916
v 4.677542 1.193000 -4.938491
v 4.922517 1.956202 -4.938491
v 4.487201 7.355473 -4.938491
v 3.917492 7.827103 -4.938491
v 3.917492 7.827103 -4.756497
v 3.917492 7.827103 -4.634278
v 4.892375 1.891494 -4.938491
v 4.892375 1.891494 -0.000011
v 4.728301 1.194106 -0.797526
v 4.728301 1.194106 -0.930303
v 5.500476 1.968408 -0.234916
v 5.052458 1.335950 -0.234916
v 5.052458 1.335950 -0.547244
v 5.052458 1.335950 -0.670630
v 5.052458 1.335950 -0.424544
v 5.500476 1.968408 -0.424544
v 4.687161 1.246490 -0.670630
v 4.687161 1.246490 -0.547244
v 4.687161 1.246490 -0.424544
v 4.687161 1.246490 -0.234916
v 5.052458 1.335950 -0.797526
v 5.052458 1.335950 -0.930303
v 5.500476 1.968408 -0.930303
v 4.687161 1.246490 -0.797526
v 4.687161 1.246490 -0.930303
vn -0.9999 0.0147 -0.0000
vn -0.6377 -0.7703 -0.0000
vn -0.9954 0.0963 -0.0000
vn -0.8393 0.5436 -0.0000
vn -0.9821 0.1297 0.1366
vn -0.1976 0.9803 -0.0000
vn -0.0000 -0.0000 1.0000
vn 0.1976 -0.9803 -0.0000
vn -0.0000 -0.0000 -1.0000
vn 1.0000 -0.0074 -0.0000
vn 1.0000 -0.0037 -0.0000
vn 1.0000 -0.0092 -0.0000
vn 0.6377 0.7703 -0.0000
vn 0.8333 -0.5528 -0.0000
vn 0.8459 0.5334 -0.0000
vn 0.8778 0.4789 -0.0000
vn 0.8614 0.5060 -0.0449
vn 0.9999 -0.0147 -0.0000
vn -0.3772 0.9261 -0.0000
vn 0.3772 -0.9261 -0.0000
vn 0.3777 -0.9259 -0.0000
vn 0.3776 -0.9260 -0.0001
vn 0.3775 -0.9260 -0.0001
vn 0.3773 -0.9261 -0.0000
vn 0.0006 0.0003 1.0000
vn 0.0007 0.0001 1.0000
vn 0.0007 0.0002 1.0000
vn 0.0006 -0.0000 1.0000
vn 0.0005 -0.0000 1.0000
vn 0.6234 0.7819 -0.0000
vn -0.0000 1.0000 -0.0000
vn -0.1989 0.9800 -0.0000
vn -0.1792 0.8890 -0.4213
vn -0.0000 -0.0000 -0.0000
vn -0.2500 0.0011 0.9682
vn 0.2379 -0.9713 -0.0000
vn 0.7865 0.6176 -0.0000
vn 0.2244 -0.9741 -0.0283
vn 1.0000 -0.0056 -0.0000
vn 0.9705 -0.2411 -0.0000
vn 0.9904 -0.1324 -0.0390
vn -0.9525 0.3045 -0.0000
vn 0.3776 -0.9260 -0.0000
vn 0.8622 0.5065 0.0069
vn 0.9912 -0.1325 0.0060
vn 0.1461 -0.9893 -0.0000
vn 0.1460 -0.9887 -0.0347
vn 0.8160 -0.5780 -0.0000
vt 0.810346 0.981574
vt 0.810346 1.000000
vt 1.000000 1.000000
vt 1.000000 0.981574
vt 0.000000 0.981574
vt 0.000000 1.000000
vt 1.000000 0.523783
vt 1.000000 0.500000
vt 1.000000 0.956168
vt 1.000000 0.750000
vt 0.000000 0.567897
vt 0.000000 0.750000
vt 0.810346 0.594188
vt 0.810346 0.750000
vt 1.000000 0.594188
vt 0.810346 0.500000
vt 0.810346 0.523783
vt 0.000000 0.500000
vt 0.000000 0.523783
vt 1.000000 0.542982
vt 1.000000 0.580745
vt 1.000000 0.567897
vt 0.810346 0.555405
vt 0.810346 0.567897
vt 1.000000 0.555405
vt 0.000000 0.555405
vt 1.000000 0.969200
vt 0.000000 0.956168
vt 0.810346 0.956168
vt 0.213301 0.555405
vt 0.213301 0.567897
vt 0.758642 0.567897
vt 0.758642 0.555405
vt 0.213301 0.500000
vt 0.213301 0.523783
vt 0.758642 0.523783
vt 0.758642 0.500000
vt 0.213301 0.981574
vt 0.213301 1.000000
vt 0.758642 1.000000
vt 0.758642 0.981574
vt 0.758642 0.750000
vt 0.758642 0.956168
vt 0.784978 0.956168
vt 0.784978 0.750000
vt 0.784978 0.567897
vt 0.784978 0.555405
vt 0.784978 0.523783
vt 0.784978 0.500000
vt 0.758642 0.594188
vt 0.784978 0.594188
vt 0.784978 1.000000
vt 0.784978 0.981574
vt 0.784978 0.969200
vt 0.810346 0.969200
vt 0.758642 0.969200
vt 0.000000 0.969200
vt 0.213301 0.969200
vt 0.213301 0.956168
vt 0.000000 0.542982
vt 0.784978 0.542982
vt 0.810346 0.542982
vt 0.758642 0.542982
vt 0.213301 0.542982
vt 0.810345 0.500000
vt 0.784978 0.580745
vt 0.606222 0.567897
vt 0.758642 0.679674
vt 0.758642 0.716933
vt 0.644327 0.567897
vt 0.758642 0.555430
vt 0.784953 0.567897
vt 0.758642 0.580745
vt 0.758642 0.718204
vt 0.758642 0.721707
vt 0.810346 0.580745
vt 0.758642 0.719266
s 1
f 5091/1432/1652 5069/1433/1652 5018/1434/1652 5085/1435/1652
f 5110/1436/1653 5093/1436/1653 5019/1437/1653 5103/1437/1653
f 5305/1438/1654 5031/1438/1654 5024/1439/1654 5303/1439/1654
f 5307/1440/1654 5037/1440/1654 5026/1441/1654 5304/1441/1654
f 5107/1442/1653 5035/1442/1653 5027/1443/1653 5105/1443/1653
f 5345/1444/1652 5071/1445/1652 5025/1441/1652 5340/1446/1652
f 5070/1447/1652 5072/1448/1652 5030/1438/1652 5022/1439/1652
f 5104/1449/1653 5023/1449/1653 5029/1450/1653 5106/1450/1653
f 5312/1451/1654 5129/1451/1654 5031/1438/1654 5305/1438/1654
f 5339/1452/1654 5324/1452/1654 5033/1453/1654 5306/1453/1654
f 5120/1454/1652 5073/1455/1652 5032/1453/1652 5113/1456/1652
f 5122/1457/1653 5112/1457/1653 5035/1442/1653 5107/1442/1653
f 5309/1458/1654 5076/1458/1654 5037/1440/1654 5307/1440/1654
f 5105/1443/1653 5027/1443/1653 5039/1459/1653 5108/1459/1653
f 5071/1445/1652 5074/1460/1652 5036/1440/1652 5025/1441/1652
f 5075/1458/1655 5079/1458/1655 5045/1440/1655 5036/1440/1655
f 5323/1452/1655 5325/1452/1655 5044/1453/1655 5032/1453/1655
f 5128/1451/1655 5130/1451/1655 5043/1438/1655 5030/1438/1655
f 5036/1440/1655 5045/1440/1655 5042/1441/1655 5025/1441/1655
f 5030/1438/1655 5043/1438/1655 5041/1439/1655 5022/1439/1655
f 5118/1461/1652 5061/1462/1652 5050/1463/1652 5116/1464/1652
f 5059/1465/1652 5060/1466/1652 5049/1467/1652 5047/1468/1652
f 5089/1469/1652 5058/1470/1652 5046/1471/1652 5088/1472/1652
f 5111/1457/1653 5117/1457/1653 5056/1442/1653 5034/1442/1653
f 5021/1449/1653 5053/1449/1653 5055/1450/1653 5028/1450/1653
f 5092/1436/1653 5094/1436/1653 5052/1437/1653 5017/1437/1653
f 5092/1436/1652 5017/1437/1652 5058/1470/1652 5089/1469/1652
f 5021/1449/1652 5028/1450/1652 5060/1466/1652 5059/1465/1652
f 5111/1457/1652 5034/1442/1652 5061/1462/1652 5118/1461/1652
f 5048/1473/1652 5051/1474/1652 5068/1475/1652 5065/1476/1652
f 5116/1464/1652 5050/1463/1652 5067/1477/1652 5119/1478/1652
f 5047/1468/1652 5049/1467/1652 5066/1479/1652 5064/1480/1652
f 5343/1481/1652 5048/1473/1652 5065/1476/1652 5344/1482/1652
f 5088/1472/1652 5046/1471/1652 5063/1483/1652 5090/1484/1652
f 5065/1476/1652 5068/1475/1652 5074/1460/1652 5071/1445/1652
f 5119/1478/1652 5067/1477/1652 5073/1455/1652 5120/1454/1652
f 5064/1480/1652 5066/1479/1652 5072/1448/1652 5070/1447/1652
f 5344/1482/1652 5065/1476/1652 5071/1445/1652 5345/1444/1652
f 5090/1484/1652 5063/1483/1652 5069/1433/1652 5091/1432/1652
f 5068/1475/1652 5083/1485/1652 5084/1486/1652 5074/1460/1652
f 5051/1474/1652 5080/1487/1652 5083/1485/1652 5068/1475/1652
f 5038/1459/1652 5077/1488/1652 5082/1489/1652 5062/1490/1652
f 5038/1459/1653 5057/1459/1653 5081/1488/1653 5077/1488/1653
f 5062/1490/1652 5082/1489/1652 5080/1487/1652 5051/1474/1652
f 5085/1435/1655 5087/1435/1655 5079/1458/1655 5075/1458/1655
f 5310/1435/1654 5086/1435/1654 5076/1458/1654 5309/1458/1654
f 5108/1459/1653 5039/1459/1653 5078/1488/1653 5109/1488/1653
f 5074/1460/1652 5084/1486/1652 5075/1458/1652 5036/1440/1652
f 5308/1434/1656 5020/1434/1656 5086/1435/1656 5310/1435/1656
f 5018/1434/1655 5040/1434/1655 5087/1435/1655 5085/1435/1655
f 5083/1485/1652 5090/1484/1652 5091/1432/1652 5084/1486/1652
f 5080/1487/1652 5088/1472/1652 5090/1484/1652 5083/1485/1652
f 5077/1488/1652 5092/1436/1652 5089/1469/1652 5082/1489/1652
f 5077/1488/1653 5081/1488/1653 5094/1436/1653 5092/1436/1653
f 5082/1489/1652 5089/1469/1652 5088/1472/1652 5080/1487/1652
f 5109/1488/1653 5078/1488/1653 5093/1436/1653 5110/1436/1653
f 5084/1486/1652 5091/1432/1652 5085/1435/1652 5075/1458/1652
f 5081/1488/1653 5101/1488/1653 5102/1436/1653 5094/1436/1653
f 5057/1459/1653 5100/1459/1653 5101/1488/1653 5081/1488/1653
f 5054/1443/1653 5097/1443/1653 5100/1459/1653 5057/1459/1653
f 5117/1457/1653 5121/1457/1653 5099/1442/1653 5056/1442/1653
f 5053/1449/1653 5096/1449/1653 5098/1450/1653 5055/1450/1653
f 5056/1442/1653 5099/1442/1653 5097/1443/1653 5054/1443/1653
f 5094/1436/1653 5102/1436/1653 5095/1437/1653 5052/1437/1653
f 5101/1488/1653 5109/1488/1653 5110/1436/1653 5102/1436/1653
f 5100/1459/1653 5108/1459/1653 5109/1488/1653 5101/1488/1653
f 5097/1443/1653 5105/1443/1653 5108/1459/1653 5100/1459/1653
f 5121/1457/1653 5122/1457/1653 5107/1442/1653 5099/1442/1653
f 5096/1449/1653 5104/1449/1653 5106/1450/1653 5098/1450/1653
f 5099/1442/1653 5107/1442/1653 5105/1443/1653 5097/1443/1653
f 5102/1436/1653 5110/1436/1653 5103/1437/1653 5095/1437/1653
f 5126/1491/1653 5127/1491/1653 5122/1457/1653 5121/1457/1653
f 5125/1491/1653 5126/1491/1653 5121/1457/1653 5117/1457/1653
f 5133/1492/1652 5119/1478/1652 5120/1454/1652 5134/1493/1652
f 5131/1494/1652 5116/1464/1652 5119/1478/1652 5133/1492/1652
f 5123/1491/1652 5111/1457/1652 5118/1461/1652 5132/1495/1652
f 5123/1491/1653 5125/1491/1653 5117/1457/1653 5111/1457/1653
f 5132/1495/1652 5118/1461/1652 5116/1464/1652 5131/1494/1652
f 5032/1453/1655 5044/1453/1655 5115/1456/1655 5113/1456/1655
f 5127/1491/1653 5124/1491/1653 5112/1457/1653 5122/1457/1653
f 5134/1493/1652 5120/1454/1652 5113/1456/1652 5128/1451/1652
f 5306/1453/1654 5033/1453/1654 5114/1456/1654 5311/1456/1654
f 5072/1448/1652 5134/1493/1652 5128/1451/1652 5030/1438/1652
f 5106/1450/1653 5029/1450/1653 5124/1491/1653 5127/1491/1653
f 5060/1466/1652 5132/1495/1652 5131/1494/1652 5049/1467/1652
f 5028/1450/1653 5055/1450/1653 5125/1491/1653 5123/1491/1653
f 5028/1450/1652 5123/1491/1652 5132/1495/1652 5060/1466/1652
f 5049/1467/1652 5131/1494/1652 5133/1492/1652 5066/1479/1652
f 5066/1479/1652 5133/1492/1652 5134/1493/1652 5072/1448/1652
f 5055/1450/1653 5098/1450/1653 5126/1491/1653 5125/1491/1653
f 5098/1450/1653 5106/1450/1653 5127/1491/1653 5126/1491/1653
f 5113/1456/1655 5115/1456/1655 5130/1451/1655 5128/1451/1655
f 5311/1456/1654 5114/1456/1654 5129/1451/1654 5312/1451/1654
f 5051/1474/1657 5048/1473/1657 5186/1473/1657 5191/1474/1657
f 5038/1459/1658 5062/1490/1658 5178/1490/1658 5174/1459/1658
f 5361/1480/1658 5354/1496/1658 5204/1447/1658 5183/1480/1658
f 5354/1496/1658 5376/1439/1658 5159/1439/1658 5204/1447/1658
f 5054/1443/1659 5057/1459/1659 5197/1459/1659 5198/1443/1659
f 5061/1462/1660 5034/1442/1660 5169/1442/1660 5168/1462/1660
f 5356/1433/1660 5362/1483/1660 5181/1483/1660 5203/1433/1660
f 5366/1434/1660 5356/1433/1660 5203/1433/1660 5136/1434/1660
f 5057/1459/1658 5038/1459/1658 5174/1459/1658 5197/1459/1658
f 5368/1491/1657 5359/1450/1657 5145/1450/1657 5158/1491/1657
f 5390/1439/1658 5379/1439/1658 5147/1439/1658 5313/1439/1658
f 5034/1442/1660 5056/1442/1660 5196/1442/1660 5169/1442/1660
f 5374/1470/1660 5363/1437/1660 5138/1437/1660 5137/1470/1660
f 5358/1442/1657 5367/1457/1657 5235/1457/1657 5166/1442/1657
f 5370/1443/1657 5358/1442/1657 5166/1442/1657 5154/1443/1657
f 5062/1490/1658 5051/1474/1658 5191/1474/1658 5178/1490/1658
f 5023/1449/1658 5104/1449/1658 5293/1449/1658 5292/1449/1658
f 5365/1468/1658 5361/1480/1658 5183/1480/1658 5184/1468/1658
f 5386/1437/1657 5387/1436/1657 5216/1436/1657 5140/1437/1657
f 5372/1437/1660 5385/1437/1660 5139/1437/1660 5225/1437/1660
f 5362/1483/1660 5373/1471/1660 5182/1471/1660 5181/1483/1660
f 5363/1437/1660 5371/1437/1660 5194/1437/1660 5138/1437/1660
f 5364/1465/1658 5365/1468/1658 5184/1468/1658 5148/1465/1658
f 5384/1434/1660 5366/1434/1660 5136/1434/1660 5143/1434/1660
f 5367/1457/1657 5368/1491/1657 5158/1491/1657 5235/1457/1657
f 5388/1488/1657 5369/1459/1657 5153/1459/1657 5175/1488/1657
f 5369/1459/1657 5370/1443/1657 5154/1443/1657 5153/1459/1657
f 5371/1437/1660 5372/1437/1660 5225/1437/1660 5194/1437/1660
f 5373/1471/1660 5374/1470/1660 5137/1470/1660 5182/1471/1660
f 5376/1439/1658 5377/1439/1658 5146/1439/1658 5159/1439/1658
f 5056/1442/1659 5054/1443/1659 5198/1443/1659 5196/1442/1659
f 5389/1434/1660 5384/1434/1660 5143/1434/1660 5318/1434/1660
f 5385/1437/1660 5386/1437/1660 5140/1437/1660 5139/1437/1660
f 5387/1436/1657 5388/1488/1657 5175/1488/1657 5216/1436/1657
f 5212/1432/1661 5135/1435/1662 5136/1434/1662 5203/1433/1663
f 5224/1436/1664 5139/1437/1664 5140/1437/1664 5216/1436/1664
f 5315/1438/1665 5313/1439/1665 5147/1439/1665 5161/1438/1665
f 5317/1440/1665 5314/1441/1665 5152/1441/1665 5172/1440/1665
f 5170/1442/1664 5156/1443/1664 5154/1443/1664 5166/1442/1664
f 5349/1444/1662 5346/1446/1662 5150/1441/1662 5205/1445/1662
f 5204/1447/1663 5159/1439/1662 5160/1438/1662 5206/1448/1663
f 5144/1450/1658 5195/1450/1658 5298/1450/1658 5289/1450/1658
f 5161/1438/1660 5382/1438/1660 5402/1438/1660 5394/1438/1660
f 5338/1452/1665 5316/1453/1665 5151/1453/1665 5330/1452/1665
f 5211/1454/1662 5164/1456/1662 5149/1453/1662 5207/1455/1662
f 5244/1457/1664 5170/1442/1664 5166/1442/1664 5235/1457/1664
f 5319/1458/1665 5317/1440/1665 5172/1440/1665 5214/1458/1665
f 5156/1443/1664 5177/1459/1664 5153/1459/1664 5154/1443/1664
f 5205/1445/1662 5150/1441/1662 5171/1440/1662 5208/1460/1662
f 5213/1458/1666 5171/1440/1666 5176/1440/1666 5217/1458/1666
f 5329/1452/1667 5149/1453/1667 5167/1453/1667 5331/1452/1667
f 5236/1451/1667 5160/1438/1667 5393/1438/1667 5398/1451/1667
f 5171/1440/1666 5150/1441/1666 5155/1441/1666 5176/1440/1666
f 5160/1438/1668 5159/1439/1668 5146/1439/1668 5393/1438/1668
f 5148/1465/1669 5184/1468/1669 5188/1467/1669 5162/1466/1669
f 5201/1469/1669 5193/1472/1669 5182/1471/1669 5137/1470/1669
f 5234/1457/1664 5169/1442/1664 5196/1442/1664 5239/1457/1664
f 5096/1449/1658 5053/1449/1658 5297/1449/1658 5299/1449/1658
f 5215/1436/1664 5138/1437/1664 5194/1437/1664 5219/1436/1664
f 5215/1436/1669 5201/1469/1669 5137/1470/1669 5138/1437/1669
f 5053/1449/1658 5021/1449/1658 5290/1449/1658 5297/1449/1658
f 5234/1457/1669 5202/1461/1669 5168/1462/1669 5169/1442/1669
f 5186/1473/1669 5185/1476/1669 5190/1475/1669 5191/1474/1669
f 5184/1468/1669 5183/1480/1669 5187/1479/1669 5188/1467/1669
f 5193/1472/1669 5210/1484/1669 5181/1483/1669 5182/1471/1669
f 5183/1480/1669 5204/1447/1663 5206/1448/1663 5187/1479/1669
f 5210/1484/1669 5212/1432/1661 5203/1433/1663 5181/1483/1669
f 5191/1474/1669 5190/1475/1669 5221/1485/1669 5218/1487/1669
f 5174/1459/1669 5178/1490/1669 5220/1489/1669 5173/1488/1669
f 5174/1459/1664 5173/1488/1664 5200/1488/1664 5197/1459/1664
f 5178/1490/1669 5191/1474/1669 5218/1487/1669 5220/1489/1669
f 5135/1435/1666 5213/1458/1666 5217/1458/1666 5179/1435/1666
f 5320/1435/1665 5319/1458/1665 5214/1458/1665 5141/1435/1665
f 5177/1459/1664 5223/1488/1664 5175/1488/1664 5153/1459/1664
f 5208/1460/1662 5171/1440/1662 5213/1458/1662 5222/1486/1662
f 5318/1434/1665 5320/1435/1665 5141/1435/1665 5142/1434/1665
f 5136/1434/1666 5135/1435/1666 5179/1435/1666 5143/1434/1666
f 5223/1488/1664 5224/1436/1664 5216/1436/1664 5175/1488/1664
f 5222/1486/1662 5213/1458/1662 5135/1435/1662 5212/1432/1661
f 5197/1459/1664 5200/1488/1664 5230/1488/1664 5229/1459/1664
f 5198/1443/1664 5197/1459/1664 5229/1459/1664 5226/1443/1664
f 5239/1457/1664 5196/1442/1664 5228/1442/1664 5243/1457/1664
f 5227/1450/1658 5163/1450/1658 5296/1450/1658 5300/1450/1658
f 5196/1442/1664 5198/1443/1664 5226/1443/1664 5228/1442/1664
f 5219/1436/1664 5194/1437/1664 5225/1437/1664 5231/1436/1664
f 5163/1450/1658 5145/1450/1658 5291/1450/1658 5296/1450/1658
f 5231/1436/1664 5225/1437/1664 5139/1437/1664 5224/1436/1664
f 5149/1453/1667 5164/1456/1667 5180/1456/1667 5167/1453/1667
f 5233/1491/1664 5244/1457/1664 5235/1457/1664 5158/1491/1664
f 5242/1493/1661 5236/1451/1662 5164/1456/1662 5211/1454/1662
f 5381/1451/1658 5237/1451/1658 5397/1451/1658 5401/1451/1658
f 5206/1448/1663 5160/1438/1662 5236/1451/1662 5242/1493/1661
f 5163/1450/1664 5233/1491/1664 5158/1491/1664 5145/1450/1664
f 5162/1466/1669 5188/1467/1669 5238/1494/1669 5240/1495/1669
f 5144/1450/1664 5157/1491/1664 5199/1491/1664 5195/1450/1664
f 5144/1450/1669 5162/1466/1669 5240/1495/1669 5157/1491/1669
f 5188/1467/1669 5187/1479/1669 5241/1492/1669 5238/1494/1669
f 5187/1479/1669 5206/1448/1663 5242/1493/1661 5241/1492/1669
f 5195/1450/1664 5199/1491/1664 5232/1491/1664 5227/1450/1664
f 5227/1450/1664 5232/1491/1664 5233/1491/1664 5163/1450/1664
f 5164/1456/1667 5236/1451/1667 5398/1451/1667 5180/1456/1667
f 5321/1456/1665 5322/1451/1665 5237/1451/1665 5165/1456/1665
f 5238/1494/1660 5241/1492/1660 5279/1492/1660 5275/1494/1660
f 5349/1444/1670 5205/1445/1670 5245/1445/1670 5351/1444/1670
f 5222/1486/1670 5212/1432/1670 5264/1432/1670 5258/1486/1670
f 5157/1491/1660 5240/1495/1660 5277/1495/1660 5285/1491/1660
f 5211/1454/1670 5207/1455/1670 5247/1455/1670 5252/1454/1670
f 5170/1442/1671 5244/1457/1671 5282/1457/1671 5271/1442/1671
f 5199/1491/1660 5157/1491/1660 5285/1491/1660 5286/1491/1660
f 5205/1445/1670 5208/1460/1670 5249/1460/1670 5245/1445/1670
f 5243/1457/1670 5228/1442/1670 5269/1442/1670 5281/1457/1670
f 5240/1495/1660 5238/1494/1660 5275/1494/1660 5277/1495/1660
f 5228/1442/1670 5226/1443/1670 5268/1443/1670 5269/1442/1670
f 5332/1497/1672 5189/1477/1673 5248/1477/1673 5334/1497/1672
f 5242/1493/1670 5211/1454/1670 5252/1454/1670 5280/1493/1670
f 5244/1457/1671 5233/1491/1671 5288/1491/1671 5282/1457/1671
f 5226/1443/1670 5229/1459/1670 5267/1459/1670 5268/1443/1670
f 5189/1477/1673 5209/1478/1674 5251/1478/1674 5248/1477/1673
f 5220/1489/1660 5218/1487/1660 5259/1487/1660 5260/1489/1660
f 5229/1459/1670 5230/1488/1670 5265/1488/1670 5267/1459/1670
f 5190/1475/1671 5185/1476/1675 5246/1476/1675 5250/1475/1671
f 5200/1488/1660 5173/1488/1660 5254/1488/1660 5256/1488/1660
f 5173/1488/1660 5220/1489/1660 5260/1489/1660 5254/1488/1660
f 5219/1436/1658 5231/1436/1658 5266/1436/1658 5255/1436/1658
f 5246/1476/1669 5245/1445/1669 5249/1460/1669 5250/1475/1669
f 5251/1478/1669 5252/1454/1669 5247/1455/1669 5248/1477/1669
f 5350/1482/1669 5351/1444/1669 5245/1445/1669 5246/1476/1669
f 5250/1475/1669 5249/1460/1669 5258/1486/1669 5257/1485/1669
f 5257/1485/1669 5258/1486/1669 5264/1432/1669 5263/1484/1669
f 5259/1487/1669 5257/1485/1669 5263/1484/1669 5261/1472/1669
f 5254/1488/1669 5260/1489/1669 5262/1469/1669 5253/1436/1669
f 5254/1488/1664 5253/1436/1664 5255/1436/1664 5256/1488/1664
f 5260/1489/1669 5259/1487/1669 5261/1472/1669 5262/1469/1669
f 5256/1488/1664 5255/1436/1664 5266/1436/1664 5265/1488/1664
f 5265/1488/1664 5266/1436/1664 5274/1436/1664 5273/1488/1664
f 5267/1459/1664 5265/1488/1664 5273/1488/1664 5272/1459/1664
f 5268/1443/1664 5267/1459/1664 5272/1459/1664 5270/1443/1664
f 5281/1457/1664 5269/1442/1664 5271/1442/1664 5282/1457/1664
f 5269/1442/1664 5268/1443/1664 5270/1443/1664 5271/1442/1664
f 5287/1491/1664 5281/1457/1664 5282/1457/1664 5288/1491/1664
f 5286/1491/1664 5283/1457/1664 5281/1457/1664 5287/1491/1664
f 5279/1492/1669 5280/1493/1669 5252/1454/1669 5251/1478/1669
f 5275/1494/1669 5279/1492/1669 5251/1478/1669 5276/1464/1669
f 5285/1491/1669 5277/1495/1669 5278/1461/1669 5284/1457/1669
f 5285/1491/1664 5284/1457/1664 5283/1457/1664 5286/1491/1664
f 5277/1495/1669 5275/1494/1669 5276/1464/1669 5278/1461/1669
f 5212/1432/1658 5210/1484/1658 5263/1484/1658 5264/1432/1658
f 5239/1457/1658 5243/1457/1658 5281/1457/1658 5283/1457/1658
f 5241/1492/1660 5242/1493/1660 5280/1493/1660 5279/1492/1660
f 5210/1484/1658 5193/1472/1658 5261/1472/1658 5263/1484/1658
f 5231/1436/1658 5224/1436/1658 5274/1436/1658 5266/1436/1658
f 5232/1491/1660 5199/1491/1660 5286/1491/1660 5287/1491/1660
f 5201/1469/1658 5215/1436/1658 5253/1436/1658 5262/1469/1658
f 5209/1478/1676 5192/1464/1677 5276/1464/1678 5251/1478/1676
f 5221/1485/1671 5190/1475/1671 5250/1475/1671 5257/1485/1671
f 5224/1436/1671 5223/1488/1671 5273/1488/1671 5274/1436/1671
f 5233/1491/1660 5232/1491/1660 5287/1491/1660 5288/1491/1660
f 5215/1436/1658 5219/1436/1658 5255/1436/1658 5253/1436/1658
f 5202/1461/1679 5234/1457/1658 5284/1457/1658 5278/1461/1680
f 5208/1460/1670 5222/1486/1670 5258/1486/1670 5249/1460/1670
f 5223/1488/1671 5177/1459/1671 5272/1459/1671 5273/1488/1671
f 5193/1472/1658 5201/1469/1658 5262/1469/1658 5261/1472/1658
f 5234/1457/1658 5239/1457/1658 5283/1457/1658 5284/1457/1658
f 5177/1459/1671 5156/1443/1671 5270/1443/1671 5272/1459/1671
f 5230/1488/1660 5200/1488/1660 5256/1488/1660 5265/1488/1660
f 5192/1464/1677 5202/1461/1679 5278/1461/1680 5276/1464/1678
f 5218/1487/1660 5221/1485/1660 5257/1485/1660 5259/1487/1660
f 5156/1443/1671 5170/1442/1671 5271/1442/1671 5270/1443/1671
f 5293/1449/1681 5296/1450/1681 5291/1450/1681 5292/1449/1681
f 5290/1449/1664 5289/1450/1664 5298/1450/1664 5297/1449/1664
f 5290/1449/1669 5294/1465/1669 5295/1466/1669 5289/1450/1669
f 5297/1449/1664 5298/1450/1664 5300/1450/1664 5299/1449/1664
f 5299/1449/1664 5300/1450/1664 5296/1450/1664 5293/1449/1664
f 5104/1449/1658 5096/1449/1658 5299/1449/1658 5293/1449/1658
f 5021/1449/1658 5059/1465/1658 5294/1465/1658 5290/1449/1658
f 5148/1465/1682 5162/1466/1682 5295/1466/1682 5294/1465/1682
f 5195/1450/1658 5227/1450/1658 5300/1450/1658 5298/1450/1658
f 5162/1466/1658 5144/1450/1658 5289/1450/1658 5295/1466/1658
f 5148/1465/1658 5294/1465/1658 5059/1465/1658 5364/1465/1658
f 5023/1449/1683 5292/1449/1683 5291/1450/1683 5029/1450/1683
f 5301/1498/1652 5337/1499/1652 5050/1463/1652
f 5336/1500/1669 5302/1501/1669 5192/1502/1669 5189/1503/1669
f 5301/1498/1684 5302/1501/1684 5336/1500/1684 5337/1499/1684
s 0
f 5048/1473/1685 5343/1481/1685 5326/1504/1685 5050/1463/1685 5337/1505/1685
s 1
f 5301/1498/1660 5061/1462/1660 5168/1462/1660 5302/1501/1660
f 5050/1463/1686 5061/1462/1686 5301/1498/1686
f 5202/1461/1669 5192/1502/1669 5302/1501/1669 5168/1462/1669
f 5336/1506/1669 5348/1482/1669 5185/1476/1669 5186/1473/1669
f 5192/1464/1669 5209/1478/1669 5189/1503/1669
f 5382/1438/1687 5161/1438/1687 5147/1439/1687 5379/1439/1687
f 5382/1438/1688 5381/1451/1688 5401/1451/1688 5402/1438/1688
f 5375/1456/1687 5165/1456/1687 5237/1451/1687 5381/1451/1687
f 5315/1438/1660 5161/1438/1660 5394/1438/1660 5393/1438/1660
f 5391/1452/1687 5330/1452/1687 5151/1453/1687 5355/1453/1687
f 5378/1440/1687 5172/1440/1687 5152/1441/1687 5380/1441/1687
f 5360/1458/1687 5214/1458/1687 5172/1440/1687 5378/1440/1687
f 5357/1435/1687 5141/1435/1687 5214/1458/1687 5360/1458/1687
f 5383/1434/1689 5142/1434/1689 5141/1435/1689 5357/1435/1689
f 5180/1456/1690 5398/1451/1690 5322/1451/1690 5321/1456/1690
f 5167/1453/1690 5180/1456/1690 5321/1456/1690 5316/1453/1690
f 5143/1434/1691 5179/1435/1691 5320/1435/1691 5318/1434/1691
f 5179/1435/1691 5217/1458/1691 5319/1458/1691 5320/1435/1691
f 5217/1458/1691 5176/1440/1691 5317/1440/1691 5319/1458/1691
f 5331/1452/1690 5167/1453/1690 5316/1453/1690 5338/1452/1690
f 5176/1440/1691 5155/1441/1691 5314/1441/1691 5317/1440/1691
f 5393/1438/1692 5146/1439/1692 5313/1439/1692 5315/1438/1692
f 5383/1434/1660 5389/1434/1660 5318/1434/1660 5142/1434/1660
f 5377/1439/1658 5390/1439/1658 5313/1439/1658 5146/1439/1658
f 5115/1456/1693 5311/1456/1693 5312/1451/1693 5130/1451/1693
f 5044/1453/1693 5306/1453/1693 5311/1456/1693 5115/1456/1693
f 5040/1434/1693 5308/1434/1693 5310/1435/1693 5087/1435/1693
f 5087/1435/1693 5310/1435/1693 5309/1458/1693 5079/1458/1693
f 5079/1458/1693 5309/1458/1693 5307/1440/1693 5045/1440/1693
f 5325/1452/1693 5339/1452/1693 5306/1453/1693 5044/1453/1693
f 5130/1451/1693 5312/1451/1693 5305/1438/1693 5043/1438/1693
f 5045/1440/1693 5307/1440/1693 5304/1441/1693 5042/1441/1693
f 5043/1438/1693 5305/1438/1693 5303/1439/1693 5041/1439/1693
f 5342/1446/1693 5353/1446/1693 5339/1452/1693 5325/1452/1693
f 5405/1446/1690 5331/1452/1690 5338/1452/1690 5352/1446/1690
f 5321/1456/1660 5165/1456/1660 5395/1456/1660 5180/1456/1660
f 5336/1500/1669 5189/1477/1669 5332/1497/1669
f 5248/1477/1669 5247/1455/1669 5335/1507/1669 5334/1497/1669
f 5348/1482/1694 5332/1497/1672 5334/1497/1672 5350/1482/1694
f 5207/1455/1670 5333/1507/1670 5335/1507/1670 5247/1455/1670
f 5346/1446/1667 5329/1452/1667 5331/1452/1667 5405/1446/1667
f 5338/1452/1660 5330/1452/1660 5403/1452/1660 5331/1452/1660
f 5207/1455/1662 5149/1453/1662 5329/1452/1662 5333/1507/1662
f 5067/1477/1652 5327/1497/1652 5328/1507/1652 5073/1455/1652
f 5050/1463/1652 5326/1504/1652 5327/1497/1652 5067/1477/1652
f 5340/1446/1655 5342/1446/1655 5325/1452/1655 5323/1452/1655
f 5353/1446/1654 5341/1446/1654 5324/1452/1654 5339/1452/1654
f 5073/1455/1652 5328/1507/1652 5323/1452/1652 5032/1453/1652
f 5304/1441/1654 5026/1441/1654 5341/1446/1654 5353/1446/1654
f 5025/1441/1655 5042/1441/1655 5342/1446/1655 5340/1446/1655
f 5314/1441/1665 5352/1446/1665 5347/1446/1665 5152/1441/1665
f 5150/1441/1695 5346/1446/1695 5405/1446/1695 5155/1441/1695
f 5185/1476/1675 5348/1482/1694 5350/1482/1694 5246/1476/1675
f 5048/1473/1657 5337/1505/1657 5336/1506/1657 5186/1473/1657
f 5380/1441/1687 5152/1441/1687 5347/1446/1687 5392/1446/1687
f 5155/1441/1696 5405/1446/1696 5352/1446/1696 5314/1441/1696
f 5042/1441/1693 5304/1441/1693 5353/1446/1693 5342/1446/1693
f 5336/1508/1669 5332/1497/1669 5348/1482/1669
f 5334/1497/1669 5335/1507/1669 5351/1444/1669 5350/1482/1669
f 5333/1507/1670 5349/1444/1670 5351/1444/1670 5335/1507/1670
f 5333/1507/1662 5329/1452/1662 5346/1446/1662 5349/1444/1662
f 5327/1497/1652 5344/1482/1652 5345/1444/1652 5328/1507/1652
f 5326/1504/1652 5343/1481/1652 5344/1482/1652 5327/1497/1652
f 5328/1507/1652 5345/1444/1652 5340/1446/1652 5323/1452/1652
f 5026/1441/1697 5380/1441/1697 5392/1446/1697 5341/1446/1697
f 5341/1446/1697 5392/1446/1697 5391/1452/1697 5324/1452/1697
f 5041/1439/1658 5303/1439/1658 5390/1439/1658 5377/1439/1658
f 5020/1434/1660 5308/1434/1660 5389/1434/1660 5383/1434/1660
f 5020/1434/1698 5383/1434/1698 5357/1435/1698 5086/1435/1698
f 5086/1435/1697 5357/1435/1697 5360/1458/1697 5076/1458/1697
f 5076/1458/1697 5360/1458/1697 5378/1440/1697 5037/1440/1697
f 5037/1440/1697 5378/1440/1697 5380/1441/1697 5026/1441/1697
f 5324/1452/1697 5391/1452/1697 5355/1453/1697 5033/1453/1697
f 5033/1453/1697 5355/1453/1697 5375/1456/1697 5114/1456/1697
f 5114/1456/1697 5375/1456/1697 5381/1451/1697 5129/1451/1697
f 5129/1451/1697 5381/1451/1697 5382/1438/1697 5031/1438/1697
f 5031/1438/1697 5382/1438/1697 5379/1439/1697 5024/1439/1697
f 5093/1436/1657 5078/1488/1657 5388/1488/1657 5387/1436/1657
f 5103/1437/1660 5019/1437/1660 5386/1437/1660 5385/1437/1660
f 5308/1434/1660 5040/1434/1660 5384/1434/1660 5389/1434/1660
f 5022/1439/1658 5041/1439/1658 5377/1439/1658 5376/1439/1658
f 5046/1471/1660 5058/1470/1660 5374/1470/1660 5373/1471/1660
f 5052/1437/1660 5095/1437/1660 5372/1437/1660 5371/1437/1660
f 5039/1459/1657 5027/1443/1657 5370/1443/1657 5369/1459/1657
f 5078/1488/1657 5039/1459/1657 5369/1459/1657 5388/1488/1657
f 5112/1457/1657 5124/1491/1657 5368/1491/1657 5367/1457/1657
f 5040/1434/1660 5018/1434/1660 5366/1434/1660 5384/1434/1660
f 5059/1465/1658 5047/1468/1658 5365/1468/1658 5364/1465/1658
f 5017/1437/1660 5052/1437/1660 5371/1437/1660 5363/1437/1660
f 5063/1483/1660 5046/1471/1660 5373/1471/1660 5362/1483/1660
f 5095/1437/1660 5103/1437/1660 5385/1437/1660 5372/1437/1660
f 5019/1437/1657 5093/1436/1657 5387/1436/1657 5386/1437/1657
f 5047/1468/1658 5064/1480/1658 5361/1480/1658 5365/1468/1658
f 5027/1443/1657 5035/1442/1657 5358/1442/1657 5370/1443/1657
f 5035/1442/1657 5112/1457/1657 5367/1457/1657 5358/1442/1657
f 5058/1470/1660 5017/1437/1660 5363/1437/1660 5374/1470/1660
f 5303/1439/1658 5024/1439/1658 5379/1439/1658 5390/1439/1658
f 5124/1491/1657 5029/1450/1657 5359/1450/1657 5368/1491/1657
f 5018/1434/1660 5069/1433/1660 5356/1433/1660 5366/1434/1660
f 5069/1433/1660 5063/1483/1660 5362/1483/1660 5356/1433/1660
f 5070/1447/1658 5022/1439/1658 5376/1439/1658 5354/1496/1658
f 5064/1480/1658 5070/1447/1658 5354/1496/1658 5361/1480/1658
f 5398/1451/1699 5393/1438/1699 5394/1438/1699 5397/1451/1699
f 5167/1453/1699 5180/1456/1699 5395/1456/1699 5396/1453/1699
f 5401/1451/1687 5397/1451/1687 5394/1438/1687 5402/1438/1687
f 5399/1453/1687 5396/1453/1687 5395/1456/1687 5400/1456/1687
f 5407/1446/1687 5404/1446/1687 5403/1452/1687 5406/1452/1687
f 5405/1446/1699 5331/1452/1699 5403/1452/1699 5404/1446/1699
f 5330/1452/1660 5391/1452/1660 5406/1452/1660 5403/1452/1660
f 5355/1453/1658 5151/1453/1658 5396/1453/1658 5399/1453/1658
f 5347/1446/1658 5352/1446/1658 5405/1446/1658 5404/1446/1658
f 5392/1446/1658 5347/1446/1658 5404/1446/1658 5407/1446/1658
f 5322/1451/1690 5398/1451/1690 5393/1438/1690 5315/1438/1690
f 5151/1453/1658 5316/1453/1658 5167/1453/1658 5396/1453/1658
f 5237/1451/1658 5322/1451/1658 5398/1451/1658 5397/1451/1658
f 5391/1452/1688 5392/1446/1688 5407/1446/1688 5406/1452/1688
f 5375/1456/1688 5355/1453/1688 5399/1453/1688 5400/1456/1688
f 5165/1456/1660 5375/1456/1660 5400/1456/1660 5395/1456/1660
o Plane.024
v 5.209188 7.000733 -0.657351
v 4.924756 7.263378 -0.657351
v 5.209188 7.000732 -4.511783
v 4.924756 7.263378 -4.511783
v 5.156317 3.407369 -0.657350
v 5.156317 3.407369 -4.511783
v 5.107481 6.954047 -4.511783
v 5.107481 6.954047 -0.657351
v 5.054611 3.360682 -0.657350
v 4.823050 7.216692 -0.657351
v 4.823050 7.216691 -4.511783
v 5.054611 3.360682 -4.511783
vn 0.6784 0.7347 -0.0000
vn 0.9999 -0.0147 -0.0000
vn -0.6784 -0.7347 -0.0000
vn -0.9999 0.0147 -0.0000
vn -0.0000 -0.0000 -1.0000
vn -0.4172 0.9088 -0.0000
vn -0.0000 -0.0000 1.0000
vn 0.4172 -0.9088 -0.0000
vt 0.000000 0.566553
vt 0.000000 0.956798
vt 0.770591 0.566553
vt 0.770591 0.956798
s 1
f 5408/1509/1700 5410/1510/1700 5411/1510/1700 5409/1509/1700
f 5408/1509/1701 5412/1511/1701 5413/1512/1701 5410/1510/1701
f 5415/1509/1702 5417/1509/1702 5418/1510/1702 5414/1510/1702
f 5415/1509/1703 5414/1510/1703 5419/1512/1703 5416/1511/1703
f 5413/1512/1704 5419/1512/1704 5414/1510/1704 5410/1510/1704
f 5411/1510/1705 5418/1510/1705 5417/1509/1705 5409/1509/1705
f 5408/1509/1706 5415/1509/1706 5416/1511/1706 5412/1511/1706
f 5412/1511/1707 5416/1511/1707 5419/1512/1707 5413/1512/1707
f 5410/1510/1704 5414/1510/1704 5418/1510/1704 5411/1510/1704
f 5409/1509/1706 5417/1509/1706 5415/1509/1706 5408/1509/1706
o Plane.025
v 4.931055 6.898926 4.938469
v 4.862444 2.235800 4.938470
v 3.830930 7.809659 4.938469
v 4.538691 1.172494 4.938470
v 4.931055 6.898926 -0.000012
v 4.862444 2.235799 -0.000011
v 3.830930 7.809658 -0.000012
v 4.589449 1.173600 -0.000011
v 4.862444 2.235799 2.469230
v 4.589449 1.173600 2.469230
v 3.830930 7.809658 2.469229
v 4.931055 6.898926 0.234894
v 3.830930 7.809658 0.234894
v 4.862444 2.235799 0.234895
v 4.589449 1.173600 0.234895
v 4.862444 2.235799 0.670609
v 4.589449 1.173600 0.670609
v 4.931055 6.898926 0.670608
v 3.830930 7.809658 0.670608
v 4.862444 2.235799 4.505544
v 4.589449 1.173600 4.505545
v 4.931055 6.898926 4.505544
v 3.830930 7.809659 4.505544
v 4.678332 1.951546 4.938470
v 4.678332 1.951546 -0.000011
v 4.678333 1.951546 2.469230
v 4.678333 1.951546 0.234895
v 4.678333 1.951546 0.670609
v 4.678333 1.951546 4.505544
v 4.879004 3.361284 4.938469
v 4.879004 3.361284 -0.000011
v 4.879004 3.361284 2.469230
v 4.879004 3.361284 0.234895
v 4.879004 3.361284 0.670609
v 4.879004 3.361284 4.505544
v 4.608173 7.166223 4.938469
v 4.608173 7.166222 -0.000012
v 4.608173 7.166222 2.469229
v 4.608174 7.166222 0.234894
v 4.608173 7.166222 0.670608
v 4.608173 7.166223 4.505544
v 4.916420 5.904276 4.938469
v 4.916420 5.904276 -0.000011
v 4.916420 5.904276 0.234895
v 4.916420 5.904276 0.670609
v 4.916420 5.904276 4.505544
v 4.877197 3.238476 4.938469
v 4.877197 3.238475 -0.000011
v 4.877197 3.238475 2.469230
v 4.877197 3.238475 0.234895
v 4.877197 3.238475 0.670609
v 4.877197 3.238475 4.505544
v 4.875456 3.120183 4.938470
v 4.875456 3.120182 -0.000011
v 4.875457 3.120182 2.469230
v 4.875457 3.120182 0.234895
v 4.875457 3.120182 0.670609
v 4.875457 3.120182 4.505544
v 4.862444 2.235799 4.634256
v 4.589449 1.173600 4.634257
v 4.931055 6.898926 4.634255
v 3.830930 7.809659 4.634256
v 4.678333 1.951546 4.634256
v 4.879004 3.361284 4.634255
v 4.608174 7.166223 4.634255
v 4.916420 5.904276 4.634255
v 4.877197 3.238475 4.634255
v 4.875457 3.120182 4.634256
v 4.862444 2.235800 4.756476
v 4.589449 1.173600 4.756476
v 4.678333 1.951546 4.756476
v 4.879004 3.361284 4.756475
v 4.916420 5.904276 4.756475
v 4.877197 3.238476 4.756475
v 4.875457 3.120183 4.756476
v 4.931055 6.898926 4.756475
v 3.830930 7.809659 4.756475
v 4.608174 7.166223 4.756475
v 4.511018 7.246652 4.938469
v 4.511018 7.246651 -0.000012
v 4.511018 7.246651 2.469229
v 4.511018 7.246651 0.234894
v 4.511018 7.246651 0.670608
v 4.511018 7.246652 4.505544
v 4.511018 7.246652 4.634255
v 4.511018 7.246652 4.756475
v 4.400639 7.338028 4.938469
v 4.400639 7.338028 -0.000012
v 4.400640 7.338028 2.469229
v 4.400640 7.338028 0.234894
v 4.400640 7.338028 0.670608
v 4.400640 7.338028 4.505544
v 4.400640 7.338028 4.634255
v 4.400640 7.338028 4.756475
v 4.931055 6.898926 0.547222
v 3.830930 7.809658 0.547222
v 4.862444 2.235799 0.547223
v 4.589449 1.173600 0.547223
v 4.678333 1.951546 0.547223
v 4.879004 3.361284 0.547223
v 4.608174 7.166222 0.547222
v 4.916420 5.904276 0.547223
v 4.877197 3.238475 0.547223
v 4.875457 3.120182 0.547223
v 4.511018 7.246651 0.547222
v 4.400640 7.338028 0.547222
v 4.931055 6.898926 0.424522
v 3.830930 7.809658 0.424522
v 4.608174 7.166222 0.424522
v 4.511018 7.246651 0.424522
v 4.400640 7.338028 0.424522
v 4.862444 2.235799 0.424523
v 4.589449 1.173600 0.424523
v 4.678333 1.951546 0.424523
v 4.879004 3.361284 0.424523
v 4.916420 5.904276 0.424523
v 4.877197 3.238475 0.424523
v 4.875457 3.120182 0.424523
v 5.340832 2.261014 4.756476
v 5.340832 2.261014 4.938470
v 5.385298 5.998768 4.938469
v 5.399932 6.993420 4.938469
v 4.869516 7.432520 4.938469
v 4.299807 7.904151 4.938469
v 5.093598 1.283565 4.756476
v 5.093598 1.283565 4.938470
v 5.520073 1.976762 4.938470
v 5.399932 6.993419 0.234894
v 4.299807 7.904151 0.234894
v 5.520073 1.976762 -0.000011
v 5.093598 1.283565 -0.000011
v 5.385298 5.998768 -0.000011
v 5.340832 2.261014 0.670609
v 5.340832 2.261014 2.469230
v 5.093598 1.283565 0.670609
v 5.093598 1.283565 2.469230
v 4.299807 7.904151 4.505544
v 4.299807 7.904151 2.469229
v 5.520073 1.976762 2.469230
v 4.869516 7.432520 2.469229
v 5.399932 6.993419 0.424522
v 4.299807 7.904151 0.424522
v 5.340832 2.261014 -0.000011
v 5.340832 2.261014 0.234895
v 5.093598 1.283565 0.234895
v 5.385298 5.998768 0.234895
v 4.869516 7.432520 0.234894
v 5.340832 2.261014 0.547223
v 5.093598 1.283565 0.547223
v 4.299807 7.904151 0.670608
v 5.500476 1.968408 0.670609
v 5.385298 5.998768 0.670609
v 5.399932 6.993419 0.670608
v 4.869516 7.432520 0.670608
v 5.340832 2.261014 4.505544
v 5.093598 1.283565 4.505544
v 5.399932 6.993420 4.634255
v 5.399932 6.993420 4.505544
v 4.299807 7.904151 4.634255
v 5.520073 1.976762 4.505544
v 4.869516 7.432520 4.505544
v 5.385298 5.998768 4.505544
v 5.520073 1.976762 4.756476
v 5.500476 1.968408 0.547223
v 5.346074 3.332968 4.938469
v 5.347881 3.455776 4.938469
v 5.346074 3.332967 -0.000011
v 5.347881 3.455776 -0.000011
v 5.346074 3.332967 2.469230
v 5.347881 3.455776 2.469230
v 5.346074 3.332967 0.234895
v 5.347881 3.455776 0.234895
v 5.346075 3.333006 0.670609
v 5.346074 3.332967 4.505544
v 5.347881 3.455776 4.505544
v 5.347881 3.455776 0.547306
v 5.347881 3.455776 4.756475
v 5.077051 7.260715 4.938469
v 5.077051 7.260714 0.234894
v 5.077051 7.260714 0.670608
v 5.077051 7.260715 4.505544
v 5.077051 7.260714 2.469229
v 5.077051 7.260714 0.424522
v 5.077051 7.260715 4.634255
v 5.385298 5.998768 4.756475
v 5.385298 5.998768 0.547222
v 5.344334 3.214674 4.938469
v 5.344334 3.214674 -0.000011
v 5.344334 3.214674 2.469230
v 5.344334 3.214674 0.234895
v 5.344334 3.214674 0.670609
v 5.344334 3.214674 4.505544
v 5.346074 3.332967 0.547223
v 5.346074 3.332968 4.756475
v 5.344334 3.214674 0.547223
v 5.344334 3.214674 4.756475
v 5.340832 2.261014 4.634256
v 5.093598 1.283565 4.634257
v 5.399932 6.993420 4.756475
v 4.299807 7.904151 4.756475
v 5.520073 1.976762 4.634256
v 5.347881 3.455776 4.634255
v 5.077051 7.260715 4.756475
v 5.385298 5.998768 4.634255
v 5.346074 3.332967 4.634255
v 5.344334 3.214674 4.634255
v 4.869516 7.432520 4.634255
v 4.869516 7.432520 4.756475
v 4.979896 7.341145 4.938469
v 4.979896 7.341144 2.469229
v 4.979896 7.341144 0.234894
v 4.979896 7.341144 0.670608
v 4.979896 7.341145 4.505544
v 4.979896 7.341145 4.634255
v 4.979896 7.341145 4.756475
v 4.979896 7.341144 0.424522
v 4.869516 7.432520 0.424522
v 5.399932 6.993419 0.547222
v 4.299807 7.904151 0.547222
v 5.340832 2.261014 0.424523
v 5.093598 1.283565 0.424523
v 5.347881 3.455776 0.424523
v 5.077051 7.260714 0.547222
v 5.385298 5.998768 0.424523
v 5.346074 3.332967 0.424523
v 5.344334 3.214674 0.424523
v 4.979896 7.341144 0.547222
v 4.869516 7.432520 0.547222
v 5.288850 3.192074 2.469230
v 5.290590 3.310367 2.469230
v 5.288850 3.192074 0.670609
v 5.290590 3.310367 0.670609
v 5.288850 3.192074 4.505544
v 5.290590 3.310367 4.505544
v 5.290590 3.310367 0.547223
v 5.288850 3.192074 0.547223
v 5.344448 6.970819 4.756475
v 5.344448 6.970819 4.634255
v 5.021566 7.238114 4.756475
v 5.021566 7.238114 4.634255
v 5.290590 3.310367 4.634255
v 5.288850 3.192074 4.634255
v 5.292397 3.433177 4.634255
v 5.329813 5.976170 4.634255
v 5.292397 3.433177 4.756475
v 5.329813 5.976170 4.756475
v 5.290590 3.310368 4.756475
v 5.288850 3.192075 4.756475
v 4.924411 7.318544 4.634255
v 4.924411 7.318544 4.756475
v 4.924411 7.318544 4.505544
v 4.924411 7.318544 2.469229
v 4.924411 7.318544 0.670608
v 4.814033 7.409921 2.469229
v 4.814033 7.409921 0.670608
v 4.814033 7.409922 4.505544
v 4.814033 7.409922 4.634255
v 4.814033 7.409922 4.756475
v 5.292397 3.433177 0.424523
v 5.292397 3.433177 0.547223
v 5.329813 5.976169 0.424523
v 5.329813 5.976169 0.547222
v 5.290590 3.310367 0.424523
v 5.288850 3.192074 0.424523
v 4.924411 7.318544 0.547222
v 4.814033 7.409921 0.547222
v 5.021566 7.238114 0.547222
v 5.344448 6.970819 0.547222
v 5.344448 6.970819 0.424522
v 5.021566 7.238114 0.424522
v 4.924411 7.318544 0.424522
v 4.814033 7.409921 0.424522
v 5.310946 6.993419 0.234894
v 5.310946 6.993419 -0.000012
v 4.210821 7.886754 0.234894
v 4.210821 7.886754 -0.000012
v 4.780530 7.432520 -0.000012
v 5.296311 5.998768 -0.000011
v 5.296311 5.998768 0.234895
v 4.780530 7.432520 0.234894
v 4.988064 7.260714 -0.000012
v 4.988064 7.260714 0.234894
v 4.890909 7.341144 -0.000012
v 4.890909 7.341144 0.234894
v 4.889462 4.072037 0.670609
v 5.358339 4.166529 0.670609
v 4.658791 1.890413 -0.000011
v 4.658791 1.890413 2.469230
v 4.658791 1.890413 0.234895
v 4.658791 1.890413 0.670609
v 4.658791 1.890413 4.505544
v 4.658791 1.890413 4.938470
v 4.658791 1.890413 4.634256
v 4.658791 1.890413 4.756476
v 4.658791 1.890413 0.547223
v 4.658791 1.890413 0.424523
v 5.500075 1.896271 -0.000011
v 5.500075 1.896271 2.469230
v 5.500075 1.896271 0.234895
v 5.500075 1.896271 0.670609
v 5.500075 1.896271 4.505544
v 5.500075 1.896271 4.938470
v 5.500075 1.896271 4.634256
v 5.500075 1.896271 4.756476
v 5.500075 1.896271 0.547223
v 5.500075 1.896271 0.424523
v 4.862444 2.235799 0.797505
v 4.589449 1.173600 0.797505
v 4.678333 1.951546 0.797505
v 4.879004 3.361284 0.797505
v 4.877197 3.238475 0.797505
v 4.875457 3.120182 0.797505
v 5.340832 2.261014 0.797505
v 5.093598 1.283565 0.797505
v 5.500476 1.968408 0.797505
v 5.346075 3.333003 0.797505
v 5.344334 3.214674 0.797505
v 5.290590 3.310367 0.797505
v 5.288850 3.192074 0.797505
v 5.347881 3.455776 2.166025
v 4.879004 3.361284 2.166025
v 5.500075 1.896271 0.797505
v 4.658791 1.890413 0.797505
v 4.862444 2.235799 0.930282
v 4.589449 1.173600 0.930282
v 4.678333 1.951546 0.930282
v 4.879004 3.361284 0.930282
v 4.877197 3.238475 0.930282
v 4.875457 3.120182 0.930282
v 5.340832 2.261014 0.930282
v 5.093598 1.283565 0.930282
v 5.346075 3.333000 0.930282
v 5.344334 3.214674 0.930282
v 5.290590 3.310367 0.930282
v 5.288850 3.192074 0.930282
v 5.500075 1.896271 0.930282
v 4.658791 1.890413 0.930282
v 4.962018 3.137626 -0.000011
v 4.728301 1.194106 0.670609
v 4.962018 3.137626 4.938470
v 4.728301 1.194106 4.756476
v 3.917492 7.827103 0.670608
v 3.917492 7.827103 0.234894
v 4.728301 1.194106 4.634257
v 4.963759 3.255919 -0.000011
v 4.963759 3.255919 4.938469
v 5.017616 6.916371 4.938469
v 5.002982 5.921721 -0.000011
v 4.965566 3.378729 -0.000011
v 4.987169 2.240454 4.938470
v 3.917492 7.827103 0.547222
v 3.917492 7.827103 0.424522
v 3.917492 7.827104 4.505544
v 3.917492 7.827103 2.469229
v 4.694736 7.183667 4.938469
v 4.597580 7.264096 4.938469
v 4.965566 3.378730 4.938469
v 5.002982 5.921721 4.938469
v 4.728301 1.194106 0.547223
v 4.987169 2.240454 -0.000011
v 4.922517 1.956202 -0.000011
v 4.728301 1.194106 4.505545
v 4.728301 1.194106 -0.000011
v 4.728301 1.194106 2.469230
v 4.728301 1.194106 0.424523
v 4.728301 1.194106 0.234895
v 4.677542 1.193000 4.938470
v 4.922517 1.956202 4.938470
v 4.487201 7.355474 4.938469
v 3.917492 7.827104 4.938469
v 3.917492 7.827104 4.756475
v 3.917492 7.827104 4.634256
v 4.892375 1.891494 4.938470
v 4.892375 1.891494 -0.000011
v 4.728301 1.194106 0.797505
v 4.728301 1.194106 0.930282
v 5.500476 1.968408 0.234895
v 5.052458 1.335950 0.234895
v 5.052458 1.335950 0.547223
v 5.052458 1.335950 0.670609
v 5.052458 1.335950 0.424523
v 5.500476 1.968408 0.424523
v 4.687161 1.246490 0.670609
v 4.687161 1.246490 0.547223
v 4.687161 1.246490 0.424523
v 4.687161 1.246490 0.234895
v 5.052458 1.335950 0.797505
v 5.052458 1.335950 0.930282
v 5.500476 1.968408 0.930282
v 4.687161 1.246490 0.797505
v 4.687161 1.246490 0.930282
vn -0.9999 0.0147 -0.0000
vn -0.6377 -0.7703 -0.0000
vn -0.9954 0.0963 -0.0000
vn -0.8393 0.5436 -0.0000
vn -0.9821 0.1297 -0.1366
vn -0.1976 0.9803 -0.0000
vn -0.0000 -0.0000 -1.0000
vn 0.1976 -0.9803 -0.0000
vn -0.0000 -0.0000 1.0000
vn 1.0000 -0.0074 -0.0000
vn 1.0000 -0.0092 -0.0000
vn 1.0000 -0.0037 -0.0000
vn 0.6377 0.7703 -0.0000
vn 0.8333 -0.5528 -0.0000
vn 0.8459 0.5334 -0.0000
vn 0.8778 0.4789 -0.0000
vn 0.8614 0.5060 0.0449
vn 0.9999 -0.0147 -0.0000
vn -0.3772 0.9261 -0.0000
vn 0.3772 -0.9261 -0.0000
vn 0.3777 -0.9259 -0.0000
vn 0.3776 -0.9260 0.0001
vn 0.3775 -0.9260 0.0001
vn 0.3773 -0.9261 -0.0000
vn 0.0006 0.0003 -1.0000
vn 0.0007 0.0002 -1.0000
vn 0.0007 0.0001 -1.0000
vn 0.0006 -0.0000 -1.0000
vn 0.0005 -0.0000 -1.0000
vn 0.6234 0.7819 -0.0000
vn -0.0000 1.0000 -0.0000
vn -0.1989 0.9800 -0.0000
vn -0.1792 0.8890 0.4213
vn 0.1815 -0.9834 -0.0000
vn -0.2500 0.0011 -0.9682
vn 0.2379 -0.9713 -0.0000
vn 0.7865 0.6176 -0.0000
vn 0.2244 -0.9741 0.0283
vn 1.0000 -0.0056 -0.0000
vn 0.9705 -0.2411 -0.0000
vn 0.9904 -0.1324 0.0390
vn -0.9525 0.3045 -0.0000
vn 0.3776 -0.9260 -0.0000
vn 0.8622 0.5065 -0.0069
vn 0.9912 -0.1325 -0.0060
vn 0.1461 -0.9893 -0.0000
vn 0.1460 -0.9887 0.0347
vn 0.8160 -0.5780 -0.0000
vt 0.810346 0.981574
vt 1.000000 0.981574
vt 1.000000 1.000000
vt 0.810346 1.000000
vt 0.000000 0.981574
vt 0.000000 1.000000
vt 1.000000 0.523783
vt 1.000000 0.500000
vt 1.000000 0.956168
vt 1.000000 0.750000
vt 0.000000 0.567897
vt 0.000000 0.750000
vt 0.810346 0.594188
vt 1.000000 0.594188
vt 0.810346 0.750000
vt 0.810346 0.500000
vt 0.810346 0.523783
vt 0.000000 0.500000
vt 0.000000 0.523783
vt 1.000000 0.542982
vt 1.000000 0.580745
vt 1.000000 0.567897
vt 0.810346 0.555405
vt 1.000000 0.555405
vt 0.810346 0.567897
vt 0.000000 0.555405
vt 1.000000 0.969200
vt 0.000000 0.956168
vt 0.810346 0.956168
vt 0.213301 0.555405
vt 0.758642 0.555405
vt 0.758642 0.567897
vt 0.213301 0.567897
vt 0.213301 0.500000
vt 0.758642 0.500000
vt 0.758642 0.523783
vt 0.213301 0.523783
vt 0.213301 0.981574
vt 0.758642 0.981574
vt 0.758642 1.000000
vt 0.213301 1.000000
vt 0.758642 0.750000
vt 0.784978 0.750000
vt 0.784978 0.956168
vt 0.758642 0.956168
vt 0.784978 0.555405
vt 0.784978 0.567897
vt 0.784978 0.500000
vt 0.784978 0.523783
vt 0.758642 0.594188
vt 0.784978 0.594188
vt 0.784978 0.981574
vt 0.784978 1.000000
vt 0.810346 0.969200
vt 0.784978 0.969200
vt 0.758642 0.969200
vt 0.213301 0.956168
vt 0.213301 0.969200
vt 0.000000 0.969200
vt 0.000000 0.542982
vt 0.784978 0.542982
vt 0.810346 0.542982
vt 0.758642 0.542982
vt 0.213301 0.542982
vt 0.810345 0.500000
vt 0.784978 0.580745
vt 0.606222 0.567897
vt 0.758642 0.679674
vt 0.758642 0.716933
vt 0.784953 0.567897
vt 0.758642 0.555430
vt 0.644327 0.567897
vt 0.758642 0.718204
vt 0.758642 0.580745
vt 0.758642 0.721707
vt 0.810346 0.580745
vt 0.758642 0.719266
s 1
f 5494/1513/1708 5488/1514/1708 5421/1515/1708 5472/1516/1708
f 5513/1517/1709 5506/1518/1709 5422/1518/1709 5496/1517/1709
f 5708/1519/1710 5706/1520/1710 5427/1520/1710 5434/1519/1710
f 5710/1521/1710 5707/1522/1710 5429/1522/1710 5440/1521/1710
f 5510/1523/1709 5508/1524/1709 5430/1524/1709 5438/1523/1709
f 5748/1525/1708 5743/1526/1708 5428/1522/1708 5474/1527/1708
f 5473/1528/1708 5425/1520/1708 5433/1519/1708 5475/1529/1708
f 5507/1530/1709 5509/1531/1709 5432/1531/1709 5426/1530/1709
f 5715/1532/1710 5708/1519/1710 5434/1519/1710 5532/1532/1710
f 5742/1533/1710 5709/1534/1710 5436/1534/1710 5727/1533/1710
f 5523/1535/1708 5516/1536/1708 5435/1534/1708 5476/1537/1708
f 5525/1538/1709 5510/1523/1709 5438/1523/1709 5515/1538/1709
f 5712/1539/1710 5710/1521/1710 5440/1521/1710 5479/1539/1710
f 5508/1524/1709 5511/1540/1709 5442/1540/1709 5430/1524/1709
f 5474/1527/1708 5428/1522/1708 5439/1521/1708 5477/1541/1708
f 5478/1539/1711 5439/1521/1711 5448/1521/1711 5482/1539/1711
f 5726/1533/1711 5435/1534/1711 5447/1534/1711 5728/1533/1711
f 5531/1532/1711 5433/1519/1711 5446/1519/1711 5533/1532/1711
f 5439/1521/1711 5428/1522/1711 5445/1522/1711 5448/1521/1711
f 5433/1519/1711 5425/1520/1711 5444/1520/1711 5446/1519/1711
f 5521/1542/1708 5519/1543/1708 5453/1544/1708 5464/1545/1708
f 5462/1546/1708 5450/1547/1708 5452/1548/1708 5463/1549/1708
f 5492/1550/1708 5491/1551/1708 5449/1552/1708 5461/1553/1708
f 5514/1538/1709 5437/1523/1709 5459/1523/1709 5520/1538/1709
f 5424/1530/1709 5431/1531/1709 5458/1531/1709 5456/1530/1709
f 5495/1517/1709 5420/1518/1709 5455/1518/1709 5497/1517/1709
f 5495/1517/1708 5492/1550/1708 5461/1553/1708 5420/1518/1708
f 5424/1530/1708 5462/1546/1708 5463/1549/1708 5431/1531/1708
f 5514/1538/1708 5521/1542/1708 5464/1545/1708 5437/1523/1708
f 5451/1554/1708 5468/1555/1708 5471/1556/1708 5454/1557/1708
f 5519/1543/1708 5522/1558/1708 5470/1559/1708 5453/1544/1708
f 5450/1547/1708 5467/1560/1708 5469/1561/1708 5452/1548/1708
f 5746/1562/1708 5747/1563/1708 5468/1555/1708 5451/1554/1708
f 5491/1551/1708 5493/1564/1708 5466/1565/1708 5449/1552/1708
f 5468/1555/1708 5474/1527/1708 5477/1541/1708 5471/1556/1708
f 5522/1558/1708 5523/1535/1708 5476/1537/1708 5470/1559/1708
f 5467/1560/1708 5473/1528/1708 5475/1529/1708 5469/1561/1708
f 5747/1563/1708 5748/1525/1708 5474/1527/1708 5468/1555/1708
f 5493/1564/1708 5494/1513/1708 5472/1516/1708 5466/1565/1708
f 5471/1556/1708 5477/1541/1708 5487/1566/1708 5486/1567/1708
f 5454/1557/1708 5471/1556/1708 5486/1567/1708 5483/1568/1708
f 5441/1540/1708 5465/1569/1708 5485/1570/1708 5480/1571/1708
f 5441/1540/1709 5480/1571/1709 5484/1571/1709 5460/1540/1709
f 5465/1569/1708 5454/1557/1708 5483/1568/1708 5485/1570/1708
f 5488/1514/1711 5478/1539/1711 5482/1539/1711 5490/1514/1711
f 5713/1514/1710 5712/1539/1710 5479/1539/1710 5489/1514/1710
f 5511/1540/1709 5512/1571/1709 5481/1571/1709 5442/1540/1709
f 5477/1541/1708 5439/1521/1708 5478/1539/1708 5487/1566/1708
f 5711/1515/1712 5713/1514/1712 5489/1514/1712 5423/1515/1712
f 5421/1515/1711 5488/1514/1711 5490/1514/1711 5443/1515/1711
f 5486/1567/1708 5487/1566/1708 5494/1513/1708 5493/1564/1708
f 5483/1568/1708 5486/1567/1708 5493/1564/1708 5491/1551/1708
f 5480/1571/1708 5485/1570/1708 5492/1550/1708 5495/1517/1708
f 5480/1571/1709 5495/1517/1709 5497/1517/1709 5484/1571/1709
f 5485/1570/1708 5483/1568/1708 5491/1551/1708 5492/1550/1708
f 5512/1571/1709 5513/1517/1709 5496/1517/1709 5481/1571/1709
f 5487/1566/1708 5478/1539/1708 5488/1514/1708 5494/1513/1708
f 5484/1571/1709 5497/1517/1709 5505/1517/1709 5504/1571/1709
f 5460/1540/1709 5484/1571/1709 5504/1571/1709 5503/1540/1709
f 5457/1524/1709 5460/1540/1709 5503/1540/1709 5500/1524/1709
f 5520/1538/1709 5459/1523/1709 5502/1523/1709 5524/1538/1709
f 5456/1530/1709 5458/1531/1709 5501/1531/1709 5499/1530/1709
f 5459/1523/1709 5457/1524/1709 5500/1524/1709 5502/1523/1709
f 5497/1517/1709 5455/1518/1709 5498/1518/1709 5505/1517/1709
f 5504/1571/1709 5505/1517/1709 5513/1517/1709 5512/1571/1709
f 5503/1540/1709 5504/1571/1709 5512/1571/1709 5511/1540/1709
f 5500/1524/1709 5503/1540/1709 5511/1540/1709 5508/1524/1709
f 5524/1538/1709 5502/1523/1709 5510/1523/1709 5525/1538/1709
f 5499/1530/1709 5501/1531/1709 5509/1531/1709 5507/1530/1709
f 5502/1523/1709 5500/1524/1709 5508/1524/1709 5510/1523/1709
f 5505/1517/1709 5498/1518/1709 5506/1518/1709 5513/1517/1709
f 5529/1572/1709 5524/1538/1709 5525/1538/1709 5530/1572/1709
f 5528/1572/1709 5520/1538/1709 5524/1538/1709 5529/1572/1709
f 5536/1573/1708 5537/1574/1708 5523/1535/1708 5522/1558/1708
f 5534/1575/1708 5536/1573/1708 5522/1558/1708 5519/1543/1708
f 5526/1572/1708 5535/1576/1708 5521/1542/1708 5514/1538/1708
f 5526/1572/1709 5514/1538/1709 5520/1538/1709 5528/1572/1709
f 5535/1576/1708 5534/1575/1708 5519/1543/1708 5521/1542/1708
f 5435/1534/1711 5516/1536/1711 5518/1536/1711 5447/1534/1711
f 5530/1572/1709 5525/1538/1709 5515/1538/1709 5527/1572/1709
f 5537/1574/1708 5531/1532/1708 5516/1536/1708 5523/1535/1708
f 5709/1534/1710 5714/1536/1710 5517/1536/1710 5436/1534/1710
f 5475/1529/1708 5433/1519/1708 5531/1532/1708 5537/1574/1708
f 5509/1531/1709 5530/1572/1709 5527/1572/1709 5432/1531/1709
f 5463/1549/1708 5452/1548/1708 5534/1575/1708 5535/1576/1708
f 5431/1531/1709 5526/1572/1709 5528/1572/1709 5458/1531/1709
f 5431/1531/1708 5463/1549/1708 5535/1576/1708 5526/1572/1708
f 5452/1548/1708 5469/1561/1708 5536/1573/1708 5534/1575/1708
f 5469/1561/1708 5475/1529/1708 5537/1574/1708 5536/1573/1708
f 5458/1531/1709 5528/1572/1709 5529/1572/1709 5501/1531/1709
f 5501/1531/1709 5529/1572/1709 5530/1572/1709 5509/1531/1709
f 5516/1536/1711 5531/1532/1711 5533/1532/1711 5518/1536/1711
f 5714/1536/1710 5715/1532/1710 5532/1532/1710 5517/1536/1710
f 5454/1557/1713 5594/1557/1713 5589/1554/1713 5451/1554/1713
f 5441/1540/1714 5577/1540/1714 5581/1569/1714 5465/1569/1714
f 5764/1560/1714 5586/1560/1714 5607/1528/1714 5757/1577/1714
f 5757/1577/1714 5607/1528/1714 5562/1520/1714 5779/1520/1714
f 5457/1524/1715 5601/1524/1715 5600/1540/1715 5460/1540/1715
f 5464/1545/1716 5571/1545/1716 5572/1523/1716 5437/1523/1716
f 5759/1516/1716 5606/1516/1716 5584/1565/1716 5765/1565/1716
f 5769/1515/1716 5539/1515/1716 5606/1516/1716 5759/1516/1716
f 5460/1540/1714 5600/1540/1714 5577/1540/1714 5441/1540/1714
f 5771/1572/1713 5561/1572/1713 5548/1531/1713 5762/1531/1713
f 5793/1520/1714 5716/1520/1714 5550/1520/1714 5782/1520/1714
f 5437/1523/1716 5572/1523/1716 5599/1523/1716 5459/1523/1716
f 5777/1553/1716 5540/1553/1716 5541/1518/1716 5766/1518/1716
f 5761/1523/1713 5569/1523/1713 5638/1538/1713 5770/1538/1713
f 5773/1524/1713 5557/1524/1713 5569/1523/1713 5761/1523/1713
f 5465/1569/1714 5581/1569/1714 5594/1557/1714 5454/1557/1714
f 5426/1530/1714 5695/1530/1714 5696/1530/1714 5507/1530/1714
f 5768/1547/1714 5587/1547/1714 5586/1560/1714 5764/1560/1714
f 5789/1518/1713 5543/1518/1713 5619/1517/1713 5790/1517/1713
f 5775/1518/1716 5628/1518/1716 5542/1518/1716 5788/1518/1716
f 5765/1565/1716 5584/1565/1716 5585/1552/1716 5776/1552/1716
f 5766/1518/1716 5541/1518/1716 5597/1518/1716 5774/1518/1716
f 5767/1546/1714 5551/1546/1714 5587/1547/1714 5768/1547/1714
f 5787/1515/1716 5546/1515/1716 5539/1515/1716 5769/1515/1716
f 5770/1538/1713 5638/1538/1713 5561/1572/1713 5771/1572/1713
f 5791/1571/1713 5578/1571/1713 5556/1540/1713 5772/1540/1713
f 5772/1540/1713 5556/1540/1713 5557/1524/1713 5773/1524/1713
f 5774/1518/1716 5597/1518/1716 5628/1518/1716 5775/1518/1716
f 5776/1552/1716 5585/1552/1716 5540/1553/1716 5777/1553/1716
f 5779/1520/1714 5562/1520/1714 5549/1520/1714 5780/1520/1714
f 5459/1523/1715 5599/1523/1715 5601/1524/1715 5457/1524/1715
f 5792/1515/1716 5721/1515/1716 5546/1515/1716 5787/1515/1716
f 5788/1518/1716 5542/1518/1716 5543/1518/1716 5789/1518/1716
f 5790/1517/1713 5619/1517/1713 5578/1571/1713 5791/1571/1713
f 5615/1513/1717 5606/1516/1718 5539/1515/1719 5538/1514/1719
f 5627/1517/1720 5619/1517/1720 5543/1518/1720 5542/1518/1720
f 5718/1519/1721 5564/1519/1721 5550/1520/1721 5716/1520/1721
f 5720/1521/1721 5575/1521/1721 5555/1522/1721 5717/1522/1721
f 5573/1523/1720 5569/1523/1720 5557/1524/1720 5559/1524/1720
f 5752/1525/1719 5608/1527/1719 5553/1522/1719 5749/1526/1719
f 5607/1528/1718 5609/1529/1718 5563/1519/1719 5562/1520/1719
f 5547/1531/1714 5692/1531/1714 5701/1531/1714 5598/1531/1714
f 5564/1519/1716 5797/1519/1716 5805/1519/1716 5785/1519/1716
f 5741/1533/1721 5733/1533/1721 5554/1534/1721 5719/1534/1721
f 5614/1535/1719 5610/1537/1719 5552/1534/1719 5567/1536/1719
f 5647/1538/1720 5638/1538/1720 5569/1523/1720 5573/1523/1720
f 5722/1539/1721 5617/1539/1721 5575/1521/1721 5720/1521/1721
f 5559/1524/1720 5557/1524/1720 5556/1540/1720 5580/1540/1720
f 5608/1527/1719 5611/1541/1719 5574/1521/1719 5553/1522/1719
f 5616/1539/1722 5620/1539/1722 5579/1521/1722 5574/1521/1722
f 5732/1533/1723 5734/1533/1723 5570/1534/1723 5552/1534/1723
f 5639/1532/1723 5801/1532/1723 5796/1519/1723 5563/1519/1723
f 5574/1521/1722 5579/1521/1722 5558/1522/1722 5553/1522/1722
f 5563/1519/1724 5796/1519/1724 5549/1520/1724 5562/1520/1724
f 5551/1546/1725 5565/1549/1725 5591/1548/1725 5587/1547/1725
f 5604/1550/1725 5540/1553/1725 5585/1552/1725 5596/1551/1725
f 5637/1538/1720 5642/1538/1720 5599/1523/1720 5572/1523/1720
f 5499/1530/1714 5702/1530/1714 5700/1530/1714 5456/1530/1714
f 5618/1517/1720 5622/1517/1720 5597/1518/1720 5541/1518/1720
f 5618/1517/1725 5541/1518/1725 5540/1553/1725 5604/1550/1725
f 5456/1530/1714 5700/1530/1714 5693/1530/1714 5424/1530/1714
f 5637/1538/1725 5572/1523/1725 5571/1545/1725 5605/1542/1725
f 5589/1554/1725 5594/1557/1725 5593/1556/1725 5588/1555/1725
f 5587/1547/1725 5591/1548/1725 5590/1561/1725 5586/1560/1725
f 5596/1551/1725 5585/1552/1725 5584/1565/1725 5613/1564/1725
f 5586/1560/1725 5590/1561/1725 5609/1529/1718 5607/1528/1718
f 5613/1564/1725 5584/1565/1725 5606/1516/1718 5615/1513/1717
f 5594/1557/1725 5621/1568/1725 5624/1567/1725 5593/1556/1725
f 5577/1540/1725 5576/1571/1725 5623/1570/1725 5581/1569/1725
f 5577/1540/1720 5600/1540/1720 5603/1571/1720 5576/1571/1720
f 5581/1569/1725 5623/1570/1725 5621/1568/1725 5594/1557/1725
f 5538/1514/1722 5582/1514/1722 5620/1539/1722 5616/1539/1722
f 5723/1514/1721 5544/1514/1721 5617/1539/1721 5722/1539/1721
f 5580/1540/1720 5556/1540/1720 5578/1571/1720 5626/1571/1720
f 5611/1541/1719 5625/1566/1719 5616/1539/1719 5574/1521/1719
f 5721/1515/1721 5545/1515/1721 5544/1514/1721 5723/1514/1721
f 5539/1515/1722 5546/1515/1722 5582/1514/1722 5538/1514/1722
f 5626/1571/1720 5578/1571/1720 5619/1517/1720 5627/1517/1720
f 5625/1566/1719 5615/1513/1717 5538/1514/1719 5616/1539/1719
f 5600/1540/1720 5632/1540/1720 5633/1571/1720 5603/1571/1720
f 5601/1524/1720 5629/1524/1720 5632/1540/1720 5600/1540/1720
f 5642/1538/1720 5646/1538/1720 5631/1523/1720 5599/1523/1720
f 5630/1531/1714 5703/1531/1714 5699/1531/1714 5566/1531/1714
f 5599/1523/1720 5631/1523/1720 5629/1524/1720 5601/1524/1720
f 5622/1517/1720 5634/1517/1720 5628/1518/1720 5597/1518/1720
f 5566/1531/1714 5699/1531/1714 5694/1531/1714 5548/1531/1714
f 5634/1517/1720 5627/1517/1720 5542/1518/1720 5628/1518/1720
f 5552/1534/1723 5570/1534/1723 5583/1536/1723 5567/1536/1723
f 5636/1572/1720 5561/1572/1720 5638/1538/1720 5647/1538/1720
f 5645/1574/1717 5614/1535/1719 5567/1536/1719 5639/1532/1719
f 5784/1532/1714 5804/1532/1714 5800/1532/1714 5640/1532/1714
f 5609/1529/1718 5645/1574/1717 5639/1532/1719 5563/1519/1719
f 5566/1531/1720 5548/1531/1720 5561/1572/1720 5636/1572/1720
f 5565/1549/1725 5643/1576/1725 5641/1575/1725 5591/1548/1725
f 5547/1531/1720 5598/1531/1720 5602/1572/1720 5560/1572/1720
f 5547/1531/1725 5560/1572/1725 5643/1576/1725 5565/1549/1725
f 5591/1548/1725 5641/1575/1725 5644/1573/1725 5590/1561/1725
f 5590/1561/1725 5644/1573/1725 5645/1574/1717 5609/1529/1718
f 5598/1531/1720 5630/1531/1720 5635/1572/1720 5602/1572/1720
f 5630/1531/1720 5566/1531/1720 5636/1572/1720 5635/1572/1720
f 5567/1536/1723 5583/1536/1723 5801/1532/1723 5639/1532/1723
f 5724/1536/1721 5568/1536/1721 5640/1532/1721 5725/1532/1721
f 5641/1575/1716 5678/1575/1716 5682/1573/1716 5644/1573/1716
f 5752/1525/1726 5754/1525/1726 5648/1527/1726 5608/1527/1726
f 5625/1566/1726 5661/1566/1726 5667/1513/1726 5615/1513/1726
f 5560/1572/1716 5688/1572/1716 5680/1576/1716 5643/1576/1716
f 5614/1535/1726 5655/1535/1726 5650/1537/1726 5610/1537/1726
f 5573/1523/1727 5674/1523/1727 5685/1538/1727 5647/1538/1727
f 5602/1572/1716 5689/1572/1716 5688/1572/1716 5560/1572/1716
f 5608/1527/1726 5648/1527/1726 5652/1541/1726 5611/1541/1726
f 5646/1538/1726 5684/1538/1726 5672/1523/1726 5631/1523/1726
f 5643/1576/1716 5680/1576/1716 5678/1575/1716 5641/1575/1716
f 5631/1523/1726 5672/1523/1726 5671/1524/1726 5629/1524/1726
f 5735/1578/1728 5737/1578/1728 5651/1559/1729 5592/1559/1729
f 5645/1574/1726 5683/1574/1726 5655/1535/1726 5614/1535/1726
f 5647/1538/1727 5685/1538/1727 5691/1572/1727 5636/1572/1727
f 5629/1524/1726 5671/1524/1726 5670/1540/1726 5632/1540/1726
f 5592/1559/1729 5651/1559/1729 5654/1558/1730 5612/1558/1730
f 5623/1570/1716 5663/1570/1716 5662/1568/1716 5621/1568/1716
f 5632/1540/1726 5670/1540/1726 5668/1571/1726 5633/1571/1726
f 5593/1556/1727 5653/1556/1727 5649/1555/1731 5588/1555/1731
f 5603/1571/1716 5659/1571/1716 5657/1571/1716 5576/1571/1716
f 5576/1571/1716 5657/1571/1716 5663/1570/1716 5623/1570/1716
f 5622/1517/1714 5658/1517/1714 5669/1517/1714 5634/1517/1714
f 5649/1555/1725 5653/1556/1725 5652/1541/1725 5648/1527/1725
f 5654/1558/1725 5651/1559/1725 5650/1537/1725 5655/1535/1725
f 5753/1563/1725 5649/1555/1725 5648/1527/1725 5754/1525/1725
f 5653/1556/1725 5660/1567/1725 5661/1566/1725 5652/1541/1725
f 5660/1567/1725 5666/1564/1725 5667/1513/1725 5661/1566/1725
f 5662/1568/1725 5664/1551/1725 5666/1564/1725 5660/1567/1725
f 5657/1571/1725 5656/1517/1725 5665/1550/1725 5663/1570/1725
f 5657/1571/1720 5659/1571/1720 5658/1517/1720 5656/1517/1720
f 5663/1570/1725 5665/1550/1725 5664/1551/1725 5662/1568/1725
f 5659/1571/1720 5668/1571/1720 5669/1517/1720 5658/1517/1720
f 5668/1571/1720 5676/1571/1720 5677/1517/1720 5669/1517/1720
f 5670/1540/1720 5675/1540/1720 5676/1571/1720 5668/1571/1720
f 5671/1524/1720 5673/1524/1720 5675/1540/1720 5670/1540/1720
f 5684/1538/1720 5685/1538/1720 5674/1523/1720 5672/1523/1720
f 5672/1523/1720 5674/1523/1720 5673/1524/1720 5671/1524/1720
f 5690/1572/1720 5691/1572/1720 5685/1538/1720 5684/1538/1720
f 5689/1572/1720 5690/1572/1720 5684/1538/1720 5686/1538/1720
f 5682/1573/1725 5654/1558/1725 5655/1535/1725 5683/1574/1725
f 5678/1575/1725 5679/1543/1725 5654/1558/1725 5682/1573/1725
f 5688/1572/1725 5687/1538/1725 5681/1542/1725 5680/1576/1725
f 5688/1572/1720 5689/1572/1720 5686/1538/1720 5687/1538/1720
f 5680/1576/1725 5681/1542/1725 5679/1543/1725 5678/1575/1725
f 5615/1513/1714 5667/1513/1714 5666/1564/1714 5613/1564/1714
f 5642/1538/1714 5686/1538/1714 5684/1538/1714 5646/1538/1714
f 5644/1573/1716 5682/1573/1716 5683/1574/1716 5645/1574/1716
f 5613/1564/1714 5666/1564/1714 5664/1551/1714 5596/1551/1714
f 5634/1517/1714 5669/1517/1714 5677/1517/1714 5627/1517/1714
f 5635/1572/1716 5690/1572/1716 5689/1572/1716 5602/1572/1716
f 5604/1550/1714 5665/1550/1714 5656/1517/1714 5618/1517/1714
f 5612/1558/1732 5654/1558/1732 5679/1543/1733 5595/1543/1734
f 5624/1567/1727 5660/1567/1727 5653/1556/1727 5593/1556/1727
f 5627/1517/1727 5677/1517/1727 5676/1571/1727 5626/1571/1727
f 5636/1572/1716 5691/1572/1716 5690/1572/1716 5635/1572/1716
f 5618/1517/1714 5656/1517/1714 5658/1517/1714 5622/1517/1714
f 5605/1542/1735 5681/1542/1736 5687/1538/1714 5637/1538/1714
f 5611/1541/1726 5652/1541/1726 5661/1566/1726 5625/1566/1726
f 5626/1571/1727 5676/1571/1727 5675/1540/1727 5580/1540/1727
f 5596/1551/1714 5664/1551/1714 5665/1550/1714 5604/1550/1714
f 5637/1538/1714 5687/1538/1714 5686/1538/1714 5642/1538/1714
f 5580/1540/1727 5675/1540/1727 5673/1524/1727 5559/1524/1727
f 5633/1571/1716 5668/1571/1716 5659/1571/1716 5603/1571/1716
f 5595/1543/1734 5679/1543/1733 5681/1542/1736 5605/1542/1735
f 5621/1568/1716 5662/1568/1716 5660/1567/1716 5624/1567/1716
f 5559/1524/1727 5673/1524/1727 5674/1523/1727 5573/1523/1727
f 5696/1530/1737 5695/1530/1737 5694/1531/1737 5699/1531/1737
f 5693/1530/1720 5700/1530/1720 5701/1531/1720 5692/1531/1720
f 5693/1530/1725 5692/1531/1725 5698/1549/1725 5697/1546/1725
f 5700/1530/1720 5702/1530/1720 5703/1531/1720 5701/1531/1720
f 5702/1530/1720 5696/1530/1720 5699/1531/1720 5703/1531/1720
f 5507/1530/1714 5696/1530/1714 5702/1530/1714 5499/1530/1714
f 5424/1530/1714 5693/1530/1714 5697/1546/1714 5462/1546/1714
f 5551/1546/1738 5697/1546/1738 5698/1549/1738 5565/1549/1738
f 5598/1531/1714 5701/1531/1714 5703/1531/1714 5630/1531/1714
f 5565/1549/1714 5698/1549/1714 5692/1531/1714 5547/1531/1714
f 5551/1546/1714 5767/1546/1714 5462/1546/1714 5697/1546/1714
f 5426/1530/1739 5432/1531/1739 5694/1531/1739 5695/1530/1739
f 5704/1579/1708 5453/1544/1708 5740/1580/1708
f 5739/1581/1725 5592/1582/1725 5595/1583/1725 5705/1584/1725
f 5704/1579/1740 5740/1580/1740 5739/1581/1740 5705/1584/1740
f 5451/1554/1741 5740/1585/1741 5453/1544/1741 5729/1586/1741 5746/1562/1741
f 5704/1579/1716 5705/1584/1716 5571/1545/1716 5464/1545/1716
f 5453/1544/1742 5704/1579/1742 5464/1545/1742
f 5605/1542/1725 5571/1545/1725 5705/1584/1725 5595/1583/1725
f 5739/1587/1725 5589/1554/1725 5588/1555/1725 5751/1563/1725
f 5595/1543/1725 5592/1582/1725 5612/1558/1725
f 5785/1519/1743 5782/1520/1743 5550/1520/1743 5564/1519/1743
f 5785/1519/1744 5805/1519/1744 5804/1532/1744 5784/1532/1744
f 5778/1536/1743 5784/1532/1743 5640/1532/1743 5568/1536/1743
f 5718/1519/1716 5796/1519/1716 5797/1519/1716 5564/1519/1716
f 5794/1533/1743 5758/1534/1743 5554/1534/1743 5733/1533/1743
f 5781/1521/1743 5783/1522/1743 5555/1522/1743 5575/1521/1743
f 5763/1539/1743 5781/1521/1743 5575/1521/1743 5617/1539/1743
f 5760/1514/1743 5763/1539/1743 5617/1539/1743 5544/1514/1743
f 5786/1515/1745 5760/1514/1745 5544/1514/1745 5545/1515/1745
f 5583/1536/1746 5724/1536/1746 5725/1532/1746 5801/1532/1746
f 5570/1534/1746 5719/1534/1746 5724/1536/1746 5583/1536/1746
f 5546/1515/1747 5721/1515/1747 5723/1514/1747 5582/1514/1747
f 5582/1514/1747 5723/1514/1747 5722/1539/1747 5620/1539/1747
f 5620/1539/1747 5722/1539/1747 5720/1521/1747 5579/1521/1747
f 5734/1533/1746 5741/1533/1746 5719/1534/1746 5570/1534/1746
f 5579/1521/1747 5720/1521/1747 5717/1522/1747 5558/1522/1747
f 5796/1519/1748 5718/1519/1748 5716/1520/1748 5549/1520/1748
f 5786/1515/1716 5545/1515/1716 5721/1515/1716 5792/1515/1716
f 5780/1520/1714 5549/1520/1714 5716/1520/1714 5793/1520/1714
f 5518/1536/1749 5533/1532/1749 5715/1532/1749 5714/1536/1749
f 5447/1534/1749 5518/1536/1749 5714/1536/1749 5709/1534/1749
f 5443/1515/1749 5490/1514/1749 5713/1514/1749 5711/1515/1749
f 5490/1514/1749 5482/1539/1749 5712/1539/1749 5713/1514/1749
f 5482/1539/1749 5448/1521/1749 5710/1521/1749 5712/1539/1749
f 5728/1533/1749 5447/1534/1749 5709/1534/1749 5742/1533/1749
f 5533/1532/1749 5446/1519/1749 5708/1519/1749 5715/1532/1749
f 5448/1521/1749 5445/1522/1749 5707/1522/1749 5710/1521/1749
f 5446/1519/1749 5444/1520/1749 5706/1520/1749 5708/1519/1749
f 5745/1526/1749 5728/1533/1749 5742/1533/1749 5756/1526/1749
f 5808/1526/1746 5755/1526/1746 5741/1533/1746 5734/1533/1746
f 5724/1536/1716 5583/1536/1716 5798/1536/1716 5568/1536/1716
f 5739/1581/1725 5735/1578/1725 5592/1559/1725
f 5651/1559/1725 5737/1578/1725 5738/1588/1725 5650/1537/1725
f 5751/1563/1750 5753/1563/1750 5737/1578/1728 5735/1578/1728
f 5610/1537/1726 5650/1537/1726 5738/1588/1726 5736/1588/1726
f 5749/1526/1723 5808/1526/1723 5734/1533/1723 5732/1533/1723
f 5741/1533/1716 5734/1533/1716 5806/1533/1716 5733/1533/1716
f 5610/1537/1719 5736/1588/1719 5732/1533/1719 5552/1534/1719
f 5470/1559/1708 5476/1537/1708 5731/1588/1708 5730/1578/1708
f 5453/1544/1708 5470/1559/1708 5730/1578/1708 5729/1586/1708
f 5743/1526/1711 5726/1533/1711 5728/1533/1711 5745/1526/1711
f 5756/1526/1710 5742/1533/1710 5727/1533/1710 5744/1526/1710
f 5476/1537/1708 5435/1534/1708 5726/1533/1708 5731/1588/1708
f 5707/1522/1710 5756/1526/1710 5744/1526/1710 5429/1522/1710
f 5428/1522/1711 5743/1526/1711 5745/1526/1711 5445/1522/1711
f 5717/1522/1721 5555/1522/1721 5750/1526/1721 5755/1526/1721
f 5553/1522/1751 5558/1522/1751 5808/1526/1751 5749/1526/1751
f 5588/1555/1731 5649/1555/1731 5753/1563/1750 5751/1563/1750
f 5451/1554/1713 5589/1554/1713 5739/1587/1713 5740/1585/1713
f 5783/1522/1743 5795/1526/1743 5750/1526/1743 5555/1522/1743
f 5558/1522/1752 5717/1522/1752 5755/1526/1752 5808/1526/1752
f 5445/1522/1749 5745/1526/1749 5756/1526/1749 5707/1522/1749
f 5739/1589/1725 5751/1563/1725 5735/1578/1725
f 5737/1578/1725 5753/1563/1725 5754/1525/1725 5738/1588/1725
f 5736/1588/1726 5738/1588/1726 5754/1525/1726 5752/1525/1726
f 5736/1588/1719 5752/1525/1719 5749/1526/1719 5732/1533/1719
f 5730/1578/1708 5731/1588/1708 5748/1525/1708 5747/1563/1708
f 5729/1586/1708 5730/1578/1708 5747/1563/1708 5746/1562/1708
f 5731/1588/1708 5726/1533/1708 5743/1526/1708 5748/1525/1708
f 5429/1522/1753 5744/1526/1753 5795/1526/1753 5783/1522/1753
f 5744/1526/1753 5727/1533/1753 5794/1533/1753 5795/1526/1753
f 5444/1520/1714 5780/1520/1714 5793/1520/1714 5706/1520/1714
f 5423/1515/1716 5786/1515/1716 5792/1515/1716 5711/1515/1716
f 5423/1515/1754 5489/1514/1754 5760/1514/1754 5786/1515/1754
f 5489/1514/1753 5479/1539/1753 5763/1539/1753 5760/1514/1753
f 5479/1539/1753 5440/1521/1753 5781/1521/1753 5763/1539/1753
f 5440/1521/1753 5429/1522/1753 5783/1522/1753 5781/1521/1753
f 5727/1533/1753 5436/1534/1753 5758/1534/1753 5794/1533/1753
f 5436/1534/1753 5517/1536/1753 5778/1536/1753 5758/1534/1753
f 5517/1536/1753 5532/1532/1753 5784/1532/1753 5778/1536/1753
f 5532/1532/1753 5434/1519/1753 5785/1519/1753 5784/1532/1753
f 5434/1519/1753 5427/1520/1753 5782/1520/1753 5785/1519/1753
f 5496/1517/1713 5790/1517/1713 5791/1571/1713 5481/1571/1713
f 5506/1518/1716 5788/1518/1716 5789/1518/1716 5422/1518/1716
f 5711/1515/1716 5792/1515/1716 5787/1515/1716 5443/1515/1716
f 5425/1520/1714 5779/1520/1714 5780/1520/1714 5444/1520/1714
f 5449/1552/1716 5776/1552/1716 5777/1553/1716 5461/1553/1716
f 5455/1518/1716 5774/1518/1716 5775/1518/1716 5498/1518/1716
f 5442/1540/1713 5772/1540/1713 5773/1524/1713 5430/1524/1713
f 5481/1571/1713 5791/1571/1713 5772/1540/1713 5442/1540/1713
f 5515/1538/1713 5770/1538/1713 5771/1572/1713 5527/1572/1713
f 5443/1515/1716 5787/1515/1716 5769/1515/1716 5421/1515/1716
f 5462/1546/1714 5767/1546/1714 5768/1547/1714 5450/1547/1714
f 5420/1518/1716 5766/1518/1716 5774/1518/1716 5455/1518/1716
f 5466/1565/1716 5765/1565/1716 5776/1552/1716 5449/1552/1716
f 5498/1518/1716 5775/1518/1716 5788/1518/1716 5506/1518/1716
f 5422/1518/1713 5789/1518/1713 5790/1517/1713 5496/1517/1713
f 5450/1547/1714 5768/1547/1714 5764/1560/1714 5467/1560/1714
f 5430/1524/1713 5773/1524/1713 5761/1523/1713 5438/1523/1713
f 5438/1523/1713 5761/1523/1713 5770/1538/1713 5515/1538/1713
f 5461/1553/1716 5777/1553/1716 5766/1518/1716 5420/1518/1716
f 5706/1520/1714 5793/1520/1714 5782/1520/1714 5427/1520/1714
f 5527/1572/1713 5771/1572/1713 5762/1531/1713 5432/1531/1713
f 5421/1515/1716 5769/1515/1716 5759/1516/1716 5472/1516/1716
f 5472/1516/1716 5759/1516/1716 5765/1565/1716 5466/1565/1716
f 5473/1528/1714 5757/1577/1714 5779/1520/1714 5425/1520/1714
f 5467/1560/1714 5764/1560/1714 5757/1577/1714 5473/1528/1714
f 5801/1532/1755 5800/1532/1755 5797/1519/1755 5796/1519/1755
f 5570/1534/1755 5799/1534/1755 5798/1536/1755 5583/1536/1755
f 5804/1532/1743 5805/1519/1743 5797/1519/1743 5800/1532/1743
f 5802/1534/1743 5803/1536/1743 5798/1536/1743 5799/1534/1743
f 5810/1526/1743 5809/1533/1743 5806/1533/1743 5807/1526/1743
f 5808/1526/1755 5807/1526/1755 5806/1533/1755 5734/1533/1755
f 5733/1533/1716 5806/1533/1716 5809/1533/1716 5794/1533/1716
f 5758/1534/1714 5802/1534/1714 5799/1534/1714 5554/1534/1714
f 5750/1526/1714 5807/1526/1714 5808/1526/1714 5755/1526/1714
f 5795/1526/1714 5810/1526/1714 5807/1526/1714 5750/1526/1714
f 5725/1532/1746 5718/1519/1746 5796/1519/1746 5801/1532/1746
f 5554/1534/1714 5799/1534/1714 5570/1534/1714 5719/1534/1714
f 5640/1532/1714 5800/1532/1714 5801/1532/1714 5725/1532/1714
f 5794/1533/1744 5809/1533/1744 5810/1526/1744 5795/1526/1744
f 5778/1536/1744 5803/1536/1744 5802/1534/1744 5758/1534/1744
f 5568/1536/1716 5798/1536/1716 5803/1536/1716 5778/1536/1716
o Plane.026
v -2.352804 8.581678 -5.179870
v -3.058325 8.656331 -5.197627
v -1.903103 9.171495 -5.193202
v -2.474276 9.143274 -5.202033
v -2.031786 8.796834 -5.177057
v -2.352804 8.581678 5.195854
v -3.058325 8.656331 5.178096
v -1.903103 9.171495 5.182520
v -2.474276 9.143274 5.173690
v -2.031786 8.796834 5.198666
v -1.903103 9.171495 -0.005342
v -2.474276 9.143274 -0.014171
v -3.058325 8.656331 -0.009766
v -2.307568 8.512074 -5.179870
v -1.986550 8.727230 -5.177057
v -2.474276 9.143274 -5.058175
v -2.352804 8.581678 -5.036010
v -1.903103 9.171495 -5.049345
v -3.058325 8.656331 -5.053769
v -2.031786 8.796834 -5.033199
v -1.903103 9.171495 -0.082654
v -3.058325 8.656331 -0.087078
v -2.031786 8.796834 -0.066510
v -2.474276 9.143274 -0.091484
v -2.352804 8.581678 -0.069321
v -1.903103 9.171495 0.079441
v -3.058325 8.656331 0.075017
v -2.031786 8.796834 0.095585
v -2.474276 9.143274 0.070611
v -2.352804 8.581678 0.092774
v -1.903103 9.171495 5.032452
v -3.058325 8.656331 5.028028
v -2.031786 8.796834 5.048596
v -2.474276 9.143274 5.023623
v -2.352804 8.581678 5.045784
v -2.306394 8.510270 5.196726
v -3.011915 8.584922 5.178968
v -1.862100 9.108405 5.032452
v -3.017322 8.593240 5.028028
v -1.990783 8.733744 5.048596
v -2.311801 8.518588 5.045784
v -1.875853 9.129566 -0.082654
v -1.875853 9.129566 -0.005342
v -3.031075 8.614401 -0.087078
v -3.031075 8.614401 -0.009766
v -2.325553 8.539748 0.092774
v -2.325553 8.539748 0.007992
v -2.004535 8.754904 -0.066510
v -2.004535 8.754904 0.010803
v -2.325553 8.539748 -0.069321
v -1.875853 9.129566 0.079441
v -3.031075 8.614401 0.075017
v -2.004535 8.754904 0.095585
v -3.013089 8.586727 -5.197627
v -1.857867 9.101892 -5.193202
v -2.307568 8.512074 -5.036010
v -1.857867 9.101892 -5.049345
v -3.013089 8.586727 -5.053769
v -1.986550 8.727230 -5.033199
v -2.474261 9.143376 -8.573132
v -3.058398 8.655727 -5.559525
v -2.352842 8.581365 -5.541733
v -2.031821 8.796515 -5.538888
v -2.474337 9.142644 -5.516818
v -1.903162 9.170860 -5.554924
v -2.352793 8.581846 -8.446627
v -1.903075 9.171655 -8.459786
v -3.058311 8.656523 -8.464385
v -2.474249 9.143445 -8.445949
v -2.322833 8.535746 -8.446638
v -3.028356 8.610340 -8.568807
v -3.028351 8.610421 -8.464397
v -1.876316 9.130279 -5.193202
v -2.004998 8.755616 -5.177057
v -3.031538 8.615113 -5.559457
v -3.031538 8.615113 -5.197627
v -2.326017 8.540461 -5.179870
v -2.326017 8.540461 -5.541699
v -2.004998 8.755616 -5.538888
v -1.876316 9.130279 -5.555034
v -2.064582 8.847105 8.585994
v -2.385131 8.631279 8.581519
v -3.090789 8.704513 8.563314
v -2.507790 9.192732 8.562493
v -1.936691 9.222133 8.572205
v -2.477332 9.148367 5.497136
v -1.903837 9.191914 5.508518
v -3.057935 8.674294 5.499628
v -2.352277 8.601060 5.517831
v -2.031729 8.816887 5.522305
v -1.935090 9.220660 8.422956
v -3.089189 8.703040 8.414065
v -2.062982 8.845634 8.436745
v -2.506189 9.191259 8.413245
v -2.383530 8.629807 8.432270
v -1.985376 8.725426 5.199538
v -1.856693 9.100087 5.183393
v -2.304044 8.507045 5.521042
v -1.854343 9.096863 5.507710
v -3.009565 8.581697 5.503285
v -1.983025 8.722200 5.523855
v -1.877653 9.132690 8.424439
v -1.879254 9.134162 8.573689
v -2.007146 8.759135 8.587477
v -2.327694 8.543308 8.583002
v -3.033352 8.616542 8.564797
v -3.031752 8.615070 8.415549
v -2.005545 8.757663 8.438228
v -2.326093 8.541837 8.433754
v -1.903072 9.171683 -8.564235
v -2.031765 8.797021 -8.548196
v -2.352789 8.581875 -8.551076
v -3.058317 8.656441 -8.568801
v -2.031769 8.796992 -8.443747
v -2.322830 8.535774 -8.551087
v -1.873112 9.125583 -8.564246
v -2.001806 8.750920 -8.548208
v -2.001809 8.750892 -8.443759
v -1.873116 9.125554 -8.459797
vn -0.0493 0.9988 -0.0000
vn -0.0256 -0.0044 0.9997
vn 0.0270 0.0176 -0.9995
vn -0.6404 0.7681 -0.0000
vn 0.8385 0.5449 -0.0000
vn -0.0061 -0.0040 1.0000
vn -0.0270 -0.0176 0.9995
vn -0.8385 -0.5449 -0.0000
vn -0.0494 0.9988 -0.0009
vn -0.0433 -0.0282 -0.9987
vn -0.6403 0.7681 -0.0006
vn 0.0433 0.0282 0.9987
vn -0.1052 -0.9944 -0.0000
vn 0.9458 -0.3248 -0.0000
vn 0.5567 -0.8307 -0.0000
vn -0.1038 -0.9933 -0.0510
vn 0.9438 -0.3264 -0.0518
vn 0.5559 -0.8286 -0.0656
vn 0.0061 0.0040 -1.0000
vn -0.0118 0.0045 0.9999
vn -0.6403 0.7681 -0.0001
vn -0.6403 0.7681 -0.0004
vn -0.0270 -0.0178 0.9995
vn -0.0494 0.9988 -0.0007
vn -0.0494 0.9988 -0.0008
vn -0.0442 -0.0277 -0.9986
vn 0.0063 0.0037 -1.0000
vn -0.6403 0.7681 -0.0005
vn -0.0494 0.9988 -0.0000
vn -0.0494 0.9988 0.0001
vn -0.8385 -0.5449 0.0005
vn 0.8363 0.5483 -0.0005
vn -0.8363 -0.5483 0.0005
vn 0.0269 0.0165 -0.9995
vn -0.0183 0.0050 0.9998
vn -0.0248 0.0007 0.9997
vn -0.0176 0.0054 0.9998
vn 0.0200 0.0299 0.9994
vn -0.0573 0.9983 -0.0117
vn -0.0512 0.9986 -0.0104
vn -0.0192 0.0433 0.9989
vn -0.0320 0.0269 0.9991
vn -0.0311 0.0272 0.9991
vn -0.0320 0.0281 0.9991
vn -0.0228 0.0289 0.9993
vn -0.6396 0.7685 -0.0152
vn -0.6420 0.7666 -0.0144
vn 0.0182 -0.0050 -0.9998
vn 0.0249 -0.0007 -0.9997
vn 0.0258 -0.0000 -0.9997
vn -0.6363 0.7709 -0.0302
vn -0.0618 0.9973 -0.0395
vn -0.0212 0.0149 0.9997
vn -0.0227 0.0241 0.9995
vn -0.0210 0.0144 0.9997
vn 0.0419 0.0256 0.9988
vn 0.5583 -0.8295 0.0142
vn -0.6372 0.7705 -0.0160
vn -0.0634 0.9979 -0.0129
vn -0.1034 -0.9946 0.0087
vn 0.9465 -0.3223 0.0133
vn 0.5568 -0.8306 -0.0123
vn -0.1050 -0.9944 -0.0091
vn 0.9456 -0.3252 -0.0101
vn 0.8664 0.4992 -0.0153
vn -0.0229 0.0250 0.9994
vn 0.0311 0.0324 0.9990
vn -0.8659 -0.5000 0.0151
vn -0.0200 -0.0299 -0.9994
vn -0.8373 -0.5467 -0.0036
vn 0.8373 0.5467 0.0036
vn 0.0176 -0.0054 -0.9998
vn -0.0258 -0.0000 0.9997
vn 0.0061 0.0042 -1.0000
vn 0.0270 0.0177 -0.9995
vn 0.0308 -0.0326 -0.9990
vn 0.0260 -0.0336 -0.9991
vn 0.0299 -0.0328 -0.9990
vn 0.0180 -0.0489 -0.9986
vn 0.0214 -0.0346 -0.9992
vn -0.0494 0.9988 -0.0002
vn 0.9457 -0.3249 -0.0000
vn -0.1050 -0.9945 -0.0002
vn 0.5567 -0.8307 -0.0001
vn 0.5567 -0.8307 -0.0002
vn -0.1052 -0.9945 0.0002
vn 0.9458 -0.3249 -0.0001
vn -0.0061 -0.0042 1.0000
vn 0.0433 0.0279 0.9987
vn -0.0433 -0.0279 -0.9987
vn 0.8385 0.5449 0.0002
vt 1.000000 1.000000
vt 0.000000 1.000000
vt 1.000000 0.000000
vt 0.000000 0.000000
vt 0.000000 0.500000
s 1
f 5844/1590/1756 5819/1590/1756 5818/1591/1756 5841/1591/1756
f 5817/1592/1757 5847/1592/1757 5846/1593/1757 5816/1593/1757
f 5845/1593/1758 5851/1593/1758 5849/1592/1758 5842/1592/1758
f 5842/1592/1759 5817/1592/1759 5819/1590/1759 5844/1590/1759
f 5818/1591/1760 5907/1591/1760 5848/1591/1760 5841/1591/1760
f 5840/1593/1761 5856/1593/1761 5863/1594/1761 5838/1594/1761
f 5832/1592/1759 5823/1592/1759 5822/1590/1759 5834/1590/1759
f 5837/1592/1762 5862/1592/1762 5856/1593/1762 5840/1593/1762
f 5823/1592/1763 5855/1592/1763 5862/1592/1763 5837/1592/1763
f 5834/1590/1756 5822/1590/1756 5821/1591/1756 5831/1591/1756
f 5814/1590/1764 5826/1590/1756 5828/1591/1756 5813/1591/1764
f 5813/1591/1765 5865/1591/1765 5825/1594/1765 5815/1594/1765
f 5812/1592/1763 5864/1592/1763 5868/1592/1763 5829/1592/1763
f 5812/1592/1766 5829/1592/1759 5826/1590/1759 5814/1590/1766
f 5830/1594/1767 5869/1594/1767 5867/1591/1767 5828/1591/1767
f 5826/1590/1756 5834/1590/1756 5831/1591/1756 5828/1591/1756
f 5827/1593/1768 5835/1593/1768 5832/1592/1768 5829/1592/1768
f 5828/1591/1769 5831/1591/1769 5833/1594/1769 5830/1594/1769
f 5829/1592/1759 5832/1592/1759 5834/1590/1759 5826/1590/1759
f 5830/1594/1770 5833/1594/1770 5835/1593/1770 5827/1593/1770
f 5821/1591/1760 5853/1591/1760 5852/1591/1760 5831/1591/1760
f 5823/1592/1759 5837/1592/1759 5839/1590/1759 5822/1590/1759
f 5831/1591/1765 5852/1591/1765 5858/1594/1765 5833/1594/1765
f 5838/1594/1767 5863/1594/1767 5861/1591/1767 5836/1591/1767
f 5822/1590/1756 5839/1590/1756 5836/1591/1756 5821/1591/1756
f 5838/1594/1770 5843/1594/1770 5845/1593/1770 5840/1593/1770
f 5837/1592/1759 5842/1592/1759 5844/1590/1759 5839/1590/1759
f 5836/1591/1769 5841/1591/1769 5843/1594/1769 5838/1594/1769
f 5840/1593/1768 5845/1593/1768 5842/1592/1768 5837/1592/1768
f 5839/1590/1756 5844/1590/1756 5841/1591/1756 5836/1591/1756
f 5851/1593/1771 5846/1593/1771 5847/1592/1771 5849/1592/1771
f 5848/1591/1772 5907/1591/1772 5906/1594/1772 5850/1594/1772
f 5850/1594/1773 5906/1594/1773 5846/1593/1773 5851/1593/1773
f 5841/1591/1765 5848/1591/1765 5850/1594/1765 5843/1594/1765
f 5843/1594/1774 5850/1594/1774 5851/1593/1774 5845/1593/1774
f 5816/1593/1775 5846/1593/1775 5906/1594/1775 5820/1594/1775
f 5842/1592/1763 5849/1592/1763 5847/1592/1763 5817/1592/1763
f 5858/1594/1770 5859/1594/1770 5857/1593/1770 5860/1593/1770
f 5852/1591/1769 5853/1591/1769 5859/1594/1769 5858/1594/1769
f 5860/1593/1768 5857/1593/1768 5855/1592/1768 5854/1592/1768
f 5859/1594/1770 5863/1594/1770 5856/1593/1770 5857/1593/1770
f 5853/1591/1769 5861/1591/1769 5863/1594/1769 5859/1594/1769
f 5857/1593/1768 5856/1593/1768 5862/1592/1768 5855/1592/1768
f 5833/1594/1774 5858/1594/1774 5860/1593/1774 5835/1593/1774
f 5832/1592/1763 5854/1592/1763 5855/1592/1763 5823/1592/1763
f 5835/1593/1758 5860/1593/1758 5854/1592/1758 5832/1592/1758
f 5836/1591/1760 5861/1591/1760 5853/1591/1760 5821/1591/1760
f 5824/1593/1768 5866/1593/1768 5868/1592/1768 5864/1592/1768
f 5865/1591/1769 5867/1591/1769 5869/1594/1769 5825/1594/1769
f 5825/1594/1770 5869/1594/1770 5866/1593/1770 5824/1593/1770
f 5815/1594/1774 5825/1594/1774 5824/1593/1774 5811/1593/1774
f 5829/1592/1762 5868/1592/1762 5866/1593/1762 5827/1593/1762
f 5828/1591/1760 5867/1591/1760 5865/1591/1760 5813/1591/1760
f 5827/1593/1761 5866/1593/1761 5869/1594/1761 5830/1594/1761
f 5811/1593/1758 5824/1593/1758 5864/1592/1758 5812/1592/1758
f 5879/1593/1776 5870/1593/1777 5923/1593/1777 5878/1593/1776
f 5878/1593/1778 5882/1593/1778 5880/1593/1778 5876/1593/1778
f 5813/1593/1764 5875/1593/1779 5874/1593/1780 5814/1593/1764
f 5875/1591/1781 5890/1591/1781 5889/1594/1781 5873/1594/1781
f 5812/1593/1762 5886/1593/1762 5887/1593/1762 5811/1593/1762
f 5873/1593/1782 5889/1593/1782 5888/1593/1782 5872/1593/1782
f 5814/1593/1766 5874/1593/1766 5871/1593/1783 5812/1593/1766
f 5875/1593/1779 5877/1593/1784 5879/1593/1785 5874/1593/1780
f 5874/1593/1766 5879/1593/1776 5878/1593/1776 5871/1593/1783
f 5923/1593/1786 5881/1593/1786 5882/1593/1786 5878/1593/1786
f 5884/1594/1769 5889/1594/1769 5890/1591/1769 5883/1591/1769
f 5886/1593/1768 5885/1593/1768 5888/1593/1768 5887/1593/1768
f 5887/1593/1770 5888/1593/1770 5889/1593/1770 5884/1593/1770
f 5811/1593/1761 5887/1593/1761 5884/1593/1761 5815/1593/1761
f 5813/1593/1787 5883/1593/1787 5890/1593/1787 5875/1593/1787
f 5871/1593/1788 5885/1593/1788 5886/1593/1788 5812/1593/1788
f 5872/1593/1789 5888/1593/1789 5885/1593/1789 5871/1593/1789
f 5815/1594/1767 5884/1594/1767 5883/1591/1767 5813/1591/1767
f 5892/1593/1790 5915/1593/1791 5914/1594/1792 5891/1594/1792
f 5891/1594/1793 5914/1594/1793 5913/1591/1793 5895/1591/1793
f 5904/1590/1794 5894/1590/1795 5895/1591/1795 5901/1591/1794
f 5895/1591/1796 5894/1590/1796 5891/1594/1796
f 5891/1594/1797 5894/1590/1798 5892/1593/1799
f 5893/1592/1800 5892/1593/1799 5894/1590/1798
f 5902/1592/1801 5893/1592/1802 5894/1590/1802 5904/1590/1801
f 5905/1593/1803 5919/1593/1804 5917/1592/1805 5902/1592/1805
f 5817/1592/1806 5898/1592/1806 5896/1590/1806 5819/1590/1806
f 5819/1590/1807 5896/1590/1807 5897/1591/1807 5818/1591/1807
f 5899/1593/1808 5908/1593/1809 5911/1594/1810 5900/1594/1810
f 5900/1594/1811 5911/1594/1811 5909/1591/1811 5897/1591/1811
f 5900/1594/1812 5903/1594/1812 5905/1593/1812 5899/1593/1812
f 5898/1592/1813 5902/1592/1801 5904/1590/1801 5896/1590/1813
f 5896/1590/1814 5904/1590/1794 5901/1591/1794 5897/1591/1814
f 5899/1593/1815 5905/1593/1815 5902/1592/1815 5898/1592/1815
f 5897/1591/1816 5901/1591/1816 5903/1594/1816 5900/1594/1816
f 5906/1594/1817 5911/1594/1817 5908/1593/1817 5846/1593/1817
f 5846/1593/1818 5908/1593/1818 5910/1592/1818 5847/1592/1818
f 5907/1591/1819 5909/1591/1819 5911/1594/1819 5906/1594/1819
f 5897/1591/1820 5909/1591/1820 5907/1591/1820 5818/1591/1820
f 5898/1592/1821 5910/1592/1821 5908/1593/1809 5899/1593/1808
f 5818/1591/1822 5820/1594/1822 5906/1594/1822 5907/1591/1822
f 5817/1592/1823 5847/1592/1823 5910/1592/1823 5898/1592/1823
f 5912/1591/1816 5913/1591/1816 5914/1594/1816 5918/1594/1816
f 5919/1593/1815 5915/1593/1815 5916/1592/1815 5917/1592/1815
f 5918/1594/1812 5914/1594/1812 5915/1593/1812 5919/1593/1812
f 5901/1591/1824 5912/1591/1824 5918/1594/1824 5903/1594/1824
f 5902/1592/1825 5917/1592/1825 5916/1592/1825 5893/1592/1825
f 5895/1591/1826 5913/1591/1826 5912/1591/1826 5901/1591/1826
f 5903/1594/1827 5918/1594/1827 5919/1593/1804 5905/1593/1803
f 5893/1592/1828 5916/1592/1828 5915/1593/1791 5892/1593/1790
f 5921/1593/1829 5927/1593/1829 5925/1593/1829 5922/1593/1829
f 5922/1593/1830 5925/1593/1830 5881/1593/1830 5923/1593/1830
f 5921/1593/1831 5922/1593/1832 5870/1593/1833
f 5921/1593/1834 5870/1593/1834 5920/1591/1834
f 5923/1593/1835 5870/1593/1833 5922/1593/1832
f 5877/1593/1784 5920/1593/1836 5870/1593/1836 5879/1593/1785
f 5873/1594/1837 5924/1594/1837 5877/1591/1837 5875/1591/1837
f 5871/1593/1838 5878/1593/1838 5876/1593/1838 5872/1593/1838
f 5872/1593/1839 5876/1593/1839 5924/1593/1839 5873/1593/1839
f 5880/1593/1840 5925/1593/1840 5927/1593/1840 5928/1593/1840
f 5882/1593/1841 5881/1593/1841 5925/1593/1841 5880/1593/1841
f 5928/1594/1842 5927/1594/1842 5926/1591/1842 5929/1591/1842
f 5876/1593/1843 5880/1593/1843 5928/1593/1843 5924/1593/1843
f 5924/1594/1844 5928/1594/1844 5929/1591/1844 5877/1591/1844
f 5920/1591/1845 5926/1591/1845 5927/1593/1845 5921/1593/1845
f 5877/1593/1846 5929/1593/1846 5926/1593/1846 5920/1593/1846
o Plane.027
v 5.209188 7.000733 4.520789
v 4.924756 7.263379 4.520789
v 5.209188 7.000733 0.666357
v 4.924756 7.263378 0.666357
v 5.156317 3.407369 4.520789
v 5.156317 3.407369 0.666358
v 5.107481 6.954047 0.666357
v 5.107481 6.954048 4.520789
v 5.054611 3.360682 4.520789
v 4.823050 7.216692 4.520789
v 4.823050 7.216692 0.666357
v 5.054611 3.360682 0.666358
vn 0.6784 0.7347 -0.0000
vn 0.9999 -0.0147 -0.0000
vn -0.6784 -0.7347 -0.0000
vn -0.9999 0.0147 -0.0000
vn -0.0000 -0.0000 -1.0000
vn -0.4172 0.9088 -0.0000
vn -0.0000 -0.0000 1.0000
vn 0.4172 -0.9088 -0.0000
vt 0.000000 0.566553
vt 0.000000 0.956798
vt 0.770591 0.566553
vt 0.770591 0.956798
s 1
f 5930/1595/1847 5932/1596/1847 5933/1596/1847 5931/1595/1847
f 5930/1595/1848 5934/1597/1848 5935/1598/1848 5932/1596/1848
f 5937/1595/1849 5939/1595/1849 5940/1596/1849 5936/1596/1849
f 5937/1595/1850 5936/1596/1850 5941/1598/1850 5938/1597/1850
f 5935/1598/1851 5941/1598/1851 5936/1596/1851 5932/1596/1851
f 5933/1596/1852 5940/1596/1852 5939/1595/1852 5931/1595/1852
f 5930/1595/1853 5937/1595/1853 5938/1597/1853 5934/1597/1853
f 5934/1597/1854 5938/1597/1854 5941/1598/1854 5935/1598/1854
f 5932/1596/1851 5936/1596/1851 5940/1596/1851 5933/1596/1851
f 5931/1595/1853 5939/1595/1853 5937/1595/1853 5930/1595/1853
o Plane.028
v 5.209188 7.000731 -19.961374
v 4.924756 7.263377 -19.961374
v 5.209188 7.000731 -23.072208
v 4.924756 7.263376 -23.072208
v 5.156317 3.407367 -19.961374
v 5.156317 3.407367 -23.072208
v 5.107481 6.954045 -23.072208
v 5.107481 6.954046 -19.961374
v 5.054611 3.360681 -19.961374
v 4.823050 7.216691 -19.961374
v 4.823050 7.216690 -23.072208
v 5.054611 3.360680 -23.072208
vn 0.6784 0.7347 -0.0000
vn 0.9999 -0.0147 -0.0000
vn -0.6784 -0.7347 -0.0000
vn -0.9999 0.0147 -0.0000
vn -0.0000 -0.0000 -1.0000
vn -0.4172 0.9088 -0.0000
vn -0.0000 -0.0000 1.0000
vn 0.4172 -0.9088 -0.0000
vt 0.000000 0.566553
vt 0.000000 0.956798
vt 0.770591 0.566553
vt 0.770591 0.956798
s 1
f 5942/1599/1855 5944/1600/1855 5945/1600/1855 5943/1599/1855
f 5942/1599/1856 5946/1601/1856 5947/1602/1856 5944/1600/1856
f 5949/1599/1857 5951/1599/1857 5952/1600/1857 5948/1600/1857
f 5949/1599/1858 5948/1600/1858 5953/1602/1858 5950/1601/1858
f 5947/1602/1859 5953/1602/1859 5948/1600/1859 5944/1600/1859
f 5945/1600/1860 5952/1600/1860 5951/1599/1860 5943/1599/1860
f 5942/1599/1861 5949/1599/1861 5950/1601/1861 5946/1601/1861
f 5946/1601/1862 5950/1601/1862 5953/1602/1862 5947/1602/1862
f 5944/1600/1859 5948/1600/1859 5952/1600/1859 5945/1600/1859
f 5943/1599/1861 5951/1599/1861 5949/1599/1861 5942/1599/1861
o Plane.029
v 4.931055 6.898924 -23.416597
v 4.862444 2.235797 -23.416597
v 3.830930 7.809656 -23.416597
v 4.538691 1.172492 -23.416597
v 4.931055 6.898924 -19.430849
v 4.862444 2.235798 -19.430849
v 3.830930 7.809657 -19.430849
v 4.589449 1.173599 -19.430849
v 4.862444 2.235797 -21.423723
v 4.589449 1.173598 -21.423723
v 3.830930 7.809657 -21.423723
v 4.931055 6.898924 -19.620436
v 3.830930 7.809657 -19.620436
v 4.862444 2.235798 -19.620436
v 4.589449 1.173599 -19.620438
v 4.862444 2.235798 -19.972092
v 4.589449 1.173598 -19.972092
v 4.931055 6.898924 -19.972092
v 3.830930 7.809657 -19.972092
v 4.862444 2.235797 -23.067192
v 4.589449 1.173598 -23.067192
v 4.931055 6.898924 -23.067192
v 3.830930 7.809656 -23.067192
v 4.678332 1.951544 -23.416597
v 4.678332 1.951545 -19.430849
v 4.678333 1.951544 -21.423723
v 4.678333 1.951545 -19.620436
v 4.678333 1.951544 -19.972092
v 4.678333 1.951544 -23.067192
v 4.879004 3.361282 -23.416597
v 4.879004 3.361283 -19.430849
v 4.879004 3.361282 -21.423723
v 4.879004 3.361283 -19.620436
v 4.879004 3.361283 -19.972092
v 4.879004 3.361282 -23.067192
v 4.608173 7.166220 -23.416597
v 4.608173 7.166221 -19.430849
v 4.608173 7.166221 -21.423723
v 4.608174 7.166221 -19.620436
v 4.608173 7.166221 -19.972092
v 4.608173 7.166220 -23.067192
v 4.916420 5.904274 -23.416597
v 4.916420 5.904274 -19.430849
v 4.916420 5.904274 -19.620436
v 4.916420 5.904274 -19.972092
v 4.916420 5.904274 -23.067192
v 4.877197 3.238473 -23.416597
v 4.877197 3.238474 -19.430849
v 4.877197 3.238473 -21.423723
v 4.877197 3.238474 -19.620436
v 4.877197 3.238474 -19.972092
v 4.877197 3.238473 -23.067192
v 4.875456 3.120180 -23.416597
v 4.875456 3.120181 -19.430849
v 4.875457 3.120180 -21.423723
v 4.875457 3.120181 -19.620436
v 4.875457 3.120181 -19.972092
v 4.875457 3.120180 -23.067192
v 4.862444 2.235797 -23.171072
v 4.589449 1.173598 -23.171074
v 4.931055 6.898924 -23.171072
v 3.830930 7.809656 -23.171074
v 4.678333 1.951544 -23.171072
v 4.879004 3.361282 -23.171072
v 4.608174 7.166220 -23.171072
v 4.916420 5.904274 -23.171072
v 4.877197 3.238473 -23.171072
v 4.875457 3.120180 -23.171072
v 4.862444 2.235797 -23.269714
v 4.589449 1.173598 -23.269714
v 4.678333 1.951544 -23.269714
v 4.879004 3.361282 -23.269714
v 4.916420 5.904274 -23.269714
v 4.877197 3.238473 -23.269714
v 4.875457 3.120180 -23.269714
v 4.931055 6.898924 -23.269714
v 3.830930 7.809656 -23.269714
v 4.608174 7.166220 -23.269714
v 4.511018 7.246649 -23.416597
v 4.511018 7.246650 -19.430849
v 4.511018 7.246650 -21.423723
v 4.511018 7.246650 -19.620436
v 4.511018 7.246650 -19.972092
v 4.511018 7.246649 -23.067192
v 4.511018 7.246649 -23.171072
v 4.511018 7.246649 -23.269714
v 4.400639 7.338026 -23.416597
v 4.400639 7.338027 -19.430849
v 4.400640 7.338027 -21.423723
v 4.400640 7.338027 -19.620436
v 4.400640 7.338027 -19.972092
v 4.400640 7.338026 -23.067192
v 4.400640 7.338026 -23.171072
v 4.400640 7.338026 -23.269714
v 4.931055 6.898924 -19.872511
v 3.830930 7.809657 -19.872511
v 4.862444 2.235798 -19.872511
v 4.589449 1.173598 -19.872511
v 4.678333 1.951544 -19.872511
v 4.879004 3.361283 -19.872511
v 4.608174 7.166221 -19.872511
v 4.916420 5.904274 -19.872511
v 4.877197 3.238474 -19.872511
v 4.875457 3.120181 -19.872511
v 4.511018 7.246650 -19.872511
v 4.400640 7.338027 -19.872511
v 4.931055 6.898924 -19.773481
v 3.830930 7.809657 -19.773481
v 4.608174 7.166221 -19.773481
v 4.511018 7.246650 -19.773481
v 4.400640 7.338027 -19.773481
v 4.862444 2.235798 -19.773481
v 4.589449 1.173598 -19.773481
v 4.678333 1.951544 -19.773481
v 4.879004 3.361283 -19.773481
v 4.916420 5.904274 -19.773481
v 4.877197 3.238474 -19.773481
v 4.875457 3.120181 -19.773481
v 5.340832 2.261012 -23.269714
v 5.340832 2.261012 -23.416597
v 5.385298 5.998766 -23.416597
v 5.399932 6.993417 -23.416597
v 4.869516 7.432518 -23.416597
v 4.299807 7.904149 -23.416597
v 5.093598 1.283563 -23.269714
v 5.093598 1.283563 -23.416597
v 5.520073 1.976760 -23.416597
v 5.399932 6.993418 -19.620436
v 4.299807 7.904150 -19.620436
v 5.520073 1.976761 -19.430849
v 5.093598 1.283564 -19.430849
v 5.385298 5.998766 -19.430849
v 5.340832 2.261013 -19.972092
v 5.340832 2.261012 -21.423723
v 5.093598 1.283563 -19.972092
v 5.093598 1.283563 -21.423723
v 4.299807 7.904149 -23.067192
v 4.299807 7.904150 -21.423723
v 5.520073 1.976760 -21.423723
v 4.869516 7.432518 -21.423723
v 5.399932 6.993418 -19.773481
v 4.299807 7.904150 -19.773481
v 5.340832 2.261013 -19.430849
v 5.340832 2.261013 -19.620436
v 5.093598 1.283564 -19.620438
v 5.385298 5.998766 -19.620436
v 4.869516 7.432518 -19.620436
v 5.340832 2.261013 -19.872511
v 5.093598 1.283563 -19.872511
v 4.299807 7.904150 -19.972092
v 5.500476 1.968406 -19.972092
v 5.385298 5.998766 -19.972092
v 5.399932 6.993418 -19.972092
v 4.869516 7.432518 -19.972092
v 5.340832 2.261012 -23.067192
v 5.093598 1.283563 -23.067192
v 5.399932 6.993417 -23.171072
v 5.399932 6.993417 -23.067192
v 4.299807 7.904149 -23.171072
v 5.520073 1.976760 -23.067192
v 4.869516 7.432518 -23.067192
v 5.385298 5.998766 -23.067192
v 5.520073 1.976760 -23.269714
v 5.500476 1.968406 -19.872511
v 5.346074 3.332965 -23.416597
v 5.347881 3.455774 -23.416597
v 5.346074 3.332966 -19.430849
v 5.347881 3.455775 -19.430849
v 5.346074 3.332965 -21.423723
v 5.347881 3.455774 -21.423723
v 5.346074 3.332966 -19.620436
v 5.347881 3.455775 -19.620436
v 5.346075 3.333004 -19.972092
v 5.346074 3.332965 -23.067192
v 5.347881 3.455774 -23.067192
v 5.347881 3.455775 -19.872578
v 5.347881 3.455774 -23.269714
v 5.077051 7.260712 -23.416597
v 5.077051 7.260713 -19.620436
v 5.077051 7.260713 -19.972092
v 5.077051 7.260712 -23.067192
v 5.077051 7.260713 -21.423723
v 5.077051 7.260713 -19.773481
v 5.077051 7.260712 -23.171072
v 5.385298 5.998766 -23.269714
v 5.385298 5.998766 -19.872511
v 5.344334 3.214672 -23.416597
v 5.344334 3.214673 -19.430849
v 5.344334 3.214672 -21.423723
v 5.344334 3.214673 -19.620436
v 5.344334 3.214673 -19.972092
v 5.344334 3.214672 -23.067192
v 5.346074 3.332966 -19.872511
v 5.346074 3.332965 -23.269714
v 5.344334 3.214673 -19.872511
v 5.344334 3.214672 -23.269714
v 5.340832 2.261012 -23.171072
v 5.093598 1.283563 -23.171074
v 5.399932 6.993417 -23.269714
v 4.299807 7.904149 -23.269714
v 5.520073 1.976760 -23.171072
v 5.347881 3.455774 -23.171072
v 5.077051 7.260712 -23.269714
v 5.385298 5.998766 -23.171072
v 5.346074 3.332965 -23.171072
v 5.344334 3.214672 -23.171072
v 4.869516 7.432518 -23.171072
v 4.869516 7.432518 -23.269714
v 4.979896 7.341142 -23.416597
v 4.979896 7.341143 -21.423723
v 4.979896 7.341143 -19.620436
v 4.979896 7.341143 -19.972092
v 4.979896 7.341142 -23.067192
v 4.979896 7.341142 -23.171072
v 4.979896 7.341142 -23.269714
v 4.979896 7.341143 -19.773481
v 4.869516 7.432518 -19.773481
v 5.399932 6.993418 -19.872511
v 4.299807 7.904150 -19.872511
v 5.340832 2.261013 -19.773481
v 5.093598 1.283563 -19.773481
v 5.347881 3.455775 -19.773481
v 5.077051 7.260713 -19.872511
v 5.385298 5.998766 -19.773481
v 5.346074 3.332966 -19.773481
v 5.344334 3.214673 -19.773481
v 4.979896 7.341143 -19.872511
v 4.869516 7.432518 -19.872511
v 5.288850 3.192072 -21.423723
v 5.290590 3.310365 -21.423723
v 5.288850 3.192073 -19.972092
v 5.290590 3.310366 -19.972092
v 5.288850 3.192072 -23.067192
v 5.290590 3.310365 -23.067192
v 5.290590 3.310366 -19.872511
v 5.288850 3.192073 -19.872511
v 5.344448 6.970817 -23.269714
v 5.344448 6.970817 -23.171072
v 5.021566 7.238112 -23.269714
v 5.021566 7.238112 -23.171072
v 5.290590 3.310365 -23.171072
v 5.288850 3.192072 -23.171072
v 5.292397 3.433175 -23.171072
v 5.329813 5.976167 -23.171072
v 5.292397 3.433175 -23.269714
v 5.329813 5.976167 -23.269714
v 5.290590 3.310365 -23.269714
v 5.288850 3.192072 -23.269714
v 4.924411 7.318542 -23.171072
v 4.924411 7.318542 -23.269714
v 4.924411 7.318542 -23.067192
v 4.924411 7.318542 -21.423723
v 4.924411 7.318542 -19.972092
v 4.814033 7.409920 -21.423723
v 4.814033 7.409920 -19.972092
v 4.814033 7.409919 -23.067192
v 4.814033 7.409919 -23.171072
v 4.814033 7.409919 -23.269714
v 5.292397 3.433176 -19.773481
v 5.292397 3.433176 -19.872511
v 5.329813 5.976168 -19.773481
v 5.329813 5.976168 -19.872511
v 5.290590 3.310366 -19.773481
v 5.288850 3.192073 -19.773481
v 4.924411 7.318542 -19.872511
v 4.814033 7.409920 -19.872511
v 5.021566 7.238112 -19.872511
v 5.344448 6.970818 -19.872511
v 5.344448 6.970818 -19.773481
v 5.021566 7.238112 -19.773481
v 4.924411 7.318542 -19.773481
v 4.814033 7.409920 -19.773481
v 5.310946 6.993418 -19.620436
v 5.310946 6.993418 -19.430849
v 4.210821 7.886753 -19.620436
v 4.210821 7.886753 -19.430849
v 4.780530 7.432518 -19.430849
v 5.296311 5.998766 -19.430849
v 5.296311 5.998766 -19.620436
v 4.780530 7.432518 -19.620436
v 4.988064 7.260713 -19.430849
v 4.988064 7.260713 -19.620436
v 4.890909 7.341143 -19.430849
v 4.890909 7.341143 -19.620436
v 4.889462 4.072036 -19.972092
v 5.358339 4.166528 -19.972092
v 4.658791 1.890412 -19.430849
v 4.658791 1.890411 -21.423723
v 4.658791 1.890412 -19.620436
v 4.658791 1.890411 -19.972092
v 4.658791 1.890411 -23.067192
v 4.658791 1.890411 -23.416597
v 4.658791 1.890411 -23.171072
v 4.658791 1.890411 -23.269714
v 4.658791 1.890411 -19.872511
v 4.658791 1.890411 -19.773481
v 5.500075 1.896270 -19.430849
v 5.500075 1.896269 -21.423723
v 5.500075 1.896270 -19.620436
v 5.500075 1.896269 -19.972092
v 5.500075 1.896269 -23.067192
v 5.500075 1.896269 -23.416597
v 5.500075 1.896269 -23.171072
v 5.500075 1.896269 -23.269714
v 5.500075 1.896269 -19.872511
v 5.500075 1.896269 -19.773481
v 4.862444 2.235798 -20.074507
v 4.589449 1.173598 -20.074507
v 4.678333 1.951544 -20.074507
v 4.879004 3.361283 -20.074507
v 4.877197 3.238474 -20.074507
v 4.875457 3.120181 -20.074507
v 5.340832 2.261013 -20.074507
v 5.093598 1.283563 -20.074507
v 5.500476 1.968406 -20.074507
v 5.346075 3.333002 -20.074509
v 5.344334 3.214673 -20.074507
v 5.290590 3.310366 -20.074507
v 5.288850 3.192073 -20.074507
v 5.347881 3.455774 -21.179012
v 4.879004 3.361282 -21.179012
v 5.500075 1.896269 -20.074507
v 4.658791 1.890411 -20.074507
v 4.862444 2.235798 -20.181669
v 4.589449 1.173598 -20.181669
v 4.678333 1.951544 -20.181669
v 4.879004 3.361283 -20.181669
v 4.877197 3.238474 -20.181669
v 4.875457 3.120181 -20.181669
v 5.340832 2.261013 -20.181669
v 5.093598 1.283563 -20.181669
v 5.346075 3.332999 -20.181669
v 5.344334 3.214673 -20.181669
v 5.290590 3.310366 -20.181669
v 5.288850 3.192073 -20.181669
v 5.500075 1.896269 -20.181669
v 4.658791 1.890411 -20.181669
v 4.962018 3.137625 -19.430849
v 4.728301 1.194104 -19.972092
v 4.962018 3.137624 -23.416597
v 4.728301 1.194104 -23.269714
v 3.917492 7.827102 -19.972092
v 3.917492 7.827102 -19.620436
v 4.728301 1.194104 -23.171074
v 4.963759 3.255918 -19.430849
v 4.963759 3.255917 -23.416597
v 5.017616 6.916369 -23.416597
v 5.002982 5.921720 -19.430849
v 4.965566 3.378728 -19.430849
v 4.987169 2.240452 -23.416597
v 3.917492 7.827102 -19.872511
v 3.917492 7.827102 -19.773481
v 3.917492 7.827101 -23.067192
v 3.917492 7.827102 -21.423723
v 4.694736 7.183664 -23.416597
v 4.597580 7.264094 -23.416597
v 4.965566 3.378727 -23.416597
v 5.002982 5.921719 -23.416597
v 4.728301 1.194104 -19.872511
v 4.987169 2.240453 -19.430849
v 4.922517 1.956201 -19.430849
v 4.728301 1.194104 -23.067192
v 4.728301 1.194105 -19.430849
v 4.728301 1.194104 -21.423723
v 4.728301 1.194104 -19.773481
v 4.728301 1.194105 -19.620438
v 4.677542 1.192998 -23.416597
v 4.922517 1.956200 -23.416597
v 4.487201 7.355471 -23.416597
v 3.917492 7.827101 -23.416597
v 3.917492 7.827101 -23.269714
v 3.917492 7.827101 -23.171074
v 4.892375 1.891492 -23.416597
v 4.892375 1.891493 -19.430849
v 4.728301 1.194104 -20.074507
v 4.728301 1.194104 -20.181669
v 5.500476 1.968407 -19.620436
v 5.052458 1.335949 -19.620438
v 5.052458 1.335948 -19.872511
v 5.052458 1.335948 -19.972092
v 5.052458 1.335948 -19.773481
v 5.500476 1.968406 -19.773481
v 4.687161 1.246488 -19.972092
v 4.687161 1.246488 -19.872511
v 4.687161 1.246488 -19.773481
v 4.687161 1.246489 -19.620438
v 5.052458 1.335948 -20.074507
v 5.052458 1.335948 -20.181669
v 5.500476 1.968406 -20.181669
v 4.687161 1.246488 -20.074507
v 4.687161 1.246488 -20.181669
vn -0.9999 0.0147 -0.0000
vn -0.6377 -0.7703 -0.0000
vn -0.9954 0.0963 -0.0000
vn -0.8393 0.5436 -0.0000
vn -0.9772 0.1290 0.1684
vn -0.1976 0.9803 -0.0000
vn -0.0000 -0.0000 1.0000
vn 0.1976 -0.9803 -0.0000
vn -0.0000 -0.0000 -1.0000
vn 1.0000 -0.0074 -0.0000
vn 1.0000 -0.0037 -0.0000
vn 1.0000 -0.0092 -0.0000
vn 0.6377 0.7703 -0.0000
vn 0.8333 -0.5528 -0.0000
vn 0.8459 0.5334 -0.0000
vn 0.8778 0.4789 -0.0000
vn 0.8609 0.5057 -0.0556
vn 0.9999 -0.0147 -0.0000
vn -0.3772 0.9261 -0.0000
vn 0.3772 -0.9261 -0.0000
vn 0.3777 -0.9259 -0.0000
vn 0.3776 -0.9260 -0.0001
vn 0.3775 -0.9260 -0.0002
vn 0.3773 -0.9261 -0.0000
vn 0.0005 0.0003 1.0000
vn 0.0006 0.0001 1.0000
vn 0.0005 0.0002 1.0000
vn 0.0002 -0.0000 1.0000
vn 0.0004 -0.0000 1.0000
vn 0.6234 0.7819 -0.0000
vn -0.0000 1.0000 -0.0000
vn -0.1989 0.9800 -0.0000
vn -0.1712 0.8496 -0.4988
vn -0.0000 -0.0000 -0.0000
vn -0.2041 0.0009 0.9789
vn 0.2379 -0.9713 -0.0000
vn 0.7865 0.6176 -0.0000
vn 0.2244 -0.9739 -0.0351
vn 1.0000 -0.0056 -0.0000
vn 0.9705 -0.2411 -0.0000
vn 0.9900 -0.1323 -0.0483
vn -0.9525 0.3045 -0.0000
vn 0.3776 -0.9260 -0.0000
vn 0.8622 0.5065 0.0085
vn 0.9912 -0.1325 0.0074
vn 0.1461 -0.9893 -0.0000
vn 0.1460 -0.9884 -0.0430
vn 0.8160 -0.5780 -0.0000
vn 0.7864 0.6177 -0.0000
vt 0.810346 0.981574
vt 0.810346 1.000000
vt 1.000000 1.000000
vt 1.000000 0.981574
vt 0.000000 0.981574
vt 0.000000 1.000000
vt 1.000000 0.523783
vt 1.000000 0.500000
vt 1.000000 0.956168
vt 1.000000 0.750000
vt 0.000000 0.567897
vt 0.000000 0.750000
vt 0.810346 0.594188
vt 0.810346 0.750000
vt 1.000000 0.594188
vt 0.810346 0.500000
vt 0.810346 0.523783
vt 0.000000 0.500000
vt 0.000000 0.523783
vt 1.000000 0.542982
vt 1.000000 0.580745
vt 1.000000 0.567897
vt 0.810346 0.555405
vt 0.810346 0.567897
vt 1.000000 0.555405
vt 0.000000 0.555405
vt 1.000000 0.969200
vt 0.000000 0.956168
vt 0.810346 0.956168
vt 0.213301 0.555405
vt 0.213301 0.567897
vt 0.758642 0.567897
vt 0.758642 0.555405
vt 0.213301 0.500000
vt 0.213301 0.523783
vt 0.758642 0.523783
vt 0.758642 0.500000
vt 0.213301 0.981574
vt 0.213301 1.000000
vt 0.758642 1.000000
vt 0.758642 0.981574
vt 0.758642 0.750000
vt 0.758642 0.956168
vt 0.784978 0.956168
vt 0.784978 0.750000
vt 0.784978 0.567897
vt 0.784978 0.555405
vt 0.784978 0.523783
vt 0.784978 0.500000
vt 0.758642 0.594188
vt 0.784978 0.594188
vt 0.784978 1.000000
vt 0.784978 0.981574
vt 0.784978 0.969200
vt 0.810346 0.969200
vt 0.758642 0.969200
vt 0.000000 0.969200
vt 0.213301 0.969200
vt 0.213301 0.956168
vt 0.000000 0.542982
vt 0.784978 0.542982
vt 0.810346 0.542982
vt 0.758642 0.542982
vt 0.213301 0.542982
vt 0.810345 0.500000
vt 0.784978 0.580745
vt 0.606222 0.567897
vt 0.758642 0.679674
vt 0.758642 0.716933
vt 0.644327 0.567897
vt 0.758642 0.555430
vt 0.784953 0.567897
vt 0.758642 0.580745
vt 0.758642 0.718204
vt 0.758642 0.721707
vt 0.810346 0.580745
vt 0.758642 0.719266
s 1
f 6028/1603/1863 6006/1604/1863 5955/1605/1863 6022/1606/1863
f 6047/1607/1864 6030/1607/1864 5956/1608/1864 6040/1608/1864
f 6242/1609/1865 5968/1609/1865 5961/1610/1865 6240/1610/1865
f 6244/1611/1865 5974/1611/1865 5963/1612/1865 6241/1612/1865
f 6044/1613/1864 5972/1613/1864 5964/1614/1864 6042/1614/1864
f 6282/1615/1863 6008/1616/1863 5962/1612/1863 6277/1617/1863
f 6007/1618/1863 6009/1619/1863 5967/1609/1863 5959/1610/1863
f 6041/1620/1864 5960/1620/1864 5966/1621/1864 6043/1621/1864
f 6249/1622/1865 6066/1622/1865 5968/1609/1865 6242/1609/1865
f 6276/1623/1865 6261/1623/1865 5970/1624/1865 6243/1624/1865
f 6057/1625/1863 6010/1626/1863 5969/1624/1863 6050/1627/1863
f 6059/1628/1864 6049/1628/1864 5972/1613/1864 6044/1613/1864
f 6246/1629/1865 6013/1629/1865 5974/1611/1865 6244/1611/1865
f 6042/1614/1864 5964/1614/1864 5976/1630/1864 6045/1630/1864
f 6008/1616/1863 6011/1631/1863 5973/1611/1863 5962/1612/1863
f 6012/1629/1866 6016/1629/1866 5982/1611/1866 5973/1611/1866
f 6260/1623/1866 6262/1623/1866 5981/1624/1866 5969/1624/1866
f 6065/1622/1866 6067/1622/1866 5980/1609/1866 5967/1609/1866
f 5973/1611/1866 5982/1611/1866 5979/1612/1866 5962/1612/1866
f 5967/1609/1866 5980/1609/1866 5978/1610/1866 5959/1610/1866
f 6055/1632/1863 5998/1633/1863 5987/1634/1863 6053/1635/1863
f 5996/1636/1863 5997/1637/1863 5986/1638/1863 5984/1639/1863
f 6026/1640/1863 5995/1641/1863 5983/1642/1863 6025/1643/1863
f 6048/1628/1864 6054/1628/1864 5993/1613/1864 5971/1613/1864
f 5958/1620/1864 5990/1620/1864 5992/1621/1864 5965/1621/1864
f 6029/1607/1864 6031/1607/1864 5989/1608/1864 5954/1608/1864
f 6029/1607/1863 5954/1608/1863 5995/1641/1863 6026/1640/1863
f 5958/1620/1863 5965/1621/1863 5997/1637/1863 5996/1636/1863
f 6048/1628/1863 5971/1613/1863 5998/1633/1863 6055/1632/1863
f 5985/1644/1863 5988/1645/1863 6005/1646/1863 6002/1647/1863
f 6053/1635/1863 5987/1634/1863 6004/1648/1863 6056/1649/1863
f 5984/1639/1863 5986/1638/1863 6003/1650/1863 6001/1651/1863
f 6280/1652/1863 5985/1644/1863 6002/1647/1863 6281/1653/1863
f 6025/1643/1863 5983/1642/1863 6000/1654/1863 6027/1655/1863
f 6002/1647/1863 6005/1646/1863 6011/1631/1863 6008/1616/1863
f 6056/1649/1863 6004/1648/1863 6010/1626/1863 6057/1625/1863
f 6001/1651/1863 6003/1650/1863 6009/1619/1863 6007/1618/1863
f 6281/1653/1863 6002/1647/1863 6008/1616/1863 6282/1615/1863
f 6027/1655/1863 6000/1654/1863 6006/1604/1863 6028/1603/1863
f 6005/1646/1863 6020/1656/1863 6021/1657/1863 6011/1631/1863
f 5988/1645/1863 6017/1658/1863 6020/1656/1863 6005/1646/1863
f 5975/1630/1863 6014/1659/1863 6019/1660/1863 5999/1661/1863
f 5975/1630/1864 5994/1630/1864 6018/1659/1864 6014/1659/1864
f 5999/1661/1863 6019/1660/1863 6017/1658/1863 5988/1645/1863
f 6022/1606/1866 6024/1606/1866 6016/1629/1866 6012/1629/1866
f 6247/1606/1865 6023/1606/1865 6013/1629/1865 6246/1629/1865
f 6045/1630/1864 5976/1630/1864 6015/1659/1864 6046/1659/1864
f 6011/1631/1863 6021/1657/1863 6012/1629/1863 5973/1611/1863
f 6245/1605/1867 5957/1605/1867 6023/1606/1867 6247/1606/1867
f 5955/1605/1866 5977/1605/1866 6024/1606/1866 6022/1606/1866
f 6020/1656/1863 6027/1655/1863 6028/1603/1863 6021/1657/1863
f 6017/1658/1863 6025/1643/1863 6027/1655/1863 6020/1656/1863
f 6014/1659/1863 6029/1607/1863 6026/1640/1863 6019/1660/1863
f 6014/1659/1864 6018/1659/1864 6031/1607/1864 6029/1607/1864
f 6019/1660/1863 6026/1640/1863 6025/1643/1863 6017/1658/1863
f 6046/1659/1864 6015/1659/1864 6030/1607/1864 6047/1607/1864
f 6021/1657/1863 6028/1603/1863 6022/1606/1863 6012/1629/1863
f 6018/1659/1864 6038/1659/1864 6039/1607/1864 6031/1607/1864
f 5994/1630/1864 6037/1630/1864 6038/1659/1864 6018/1659/1864
f 5991/1614/1864 6034/1614/1864 6037/1630/1864 5994/1630/1864
f 6054/1628/1864 6058/1628/1864 6036/1613/1864 5993/1613/1864
f 5990/1620/1864 6033/1620/1864 6035/1621/1864 5992/1621/1864
f 5993/1613/1864 6036/1613/1864 6034/1614/1864 5991/1614/1864
f 6031/1607/1864 6039/1607/1864 6032/1608/1864 5989/1608/1864
f 6038/1659/1864 6046/1659/1864 6047/1607/1864 6039/1607/1864
f 6037/1630/1864 6045/1630/1864 6046/1659/1864 6038/1659/1864
f 6034/1614/1864 6042/1614/1864 6045/1630/1864 6037/1630/1864
f 6058/1628/1864 6059/1628/1864 6044/1613/1864 6036/1613/1864
f 6033/1620/1864 6041/1620/1864 6043/1621/1864 6035/1621/1864
f 6036/1613/1864 6044/1613/1864 6042/1614/1864 6034/1614/1864
f 6039/1607/1864 6047/1607/1864 6040/1608/1864 6032/1608/1864
f 6063/1662/1864 6064/1662/1864 6059/1628/1864 6058/1628/1864
f 6062/1662/1864 6063/1662/1864 6058/1628/1864 6054/1628/1864
f 6070/1663/1863 6056/1649/1863 6057/1625/1863 6071/1664/1863
f 6068/1665/1863 6053/1635/1863 6056/1649/1863 6070/1663/1863
f 6060/1662/1863 6048/1628/1863 6055/1632/1863 6069/1666/1863
f 6060/1662/1864 6062/1662/1864 6054/1628/1864 6048/1628/1864
f 6069/1666/1863 6055/1632/1863 6053/1635/1863 6068/1665/1863
f 5969/1624/1866 5981/1624/1866 6052/1627/1866 6050/1627/1866
f 6064/1662/1864 6061/1662/1864 6049/1628/1864 6059/1628/1864
f 6071/1664/1863 6057/1625/1863 6050/1627/1863 6065/1622/1863
f 6243/1624/1865 5970/1624/1865 6051/1627/1865 6248/1627/1865
f 6009/1619/1863 6071/1664/1863 6065/1622/1863 5967/1609/1863
f 6043/1621/1864 5966/1621/1864 6061/1662/1864 6064/1662/1864
f 5997/1637/1863 6069/1666/1863 6068/1665/1863 5986/1638/1863
f 5965/1621/1864 5992/1621/1864 6062/1662/1864 6060/1662/1864
f 5965/1621/1863 6060/1662/1863 6069/1666/1863 5997/1637/1863
f 5986/1638/1863 6068/1665/1863 6070/1663/1863 6003/1650/1863
f 6003/1650/1863 6070/1663/1863 6071/1664/1863 6009/1619/1863
f 5992/1621/1864 6035/1621/1864 6063/1662/1864 6062/1662/1864
f 6035/1621/1864 6043/1621/1864 6064/1662/1864 6063/1662/1864
f 6050/1627/1866 6052/1627/1866 6067/1622/1866 6065/1622/1866
f 6248/1627/1865 6051/1627/1865 6066/1622/1865 6249/1622/1865
f 5988/1645/1868 5985/1644/1868 6123/1644/1868 6128/1645/1868
f 5975/1630/1869 5999/1661/1869 6115/1661/1869 6111/1630/1869
f 6298/1651/1869 6291/1667/1869 6141/1618/1869 6120/1651/1869
f 6291/1667/1869 6313/1610/1869 6096/1610/1869 6141/1618/1869
f 5991/1614/1870 5994/1630/1870 6134/1630/1870 6135/1614/1870
f 5998/1633/1871 5971/1613/1871 6106/1613/1871 6105/1633/1871
f 6293/1604/1871 6299/1654/1871 6118/1654/1871 6140/1604/1871
f 6303/1605/1871 6293/1604/1871 6140/1604/1871 6073/1605/1871
f 5994/1630/1869 5975/1630/1869 6111/1630/1869 6134/1630/1869
f 6305/1662/1868 6296/1621/1868 6082/1621/1868 6095/1662/1868
f 6327/1610/1869 6316/1610/1869 6084/1610/1869 6250/1610/1869
f 5971/1613/1871 5993/1613/1871 6133/1613/1871 6106/1613/1871
f 6311/1641/1871 6300/1608/1871 6075/1608/1871 6074/1641/1871
f 6295/1613/1868 6304/1628/1868 6172/1628/1868 6103/1613/1868
f 6307/1614/1868 6295/1613/1868 6103/1613/1868 6091/1614/1868
f 5999/1661/1869 5988/1645/1869 6128/1645/1869 6115/1661/1869
f 5960/1620/1869 6041/1620/1869 6230/1620/1869 6229/1620/1869
f 6302/1639/1869 6298/1651/1869 6120/1651/1869 6121/1639/1869
f 6323/1608/1868 6324/1607/1868 6153/1607/1868 6077/1608/1868
f 6309/1608/1871 6322/1608/1871 6076/1608/1871 6162/1608/1871
f 6299/1654/1871 6310/1642/1871 6119/1642/1871 6118/1654/1871
f 6300/1608/1871 6308/1608/1871 6131/1608/1871 6075/1608/1871
f 6301/1636/1869 6302/1639/1869 6121/1639/1869 6085/1636/1869
f 6321/1605/1871 6303/1605/1871 6073/1605/1871 6080/1605/1871
f 6304/1628/1868 6305/1662/1868 6095/1662/1868 6172/1628/1868
f 6325/1659/1868 6306/1630/1868 6090/1630/1868 6112/1659/1868
f 6306/1630/1868 6307/1614/1868 6091/1614/1868 6090/1630/1868
f 6308/1608/1871 6309/1608/1871 6162/1608/1871 6131/1608/1871
f 6310/1642/1871 6311/1641/1871 6074/1641/1871 6119/1642/1871
f 6313/1610/1869 6314/1610/1869 6083/1610/1869 6096/1610/1869
f 5993/1613/1870 5991/1614/1870 6135/1614/1870 6133/1613/1870
f 6326/1605/1871 6321/1605/1871 6080/1605/1871 6255/1605/1871
f 6322/1608/1871 6323/1608/1871 6077/1608/1871 6076/1608/1871
f 6324/1607/1868 6325/1659/1868 6112/1659/1868 6153/1607/1868
f 6149/1603/1872 6072/1606/1873 6073/1605/1873 6140/1604/1874
f 6161/1607/1875 6076/1608/1875 6077/1608/1875 6153/1607/1875
f 6252/1609/1876 6250/1610/1876 6084/1610/1876 6098/1609/1876
f 6254/1611/1876 6251/1612/1876 6089/1612/1876 6109/1611/1876
f 6107/1613/1875 6093/1614/1875 6091/1614/1875 6103/1613/1875
f 6286/1615/1873 6283/1617/1873 6087/1612/1873 6142/1616/1873
f 6141/1618/1874 6096/1610/1873 6097/1609/1873 6143/1619/1874
f 6081/1621/1869 6132/1621/1869 6235/1621/1869 6226/1621/1869
f 6098/1609/1871 6319/1609/1871 6339/1609/1871 6331/1609/1871
f 6275/1623/1876 6253/1624/1876 6088/1624/1876 6267/1623/1876
f 6148/1625/1873 6101/1627/1873 6086/1624/1873 6144/1626/1873
f 6181/1628/1875 6107/1613/1875 6103/1613/1875 6172/1628/1875
f 6256/1629/1876 6254/1611/1876 6109/1611/1876 6151/1629/1876
f 6093/1614/1875 6114/1630/1875 6090/1630/1875 6091/1614/1875
f 6142/1616/1873 6087/1612/1873 6108/1611/1873 6145/1631/1873
f 6150/1629/1877 6108/1611/1877 6113/1611/1877 6154/1629/1877
f 6266/1623/1878 6086/1624/1878 6104/1624/1878 6268/1623/1878
f 6173/1622/1878 6097/1609/1878 6330/1609/1878 6335/1622/1878
f 6108/1611/1877 6087/1612/1877 6092/1612/1877 6113/1611/1877
f 6097/1609/1879 6096/1610/1879 6083/1610/1879 6330/1609/1879
f 6085/1636/1880 6121/1639/1880 6125/1638/1880 6099/1637/1880
f 6138/1640/1880 6130/1643/1880 6119/1642/1880 6074/1641/1880
f 6171/1628/1875 6106/1613/1875 6133/1613/1875 6176/1628/1875
f 6033/1620/1869 5990/1620/1869 6234/1620/1869 6236/1620/1869
f 6152/1607/1875 6075/1608/1875 6131/1608/1875 6156/1607/1875
f 6152/1607/1880 6138/1640/1880 6074/1641/1880 6075/1608/1880
f 5990/1620/1869 5958/1620/1869 6227/1620/1869 6234/1620/1869
f 6171/1628/1880 6139/1632/1880 6105/1633/1880 6106/1613/1880
f 6123/1644/1880 6122/1647/1880 6127/1646/1880 6128/1645/1880
f 6121/1639/1880 6120/1651/1880 6124/1650/1880 6125/1638/1880
f 6130/1643/1880 6147/1655/1880 6118/1654/1880 6119/1642/1880
f 6120/1651/1880 6141/1618/1874 6143/1619/1874 6124/1650/1880
f 6147/1655/1880 6149/1603/1872 6140/1604/1874 6118/1654/1880
f 6128/1645/1880 6127/1646/1880 6158/1656/1880 6155/1658/1880
f 6111/1630/1880 6115/1661/1880 6157/1660/1880 6110/1659/1880
f 6111/1630/1875 6110/1659/1875 6137/1659/1875 6134/1630/1875
f 6115/1661/1880 6128/1645/1880 6155/1658/1880 6157/1660/1880
f 6072/1606/1877 6150/1629/1877 6154/1629/1877 6116/1606/1877
f 6257/1606/1876 6256/1629/1876 6151/1629/1876 6078/1606/1876
f 6114/1630/1875 6160/1659/1875 6112/1659/1875 6090/1630/1875
f 6145/1631/1873 6108/1611/1873 6150/1629/1873 6159/1657/1873
f 6255/1605/1876 6257/1606/1876 6078/1606/1876 6079/1605/1876
f 6073/1605/1877 6072/1606/1877 6116/1606/1877 6080/1605/1877
f 6160/1659/1875 6161/1607/1875 6153/1607/1875 6112/1659/1875
f 6159/1657/1873 6150/1629/1873 6072/1606/1873 6149/1603/1872
f 6134/1630/1875 6137/1659/1875 6167/1659/1875 6166/1630/1875
f 6135/1614/1875 6134/1630/1875 6166/1630/1875 6163/1614/1875
f 6176/1628/1875 6133/1613/1875 6165/1613/1875 6180/1628/1875
f 6164/1621/1869 6100/1621/1869 6233/1621/1869 6237/1621/1869
f 6133/1613/1875 6135/1614/1875 6163/1614/1875 6165/1613/1875
f 6156/1607/1875 6131/1608/1875 6162/1608/1875 6168/1607/1875
f 6100/1621/1869 6082/1621/1869 6228/1621/1869 6233/1621/1869
f 6168/1607/1875 6162/1608/1875 6076/1608/1875 6161/1607/1875
f 6086/1624/1878 6101/1627/1878 6117/1627/1878 6104/1624/1878
f 6170/1662/1875 6181/1628/1875 6172/1628/1875 6095/1662/1875
f 6179/1664/1872 6173/1622/1873 6101/1627/1873 6148/1625/1873
f 6318/1622/1869 6174/1622/1869 6334/1622/1869 6338/1622/1869
f 6143/1619/1874 6097/1609/1873 6173/1622/1873 6179/1664/1872
f 6100/1621/1875 6170/1662/1875 6095/1662/1875 6082/1621/1875
f 6099/1637/1880 6125/1638/1880 6175/1665/1880 6177/1666/1880
f 6081/1621/1875 6094/1662/1875 6136/1662/1875 6132/1621/1875
f 6081/1621/1880 6099/1637/1880 6177/1666/1880 6094/1662/1880
f 6125/1638/1880 6124/1650/1880 6178/1663/1880 6175/1665/1880
f 6124/1650/1880 6143/1619/1874 6179/1664/1872 6178/1663/1880
f 6132/1621/1875 6136/1662/1875 6169/1662/1875 6164/1621/1875
f 6164/1621/1875 6169/1662/1875 6170/1662/1875 6100/1621/1875
f 6101/1627/1878 6173/1622/1878 6335/1622/1878 6117/1627/1878
f 6258/1627/1876 6259/1622/1876 6174/1622/1876 6102/1627/1876
f 6175/1665/1871 6178/1663/1871 6216/1663/1871 6212/1665/1871
f 6286/1615/1881 6142/1616/1881 6182/1616/1881 6288/1615/1881
f 6159/1657/1881 6149/1603/1881 6201/1603/1881 6195/1657/1881
f 6094/1662/1871 6177/1666/1871 6214/1666/1871 6222/1662/1871
f 6148/1625/1881 6144/1626/1881 6184/1626/1881 6189/1625/1881
f 6107/1613/1882 6181/1628/1882 6219/1628/1882 6208/1613/1882
f 6136/1662/1871 6094/1662/1871 6222/1662/1871 6223/1662/1871
f 6142/1616/1881 6145/1631/1881 6186/1631/1881 6182/1616/1881
f 6180/1628/1881 6165/1613/1881 6206/1613/1881 6218/1628/1881
f 6177/1666/1871 6175/1665/1871 6212/1665/1871 6214/1666/1871
f 6165/1613/1881 6163/1614/1881 6205/1614/1881 6206/1613/1881
f 6269/1668/1883 6126/1648/1884 6185/1648/1884 6271/1668/1883
f 6179/1664/1881 6148/1625/1881 6189/1625/1881 6217/1664/1881
f 6181/1628/1882 6170/1662/1882 6225/1662/1882 6219/1628/1882
f 6163/1614/1881 6166/1630/1881 6204/1630/1881 6205/1614/1881
f 6126/1648/1884 6146/1649/1885 6188/1649/1885 6185/1648/1884
f 6157/1660/1871 6155/1658/1871 6196/1658/1871 6197/1660/1871
f 6166/1630/1881 6167/1659/1881 6202/1659/1881 6204/1630/1881
f 6127/1646/1882 6122/1647/1886 6183/1647/1886 6187/1646/1882
f 6137/1659/1871 6110/1659/1871 6191/1659/1871 6193/1659/1871
f 6110/1659/1871 6157/1660/1871 6197/1660/1871 6191/1659/1871
f 6156/1607/1869 6168/1607/1869 6203/1607/1869 6192/1607/1869
f 6183/1647/1880 6182/1616/1880 6186/1631/1880 6187/1646/1880
f 6188/1649/1880 6189/1625/1880 6184/1626/1880 6185/1648/1880
f 6287/1653/1880 6288/1615/1880 6182/1616/1880 6183/1647/1880
f 6187/1646/1880 6186/1631/1880 6195/1657/1880 6194/1656/1880
f 6194/1656/1880 6195/1657/1880 6201/1603/1880 6200/1655/1880
f 6196/1658/1880 6194/1656/1880 6200/1655/1880 6198/1643/1880
f 6191/1659/1880 6197/1660/1880 6199/1640/1880 6190/1607/1880
f 6191/1659/1875 6190/1607/1875 6192/1607/1875 6193/1659/1875
f 6197/1660/1880 6196/1658/1880 6198/1643/1880 6199/1640/1880
f 6193/1659/1875 6192/1607/1875 6203/1607/1875 6202/1659/1875
f 6202/1659/1875 6203/1607/1875 6211/1607/1875 6210/1659/1875
f 6204/1630/1875 6202/1659/1875 6210/1659/1875 6209/1630/1875
f 6205/1614/1875 6204/1630/1875 6209/1630/1875 6207/1614/1875
f 6218/1628/1875 6206/1613/1875 6208/1613/1875 6219/1628/1875
f 6206/1613/1875 6205/1614/1875 6207/1614/1875 6208/1613/1875
f 6224/1662/1875 6218/1628/1875 6219/1628/1875 6225/1662/1875
f 6223/1662/1875 6220/1628/1875 6218/1628/1875 6224/1662/1875
f 6216/1663/1880 6217/1664/1880 6189/1625/1880 6188/1649/1880
f 6212/1665/1880 6216/1663/1880 6188/1649/1880 6213/1635/1880
f 6222/1662/1880 6214/1666/1880 6215/1632/1880 6221/1628/1880
f 6222/1662/1875 6221/1628/1875 6220/1628/1875 6223/1662/1875
f 6214/1666/1880 6212/1665/1880 6213/1635/1880 6215/1632/1880
f 6149/1603/1869 6147/1655/1869 6200/1655/1869 6201/1603/1869
f 6176/1628/1869 6180/1628/1869 6218/1628/1869 6220/1628/1869
f 6178/1663/1871 6179/1664/1871 6217/1664/1871 6216/1663/1871
f 6147/1655/1869 6130/1643/1869 6198/1643/1869 6200/1655/1869
f 6168/1607/1869 6161/1607/1869 6211/1607/1869 6203/1607/1869
f 6169/1662/1871 6136/1662/1871 6223/1662/1871 6224/1662/1871
f 6138/1640/1869 6152/1607/1869 6190/1607/1869 6199/1640/1869
f 6146/1649/1887 6129/1635/1888 6213/1635/1889 6188/1649/1887
f 6158/1656/1882 6127/1646/1882 6187/1646/1882 6194/1656/1882
f 6161/1607/1882 6160/1659/1882 6210/1659/1882 6211/1607/1882
f 6170/1662/1871 6169/1662/1871 6224/1662/1871 6225/1662/1871
f 6152/1607/1869 6156/1607/1869 6192/1607/1869 6190/1607/1869
f 6139/1632/1890 6171/1628/1869 6221/1628/1869 6215/1632/1891
f 6145/1631/1881 6159/1657/1881 6195/1657/1881 6186/1631/1881
f 6160/1659/1882 6114/1630/1882 6209/1630/1882 6210/1659/1882
f 6130/1643/1869 6138/1640/1869 6199/1640/1869 6198/1643/1869
f 6171/1628/1869 6176/1628/1869 6220/1628/1869 6221/1628/1869
f 6114/1630/1882 6093/1614/1882 6207/1614/1882 6209/1630/1882
f 6167/1659/1871 6137/1659/1871 6193/1659/1871 6202/1659/1871
f 6129/1635/1888 6139/1632/1890 6215/1632/1891 6213/1635/1889
f 6155/1658/1871 6158/1656/1871 6194/1656/1871 6196/1658/1871
f 6093/1614/1882 6107/1613/1882 6208/1613/1882 6207/1614/1882
f 6230/1620/1892 6233/1621/1892 6228/1621/1892 6229/1620/1892
f 6227/1620/1875 6226/1621/1875 6235/1621/1875 6234/1620/1875
f 6227/1620/1880 6231/1636/1880 6232/1637/1880 6226/1621/1880
f 6234/1620/1875 6235/1621/1875 6237/1621/1875 6236/1620/1875
f 6236/1620/1875 6237/1621/1875 6233/1621/1875 6230/1620/1875
f 6041/1620/1869 6033/1620/1869 6236/1620/1869 6230/1620/1869
f 5958/1620/1869 5996/1636/1869 6231/1636/1869 6227/1620/1869
f 6085/1636/1893 6099/1637/1893 6232/1637/1893 6231/1636/1893
f 6132/1621/1869 6164/1621/1869 6237/1621/1869 6235/1621/1869
f 6099/1637/1869 6081/1621/1869 6226/1621/1869 6232/1637/1869
f 6085/1636/1869 6231/1636/1869 5996/1636/1869 6301/1636/1869
f 5960/1620/1894 6229/1620/1894 6228/1621/1894 5966/1621/1894
f 6238/1669/1863 6274/1670/1863 5987/1634/1863
f 6273/1671/1880 6239/1672/1880 6129/1673/1880 6126/1674/1880
f 6238/1669/1895 6239/1672/1895 6273/1671/1895 6274/1670/1895
s 0
f 5985/1644/1896 6280/1652/1896 6263/1675/1896 5987/1634/1896 6274/1676/1896
s 1
f 6238/1669/1871 5998/1633/1871 6105/1633/1871 6239/1672/1871
f 5987/1634/1897 5998/1633/1897 6238/1669/1897
f 6139/1632/1880 6129/1673/1880 6239/1672/1880 6105/1633/1880
f 6273/1677/1880 6285/1653/1880 6122/1647/1880 6123/1644/1880
f 6129/1635/1880 6146/1649/1880 6126/1674/1880
f 6319/1609/1898 6098/1609/1898 6084/1610/1898 6316/1610/1898
f 6319/1609/1899 6318/1622/1899 6338/1622/1899 6339/1609/1899
f 6312/1627/1898 6102/1627/1898 6174/1622/1898 6318/1622/1898
f 6252/1609/1871 6098/1609/1871 6331/1609/1871 6330/1609/1871
f 6328/1623/1898 6267/1623/1898 6088/1624/1898 6292/1624/1898
f 6315/1611/1898 6109/1611/1898 6089/1612/1898 6317/1612/1898
f 6297/1629/1898 6151/1629/1898 6109/1611/1898 6315/1611/1898
f 6294/1606/1898 6078/1606/1898 6151/1629/1898 6297/1629/1898
f 6320/1605/1900 6079/1605/1900 6078/1606/1900 6294/1606/1900
f 6117/1627/1901 6335/1622/1901 6259/1622/1901 6258/1627/1901
f 6104/1624/1901 6117/1627/1901 6258/1627/1901 6253/1624/1901
f 6080/1605/1902 6116/1606/1902 6257/1606/1902 6255/1605/1902
f 6116/1606/1902 6154/1629/1902 6256/1629/1902 6257/1606/1902
f 6154/1629/1902 6113/1611/1902 6254/1611/1902 6256/1629/1902
f 6268/1623/1901 6104/1624/1901 6253/1624/1901 6275/1623/1901
f 6113/1611/1902 6092/1612/1902 6251/1612/1902 6254/1611/1902
f 6330/1609/1903 6083/1610/1903 6250/1610/1903 6252/1609/1903
f 6320/1605/1871 6326/1605/1871 6255/1605/1871 6079/1605/1871
f 6314/1610/1869 6327/1610/1869 6250/1610/1869 6083/1610/1869
f 6052/1627/1904 6248/1627/1904 6249/1622/1904 6067/1622/1904
f 5981/1624/1904 6243/1624/1904 6248/1627/1904 6052/1627/1904
f 5977/1605/1904 6245/1605/1904 6247/1606/1904 6024/1606/1904
f 6024/1606/1904 6247/1606/1904 6246/1629/1904 6016/1629/1904
f 6016/1629/1904 6246/1629/1904 6244/1611/1904 5982/1611/1904
f 6262/1623/1904 6276/1623/1904 6243/1624/1904 5981/1624/1904
f 6067/1622/1904 6249/1622/1904 6242/1609/1904 5980/1609/1904
f 5982/1611/1904 6244/1611/1904 6241/1612/1904 5979/1612/1904
f 5980/1609/1904 6242/1609/1904 6240/1610/1904 5978/1610/1904
f 6279/1617/1904 6290/1617/1904 6276/1623/1904 6262/1623/1904
f 6342/1617/1901 6268/1623/1901 6275/1623/1901 6289/1617/1901
f 6258/1627/1871 6102/1627/1871 6332/1627/1871 6117/1627/1871
f 6273/1671/1880 6126/1648/1880 6269/1668/1880
f 6185/1648/1880 6184/1626/1880 6272/1678/1880 6271/1668/1880
f 6285/1653/1905 6269/1668/1883 6271/1668/1883 6287/1653/1905
f 6144/1626/1881 6270/1678/1881 6272/1678/1881 6184/1626/1881
f 6283/1617/1878 6266/1623/1878 6268/1623/1878 6342/1617/1878
f 6275/1623/1871 6267/1623/1871 6340/1623/1871 6268/1623/1871
f 6144/1626/1873 6086/1624/1873 6266/1623/1873 6270/1678/1873
f 6004/1648/1863 6264/1668/1863 6265/1678/1863 6010/1626/1863
f 5987/1634/1863 6263/1675/1863 6264/1668/1863 6004/1648/1863
f 6277/1617/1866 6279/1617/1866 6262/1623/1866 6260/1623/1866
f 6290/1617/1865 6278/1617/1865 6261/1623/1865 6276/1623/1865
f 6010/1626/1863 6265/1678/1863 6260/1623/1863 5969/1624/1863
f 6241/1612/1865 5963/1612/1865 6278/1617/1865 6290/1617/1865
f 5962/1612/1866 5979/1612/1866 6279/1617/1866 6277/1617/1866
f 6251/1612/1876 6289/1617/1876 6284/1617/1876 6089/1612/1876
f 6087/1612/1906 6283/1617/1906 6342/1617/1906 6092/1612/1906
f 6122/1647/1886 6285/1653/1905 6287/1653/1905 6183/1647/1886
f 5985/1644/1868 6274/1676/1868 6273/1677/1868 6123/1644/1868
f 6317/1612/1898 6089/1612/1898 6284/1617/1898 6329/1617/1898
f 6092/1612/1907 6342/1617/1907 6289/1617/1907 6251/1612/1907
f 5979/1612/1904 6241/1612/1904 6290/1617/1904 6279/1617/1904
f 6273/1679/1880 6269/1668/1880 6285/1653/1880
f 6271/1668/1880 6272/1678/1880 6288/1615/1880 6287/1653/1880
f 6270/1678/1881 6286/1615/1881 6288/1615/1881 6272/1678/1881
f 6270/1678/1873 6266/1623/1873 6283/1617/1873 6286/1615/1873
f 6264/1668/1863 6281/1653/1863 6282/1615/1863 6265/1678/1863
f 6263/1675/1863 6280/1652/1863 6281/1653/1863 6264/1668/1863
f 6265/1678/1863 6282/1615/1863 6277/1617/1863 6260/1623/1863
f 5963/1612/1908 6317/1612/1908 6329/1617/1908 6278/1617/1908
f 6278/1617/1908 6329/1617/1908 6328/1623/1908 6261/1623/1908
f 5978/1610/1869 6240/1610/1869 6327/1610/1869 6314/1610/1869
f 5957/1605/1871 6245/1605/1871 6326/1605/1871 6320/1605/1871
f 5957/1605/1909 6320/1605/1909 6294/1606/1909 6023/1606/1909
f 6023/1606/1908 6294/1606/1908 6297/1629/1908 6013/1629/1908
f 6013/1629/1908 6297/1629/1908 6315/1611/1908 5974/1611/1908
f 5974/1611/1908 6315/1611/1908 6317/1612/1908 5963/1612/1908
f 6261/1623/1908 6328/1623/1908 6292/1624/1908 5970/1624/1908
f 5970/1624/1908 6292/1624/1908 6312/1627/1908 6051/1627/1908
f 6051/1627/1908 6312/1627/1908 6318/1622/1908 6066/1622/1908
f 6066/1622/1908 6318/1622/1908 6319/1609/1908 5968/1609/1908
f 5968/1609/1908 6319/1609/1908 6316/1610/1908 5961/1610/1908
f 6030/1607/1868 6015/1659/1868 6325/1659/1868 6324/1607/1868
f 6040/1608/1871 5956/1608/1871 6323/1608/1871 6322/1608/1871
f 6245/1605/1871 5977/1605/1871 6321/1605/1871 6326/1605/1871
f 5959/1610/1869 5978/1610/1869 6314/1610/1869 6313/1610/1869
f 5983/1642/1871 5995/1641/1871 6311/1641/1871 6310/1642/1871
f 5989/1608/1871 6032/1608/1871 6309/1608/1871 6308/1608/1871
f 5976/1630/1868 5964/1614/1868 6307/1614/1868 6306/1630/1868
f 6015/1659/1868 5976/1630/1868 6306/1630/1868 6325/1659/1868
f 6049/1628/1868 6061/1662/1868 6305/1662/1868 6304/1628/1868
f 5977/1605/1871 5955/1605/1871 6303/1605/1871 6321/1605/1871
f 5996/1636/1869 5984/1639/1869 6302/1639/1869 6301/1636/1869
f 5954/1608/1871 5989/1608/1871 6308/1608/1871 6300/1608/1871
f 6000/1654/1871 5983/1642/1871 6310/1642/1871 6299/1654/1871
f 6032/1608/1871 6040/1608/1871 6322/1608/1871 6309/1608/1871
f 5956/1608/1868 6030/1607/1868 6324/1607/1868 6323/1608/1868
f 5984/1639/1869 6001/1651/1869 6298/1651/1869 6302/1639/1869
f 5964/1614/1868 5972/1613/1868 6295/1613/1868 6307/1614/1868
f 5972/1613/1868 6049/1628/1868 6304/1628/1868 6295/1613/1868
f 5995/1641/1871 5954/1608/1871 6300/1608/1871 6311/1641/1871
f 6240/1610/1869 5961/1610/1869 6316/1610/1869 6327/1610/1869
f 6061/1662/1868 5966/1621/1868 6296/1621/1868 6305/1662/1868
f 5955/1605/1871 6006/1604/1871 6293/1604/1871 6303/1605/1871
f 6006/1604/1871 6000/1654/1871 6299/1654/1871 6293/1604/1871
f 6007/1618/1869 5959/1610/1869 6313/1610/1869 6291/1667/1869
f 6001/1651/1869 6007/1618/1869 6291/1667/1869 6298/1651/1869
f 6335/1622/1910 6330/1609/1910 6331/1609/1910 6334/1622/1910
f 6104/1624/1910 6117/1627/1910 6332/1627/1910 6333/1624/1910
f 6338/1622/1898 6334/1622/1898 6331/1609/1898 6339/1609/1898
f 6336/1624/1898 6333/1624/1898 6332/1627/1898 6337/1627/1898
f 6344/1617/1898 6341/1617/1898 6340/1623/1898 6343/1623/1898
f 6342/1617/1910 6268/1623/1910 6340/1623/1910 6341/1617/1910
f 6267/1623/1871 6328/1623/1871 6343/1623/1871 6340/1623/1871
f 6292/1624/1869 6088/1624/1869 6333/1624/1869 6336/1624/1869
f 6284/1617/1869 6289/1617/1869 6342/1617/1869 6341/1617/1869
f 6329/1617/1869 6284/1617/1869 6341/1617/1869 6344/1617/1869
f 6259/1622/1901 6335/1622/1901 6330/1609/1901 6252/1609/1901
f 6088/1624/1869 6253/1624/1869 6104/1624/1869 6333/1624/1869
f 6174/1622/1869 6259/1622/1869 6335/1622/1869 6334/1622/1869
f 6328/1623/1899 6329/1617/1899 6344/1617/1899 6343/1623/1899
f 6312/1627/1911 6292/1624/1911 6336/1624/1911 6337/1627/1911
f 6102/1627/1871 6312/1627/1871 6337/1627/1871 6332/1627/1871
o Plane.030
v 5.209188 7.007234 23.086704
v 4.924756 7.269878 23.086704
v 5.209188 7.007234 19.963356
v 4.924756 7.269877 19.963356
v 5.156317 3.413869 23.086704
v 5.156317 3.413868 19.963356
v 5.107481 6.960547 19.963356
v 5.107481 6.960548 23.086704
v 5.054611 3.367183 23.086704
v 4.823050 7.223192 23.086704
v 4.823050 7.223191 19.963356
v 5.054611 3.367182 19.963356
vn 0.6784 0.7347 -0.0000
vn 0.9999 -0.0147 -0.0000
vn -0.6784 -0.7347 -0.0000
vn -0.9999 0.0147 -0.0000
vn -0.0000 -0.0000 -1.0000
vn -0.4172 0.9088 -0.0000
vn -0.0000 -0.0000 1.0000
vn 0.4172 -0.9088 -0.0000
vt 0.000000 0.566553
vt 0.000000 0.956798
vt 0.770591 0.566553
vt 0.770591 0.956798
s 1
f 6345/1680/1912 6347/1681/1912 6348/1681/1912 6346/1680/1912
f 6345/1680/1913 6349/1682/1913 6350/1683/1913 6347/1681/1913
f 6352/1680/1914 6354/1680/1914 6355/1681/1914 6351/1681/1914
f 6352/1680/1915 6351/1681/1915 6356/1683/1915 6353/1682/1915
f 6350/1683/1916 6356/1683/1916 6351/1681/1916 6347/1681/1916
f 6348/1681/1917 6355/1681/1917 6354/1680/1917 6346/1680/1917
f 6345/1680/1918 6352/1680/1918 6353/1682/1918 6349/1682/1918
f 6349/1682/1919 6353/1682/1919 6356/1683/1919 6350/1683/1919
f 6347/1681/1916 6351/1681/1916 6355/1681/1916 6348/1681/1916
f 6346/1680/1918 6354/1680/1918 6352/1680/1918 6345/1680/1918
o Plane.031
v 4.931055 6.905427 23.425163
v 4.862444 2.242299 23.425163
v 3.830930 7.816158 23.425163
v 4.538691 1.178995 23.425163
v 4.931055 6.905427 19.423380
v 4.862444 2.242298 19.423380
v 3.830930 7.816157 19.423380
v 4.589449 1.180100 19.423380
v 4.862444 2.242299 21.424271
v 4.589449 1.180101 21.424271
v 3.830930 7.816157 21.424271
v 4.931055 6.905427 19.613729
v 3.830930 7.816157 19.613729
v 4.862444 2.242298 19.613729
v 4.589449 1.180100 19.613729
v 4.862444 2.242298 19.966801
v 4.589449 1.180101 19.966801
v 4.931055 6.905427 19.966801
v 3.830930 7.816157 19.966801
v 4.862444 2.242299 23.074350
v 4.589449 1.180101 23.074352
v 4.931055 6.905427 23.074352
v 3.830930 7.816158 23.074352
v 4.678332 1.958047 23.425163
v 4.678332 1.958046 19.423380
v 4.678333 1.958047 21.424271
v 4.678333 1.958046 19.613729
v 4.678333 1.958047 19.966801
v 4.678333 1.958047 23.074350
v 4.879004 3.367784 23.425163
v 4.879004 3.367784 19.423380
v 4.879004 3.367784 21.424271
v 4.879004 3.367784 19.613729
v 4.879004 3.367784 19.966801
v 4.879004 3.367784 23.074352
v 4.608173 7.172722 23.425163
v 4.608173 7.172721 19.423380
v 4.608173 7.172721 21.424271
v 4.608174 7.172721 19.613729
v 4.608173 7.172721 19.966801
v 4.608173 7.172722 23.074352
v 4.916420 5.910776 23.425163
v 4.916420 5.910776 19.423380
v 4.916420 5.910776 19.613729
v 4.916420 5.910776 19.966801
v 4.916420 5.910776 23.074352
v 4.877197 3.244975 23.425163
v 4.877197 3.244974 19.423380
v 4.877197 3.244975 21.424271
v 4.877197 3.244974 19.613729
v 4.877197 3.244974 19.966801
v 4.877197 3.244975 23.074350
v 4.875456 3.126682 23.425163
v 4.875456 3.126681 19.423380
v 4.875457 3.126682 21.424271
v 4.875457 3.126681 19.613729
v 4.875457 3.126681 19.966801
v 4.875457 3.126682 23.074350
v 4.862444 2.242299 23.178650
v 4.589449 1.180101 23.178650
v 4.931055 6.905427 23.178650
v 3.830930 7.816158 23.178650
v 4.678333 1.958047 23.178650
v 4.879004 3.367784 23.178650
v 4.608174 7.172722 23.178650
v 4.916420 5.910776 23.178650
v 4.877197 3.244975 23.178650
v 4.875457 3.126682 23.178650
v 4.862444 2.242299 23.277687
v 4.589449 1.180101 23.277687
v 4.678333 1.958047 23.277687
v 4.879004 3.367784 23.277687
v 4.916420 5.910776 23.277687
v 4.877197 3.244975 23.277687
v 4.875457 3.126682 23.277687
v 4.931055 6.905427 23.277687
v 3.830930 7.816158 23.277687
v 4.608174 7.172722 23.277687
v 4.511018 7.253152 23.425163
v 4.511018 7.253151 19.423380
v 4.511018 7.253151 21.424271
v 4.511018 7.253151 19.613729
v 4.511018 7.253151 19.966801
v 4.511018 7.253152 23.074350
v 4.511018 7.253152 23.178650
v 4.511018 7.253152 23.277687
v 4.400639 7.344528 23.425163
v 4.400639 7.344527 19.423380
v 4.400640 7.344527 21.424271
v 4.400640 7.344527 19.613729
v 4.400640 7.344527 19.966801
v 4.400640 7.344528 23.074350
v 4.400640 7.344528 23.178650
v 4.400640 7.344528 23.277687
v 4.931055 6.905427 19.866817
v 3.830930 7.816157 19.866817
v 4.862444 2.242298 19.866817
v 4.589449 1.180101 19.866817
v 4.678333 1.958047 19.866817
v 4.879004 3.367784 19.866817
v 4.608174 7.172721 19.866817
v 4.916420 5.910776 19.866817
v 4.877197 3.244974 19.866817
v 4.875457 3.126681 19.866817
v 4.511018 7.253151 19.866817
v 4.400640 7.344527 19.866817
v 4.931055 6.905427 19.767391
v 3.830930 7.816157 19.767391
v 4.608174 7.172721 19.767391
v 4.511018 7.253151 19.767391
v 4.400640 7.344527 19.767391
v 4.862444 2.242298 19.767391
v 4.589449 1.180101 19.767391
v 4.678333 1.958047 19.767391
v 4.879004 3.367784 19.767391
v 4.916420 5.910776 19.767391
v 4.877197 3.244974 19.767391
v 4.875457 3.126681 19.767391
v 5.340832 2.267515 23.277687
v 5.340832 2.267515 23.425163
v 5.385298 6.005269 23.425163
v 5.399932 6.999919 23.425163
v 4.869516 7.439020 23.425163
v 4.299807 7.910651 23.425163
v 5.093598 1.290066 23.277687
v 5.093598 1.290066 23.425163
v 5.520073 1.983262 23.425163
v 5.399932 6.999918 19.613729
v 4.299807 7.910650 19.613729
v 5.520073 1.983261 19.423380
v 5.093598 1.290065 19.423380
v 5.385298 6.005269 19.423380
v 5.340832 2.267514 19.966801
v 5.340832 2.267515 21.424271
v 5.093598 1.290066 19.966801
v 5.093598 1.290066 21.424271
v 4.299807 7.910651 23.074350
v 4.299807 7.910650 21.424271
v 5.520073 1.983262 21.424271
v 4.869516 7.439019 21.424271
v 5.399932 6.999918 19.767391
v 4.299807 7.910650 19.767391
v 5.340832 2.267514 19.423380
v 5.340832 2.267514 19.613729
v 5.093598 1.290065 19.613729
v 5.385298 6.005269 19.613729
v 4.869516 7.439019 19.613729
v 5.340832 2.267514 19.866817
v 5.093598 1.290066 19.866817
v 4.299807 7.910650 19.966801
v 5.500476 1.974908 19.966801
v 5.385298 6.005269 19.966801
v 5.399932 6.999918 19.966801
v 4.869516 7.439019 19.966801
v 5.340832 2.267515 23.074350
v 5.093598 1.290066 23.074350
v 5.399932 6.999919 23.178650
v 5.399932 6.999919 23.074350
v 4.299807 7.910651 23.178650
v 5.520073 1.983262 23.074350
v 4.869516 7.439020 23.074350
v 5.385298 6.005269 23.074350
v 5.520073 1.983262 23.277687
v 5.500476 1.974908 19.866817
v 5.346074 3.339468 23.425163
v 5.347881 3.462277 23.425163
v 5.346074 3.339468 19.423380
v 5.347881 3.462276 19.423380
v 5.346074 3.339468 21.424271
v 5.347881 3.462277 21.424271
v 5.346074 3.339468 19.613729
v 5.347881 3.462276 19.613729
v 5.346075 3.339505 19.966801
v 5.346074 3.339468 23.074350
v 5.347881 3.462277 23.074350
v 5.347881 3.462276 19.866884
v 5.347881 3.462277 23.277687
v 5.077051 7.267214 23.425163
v 5.077051 7.267213 19.613729
v 5.077051 7.267213 19.966801
v 5.077051 7.267214 23.074350
v 5.077051 7.267213 21.424271
v 5.077051 7.267213 19.767391
v 5.077051 7.267214 23.178650
v 5.385298 6.005269 23.277687
v 5.385298 6.005269 19.866817
v 5.344334 3.221174 23.425163
v 5.344334 3.221174 19.423380
v 5.344334 3.221174 21.424271
v 5.344334 3.221174 19.613729
v 5.344334 3.221174 19.966801
v 5.344334 3.221174 23.074350
v 5.346074 3.339468 19.866817
v 5.346074 3.339468 23.277687
v 5.344334 3.221174 19.866817
v 5.344334 3.221174 23.277687
v 5.340832 2.267515 23.178650
v 5.093598 1.290066 23.178650
v 5.399932 6.999919 23.277687
v 4.299807 7.910651 23.277687
v 5.520073 1.983262 23.178650
v 5.347881 3.462277 23.178650
v 5.077051 7.267214 23.277687
v 5.385298 6.005269 23.178650
v 5.346074 3.339468 23.178650
v 5.344334 3.221174 23.178650
v 4.869516 7.439020 23.178650
v 4.869516 7.439020 23.277687
v 4.979896 7.347644 23.425163
v 4.979896 7.347643 21.424271
v 4.979896 7.347643 19.613729
v 4.979896 7.347643 19.966801
v 4.979896 7.347644 23.074350
v 4.979896 7.347644 23.178650
v 4.979896 7.347644 23.277687
v 4.979896 7.347643 19.767391
v 4.869516 7.439019 19.767391
v 5.399932 6.999918 19.866817
v 4.299807 7.910650 19.866817
v 5.340832 2.267514 19.767391
v 5.093598 1.290066 19.767391
v 5.347881 3.462276 19.767391
v 5.077051 7.267213 19.866817
v 5.385298 6.005269 19.767391
v 5.346074 3.339468 19.767391
v 5.344334 3.221174 19.767391
v 4.979896 7.347643 19.866817
v 4.869516 7.439019 19.866817
v 5.288850 3.198575 21.424271
v 5.290590 3.316868 21.424271
v 5.288850 3.198575 19.966801
v 5.290590 3.316867 19.966801
v 5.288850 3.198575 23.074350
v 5.290590 3.316868 23.074350
v 5.290590 3.316867 19.866817
v 5.288850 3.198575 19.866817
v 5.344448 6.977319 23.277687
v 5.344448 6.977319 23.178650
v 5.021566 7.244615 23.277687
v 5.021566 7.244615 23.178650
v 5.290590 3.316868 23.178650
v 5.288850 3.198575 23.178650
v 5.292397 3.439677 23.178650
v 5.329813 5.982669 23.178650
v 5.292397 3.439677 23.277687
v 5.329813 5.982669 23.277687
v 5.290590 3.316868 23.277687
v 5.288850 3.198575 23.277687
v 4.924411 7.325044 23.178650
v 4.924411 7.325044 23.277687
v 4.924411 7.325044 23.074350
v 4.924411 7.325043 21.424271
v 4.924411 7.325043 19.966801
v 4.814033 7.416420 21.424271
v 4.814033 7.416420 19.966801
v 4.814033 7.416421 23.074350
v 4.814033 7.416421 23.178650
v 4.814033 7.416421 23.277687
v 5.292397 3.439677 19.767391
v 5.292397 3.439677 19.866817
v 5.329813 5.982668 19.767391
v 5.329813 5.982668 19.866817
v 5.290590 3.316867 19.767391
v 5.288850 3.198575 19.767391
v 4.924411 7.325043 19.866817
v 4.814033 7.416420 19.866817
v 5.021566 7.244615 19.866817
v 5.344448 6.977318 19.866817
v 5.344448 6.977318 19.767391
v 5.021566 7.244615 19.767391
v 4.924411 7.325043 19.767391
v 4.814033 7.416420 19.767391
v 5.310946 6.999918 19.613729
v 5.310946 6.999918 19.423380
v 4.210821 7.893253 19.613729
v 4.210821 7.893253 19.423380
v 4.780530 7.439019 19.423380
v 5.296311 6.005269 19.423380
v 5.296311 6.005269 19.613729
v 4.780530 7.439019 19.613729
v 4.988064 7.267213 19.423380
v 4.988064 7.267213 19.613729
v 4.890909 7.347643 19.423380
v 4.890909 7.347643 19.613729
v 4.889462 4.078537 19.966801
v 5.358339 4.173029 19.966801
v 4.658791 1.896912 19.423380
v 4.658791 1.896913 21.424271
v 4.658791 1.896912 19.613729
v 4.658791 1.896913 19.966801
v 4.658791 1.896913 23.074350
v 4.658791 1.896913 23.425163
v 4.658791 1.896913 23.178650
v 4.658791 1.896913 23.277687
v 4.658791 1.896913 19.866817
v 4.658791 1.896913 19.767391
v 5.500075 1.902771 19.423380
v 5.500075 1.902772 21.424271
v 5.500075 1.902771 19.613729
v 5.500075 1.902772 19.966801
v 5.500075 1.902772 23.074350
v 5.500075 1.902772 23.425163
v 5.500075 1.902772 23.178650
v 5.500075 1.902772 23.277687
v 5.500075 1.902772 19.866817
v 5.500075 1.902772 19.767391
v 4.862444 2.242298 20.069628
v 4.589449 1.180101 20.069628
v 4.678333 1.958047 20.069628
v 4.879004 3.367784 20.069628
v 4.877197 3.244974 20.069628
v 4.875457 3.126681 20.069628
v 5.340832 2.267514 20.069628
v 5.093598 1.290066 20.069628
v 5.500476 1.974908 20.069628
v 5.346075 3.339502 20.069628
v 5.344334 3.221174 20.069628
v 5.290590 3.316867 20.069628
v 5.288850 3.198575 20.069628
v 5.347881 3.462277 21.178576
v 4.879004 3.367784 21.178576
v 5.500075 1.902772 20.069628
v 4.658791 1.896913 20.069628
v 4.862444 2.242298 20.177221
v 4.589449 1.180101 20.177221
v 4.678333 1.958047 20.177221
v 4.879004 3.367784 20.177221
v 4.877197 3.244974 20.177221
v 4.875457 3.126681 20.177221
v 5.340832 2.267514 20.177221
v 5.093598 1.290066 20.177221
v 5.346075 3.339500 20.177221
v 5.344334 3.221174 20.177221
v 5.290590 3.316867 20.177221
v 5.288850 3.198575 20.177221
v 5.500075 1.902772 20.177221
v 4.658791 1.896913 20.177221
v 4.962018 3.144126 19.423380
v 4.728301 1.200606 19.966801
v 4.962018 3.144127 23.425163
v 4.728301 1.200606 23.277687
v 3.917492 7.833602 19.966801
v 3.917492 7.833602 19.613729
v 4.728301 1.200606 23.178650
v 4.963759 3.262419 19.423380
v 4.963759 3.262420 23.425163
v 5.017616 6.922871 23.425163
v 5.002982 5.928220 19.423380
v 4.965566 3.385228 19.423380
v 4.987169 2.246954 23.425163
v 3.917492 7.833602 19.866817
v 3.917492 7.833602 19.767391
v 3.917492 7.833603 23.074352
v 3.917492 7.833602 21.424271
v 4.694736 7.190167 23.425163
v 4.597580 7.270597 23.425163
v 4.965566 3.385229 23.425163
v 5.002982 5.928221 23.425163
v 4.728301 1.200606 19.866817
v 4.987169 2.246953 19.423380
v 4.922517 1.962701 19.423380
v 4.728301 1.200606 23.074352
v 4.728301 1.200605 19.423380
v 4.728301 1.200606 21.424271
v 4.728301 1.200606 19.767391
v 4.728301 1.200605 19.613729
v 4.677542 1.199500 23.425163
v 4.922517 1.962702 23.425163
v 4.487201 7.361973 23.425163
v 3.917492 7.833603 23.425163
v 3.917492 7.833603 23.277687
v 3.917492 7.833603 23.178650
v 4.892375 1.897994 23.425163
v 4.892375 1.897993 19.423380
v 4.728301 1.200606 20.069628
v 4.728301 1.200606 20.177221
v 5.500476 1.974907 19.613729
v 5.052458 1.342449 19.613729
v 5.052458 1.342450 19.866817
v 5.052458 1.342450 19.966801
v 5.052458 1.342450 19.767391
v 5.500476 1.974908 19.767391
v 4.687161 1.252991 19.966801
v 4.687161 1.252991 19.866817
v 4.687161 1.252991 19.767391
v 4.687161 1.252990 19.613729
v 5.052458 1.342450 20.069628
v 5.052458 1.342450 20.177221
v 5.500476 1.974908 20.177221
v 4.687161 1.252991 20.069628
v 4.687161 1.252991 20.177221
vn -0.9999 0.0147 -0.0000
vn -0.6377 -0.7703 -0.0000
vn -0.9954 0.0963 -0.0000
vn -0.8393 0.5436 -0.0000
vn -0.9774 0.1291 -0.1677
vn -0.1976 0.9803 -0.0000
vn -0.0000 -0.0000 -1.0000
vn 0.1976 -0.9803 -0.0000
vn -0.0000 -0.0000 1.0000
vn 1.0000 -0.0074 -0.0000
vn 1.0000 -0.0092 -0.0000
vn 1.0000 -0.0037 -0.0000
vn 0.6377 0.7703 -0.0000
vn 0.8333 -0.5528 -0.0000
vn 0.8459 0.5334 -0.0000
vn 0.8778 0.4790 -0.0000
vn 0.8778 0.4789 -0.0000
vn 0.8609 0.5057 0.0554
vn 0.9999 -0.0147 -0.0000
vn -0.3772 0.9261 -0.0000
vn 0.3772 -0.9261 -0.0000
vn 0.3777 -0.9259 -0.0000
vn 0.3776 -0.9260 0.0001
vn 0.3775 -0.9260 0.0002
vn 0.3773 -0.9261 -0.0000
vn 0.0005 0.0003 -1.0000
vn 0.0005 0.0002 -1.0000
vn 0.0006 0.0001 -1.0000
vn 0.0002 -0.0000 -1.0000
vn 0.0004 -0.0000 -1.0000
vn 0.6234 0.7819 -0.0000
vn -0.0000 1.0000 -0.0000
vn -0.1989 0.9800 -0.0000
vn -0.1714 0.8505 0.4973
vn 0.1815 -0.9834 -0.0000
vn -0.2048 0.0009 -0.9788
vn 0.9999 -0.0148 -0.0000
vn 0.2379 -0.9713 -0.0000
vn 0.7865 0.6176 -0.0000
vn 0.2244 -0.9739 0.0350
vn 1.0000 -0.0056 -0.0000
vn 0.9705 -0.2411 -0.0000
vn 0.9900 -0.1323 0.0481
vn -0.9525 0.3045 -0.0000
vn 0.3776 -0.9260 -0.0000
vn 0.8622 0.5065 -0.0085
vn 0.9912 -0.1325 -0.0073
vn 0.1461 -0.9893 -0.0000
vn 0.1460 -0.9884 0.0428
vn 0.8160 -0.5780 -0.0000
vt 0.810346 0.981574
vt 1.000000 0.981574
vt 1.000000 1.000000
vt 0.810346 1.000000
vt 0.000000 0.981574
vt 0.000000 1.000000
vt 1.000000 0.523783
vt 1.000000 0.500000
vt 1.000000 0.956168
vt 1.000000 0.750000
vt 0.000000 0.567897
vt 0.000000 0.750000
vt 0.810346 0.594188
vt 1.000000 0.594188
vt 0.810346 0.750000
vt 0.810346 0.500000
vt 0.810346 0.523783
vt 0.000000 0.500000
vt 0.000000 0.523783
vt 1.000000 0.542982
vt 1.000000 0.580745
vt 1.000000 0.567897
vt 0.810346 0.555405
vt 1.000000 0.555405
vt 0.810346 0.567897
vt 0.000000 0.555405
vt 1.000000 0.969200
vt 0.000000 0.956168
vt 0.810346 0.956168
vt 0.213301 0.555405
vt 0.758642 0.555405
vt 0.758642 0.567897
vt 0.213301 0.567897
vt 0.213301 0.500000
vt 0.758642 0.500000
vt 0.758642 0.523783
vt 0.213301 0.523783
vt 0.213301 0.981574
vt 0.758642 0.981574
vt 0.758642 1.000000
vt 0.213301 1.000000
vt 0.758642 0.750000
vt 0.784978 0.750000
vt 0.784978 0.956168
vt 0.758642 0.956168
vt 0.784978 0.555405
vt 0.784978 0.567897
vt 0.784978 0.500000
vt 0.784978 0.523783
vt 0.758642 0.594188
vt 0.784978 0.594188
vt 0.784978 0.981574
vt 0.784978 1.000000
vt 0.810346 0.969200
vt 0.784978 0.969200
vt 0.758642 0.969200
vt 0.213301 0.956168
vt 0.213301 0.969200
vt 0.000000 0.969200
vt 0.000000 0.542982
vt 0.784978 0.542982
vt 0.810346 0.542982
vt 0.758642 0.542982
vt 0.213301 0.542982
vt 0.810345 0.500000
vt 0.784978 0.580745
vt 0.606222 0.567897
vt 0.758642 0.679674
vt 0.758642 0.716933
vt 0.784953 0.567897
vt 0.758642 0.555430
vt 0.644327 0.567897
vt 0.758642 0.718204
vt 0.758642 0.580745
vt 0.758642 0.721707
vt 0.810346 0.580745
vt 0.758642 0.719266
s 1
f 6431/1684/1920 6425/1685/1920 6358/1686/1920 6409/1687/1920
f 6450/1688/1921 6443/1689/1921 6359/1689/1921 6433/1688/1921
f 6645/1690/1922 6643/1691/1922 6364/1691/1922 6371/1690/1922
f 6647/1692/1922 6644/1693/1922 6366/1693/1922 6377/1692/1922
f 6447/1694/1921 6445/1695/1921 6367/1695/1921 6375/1694/1921
f 6685/1696/1920 6680/1697/1920 6365/1693/1920 6411/1698/1920
f 6410/1699/1920 6362/1691/1920 6370/1690/1920 6412/1700/1920
f 6444/1701/1921 6446/1702/1921 6369/1702/1921 6363/1701/1921
f 6652/1703/1922 6645/1690/1922 6371/1690/1922 6469/1703/1922
f 6679/1704/1922 6646/1705/1922 6373/1705/1922 6664/1704/1922
f 6460/1706/1920 6453/1707/1920 6372/1705/1920 6413/1708/1920
f 6462/1709/1921 6447/1694/1921 6375/1694/1921 6452/1709/1921
f 6649/1710/1922 6647/1692/1922 6377/1692/1922 6416/1710/1922
f 6445/1695/1921 6448/1711/1921 6379/1711/1921 6367/1695/1921
f 6411/1698/1920 6365/1693/1920 6376/1692/1920 6414/1712/1920
f 6415/1710/1923 6376/1692/1923 6385/1692/1923 6419/1710/1923
f 6663/1704/1923 6372/1705/1923 6384/1705/1923 6665/1704/1923
f 6468/1703/1923 6370/1690/1923 6383/1690/1923 6470/1703/1923
f 6376/1692/1923 6365/1693/1923 6382/1693/1923 6385/1692/1923
f 6370/1690/1923 6362/1691/1923 6381/1691/1923 6383/1690/1923
f 6458/1713/1920 6456/1714/1920 6390/1715/1920 6401/1716/1920
f 6399/1717/1920 6387/1718/1920 6389/1719/1920 6400/1720/1920
f 6429/1721/1920 6428/1722/1920 6386/1723/1920 6398/1724/1920
f 6451/1709/1921 6374/1694/1921 6396/1694/1921 6457/1709/1921
f 6361/1701/1921 6368/1702/1921 6395/1702/1921 6393/1701/1921
f 6432/1688/1921 6357/1689/1921 6392/1689/1921 6434/1688/1921
f 6432/1688/1920 6429/1721/1920 6398/1724/1920 6357/1689/1920
f 6361/1701/1920 6399/1717/1920 6400/1720/1920 6368/1702/1920
f 6451/1709/1920 6458/1713/1920 6401/1716/1920 6374/1694/1920
f 6388/1725/1920 6405/1726/1920 6408/1727/1920 6391/1728/1920
f 6456/1714/1920 6459/1729/1920 6407/1730/1920 6390/1715/1920
f 6387/1718/1920 6404/1731/1920 6406/1732/1920 6389/1719/1920
f 6683/1733/1920 6684/1734/1920 6405/1726/1920 6388/1725/1920
f 6428/1722/1920 6430/1735/1920 6403/1736/1920 6386/1723/1920
f 6405/1726/1920 6411/1698/1920 6414/1712/1920 6408/1727/1920
f 6459/1729/1920 6460/1706/1920 6413/1708/1920 6407/1730/1920
f 6404/1731/1920 6410/1699/1920 6412/1700/1920 6406/1732/1920
f 6684/1734/1920 6685/1696/1920 6411/1698/1920 6405/1726/1920
f 6430/1735/1920 6431/1684/1920 6409/1687/1920 6403/1736/1920
f 6408/1727/1920 6414/1712/1920 6424/1737/1920 6423/1738/1920
f 6391/1728/1920 6408/1727/1920 6423/1738/1920 6420/1739/1920
f 6378/1711/1920 6402/1740/1920 6422/1741/1920 6417/1742/1920
f 6378/1711/1921 6417/1742/1921 6421/1742/1921 6397/1711/1921
f 6402/1740/1920 6391/1728/1920 6420/1739/1920 6422/1741/1920
f 6425/1685/1923 6415/1710/1923 6419/1710/1923 6427/1685/1923
f 6650/1685/1922 6649/1710/1922 6416/1710/1922 6426/1685/1922
f 6448/1711/1921 6449/1742/1921 6418/1742/1921 6379/1711/1921
f 6414/1712/1920 6376/1692/1920 6415/1710/1920 6424/1737/1920
f 6648/1686/1924 6650/1685/1924 6426/1685/1924 6360/1686/1924
f 6358/1686/1923 6425/1685/1923 6427/1685/1923 6380/1686/1923
f 6423/1738/1920 6424/1737/1920 6431/1684/1920 6430/1735/1920
f 6420/1739/1920 6423/1738/1920 6430/1735/1920 6428/1722/1920
f 6417/1742/1920 6422/1741/1920 6429/1721/1920 6432/1688/1920
f 6417/1742/1921 6432/1688/1921 6434/1688/1921 6421/1742/1921
f 6422/1741/1920 6420/1739/1920 6428/1722/1920 6429/1721/1920
f 6449/1742/1921 6450/1688/1921 6433/1688/1921 6418/1742/1921
f 6424/1737/1920 6415/1710/1920 6425/1685/1920 6431/1684/1920
f 6421/1742/1921 6434/1688/1921 6442/1688/1921 6441/1742/1921
f 6397/1711/1921 6421/1742/1921 6441/1742/1921 6440/1711/1921
f 6394/1695/1921 6397/1711/1921 6440/1711/1921 6437/1695/1921
f 6457/1709/1921 6396/1694/1921 6439/1694/1921 6461/1709/1921
f 6393/1701/1921 6395/1702/1921 6438/1702/1921 6436/1701/1921
f 6396/1694/1921 6394/1695/1921 6437/1695/1921 6439/1694/1921
f 6434/1688/1921 6392/1689/1921 6435/1689/1921 6442/1688/1921
f 6441/1742/1921 6442/1688/1921 6450/1688/1921 6449/1742/1921
f 6440/1711/1921 6441/1742/1921 6449/1742/1921 6448/1711/1921
f 6437/1695/1921 6440/1711/1921 6448/1711/1921 6445/1695/1921
f 6461/1709/1921 6439/1694/1921 6447/1694/1921 6462/1709/1921
f 6436/1701/1921 6438/1702/1921 6446/1702/1921 6444/1701/1921
f 6439/1694/1921 6437/1695/1921 6445/1695/1921 6447/1694/1921
f 6442/1688/1921 6435/1689/1921 6443/1689/1921 6450/1688/1921
f 6466/1743/1921 6461/1709/1921 6462/1709/1921 6467/1743/1921
f 6465/1743/1921 6457/1709/1921 6461/1709/1921 6466/1743/1921
f 6473/1744/1920 6474/1745/1920 6460/1706/1920 6459/1729/1920
f 6471/1746/1920 6473/1744/1920 6459/1729/1920 6456/1714/1920
f 6463/1743/1920 6472/1747/1920 6458/1713/1920 6451/1709/1920
f 6463/1743/1921 6451/1709/1921 6457/1709/1921 6465/1743/1921
f 6472/1747/1920 6471/1746/1920 6456/1714/1920 6458/1713/1920
f 6372/1705/1923 6453/1707/1923 6455/1707/1923 6384/1705/1923
f 6467/1743/1921 6462/1709/1921 6452/1709/1921 6464/1743/1921
f 6474/1745/1920 6468/1703/1920 6453/1707/1920 6460/1706/1920
f 6646/1705/1922 6651/1707/1922 6454/1707/1922 6373/1705/1922
f 6412/1700/1920 6370/1690/1920 6468/1703/1920 6474/1745/1920
f 6446/1702/1921 6467/1743/1921 6464/1743/1921 6369/1702/1921
f 6400/1720/1920 6389/1719/1920 6471/1746/1920 6472/1747/1920
f 6368/1702/1921 6463/1743/1921 6465/1743/1921 6395/1702/1921
f 6368/1702/1920 6400/1720/1920 6472/1747/1920 6463/1743/1920
f 6389/1719/1920 6406/1732/1920 6473/1744/1920 6471/1746/1920
f 6406/1732/1920 6412/1700/1920 6474/1745/1920 6473/1744/1920
f 6395/1702/1921 6465/1743/1921 6466/1743/1921 6438/1702/1921
f 6438/1702/1921 6466/1743/1921 6467/1743/1921 6446/1702/1921
f 6453/1707/1923 6468/1703/1923 6470/1703/1923 6455/1707/1923
f 6651/1707/1922 6652/1703/1922 6469/1703/1922 6454/1707/1922
f 6391/1728/1925 6531/1728/1925 6526/1725/1925 6388/1725/1925
f 6378/1711/1926 6514/1711/1926 6518/1740/1926 6402/1740/1926
f 6701/1731/1926 6523/1731/1926 6544/1699/1926 6694/1748/1926
f 6694/1748/1926 6544/1699/1926 6499/1691/1926 6716/1691/1926
f 6394/1695/1927 6538/1695/1927 6537/1711/1927 6397/1711/1927
f 6401/1716/1928 6508/1716/1928 6509/1694/1928 6374/1694/1928
f 6696/1687/1928 6543/1687/1928 6521/1736/1928 6702/1736/1928
f 6706/1686/1928 6476/1686/1928 6543/1687/1928 6696/1687/1928
f 6397/1711/1926 6537/1711/1926 6514/1711/1926 6378/1711/1926
f 6708/1743/1925 6498/1743/1925 6485/1702/1925 6699/1702/1925
f 6730/1691/1926 6653/1691/1926 6487/1691/1926 6719/1691/1926
f 6374/1694/1928 6509/1694/1928 6536/1694/1928 6396/1694/1928
f 6714/1724/1928 6477/1724/1928 6478/1689/1928 6703/1689/1928
f 6698/1694/1925 6506/1694/1925 6575/1709/1925 6707/1709/1925
f 6710/1695/1925 6494/1695/1925 6506/1694/1925 6698/1694/1925
f 6402/1740/1926 6518/1740/1926 6531/1728/1926 6391/1728/1926
f 6363/1701/1926 6632/1701/1926 6633/1701/1926 6444/1701/1926
f 6705/1718/1926 6524/1718/1926 6523/1731/1926 6701/1731/1926
f 6726/1689/1925 6480/1689/1925 6556/1688/1925 6727/1688/1925
f 6712/1689/1928 6565/1689/1928 6479/1689/1928 6725/1689/1928
f 6702/1736/1928 6521/1736/1928 6522/1723/1928 6713/1723/1928
f 6703/1689/1928 6478/1689/1928 6534/1689/1928 6711/1689/1928
f 6704/1717/1926 6488/1717/1926 6524/1718/1926 6705/1718/1926
f 6724/1686/1928 6483/1686/1928 6476/1686/1928 6706/1686/1928
f 6707/1709/1925 6575/1709/1925 6498/1743/1925 6708/1743/1925
f 6728/1742/1925 6515/1742/1925 6493/1711/1925 6709/1711/1925
f 6709/1711/1925 6493/1711/1925 6494/1695/1925 6710/1695/1925
f 6711/1689/1928 6534/1689/1928 6565/1689/1928 6712/1689/1928
f 6713/1723/1928 6522/1723/1928 6477/1724/1928 6714/1724/1928
f 6716/1691/1926 6499/1691/1926 6486/1691/1926 6717/1691/1926
f 6396/1694/1927 6536/1694/1927 6538/1695/1927 6394/1695/1927
f 6729/1686/1928 6658/1686/1928 6483/1686/1928 6724/1686/1928
f 6725/1689/1928 6479/1689/1928 6480/1689/1928 6726/1689/1928
f 6727/1688/1925 6556/1688/1925 6515/1742/1925 6728/1742/1925
f 6552/1684/1929 6543/1687/1930 6476/1686/1931 6475/1685/1931
f 6564/1688/1932 6556/1688/1932 6480/1689/1932 6479/1689/1932
f 6655/1690/1933 6501/1690/1933 6487/1691/1933 6653/1691/1933
f 6657/1692/1933 6512/1692/1933 6492/1693/1933 6654/1693/1933
f 6510/1694/1932 6506/1694/1932 6494/1695/1932 6496/1695/1932
f 6689/1696/1931 6545/1698/1931 6490/1693/1931 6686/1697/1931
f 6544/1699/1930 6546/1700/1930 6500/1690/1931 6499/1691/1931
f 6484/1702/1926 6629/1702/1926 6638/1702/1926 6535/1702/1926
f 6501/1690/1928 6734/1690/1928 6742/1690/1928 6722/1690/1928
f 6678/1704/1933 6670/1704/1933 6491/1705/1933 6656/1705/1933
f 6551/1706/1931 6547/1708/1931 6489/1705/1931 6504/1707/1931
f 6584/1709/1932 6575/1709/1932 6506/1694/1932 6510/1694/1932
f 6659/1710/1933 6554/1710/1933 6512/1692/1933 6657/1692/1933
f 6496/1695/1932 6494/1695/1932 6493/1711/1932 6517/1711/1932
f 6545/1698/1931 6548/1712/1931 6511/1692/1931 6490/1693/1931
f 6553/1710/1934 6557/1710/1934 6516/1692/1934 6511/1692/1934
f 6669/1704/1935 6671/1704/1935 6507/1705/1936 6489/1705/1936
f 6576/1703/1936 6738/1703/1936 6733/1690/1936 6500/1690/1936
f 6511/1692/1934 6516/1692/1934 6495/1693/1934 6490/1693/1934
f 6500/1690/1937 6733/1690/1937 6486/1691/1937 6499/1691/1937
f 6488/1717/1938 6502/1720/1938 6528/1719/1938 6524/1718/1938
f 6541/1721/1938 6477/1724/1938 6522/1723/1938 6533/1722/1938
f 6574/1709/1932 6579/1709/1932 6536/1694/1932 6509/1694/1932
f 6436/1701/1926 6639/1701/1926 6637/1701/1926 6393/1701/1926
f 6555/1688/1932 6559/1688/1932 6534/1689/1932 6478/1689/1932
f 6555/1688/1938 6478/1689/1938 6477/1724/1938 6541/1721/1938
f 6393/1701/1926 6637/1701/1926 6630/1701/1926 6361/1701/1926
f 6574/1709/1938 6509/1694/1938 6508/1716/1938 6542/1713/1938
f 6526/1725/1938 6531/1728/1938 6530/1727/1938 6525/1726/1938
f 6524/1718/1938 6528/1719/1938 6527/1732/1938 6523/1731/1938
f 6533/1722/1938 6522/1723/1938 6521/1736/1938 6550/1735/1938
f 6523/1731/1938 6527/1732/1938 6546/1700/1930 6544/1699/1930
f 6550/1735/1938 6521/1736/1938 6543/1687/1930 6552/1684/1929
f 6531/1728/1938 6558/1739/1938 6561/1738/1938 6530/1727/1938
f 6514/1711/1938 6513/1742/1938 6560/1741/1938 6518/1740/1938
f 6514/1711/1932 6537/1711/1932 6540/1742/1932 6513/1742/1932
f 6518/1740/1938 6560/1741/1938 6558/1739/1938 6531/1728/1938
f 6475/1685/1934 6519/1685/1934 6557/1710/1934 6553/1710/1934
f 6660/1685/1933 6481/1685/1933 6554/1710/1933 6659/1710/1933
f 6517/1711/1932 6493/1711/1932 6515/1742/1932 6563/1742/1932
f 6548/1712/1931 6562/1737/1931 6553/1710/1931 6511/1692/1931
f 6658/1686/1933 6482/1686/1933 6481/1685/1933 6660/1685/1933
f 6476/1686/1934 6483/1686/1934 6519/1685/1934 6475/1685/1934
f 6563/1742/1932 6515/1742/1932 6556/1688/1932 6564/1688/1932
f 6562/1737/1931 6552/1684/1929 6475/1685/1931 6553/1710/1931
f 6537/1711/1932 6569/1711/1932 6570/1742/1932 6540/1742/1932
f 6538/1695/1932 6566/1695/1932 6569/1711/1932 6537/1711/1932
f 6579/1709/1932 6583/1709/1932 6568/1694/1932 6536/1694/1932
f 6567/1702/1926 6640/1702/1926 6636/1702/1926 6503/1702/1926
f 6536/1694/1932 6568/1694/1932 6566/1695/1932 6538/1695/1932
f 6559/1688/1932 6571/1688/1932 6565/1689/1932 6534/1689/1932
f 6503/1702/1926 6636/1702/1926 6631/1702/1926 6485/1702/1926
f 6571/1688/1932 6564/1688/1932 6479/1689/1932 6565/1689/1932
f 6489/1705/1936 6507/1705/1936 6520/1707/1936 6504/1707/1936
f 6573/1743/1932 6498/1743/1932 6575/1709/1932 6584/1709/1932
f 6582/1745/1929 6551/1706/1931 6504/1707/1931 6576/1703/1931
f 6721/1703/1926 6741/1703/1926 6737/1703/1926 6577/1703/1926
f 6546/1700/1930 6582/1745/1929 6576/1703/1931 6500/1690/1931
f 6503/1702/1932 6485/1702/1932 6498/1743/1932 6573/1743/1932
f 6502/1720/1938 6580/1747/1938 6578/1746/1938 6528/1719/1938
f 6484/1702/1932 6535/1702/1932 6539/1743/1932 6497/1743/1932
f 6484/1702/1938 6497/1743/1938 6580/1747/1938 6502/1720/1938
f 6528/1719/1938 6578/1746/1938 6581/1744/1938 6527/1732/1938
f 6527/1732/1938 6581/1744/1938 6582/1745/1929 6546/1700/1930
f 6535/1702/1932 6567/1702/1932 6572/1743/1932 6539/1743/1932
f 6567/1702/1932 6503/1702/1932 6573/1743/1932 6572/1743/1932
f 6504/1707/1936 6520/1707/1936 6738/1703/1936 6576/1703/1936
f 6661/1707/1933 6505/1707/1933 6577/1703/1933 6662/1703/1933
f 6578/1746/1928 6615/1746/1928 6619/1744/1928 6581/1744/1928
f 6689/1696/1939 6691/1696/1939 6585/1698/1939 6545/1698/1939
f 6562/1737/1939 6598/1737/1939 6604/1684/1939 6552/1684/1939
f 6497/1743/1928 6625/1743/1928 6617/1747/1928 6580/1747/1928
f 6551/1706/1939 6592/1706/1939 6587/1708/1939 6547/1708/1939
f 6510/1694/1940 6611/1694/1940 6622/1709/1940 6584/1709/1940
f 6539/1743/1928 6626/1743/1928 6625/1743/1928 6497/1743/1928
f 6545/1698/1939 6585/1698/1939 6589/1712/1939 6548/1712/1939
f 6583/1709/1939 6621/1709/1939 6609/1694/1939 6568/1694/1939
f 6580/1747/1928 6617/1747/1928 6615/1746/1928 6578/1746/1928
f 6568/1694/1939 6609/1694/1939 6608/1695/1939 6566/1695/1939
f 6672/1749/1941 6674/1749/1941 6588/1730/1942 6529/1730/1942
f 6582/1745/1939 6620/1745/1939 6592/1706/1939 6551/1706/1939
f 6584/1709/1940 6622/1709/1940 6628/1743/1940 6573/1743/1940
f 6566/1695/1939 6608/1695/1939 6607/1711/1939 6569/1711/1939
f 6529/1730/1942 6588/1730/1942 6591/1729/1943 6549/1729/1943
f 6560/1741/1928 6600/1741/1928 6599/1739/1928 6558/1739/1928
f 6569/1711/1939 6607/1711/1939 6605/1742/1939 6570/1742/1939
f 6530/1727/1940 6590/1727/1940 6586/1726/1944 6525/1726/1944
f 6540/1742/1928 6596/1742/1928 6594/1742/1928 6513/1742/1928
f 6513/1742/1928 6594/1742/1928 6600/1741/1928 6560/1741/1928
f 6559/1688/1926 6595/1688/1926 6606/1688/1926 6571/1688/1926
f 6586/1726/1938 6590/1727/1938 6589/1712/1938 6585/1698/1938
f 6591/1729/1938 6588/1730/1938 6587/1708/1938 6592/1706/1938
f 6690/1734/1938 6586/1726/1938 6585/1698/1938 6691/1696/1938
f 6590/1727/1938 6597/1738/1938 6598/1737/1938 6589/1712/1938
f 6597/1738/1938 6603/1735/1938 6604/1684/1938 6598/1737/1938
f 6599/1739/1938 6601/1722/1938 6603/1735/1938 6597/1738/1938
f 6594/1742/1938 6593/1688/1938 6602/1721/1938 6600/1741/1938
f 6594/1742/1932 6596/1742/1932 6595/1688/1932 6593/1688/1932
f 6600/1741/1938 6602/1721/1938 6601/1722/1938 6599/1739/1938
f 6596/1742/1932 6605/1742/1932 6606/1688/1932 6595/1688/1932
f 6605/1742/1932 6613/1742/1932 6614/1688/1932 6606/1688/1932
f 6607/1711/1932 6612/1711/1932 6613/1742/1932 6605/1742/1932
f 6608/1695/1932 6610/1695/1932 6612/1711/1932 6607/1711/1932
f 6621/1709/1932 6622/1709/1932 6611/1694/1932 6609/1694/1932
f 6609/1694/1932 6611/1694/1932 6610/1695/1932 6608/1695/1932
f 6627/1743/1932 6628/1743/1932 6622/1709/1932 6621/1709/1932
f 6626/1743/1932 6627/1743/1932 6621/1709/1932 6623/1709/1932
f 6619/1744/1938 6591/1729/1938 6592/1706/1938 6620/1745/1938
f 6615/1746/1938 6616/1714/1938 6591/1729/1938 6619/1744/1938
f 6625/1743/1938 6624/1709/1938 6618/1713/1938 6617/1747/1938
f 6625/1743/1932 6626/1743/1932 6623/1709/1932 6624/1709/1932
f 6617/1747/1938 6618/1713/1938 6616/1714/1938 6615/1746/1938
f 6552/1684/1926 6604/1684/1926 6603/1735/1926 6550/1735/1926
f 6579/1709/1926 6623/1709/1926 6621/1709/1926 6583/1709/1926
f 6581/1744/1928 6619/1744/1928 6620/1745/1928 6582/1745/1928
f 6550/1735/1926 6603/1735/1926 6601/1722/1926 6533/1722/1926
f 6571/1688/1926 6606/1688/1926 6614/1688/1926 6564/1688/1926
f 6572/1743/1928 6627/1743/1928 6626/1743/1928 6539/1743/1928
f 6541/1721/1926 6602/1721/1926 6593/1688/1926 6555/1688/1926
f 6549/1729/1945 6591/1729/1945 6616/1714/1946 6532/1714/1947
f 6561/1738/1940 6597/1738/1940 6590/1727/1940 6530/1727/1940
f 6564/1688/1940 6614/1688/1940 6613/1742/1940 6563/1742/1940
f 6573/1743/1928 6628/1743/1928 6627/1743/1928 6572/1743/1928
f 6555/1688/1926 6593/1688/1926 6595/1688/1926 6559/1688/1926
f 6542/1713/1948 6618/1713/1949 6624/1709/1926 6574/1709/1926
f 6548/1712/1939 6589/1712/1939 6598/1737/1939 6562/1737/1939
f 6563/1742/1940 6613/1742/1940 6612/1711/1940 6517/1711/1940
f 6533/1722/1926 6601/1722/1926 6602/1721/1926 6541/1721/1926
f 6574/1709/1926 6624/1709/1926 6623/1709/1926 6579/1709/1926
f 6517/1711/1940 6612/1711/1940 6610/1695/1940 6496/1695/1940
f 6570/1742/1928 6605/1742/1928 6596/1742/1928 6540/1742/1928
f 6532/1714/1947 6616/1714/1946 6618/1713/1949 6542/1713/1948
f 6558/1739/1928 6599/1739/1928 6597/1738/1928 6561/1738/1928
f 6496/1695/1940 6610/1695/1940 6611/1694/1940 6510/1694/1940
f 6633/1701/1950 6632/1701/1950 6631/1702/1950 6636/1702/1950
f 6630/1701/1932 6637/1701/1932 6638/1702/1932 6629/1702/1932
f 6630/1701/1938 6629/1702/1938 6635/1720/1938 6634/1717/1938
f 6637/1701/1932 6639/1701/1932 6640/1702/1932 6638/1702/1932
f 6639/1701/1932 6633/1701/1932 6636/1702/1932 6640/1702/1932
f 6444/1701/1926 6633/1701/1926 6639/1701/1926 6436/1701/1926
f 6361/1701/1926 6630/1701/1926 6634/1717/1926 6399/1717/1926
f 6488/1717/1951 6634/1717/1951 6635/1720/1951 6502/1720/1951
f 6535/1702/1926 6638/1702/1926 6640/1702/1926 6567/1702/1926
f 6502/1720/1926 6635/1720/1926 6629/1702/1926 6484/1702/1926
f 6488/1717/1926 6704/1717/1926 6399/1717/1926 6634/1717/1926
f 6363/1701/1952 6369/1702/1952 6631/1702/1952 6632/1701/1952
f 6641/1750/1920 6390/1715/1920 6677/1751/1920
f 6676/1752/1938 6529/1753/1938 6532/1754/1938 6642/1755/1938
f 6641/1750/1953 6677/1751/1953 6676/1752/1953 6642/1755/1953
f 6388/1725/1954 6677/1756/1954 6390/1715/1954 6666/1757/1954 6683/1733/1954
f 6641/1750/1928 6642/1755/1928 6508/1716/1928 6401/1716/1928
f 6390/1715/1955 6641/1750/1955 6401/1716/1955
f 6542/1713/1938 6508/1716/1938 6642/1755/1938 6532/1754/1938
f 6676/1758/1938 6526/1725/1938 6525/1726/1938 6688/1734/1956
f 6532/1714/1938 6529/1753/1938 6549/1729/1938
f 6722/1690/1957 6719/1691/1957 6487/1691/1957 6501/1690/1957
f 6722/1690/1958 6742/1690/1958 6741/1703/1958 6721/1703/1958
f 6715/1707/1957 6721/1703/1957 6577/1703/1957 6505/1707/1957
f 6655/1690/1928 6733/1690/1928 6734/1690/1928 6501/1690/1928
f 6731/1704/1957 6695/1705/1957 6491/1705/1957 6670/1704/1957
f 6718/1692/1957 6720/1693/1957 6492/1693/1957 6512/1692/1957
f 6700/1710/1957 6718/1692/1957 6512/1692/1957 6554/1710/1957
f 6697/1685/1957 6700/1710/1957 6554/1710/1957 6481/1685/1957
f 6723/1686/1959 6697/1685/1959 6481/1685/1959 6482/1686/1959
f 6520/1707/1960 6661/1707/1960 6662/1703/1960 6738/1703/1960
f 6507/1705/1960 6656/1705/1960 6661/1707/1960 6520/1707/1960
f 6483/1686/1961 6658/1686/1961 6660/1685/1961 6519/1685/1961
f 6519/1685/1961 6660/1685/1961 6659/1710/1961 6557/1710/1961
f 6557/1710/1961 6659/1710/1961 6657/1692/1961 6516/1692/1961
f 6671/1704/1960 6678/1704/1960 6656/1705/1960 6507/1705/1960
f 6516/1692/1961 6657/1692/1961 6654/1693/1961 6495/1693/1961
f 6733/1690/1962 6655/1690/1962 6653/1691/1962 6486/1691/1962
f 6723/1686/1928 6482/1686/1928 6658/1686/1928 6729/1686/1928
f 6717/1691/1926 6486/1691/1926 6653/1691/1926 6730/1691/1926
f 6455/1707/1963 6470/1703/1963 6652/1703/1963 6651/1707/1963
f 6384/1705/1963 6455/1707/1963 6651/1707/1963 6646/1705/1963
f 6380/1686/1963 6427/1685/1963 6650/1685/1963 6648/1686/1963
f 6427/1685/1963 6419/1710/1963 6649/1710/1963 6650/1685/1963
f 6419/1710/1963 6385/1692/1963 6647/1692/1963 6649/1710/1963
f 6665/1704/1963 6384/1705/1963 6646/1705/1963 6679/1704/1963
f 6470/1703/1963 6383/1690/1963 6645/1690/1963 6652/1703/1963
f 6385/1692/1963 6382/1693/1963 6644/1693/1963 6647/1692/1963
f 6383/1690/1963 6381/1691/1963 6643/1691/1963 6645/1690/1963
f 6682/1697/1963 6665/1704/1963 6679/1704/1963 6693/1697/1963
f 6745/1697/1960 6692/1697/1960 6678/1704/1960 6671/1704/1960
f 6661/1707/1928 6520/1707/1928 6735/1707/1928 6505/1707/1928
f 6676/1752/1938 6672/1749/1938 6529/1730/1938
f 6588/1730/1938 6674/1749/1938 6675/1759/1938 6587/1708/1938
f 6688/1734/1964 6690/1734/1964 6674/1749/1941 6672/1749/1941
f 6547/1708/1939 6587/1708/1939 6675/1759/1939 6673/1759/1939
f 6686/1697/1936 6745/1697/1936 6671/1704/1936 6669/1704/1936
f 6678/1704/1928 6671/1704/1928 6743/1704/1928 6670/1704/1928
f 6547/1708/1931 6673/1759/1931 6669/1704/1931 6489/1705/1931
f 6407/1730/1920 6413/1708/1920 6668/1759/1920 6667/1749/1920
f 6390/1715/1920 6407/1730/1920 6667/1749/1920 6666/1757/1920
f 6680/1697/1923 6663/1704/1923 6665/1704/1923 6682/1697/1923
f 6693/1697/1922 6679/1704/1922 6664/1704/1922 6681/1697/1922
f 6413/1708/1920 6372/1705/1920 6663/1704/1920 6668/1759/1920
f 6644/1693/1922 6693/1697/1922 6681/1697/1922 6366/1693/1922
f 6365/1693/1923 6680/1697/1923 6682/1697/1923 6382/1693/1923
f 6654/1693/1933 6492/1693/1933 6687/1697/1933 6692/1697/1933
f 6490/1693/1965 6495/1693/1965 6745/1697/1965 6686/1697/1965
f 6525/1726/1944 6586/1726/1944 6690/1734/1964 6688/1734/1964
f 6388/1725/1925 6526/1725/1925 6676/1758/1925 6677/1756/1925
f 6720/1693/1957 6732/1697/1957 6687/1697/1957 6492/1693/1957
f 6495/1693/1966 6654/1693/1966 6692/1697/1966 6745/1697/1966
f 6382/1693/1963 6682/1697/1963 6693/1697/1963 6644/1693/1963
f 6676/1760/1938 6688/1734/1956 6672/1749/1938
f 6674/1749/1938 6690/1734/1938 6691/1696/1938 6675/1759/1938
f 6673/1759/1939 6675/1759/1939 6691/1696/1939 6689/1696/1939
f 6673/1759/1931 6689/1696/1931 6686/1697/1931 6669/1704/1931
f 6667/1749/1920 6668/1759/1920 6685/1696/1920 6684/1734/1920
f 6666/1757/1920 6667/1749/1920 6684/1734/1920 6683/1733/1920
f 6668/1759/1920 6663/1704/1920 6680/1697/1920 6685/1696/1920
f 6366/1693/1967 6681/1697/1967 6732/1697/1967 6720/1693/1967
f 6681/1697/1967 6664/1704/1967 6731/1704/1967 6732/1697/1967
f 6381/1691/1926 6717/1691/1926 6730/1691/1926 6643/1691/1926
f 6360/1686/1928 6723/1686/1928 6729/1686/1928 6648/1686/1928
f 6360/1686/1968 6426/1685/1968 6697/1685/1968 6723/1686/1968
f 6426/1685/1967 6416/1710/1967 6700/1710/1967 6697/1685/1967
f 6416/1710/1967 6377/1692/1967 6718/1692/1967 6700/1710/1967
f 6377/1692/1967 6366/1693/1967 6720/1693/1967 6718/1692/1967
f 6664/1704/1967 6373/1705/1967 6695/1705/1967 6731/1704/1967
f 6373/1705/1967 6454/1707/1967 6715/1707/1967 6695/1705/1967
f 6454/1707/1967 6469/1703/1967 6721/1703/1967 6715/1707/1967
f 6469/1703/1967 6371/1690/1967 6722/1690/1967 6721/1703/1967
f 6371/1690/1967 6364/1691/1967 6719/1691/1967 6722/1690/1967
f 6433/1688/1925 6727/1688/1925 6728/1742/1925 6418/1742/1925
f 6443/1689/1928 6725/1689/1928 6726/1689/1928 6359/1689/1928
f 6648/1686/1928 6729/1686/1928 6724/1686/1928 6380/1686/1928
f 6362/1691/1926 6716/1691/1926 6717/1691/1926 6381/1691/1926
f 6386/1723/1928 6713/1723/1928 6714/1724/1928 6398/1724/1928
f 6392/1689/1928 6711/1689/1928 6712/1689/1928 6435/1689/1928
f 6379/1711/1925 6709/1711/1925 6710/1695/1925 6367/1695/1925
f 6418/1742/1925 6728/1742/1925 6709/1711/1925 6379/1711/1925
f 6452/1709/1925 6707/1709/1925 6708/1743/1925 6464/1743/1925
f 6380/1686/1928 6724/1686/1928 6706/1686/1928 6358/1686/1928
f 6399/1717/1926 6704/1717/1926 6705/1718/1926 6387/1718/1926
f 6357/1689/1928 6703/1689/1928 6711/1689/1928 6392/1689/1928
f 6403/1736/1928 6702/1736/1928 6713/1723/1928 6386/1723/1928
f 6435/1689/1928 6712/1689/1928 6725/1689/1928 6443/1689/1928
f 6359/1689/1925 6726/1689/1925 6727/1688/1925 6433/1688/1925
f 6387/1718/1926 6705/1718/1926 6701/1731/1926 6404/1731/1926
f 6367/1695/1925 6710/1695/1925 6698/1694/1925 6375/1694/1925
f 6375/1694/1925 6698/1694/1925 6707/1709/1925 6452/1709/1925
f 6398/1724/1928 6714/1724/1928 6703/1689/1928 6357/1689/1928
f 6643/1691/1926 6730/1691/1926 6719/1691/1926 6364/1691/1926
f 6464/1743/1925 6708/1743/1925 6699/1702/1925 6369/1702/1925
f 6358/1686/1928 6706/1686/1928 6696/1687/1928 6409/1687/1928
f 6409/1687/1928 6696/1687/1928 6702/1736/1928 6403/1736/1928
f 6410/1699/1926 6694/1748/1926 6716/1691/1926 6362/1691/1926
f 6404/1731/1926 6701/1731/1926 6694/1748/1926 6410/1699/1926
f 6738/1703/1969 6737/1703/1969 6734/1690/1969 6733/1690/1969
f 6507/1705/1969 6736/1705/1969 6735/1707/1969 6520/1707/1969
f 6741/1703/1957 6742/1690/1957 6734/1690/1957 6737/1703/1957
f 6739/1705/1957 6740/1707/1957 6735/1707/1957 6736/1705/1957
f 6747/1697/1957 6746/1704/1957 6743/1704/1957 6744/1697/1957
f 6745/1697/1969 6744/1697/1969 6743/1704/1969 6671/1704/1969
f 6670/1704/1928 6743/1704/1928 6746/1704/1928 6731/1704/1928
f 6695/1705/1926 6739/1705/1926 6736/1705/1926 6491/1705/1926
f 6687/1697/1926 6744/1697/1926 6745/1697/1926 6692/1697/1926
f 6732/1697/1926 6747/1697/1926 6744/1697/1926 6687/1697/1926
f 6662/1703/1960 6655/1690/1960 6733/1690/1960 6738/1703/1960
f 6491/1705/1926 6736/1705/1926 6507/1705/1926 6656/1705/1926
f 6577/1703/1926 6737/1703/1926 6738/1703/1926 6662/1703/1926
f 6731/1704/1958 6746/1704/1958 6747/1697/1958 6732/1697/1958
f 6715/1707/1958 6740/1707/1958 6739/1705/1958 6695/1705/1958
f 6505/1707/1928 6735/1707/1928 6740/1707/1928 6715/1707/1928
o Plane.032
v -4.931636 6.905427 23.425163
v -4.863025 2.242300 23.425163
v -3.831511 7.816159 23.425163
v -4.539270 1.178995 23.425163
v -4.931636 6.905427 19.423380
v -4.863025 2.242299 19.423380
v -3.831511 7.816158 19.423380
v -4.590029 1.180100 19.423380
v -4.863025 2.242300 21.424271
v -4.590029 1.180101 21.424271
v -3.831511 7.816158 21.424271
v -4.931636 6.905427 19.613729
v -3.831511 7.816158 19.613729
v -4.863025 2.242299 19.613729
v -4.590029 1.180100 19.613729
v -4.863025 2.242299 19.966801
v -4.590029 1.180101 19.966801
v -4.931636 6.905427 19.966801
v -3.831511 7.816158 19.966801
v -4.863025 2.242300 23.074350
v -4.590029 1.180101 23.074352
v -4.931636 6.905427 23.074352
v -3.831511 7.816159 23.074352
v -4.678913 1.958047 23.425163
v -4.678913 1.958046 19.423380
v -4.678914 1.958047 21.424271
v -4.678914 1.958046 19.613729
v -4.678914 1.958047 19.966801
v -4.678914 1.958047 23.074350
v -4.879585 3.367785 23.425163
v -4.879585 3.367785 19.423380
v -4.879585 3.367785 21.424271
v -4.879585 3.367785 19.613729
v -4.879585 3.367785 19.966801
v -4.879585 3.367785 23.074352
v -4.608754 7.172722 23.425163
v -4.608754 7.172721 19.423380
v -4.608754 7.172721 21.424271
v -4.608755 7.172721 19.613729
v -4.608754 7.172721 19.966801
v -4.608754 7.172722 23.074352
v -4.917001 5.910777 23.425163
v -4.917001 5.910777 19.423380
v -4.917001 5.910777 19.613729
v -4.917001 5.910777 19.966801
v -4.917001 5.910777 23.074352
v -4.877778 3.244976 23.425163
v -4.877778 3.244975 19.423380
v -4.877778 3.244976 21.424271
v -4.877778 3.244975 19.613729
v -4.877778 3.244975 19.966801
v -4.877778 3.244976 23.074350
v -4.876037 3.126682 23.425163
v -4.876037 3.126681 19.423380
v -4.876038 3.126682 21.424271
v -4.876038 3.126681 19.613729
v -4.876038 3.126681 19.966801
v -4.876038 3.126682 23.074350
v -4.863025 2.242300 23.178650
v -4.590029 1.180101 23.178650
v -4.931636 6.905427 23.178650
v -3.831511 7.816159 23.178650
v -4.678914 1.958047 23.178650
v -4.879585 3.367785 23.178650
v -4.608755 7.172722 23.178650
v -4.917001 5.910777 23.178650
v -4.877778 3.244976 23.178650
v -4.876038 3.126682 23.178650
v -4.863025 2.242300 23.277687
v -4.590029 1.180101 23.277687
v -4.678914 1.958047 23.277687
v -4.879585 3.367785 23.277687
v -4.917001 5.910777 23.277687
v -4.877778 3.244976 23.277687
v -4.876038 3.126682 23.277687
v -4.931636 6.905427 23.277687
v -3.831511 7.816159 23.277687
v -4.608755 7.172722 23.277687
v -4.511599 7.253152 23.425163
v -4.511599 7.253151 19.423380
v -4.511599 7.253151 21.424271
v -4.511599 7.253151 19.613729
v -4.511599 7.253151 19.966801
v -4.511599 7.253152 23.074350
v -4.511599 7.253152 23.178650
v -4.511599 7.253152 23.277687
v -4.401220 7.344529 23.425163
v -4.401220 7.344528 19.423380
v -4.401220 7.344527 21.424271
v -4.401220 7.344527 19.613729
v -4.401220 7.344527 19.966801
v -4.401220 7.344528 23.074350
v -4.401220 7.344528 23.178650
v -4.401220 7.344528 23.277687
v -4.931636 6.905427 19.866817
v -3.831511 7.816158 19.866817
v -4.863025 2.242299 19.866817
v -4.590029 1.180101 19.866817
v -4.678914 1.958047 19.866817
v -4.879585 3.367785 19.866817
v -4.608755 7.172721 19.866817
v -4.917001 5.910777 19.866817
v -4.877778 3.244975 19.866817
v -4.876038 3.126681 19.866817
v -4.511599 7.253151 19.866817
v -4.401220 7.344527 19.866817
v -4.931636 6.905427 19.767391
v -3.831511 7.816158 19.767391
v -4.608755 7.172721 19.767391
v -4.511599 7.253151 19.767391
v -4.401220 7.344527 19.767391
v -4.863025 2.242299 19.767391
v -4.590029 1.180101 19.767391
v -4.678914 1.958047 19.767391
v -4.879585 3.367785 19.767391
v -4.917001 5.910777 19.767391
v -4.877778 3.244975 19.767391
v -4.876038 3.126681 19.767391
v -5.341412 2.267515 23.277687
v -5.341412 2.267515 23.425163
v -5.385879 6.005269 23.425163
v -5.400513 6.999920 23.425163
v -4.870098 7.439021 23.425163
v -4.300389 7.910651 23.425163
v -5.094178 1.290066 23.277687
v -5.094178 1.290066 23.425163
v -5.520654 1.983263 23.425163
v -5.400513 6.999919 19.613729
v -4.300389 7.910650 19.613729
v -5.520654 1.983262 19.423380
v -5.094178 1.290065 19.423380
v -5.385879 6.005269 19.423380
v -5.341412 2.267514 19.966801
v -5.341412 2.267515 21.424271
v -5.094178 1.290066 19.966801
v -5.094178 1.290066 21.424271
v -4.300389 7.910651 23.074350
v -4.300389 7.910650 21.424271
v -5.520654 1.983263 21.424271
v -4.870098 7.439021 21.424271
v -5.400513 6.999919 19.767391
v -4.300389 7.910650 19.767391
v -5.341412 2.267514 19.423380
v -5.341412 2.267514 19.613729
v -5.094178 1.290065 19.613729
v -5.385879 6.005269 19.613729
v -4.870098 7.439021 19.613729
v -5.341412 2.267514 19.866817
v -5.094178 1.290066 19.866817
v -4.300389 7.910650 19.966801
v -5.501056 1.974908 19.966801
v -5.385879 6.005269 19.966801
v -5.400513 6.999919 19.966801
v -4.870098 7.439021 19.966801
v -5.341412 2.267515 23.074350
v -5.094178 1.290066 23.074350
v -5.400513 6.999920 23.178650
v -5.400513 6.999920 23.074350
v -4.300389 7.910651 23.178650
v -5.520654 1.983263 23.074350
v -4.870098 7.439021 23.074350
v -5.385879 6.005269 23.074350
v -5.520654 1.983263 23.277687
v -5.501056 1.974908 19.866817
v -5.346655 3.339468 23.425163
v -5.348462 3.462277 23.425163
v -5.346655 3.339468 19.423380
v -5.348462 3.462276 19.423380
v -5.346655 3.339468 21.424271
v -5.348462 3.462277 21.424271
v -5.346655 3.339468 19.613729
v -5.348462 3.462276 19.613729
v -5.346656 3.339506 19.966801
v -5.346655 3.339468 23.074350
v -5.348462 3.462277 23.074350
v -5.348462 3.462276 19.866884
v -5.348462 3.462277 23.277687
v -5.077632 7.267215 23.425163
v -5.077632 7.267214 19.613729
v -5.077632 7.267214 19.966801
v -5.077632 7.267215 23.074350
v -5.077632 7.267214 21.424271
v -5.077632 7.267214 19.767391
v -5.077632 7.267215 23.178650
v -5.385879 6.005269 23.277687
v -5.385879 6.005269 19.866817
v -5.344914 3.221175 23.425163
v -5.344914 3.221174 19.423380
v -5.344914 3.221175 21.424271
v -5.344914 3.221174 19.613729
v -5.344914 3.221174 19.966801
v -5.344914 3.221175 23.074350
v -5.346655 3.339468 19.866817
v -5.346655 3.339468 23.277687
v -5.344914 3.221174 19.866817
v -5.344914 3.221175 23.277687
v -5.341412 2.267515 23.178650
v -5.094178 1.290066 23.178650
v -5.400513 6.999920 23.277687
v -4.300389 7.910651 23.277687
v -5.520654 1.983263 23.178650
v -5.348462 3.462277 23.178650
v -5.077632 7.267215 23.277687
v -5.385879 6.005269 23.178650
v -5.346655 3.339468 23.178650
v -5.344914 3.221175 23.178650
v -4.870098 7.439021 23.178650
v -4.870098 7.439021 23.277687
v -4.980476 7.347645 23.425163
v -4.980476 7.347644 21.424271
v -4.980476 7.347644 19.613729
v -4.980476 7.347644 19.966801
v -4.980476 7.347645 23.074350
v -4.980476 7.347645 23.178650
v -4.980476 7.347645 23.277687
v -4.980476 7.347644 19.767391
v -4.870098 7.439021 19.767391
v -5.400513 6.999919 19.866817
v -4.300389 7.910650 19.866817
v -5.341412 2.267514 19.767391
v -5.094178 1.290066 19.767391
v -5.348462 3.462276 19.767391
v -5.077632 7.267214 19.866817
v -5.385879 6.005269 19.767391
v -5.346655 3.339468 19.767391
v -5.344914 3.221174 19.767391
v -4.980476 7.347644 19.866817
v -4.870098 7.439021 19.866817
v -5.289431 3.198575 21.424271
v -5.291171 3.316868 21.424271
v -5.289431 3.198575 19.966801
v -5.291171 3.316867 19.966801
v -5.289431 3.198575 23.074350
v -5.291171 3.316868 23.074350
v -5.291171 3.316867 19.866817
v -5.289431 3.198575 19.866817
v -5.345029 6.977320 23.277687
v -5.345029 6.977320 23.178650
v -5.022148 7.244615 23.277687
v -5.022148 7.244615 23.178650
v -5.291171 3.316868 23.178650
v -5.289431 3.198575 23.178650
v -5.292978 3.439677 23.178650
v -5.330394 5.982669 23.178650
v -5.292978 3.439677 23.277687
v -5.330394 5.982669 23.277687
v -5.291171 3.316868 23.277687
v -5.289431 3.198575 23.277687
v -4.924993 7.325045 23.178650
v -4.924993 7.325045 23.277687
v -4.924993 7.325045 23.074350
v -4.924993 7.325045 21.424271
v -4.924993 7.325045 19.966801
v -4.814613 7.416420 21.424271
v -4.814613 7.416420 19.966801
v -4.814613 7.416421 23.074350
v -4.814613 7.416421 23.178650
v -4.814613 7.416421 23.277687
v -5.292978 3.439677 19.767391
v -5.292978 3.439677 19.866817
v -5.330394 5.982668 19.767391
v -5.330394 5.982668 19.866817
v -5.291171 3.316867 19.767391
v -5.289431 3.198575 19.767391
v -4.924993 7.325045 19.866817
v -4.814613 7.416420 19.866817
v -5.022148 7.244615 19.866817
v -5.345029 6.977319 19.866817
v -5.345029 6.977319 19.767391
v -5.022148 7.244615 19.767391
v -4.924993 7.325045 19.767391
v -4.814613 7.416420 19.767391
v -5.311526 6.999919 19.613729
v -5.311526 6.999919 19.423380
v -4.211402 7.893254 19.613729
v -4.211402 7.893254 19.423380
v -4.781111 7.439021 19.423380
v -5.296892 6.005269 19.423380
v -5.296892 6.005269 19.613729
v -4.781111 7.439021 19.613729
v -4.988646 7.267214 19.423380
v -4.988646 7.267214 19.613729
v -4.891490 7.347644 19.423380
v -4.891490 7.347644 19.613729
v -4.890042 4.078537 19.966801
v -5.358920 4.173029 19.966801
v -4.659371 1.896912 19.423380
v -4.659372 1.896913 21.424271
v -4.659372 1.896912 19.613729
v -4.659372 1.896913 19.966801
v -4.659372 1.896913 23.074350
v -4.659371 1.896913 23.425163
v -4.659372 1.896913 23.178650
v -4.659372 1.896913 23.277687
v -4.659372 1.896913 19.866817
v -4.659372 1.896913 19.767391
v -5.500656 1.902771 19.423380
v -5.500656 1.902772 21.424271
v -5.500656 1.902771 19.613729
v -5.500656 1.902772 19.966801
v -5.500656 1.902772 23.074350
v -5.500656 1.902772 23.425163
v -5.500656 1.902772 23.178650
v -5.500656 1.902772 23.277687
v -5.500656 1.902772 19.866817
v -5.500656 1.902772 19.767391
v -4.863025 2.242299 20.069628
v -4.590029 1.180101 20.069628
v -4.678914 1.958047 20.069628
v -4.879585 3.367785 20.069628
v -4.877778 3.244975 20.069628
v -4.876038 3.126681 20.069628
v -5.341412 2.267514 20.069628
v -5.094178 1.290066 20.069628
v -5.501056 1.974908 20.069628
v -5.346656 3.339504 20.069628
v -5.344914 3.221174 20.069628
v -5.291171 3.316867 20.069628
v -5.289431 3.198575 20.069628
v -5.348462 3.462277 21.178576
v -4.879585 3.367785 21.178576
v -5.500656 1.902772 20.069628
v -4.659372 1.896913 20.069628
v -4.863025 2.242299 20.177221
v -4.590029 1.180101 20.177221
v -4.678914 1.958047 20.177221
v -4.879585 3.367785 20.177221
v -4.877778 3.244975 20.177221
v -4.876038 3.126681 20.177221
v -5.341412 2.267514 20.177221
v -5.094178 1.290066 20.177221
v -5.346656 3.339500 20.177221
v -5.344914 3.221174 20.177221
v -5.291171 3.316867 20.177221
v -5.289431 3.198575 20.177221
v -5.500656 1.902772 20.177221
v -4.659372 1.896913 20.177221
v -4.962599 3.144126 19.423380
v -4.728881 1.200607 19.966801
v -4.962599 3.144127 23.425163
v -4.728881 1.200607 23.277687
v -3.918074 7.833603 19.966801
v -3.918074 7.833603 19.613729
v -4.728881 1.200607 23.178650
v -4.964340 3.262419 19.423380
v -4.964340 3.262420 23.425163
v -5.018198 6.922872 23.425163
v -5.003563 5.928221 19.423380
v -4.966147 3.385229 19.423380
v -4.987749 2.246955 23.425163
v -3.918074 7.833603 19.866817
v -3.918074 7.833603 19.767391
v -3.918074 7.833604 23.074352
v -3.918074 7.833603 21.424271
v -4.695316 7.190168 23.425163
v -4.598161 7.270597 23.425163
v -4.966147 3.385230 23.425163
v -5.003563 5.928222 23.425163
v -4.728881 1.200607 19.866817
v -4.987749 2.246954 19.423380
v -4.923098 1.962701 19.423380
v -4.728881 1.200607 23.074352
v -4.728881 1.200606 19.423380
v -4.728881 1.200607 21.424271
v -4.728881 1.200607 19.767391
v -4.728881 1.200606 19.613729
v -4.678122 1.199500 23.425163
v -4.923098 1.962702 23.425163
v -4.487782 7.361974 23.425163
v -3.918074 7.833604 23.425163
v -3.918074 7.833604 23.277687
v -3.918074 7.833604 23.178650
v -4.892955 1.897995 23.425163
v -4.892955 1.897994 19.423380
v -4.728881 1.200607 20.069628
v -4.728881 1.200607 20.177221
v -5.501056 1.974907 19.613729
v -5.053038 1.342450 19.613729
v -5.053038 1.342450 19.866817
v -5.053038 1.342450 19.966801
v -5.053038 1.342450 19.767391
v -5.501056 1.974908 19.767391
v -4.687741 1.252991 19.966801
v -4.687741 1.252991 19.866817
v -4.687741 1.252991 19.767391
v -4.687741 1.252990 19.613729
v -5.053038 1.342450 20.069628
v -5.053038 1.342450 20.177221
v -5.501056 1.974908 20.177221
v -4.687741 1.252991 20.069628
v -4.687741 1.252991 20.177221
vn 0.9999 0.0147 -0.0000
vn 0.6377 -0.7703 -0.0000
vn 0.9954 0.0963 -0.0000
vn 0.8393 0.5436 -0.0000
vn 0.9774 0.1291 -0.1677
vn 0.1976 0.9803 -0.0000
vn -0.0000 -0.0000 -1.0000
vn -0.1976 -0.9803 -0.0000
vn -0.0000 -0.0000 1.0000
vn -1.0000 -0.0074 -0.0000
vn -1.0000 -0.0037 -0.0000
vn -1.0000 -0.0092 -0.0000
vn -0.6377 0.7703 -0.0000
vn -0.8333 -0.5528 -0.0000
vn -0.8459 0.5334 -0.0000
vn -0.8778 0.4789 -0.0000
vn -0.8778 0.4790 -0.0000
vn -0.8609 0.5057 0.0554
vn -0.9999 -0.0147 -0.0000
vn 0.3772 0.9261 -0.0000
vn -0.3772 -0.9261 -0.0000
vn -0.3777 -0.9259 -0.0000
vn -0.3776 -0.9260 0.0001
vn -0.3775 -0.9260 0.0002
vn -0.3774 -0.9261 -0.0000
vn -0.0005 0.0003 -1.0000
vn -0.0006 0.0001 -1.0000
vn -0.0005 0.0002 -1.0000
vn -0.0002 -0.0000 -1.0000
vn -0.0004 -0.0000 -1.0000
vn -0.6234 0.7819 -0.0000
vn -0.0000 1.0000 -0.0000
vn 0.1989 0.9800 -0.0000
vn 0.1714 0.8505 0.4973
vn -0.1815 -0.9834 -0.0000
vn 0.2049 0.0009 -0.9788
vn -0.2379 -0.9713 -0.0000
vn -0.7865 0.6177 -0.0000
vn -0.2244 -0.9739 0.0350
vn -1.0000 -0.0056 -0.0000
vn -1.0000 -0.0055 -0.0000
vn -0.9705 -0.2411 -0.0000
vn -0.9900 -0.1323 0.0481
vn 0.9525 0.3045 -0.0000
vn 1.0000 0.0056 -0.0000
vn -0.3776 -0.9260 -0.0000
vn -0.8622 0.5065 -0.0085
vn -0.9912 -0.1325 -0.0073
vn -0.1461 -0.9893 -0.0000
vn -0.1460 -0.9884 0.0428
vn -0.8160 -0.5780 -0.0000
vn 1.0000 0.0055 -0.0000
vn -0.7865 0.6176 -0.0000
vt 0.810346 0.981574
vt 0.810346 1.000000
vt 1.000000 1.000000
vt 1.000000 0.981574
vt 0.000000 0.981574
vt 0.000000 1.000000
vt 1.000000 0.523783
vt 1.000000 0.500000
vt 1.000000 0.956168
vt 1.000000 0.750000
vt 0.000000 0.567897
vt 0.000000 0.750000
vt 0.810346 0.594188
vt 0.810346 0.750000
vt 1.000000 0.594188
vt 0.810346 0.500000
vt 0.810346 0.523783
vt 0.000000 0.500000
vt 0.000000 0.523783
vt 1.000000 0.542982
vt 1.000000 0.580745
vt 1.000000 0.567897
vt 0.810346 0.555405
vt 0.810346 0.567897
vt 1.000000 0.555405
vt 0.000000 0.555405
vt 1.000000 0.969200
vt 0.000000 0.956168
vt 0.810346 0.956168
vt 0.213301 0.555405
vt 0.213301 0.567897
vt 0.758642 0.567897
vt 0.758642 0.555405
vt 0.213301 0.500000
vt 0.213301 0.523783
vt 0.758642 0.523783
vt 0.758642 0.500000
vt 0.213301 0.981574
vt 0.213301 1.000000
vt 0.758642 1.000000
vt 0.758642 0.981574
vt 0.758642 0.750000
vt 0.758642 0.956168
vt 0.784978 0.956168
vt 0.784978 0.750000
vt 0.784978 0.567897
vt 0.784978 0.555405
vt 0.784978 0.523783
vt 0.784978 0.500000
vt 0.758642 0.594188
vt 0.784978 0.594188
vt 0.784978 1.000000
vt 0.784978 0.981574
vt 0.784978 0.969200
vt 0.810346 0.969200
vt 0.758642 0.969200
vt 0.000000 0.969200
vt 0.213301 0.969200
vt 0.213301 0.956168
vt 0.000000 0.542982
vt 0.784978 0.542982
vt 0.810346 0.542982
vt 0.758642 0.542982
vt 0.213301 0.542982
vt 0.810345 0.500000
vt 0.784978 0.580745
vt 0.606222 0.567897
vt 0.758642 0.679674
vt 0.758642 0.716933
vt 0.644327 0.567897
vt 0.758642 0.555430
vt 0.784953 0.567897
vt 0.758642 0.580745
vt 0.758642 0.718204
vt 0.758642 0.721707
vt 0.810346 0.580745
vt 0.758642 0.719266
s 1
f 6822/1761/1970 6800/1762/1970 6749/1763/1970 6816/1764/1970
f 6841/1765/1971 6824/1765/1971 6750/1766/1971 6834/1766/1971
f 7036/1767/1972 6762/1767/1972 6755/1768/1972 7034/1768/1972
f 7038/1769/1972 6768/1769/1972 6757/1770/1972 7035/1770/1972
f 6838/1771/1971 6766/1771/1971 6758/1772/1971 6836/1772/1971
f 7076/1773/1970 6802/1774/1970 6756/1770/1970 7071/1775/1970
f 6801/1776/1970 6803/1777/1970 6761/1767/1970 6753/1768/1970
f 6835/1778/1971 6754/1778/1971 6760/1779/1971 6837/1779/1971
f 7043/1780/1972 6860/1780/1972 6762/1767/1972 7036/1767/1972
f 7070/1781/1972 7055/1781/1972 6764/1782/1972 7037/1782/1972
f 6851/1783/1970 6804/1784/1970 6763/1782/1970 6844/1785/1970
f 6853/1786/1971 6843/1786/1971 6766/1771/1971 6838/1771/1971
f 7040/1787/1972 6807/1787/1972 6768/1769/1972 7038/1769/1972
f 6836/1772/1971 6758/1772/1971 6770/1788/1971 6839/1788/1971
f 6802/1774/1970 6805/1789/1970 6767/1769/1970 6756/1770/1970
f 6806/1787/1973 6810/1787/1973 6776/1769/1973 6767/1769/1973
f 7054/1781/1973 7056/1781/1973 6775/1782/1973 6763/1782/1973
f 6859/1780/1973 6861/1780/1973 6774/1767/1973 6761/1767/1973
f 6767/1769/1973 6776/1769/1973 6773/1770/1973 6756/1770/1973
f 6761/1767/1973 6774/1767/1973 6772/1768/1973 6753/1768/1973
f 6849/1790/1970 6792/1791/1970 6781/1792/1970 6847/1793/1970
f 6790/1794/1970 6791/1795/1970 6780/1796/1970 6778/1797/1970
f 6820/1798/1970 6789/1799/1970 6777/1800/1970 6819/1801/1970
f 6842/1786/1971 6848/1786/1971 6787/1771/1971 6765/1771/1971
f 6752/1778/1971 6784/1778/1971 6786/1779/1971 6759/1779/1971
f 6823/1765/1971 6825/1765/1971 6783/1766/1971 6748/1766/1971
f 6823/1765/1970 6748/1766/1970 6789/1799/1970 6820/1798/1970
f 6752/1778/1970 6759/1779/1970 6791/1795/1970 6790/1794/1970
f 6842/1786/1970 6765/1771/1970 6792/1791/1970 6849/1790/1970
f 6779/1802/1970 6782/1803/1970 6799/1804/1970 6796/1805/1970
f 6847/1793/1970 6781/1792/1970 6798/1806/1970 6850/1807/1970
f 6778/1797/1970 6780/1796/1970 6797/1808/1970 6795/1809/1970
f 7074/1810/1970 6779/1802/1970 6796/1805/1970 7075/1811/1970
f 6819/1801/1970 6777/1800/1970 6794/1812/1970 6821/1813/1970
f 6796/1805/1970 6799/1804/1970 6805/1789/1970 6802/1774/1970
f 6850/1807/1970 6798/1806/1970 6804/1784/1970 6851/1783/1970
f 6795/1809/1970 6797/1808/1970 6803/1777/1970 6801/1776/1970
f 7075/1811/1970 6796/1805/1970 6802/1774/1970 7076/1773/1970
f 6821/1813/1970 6794/1812/1970 6800/1762/1970 6822/1761/1970
f 6799/1804/1970 6814/1814/1970 6815/1815/1970 6805/1789/1970
f 6782/1803/1970 6811/1816/1970 6814/1814/1970 6799/1804/1970
f 6769/1788/1970 6808/1817/1970 6813/1818/1970 6793/1819/1970
f 6769/1788/1971 6788/1788/1971 6812/1817/1971 6808/1817/1971
f 6793/1819/1970 6813/1818/1970 6811/1816/1970 6782/1803/1970
f 6816/1764/1973 6818/1764/1973 6810/1787/1973 6806/1787/1973
f 7041/1764/1972 6817/1764/1972 6807/1787/1972 7040/1787/1972
f 6839/1788/1971 6770/1788/1971 6809/1817/1971 6840/1817/1971
f 6805/1789/1970 6815/1815/1970 6806/1787/1970 6767/1769/1970
f 7039/1763/1974 6751/1763/1974 6817/1764/1974 7041/1764/1974
f 6749/1763/1973 6771/1763/1973 6818/1764/1973 6816/1764/1973
f 6814/1814/1970 6821/1813/1970 6822/1761/1970 6815/1815/1970
f 6811/1816/1970 6819/1801/1970 6821/1813/1970 6814/1814/1970
f 6808/1817/1970 6823/1765/1970 6820/1798/1970 6813/1818/1970
f 6808/1817/1971 6812/1817/1971 6825/1765/1971 6823/1765/1971
f 6813/1818/1970 6820/1798/1970 6819/1801/1970 6811/1816/1970
f 6840/1817/1971 6809/1817/1971 6824/1765/1971 6841/1765/1971
f 6815/1815/1970 6822/1761/1970 6816/1764/1970 6806/1787/1970
f 6812/1817/1971 6832/1817/1971 6833/1765/1971 6825/1765/1971
f 6788/1788/1971 6831/1788/1971 6832/1817/1971 6812/1817/1971
f 6785/1772/1971 6828/1772/1971 6831/1788/1971 6788/1788/1971
f 6848/1786/1971 6852/1786/1971 6830/1771/1971 6787/1771/1971
f 6784/1778/1971 6827/1778/1971 6829/1779/1971 6786/1779/1971
f 6787/1771/1971 6830/1771/1971 6828/1772/1971 6785/1772/1971
f 6825/1765/1971 6833/1765/1971 6826/1766/1971 6783/1766/1971
f 6832/1817/1971 6840/1817/1971 6841/1765/1971 6833/1765/1971
f 6831/1788/1971 6839/1788/1971 6840/1817/1971 6832/1817/1971
f 6828/1772/1971 6836/1772/1971 6839/1788/1971 6831/1788/1971
f 6852/1786/1971 6853/1786/1971 6838/1771/1971 6830/1771/1971
f 6827/1778/1971 6835/1778/1971 6837/1779/1971 6829/1779/1971
f 6830/1771/1971 6838/1771/1971 6836/1772/1971 6828/1772/1971
f 6833/1765/1971 6841/1765/1971 6834/1766/1971 6826/1766/1971
f 6857/1820/1971 6858/1820/1971 6853/1786/1971 6852/1786/1971
f 6856/1820/1971 6857/1820/1971 6852/1786/1971 6848/1786/1971
f 6864/1821/1970 6850/1807/1970 6851/1783/1970 6865/1822/1970
f 6862/1823/1970 6847/1793/1970 6850/1807/1970 6864/1821/1970
f 6854/1820/1970 6842/1786/1970 6849/1790/1970 6863/1824/1970
f 6854/1820/1971 6856/1820/1971 6848/1786/1971 6842/1786/1971
f 6863/1824/1970 6849/1790/1970 6847/1793/1970 6862/1823/1970
f 6763/1782/1973 6775/1782/1973 6846/1785/1973 6844/1785/1973
f 6858/1820/1971 6855/1820/1971 6843/1786/1971 6853/1786/1971
f 6865/1822/1970 6851/1783/1970 6844/1785/1970 6859/1780/1970
f 7037/1782/1972 6764/1782/1972 6845/1785/1972 7042/1785/1972
f 6803/1777/1970 6865/1822/1970 6859/1780/1970 6761/1767/1970
f 6837/1779/1971 6760/1779/1971 6855/1820/1971 6858/1820/1971
f 6791/1795/1970 6863/1824/1970 6862/1823/1970 6780/1796/1970
f 6759/1779/1971 6786/1779/1971 6856/1820/1971 6854/1820/1971
f 6759/1779/1970 6854/1820/1970 6863/1824/1970 6791/1795/1970
f 6780/1796/1970 6862/1823/1970 6864/1821/1970 6797/1808/1970
f 6797/1808/1970 6864/1821/1970 6865/1822/1970 6803/1777/1970
f 6786/1779/1971 6829/1779/1971 6857/1820/1971 6856/1820/1971
f 6829/1779/1971 6837/1779/1971 6858/1820/1971 6857/1820/1971
f 6844/1785/1973 6846/1785/1973 6861/1780/1973 6859/1780/1973
f 7042/1785/1972 6845/1785/1972 6860/1780/1972 7043/1780/1972
f 6782/1803/1975 6779/1802/1975 6917/1802/1975 6922/1803/1975
f 6769/1788/1976 6793/1819/1976 6909/1819/1976 6905/1788/1976
f 7092/1809/1976 7085/1825/1976 6935/1776/1976 6914/1809/1976
f 7085/1825/1976 7107/1768/1976 6890/1768/1976 6935/1776/1976
f 6785/1772/1977 6788/1788/1977 6928/1788/1977 6929/1772/1977
f 6792/1791/1978 6765/1771/1978 6900/1771/1978 6899/1791/1978
f 7087/1762/1978 7093/1812/1978 6912/1812/1978 6934/1762/1978
f 7097/1763/1978 7087/1762/1978 6934/1762/1978 6867/1763/1978
f 6788/1788/1976 6769/1788/1976 6905/1788/1976 6928/1788/1976
f 7099/1820/1975 7090/1779/1975 6876/1779/1975 6889/1820/1975
f 7121/1768/1976 7110/1768/1976 6878/1768/1976 7044/1768/1976
f 6765/1771/1978 6787/1771/1978 6927/1771/1978 6900/1771/1978
f 7105/1799/1978 7094/1766/1978 6869/1766/1978 6868/1799/1978
f 7089/1771/1975 7098/1786/1975 6966/1786/1975 6897/1771/1975
f 7101/1772/1975 7089/1771/1975 6897/1771/1975 6885/1772/1975
f 6793/1819/1976 6782/1803/1976 6922/1803/1976 6909/1819/1976
f 6754/1778/1976 6835/1778/1976 7024/1778/1976 7023/1778/1976
f 7096/1797/1976 7092/1809/1976 6914/1809/1976 6915/1797/1976
f 7117/1766/1975 7118/1765/1975 6947/1765/1975 6871/1766/1975
f 7103/1766/1978 7116/1766/1978 6870/1766/1978 6956/1766/1978
f 7093/1812/1978 7104/1800/1978 6913/1800/1978 6912/1812/1978
f 7094/1766/1978 7102/1766/1978 6925/1766/1978 6869/1766/1978
f 7095/1794/1976 7096/1797/1976 6915/1797/1976 6879/1794/1976
f 7115/1763/1978 7097/1763/1978 6867/1763/1978 6874/1763/1978
f 7098/1786/1975 7099/1820/1975 6889/1820/1975 6966/1786/1975
f 7119/1817/1975 7100/1788/1975 6884/1788/1975 6906/1817/1975
f 7100/1788/1975 7101/1772/1975 6885/1772/1975 6884/1788/1975
f 7102/1766/1978 7103/1766/1978 6956/1766/1978 6925/1766/1978
f 7104/1800/1978 7105/1799/1978 6868/1799/1978 6913/1800/1978
f 7107/1768/1976 7108/1768/1976 6877/1768/1976 6890/1768/1976
f 6787/1771/1977 6785/1772/1977 6929/1772/1977 6927/1771/1977
f 7120/1763/1978 7115/1763/1978 6874/1763/1978 7049/1763/1978
f 7116/1766/1978 7117/1766/1978 6871/1766/1978 6870/1766/1978
f 7118/1765/1975 7119/1817/1975 6906/1817/1975 6947/1765/1975
f 6943/1761/1979 6866/1764/1980 6867/1763/1980 6934/1762/1981
f 6955/1765/1982 6870/1766/1982 6871/1766/1982 6947/1765/1982
f 7046/1767/1983 7044/1768/1983 6878/1768/1983 6892/1767/1983
f 7048/1769/1983 7045/1770/1983 6883/1770/1983 6903/1769/1983
f 6901/1771/1982 6887/1772/1982 6885/1772/1982 6897/1771/1982
f 7080/1773/1980 7077/1775/1980 6881/1770/1980 6936/1774/1980
f 6935/1776/1981 6890/1768/1980 6891/1767/1980 6937/1777/1981
f 6875/1779/1976 6926/1779/1976 7029/1779/1976 7020/1779/1976
f 6892/1767/1978 7113/1767/1978 7133/1767/1978 7125/1767/1978
f 7069/1781/1983 7047/1782/1983 6882/1782/1983 7061/1781/1983
f 6942/1783/1980 6895/1785/1980 6880/1782/1980 6938/1784/1980
f 6975/1786/1982 6901/1771/1982 6897/1771/1982 6966/1786/1982
f 7050/1787/1983 7048/1769/1983 6903/1769/1983 6945/1787/1983
f 6887/1772/1982 6908/1788/1982 6884/1788/1982 6885/1772/1982
f 6936/1774/1980 6881/1770/1980 6902/1769/1980 6939/1789/1980
f 6944/1787/1984 6902/1769/1984 6907/1769/1984 6948/1787/1984
f 7060/1781/1985 6880/1782/1986 6898/1782/1986 7062/1781/1985
f 6967/1780/1985 6891/1767/1985 7124/1767/1985 7129/1780/1985
f 6902/1769/1984 6881/1770/1984 6886/1770/1984 6907/1769/1984
f 6891/1767/1987 6890/1768/1987 6877/1768/1987 7124/1767/1987
f 6879/1794/1988 6915/1797/1988 6919/1796/1988 6893/1795/1988
f 6932/1798/1988 6924/1801/1988 6913/1800/1988 6868/1799/1988
f 6965/1786/1982 6900/1771/1982 6927/1771/1982 6970/1786/1982
f 6827/1778/1976 6784/1778/1976 7028/1778/1976 7030/1778/1976
f 6946/1765/1982 6869/1766/1982 6925/1766/1982 6950/1765/1982
f 6946/1765/1988 6932/1798/1988 6868/1799/1988 6869/1766/1988
f 6784/1778/1976 6752/1778/1976 7021/1778/1976 7028/1778/1976
f 6965/1786/1988 6933/1790/1988 6899/1791/1988 6900/1771/1988
f 6917/1802/1988 6916/1805/1988 6921/1804/1988 6922/1803/1988
f 6915/1797/1988 6914/1809/1988 6918/1808/1988 6919/1796/1988
f 6924/1801/1988 6941/1813/1988 6912/1812/1988 6913/1800/1988
f 6914/1809/1988 6935/1776/1981 6937/1777/1981 6918/1808/1988
f 6941/1813/1988 6943/1761/1979 6934/1762/1981 6912/1812/1988
f 6922/1803/1988 6921/1804/1988 6952/1814/1988 6949/1816/1988
f 6905/1788/1988 6909/1819/1988 6951/1818/1988 6904/1817/1988
f 6905/1788/1982 6904/1817/1982 6931/1817/1982 6928/1788/1982
f 6909/1819/1988 6922/1803/1988 6949/1816/1988 6951/1818/1988
f 6866/1764/1984 6944/1787/1984 6948/1787/1984 6910/1764/1984
f 7051/1764/1983 7050/1787/1983 6945/1787/1983 6872/1764/1983
f 6908/1788/1982 6954/1817/1982 6906/1817/1982 6884/1788/1982
f 6939/1789/1980 6902/1769/1980 6944/1787/1980 6953/1815/1980
f 7049/1763/1983 7051/1764/1983 6872/1764/1983 6873/1763/1983
f 6867/1763/1984 6866/1764/1984 6910/1764/1984 6874/1763/1984
f 6954/1817/1982 6955/1765/1982 6947/1765/1982 6906/1817/1982
f 6953/1815/1980 6944/1787/1980 6866/1764/1980 6943/1761/1979
f 6928/1788/1982 6931/1817/1982 6961/1817/1982 6960/1788/1982
f 6929/1772/1982 6928/1788/1982 6960/1788/1982 6957/1772/1982
f 6970/1786/1982 6927/1771/1982 6959/1771/1982 6974/1786/1982
f 6958/1779/1976 6894/1779/1976 7027/1779/1976 7031/1779/1976
f 6927/1771/1982 6929/1772/1982 6957/1772/1982 6959/1771/1982
f 6950/1765/1982 6925/1766/1982 6956/1766/1982 6962/1765/1982
f 6894/1779/1976 6876/1779/1976 7022/1779/1976 7027/1779/1976
f 6962/1765/1982 6956/1766/1982 6870/1766/1982 6955/1765/1982
f 6880/1782/1985 6895/1785/1985 6911/1785/1985 6898/1782/1985
f 6964/1820/1982 6975/1786/1982 6966/1786/1982 6889/1820/1982
f 6973/1822/1979 6967/1780/1980 6895/1785/1980 6942/1783/1980
f 7112/1780/1976 6968/1780/1976 7128/1780/1976 7132/1780/1976
f 6937/1777/1981 6891/1767/1980 6967/1780/1980 6973/1822/1979
f 6894/1779/1982 6964/1820/1982 6889/1820/1982 6876/1779/1982
f 6893/1795/1988 6919/1796/1988 6969/1823/1988 6971/1824/1988
f 6875/1779/1982 6888/1820/1982 6930/1820/1982 6926/1779/1982
f 6875/1779/1988 6893/1795/1988 6971/1824/1988 6888/1820/1988
f 6919/1796/1988 6918/1808/1988 6972/1821/1988 6969/1823/1988
f 6918/1808/1988 6937/1777/1981 6973/1822/1979 6972/1821/1988
f 6926/1779/1982 6930/1820/1982 6963/1820/1982 6958/1779/1982
f 6958/1779/1982 6963/1820/1982 6964/1820/1982 6894/1779/1982
f 6895/1785/1985 6967/1780/1985 7129/1780/1985 6911/1785/1985
f 7052/1785/1983 7053/1780/1983 6968/1780/1983 6896/1785/1983
f 6969/1823/1978 6972/1821/1978 7010/1821/1978 7006/1823/1978
f 7080/1773/1989 6936/1774/1989 6976/1774/1989 7082/1773/1989
f 6953/1815/1989 6943/1761/1989 6995/1761/1989 6989/1815/1989
f 6888/1820/1978 6971/1824/1978 7008/1824/1978 7016/1820/1978
f 6942/1783/1989 6938/1784/1989 6978/1784/1989 6983/1783/1989
f 6901/1771/1990 6975/1786/1990 7013/1786/1990 7002/1771/1990
f 6930/1820/1978 6888/1820/1978 7016/1820/1978 7017/1820/1978
f 6936/1774/1989 6939/1789/1989 6980/1789/1989 6976/1774/1989
f 6974/1786/1989 6959/1771/1989 7000/1771/1989 7012/1786/1989
f 6971/1824/1978 6969/1823/1978 7006/1823/1978 7008/1824/1978
f 6959/1771/1989 6957/1772/1989 6999/1772/1989 7000/1771/1989
f 7063/1826/1991 6920/1806/1992 6979/1806/1992 7065/1826/1991
f 6973/1822/1989 6942/1783/1989 6983/1783/1989 7011/1822/1989
f 6975/1786/1990 6964/1820/1990 7019/1820/1990 7013/1786/1990
f 6957/1772/1989 6960/1788/1989 6998/1788/1989 6999/1772/1989
f 6920/1806/1992 6940/1807/1993 6982/1807/1993 6979/1806/1992
f 6951/1818/1978 6949/1816/1978 6990/1816/1978 6991/1818/1978
f 6960/1788/1989 6961/1817/1989 6996/1817/1989 6998/1788/1989
f 6921/1804/1990 6916/1805/1994 6977/1805/1994 6981/1804/1990
f 6931/1817/1978 6904/1817/1978 6985/1817/1978 6987/1817/1978
f 6904/1817/1978 6951/1818/1978 6991/1818/1978 6985/1817/1978
f 6950/1765/1976 6962/1765/1976 6997/1765/1976 6986/1765/1976
f 6977/1805/1988 6976/1774/1988 6980/1789/1988 6981/1804/1988
f 6982/1807/1988 6983/1783/1988 6978/1784/1988 6979/1806/1988
f 7081/1811/1988 7082/1773/1988 6976/1774/1988 6977/1805/1988
f 6981/1804/1988 6980/1789/1988 6989/1815/1988 6988/1814/1988
f 6988/1814/1988 6989/1815/1988 6995/1761/1988 6994/1813/1988
f 6990/1816/1988 6988/1814/1988 6994/1813/1988 6992/1801/1988
f 6985/1817/1988 6991/1818/1988 6993/1798/1988 6984/1765/1988
f 6985/1817/1982 6984/1765/1982 6986/1765/1982 6987/1817/1982
f 6991/1818/1988 6990/1816/1988 6992/1801/1988 6993/1798/1988
f 6987/1817/1982 6986/1765/1982 6997/1765/1982 6996/1817/1982
f 6996/1817/1982 6997/1765/1982 7005/1765/1982 7004/1817/1982
f 6998/1788/1982 6996/1817/1982 7004/1817/1982 7003/1788/1982
f 6999/1772/1982 6998/1788/1982 7003/1788/1982 7001/1772/1982
f 7012/1786/1982 7000/1771/1982 7002/1771/1982 7013/1786/1982
f 7000/1771/1982 6999/1772/1982 7001/1772/1982 7002/1771/1982
f 7018/1820/1982 7012/1786/1982 7013/1786/1982 7019/1820/1982
f 7017/1820/1982 7014/1786/1982 7012/1786/1982 7018/1820/1982
f 7010/1821/1988 7011/1822/1988 6983/1783/1988 6982/1807/1988
f 7006/1823/1988 7010/1821/1988 6982/1807/1988 7007/1793/1988
f 7016/1820/1988 7008/1824/1988 7009/1790/1988 7015/1786/1988
f 7016/1820/1982 7015/1786/1982 7014/1786/1982 7017/1820/1982
f 7008/1824/1988 7006/1823/1988 7007/1793/1988 7009/1790/1988
f 6943/1761/1976 6941/1813/1976 6994/1813/1976 6995/1761/1976
f 6970/1786/1976 6974/1786/1976 7012/1786/1976 7014/1786/1976
f 6972/1821/1978 6973/1822/1978 7011/1822/1978 7010/1821/1978
f 6941/1813/1976 6924/1801/1976 6992/1801/1976 6994/1813/1976
f 6962/1765/1976 6955/1765/1976 7005/1765/1976 6997/1765/1976
f 6963/1820/1978 6930/1820/1978 7017/1820/1978 7018/1820/1978
f 6932/1798/1976 6946/1765/1976 6984/1765/1976 6993/1798/1976
f 6940/1807/1995 6923/1793/1996 7007/1793/1997 6982/1807/1995
f 6952/1814/1990 6921/1804/1990 6981/1804/1990 6988/1814/1990
f 6955/1765/1990 6954/1817/1990 7004/1817/1990 7005/1765/1990
f 6964/1820/1978 6963/1820/1978 7018/1820/1978 7019/1820/1978
f 6946/1765/1976 6950/1765/1976 6986/1765/1976 6984/1765/1976
f 6933/1790/1998 6965/1786/1976 7015/1786/1976 7009/1790/1999
f 6939/1789/1989 6953/1815/1989 6989/1815/1989 6980/1789/1989
f 6954/1817/1990 6908/1788/1990 7003/1788/1990 7004/1817/1990
f 6924/1801/1976 6932/1798/1976 6993/1798/1976 6992/1801/1976
f 6965/1786/1976 6970/1786/1976 7014/1786/1976 7015/1786/1976
f 6908/1788/1990 6887/1772/1990 7001/1772/1990 7003/1788/1990
f 6961/1817/1978 6931/1817/1978 6987/1817/1978 6996/1817/1978
f 6923/1793/1996 6933/1790/1998 7009/1790/1999 7007/1793/1997
f 6949/1816/1978 6952/1814/1978 6988/1814/1978 6990/1816/1978
f 6887/1772/1990 6901/1771/1990 7002/1771/1990 7001/1772/1990
f 7024/1778/2000 7027/1779/2000 7022/1779/2000 7023/1778/2000
f 7021/1778/1982 7020/1779/1982 7029/1779/1982 7028/1778/1982
f 7021/1778/1988 7025/1794/1988 7026/1795/1988 7020/1779/1988
f 7028/1778/1982 7029/1779/1982 7031/1779/1982 7030/1778/1982
f 7030/1778/1982 7031/1779/1982 7027/1779/1982 7024/1778/1982
f 6835/1778/1976 6827/1778/1976 7030/1778/1976 7024/1778/1976
f 6752/1778/1976 6790/1794/1976 7025/1794/1976 7021/1778/1976
f 6879/1794/2001 6893/1795/2001 7026/1795/2001 7025/1794/2001
f 6926/1779/1976 6958/1779/1976 7031/1779/1976 7029/1779/1976
f 6893/1795/1976 6875/1779/1976 7020/1779/1976 7026/1795/1976
f 6879/1794/1976 7025/1794/1976 6790/1794/1976 7095/1794/1976
f 6754/1778/2002 7023/1778/2002 7022/1779/2002 6760/1779/2002
f 7032/1827/1970 7068/1828/1970 6781/1792/1970
f 7067/1829/1988 7033/1830/1988 6923/1831/1988 6920/1832/1988
f 7032/1827/2003 7033/1830/2003 7067/1829/2003 7068/1828/2003
f 6779/1802/2004 7074/1810/2004 7057/1833/2004 6781/1792/2004 7068/1834/2004
f 7032/1827/1978 6792/1791/1978 6899/1791/1978 7033/1830/1978
f 6781/1792/2005 6792/1791/2005 7032/1827/2005
f 6933/1790/1988 6923/1831/1988 7033/1830/1988 6899/1791/1988
f 7067/1835/1988 7079/1811/1988 6916/1805/1988 6917/1802/1988
f 6923/1793/1988 6940/1807/1988 6920/1832/1988
f 7113/1767/2006 6892/1767/2006 6878/1768/2006 7110/1768/2006
f 7113/1767/2007 7112/1780/2007 7132/1780/2007 7133/1767/2007
f 7106/1785/2006 6896/1785/2006 6968/1780/2006 7112/1780/2006
f 7046/1767/1978 6892/1767/1978 7125/1767/1978 7124/1767/1978
f 7122/1781/2006 7061/1781/2006 6882/1782/2006 7086/1782/2006
f 7109/1769/2006 6903/1769/2006 6883/1770/2006 7111/1770/2006
f 7091/1787/2006 6945/1787/2006 6903/1769/2006 7109/1769/2006
f 7088/1764/2006 6872/1764/2006 6945/1787/2006 7091/1787/2006
f 7114/1763/2008 6873/1763/2008 6872/1764/2008 7088/1764/2008
f 6911/1785/2009 7129/1780/2009 7053/1780/2009 7052/1785/2009
f 6898/1782/2010 6911/1785/2010 7052/1785/2010 7047/1782/2010
f 6874/1763/2011 6910/1764/2011 7051/1764/2011 7049/1763/2011
f 6910/1764/2011 6948/1787/2011 7050/1787/2011 7051/1764/2011
f 6948/1787/2011 6907/1769/2011 7048/1769/2011 7050/1787/2011
f 7062/1781/2010 6898/1782/2010 7047/1782/2010 7069/1781/2010
f 6907/1769/2011 6886/1770/2011 7045/1770/2011 7048/1769/2011
f 7124/1767/2012 6877/1768/2012 7044/1768/2012 7046/1767/2012
f 7114/1763/1978 7120/1763/1978 7049/1763/1978 6873/1763/1978
f 7108/1768/1976 7121/1768/1976 7044/1768/1976 6877/1768/1976
f 6846/1785/2013 7042/1785/2013 7043/1780/2013 6861/1780/2013
f 6775/1782/2013 7037/1782/2013 7042/1785/2013 6846/1785/2013
f 6771/1763/2013 7039/1763/2013 7041/1764/2013 6818/1764/2013
f 6818/1764/2013 7041/1764/2013 7040/1787/2013 6810/1787/2013
f 6810/1787/2013 7040/1787/2013 7038/1769/2013 6776/1769/2013
f 7056/1781/2013 7070/1781/2013 7037/1782/2013 6775/1782/2013
f 6861/1780/2013 7043/1780/2013 7036/1767/2013 6774/1767/2013
f 6776/1769/2013 7038/1769/2013 7035/1770/2013 6773/1770/2013
f 6774/1767/2013 7036/1767/2013 7034/1768/2013 6772/1768/2013
f 7073/1775/2013 7084/1775/2013 7070/1781/2013 7056/1781/2013
f 7136/1775/2014 7083/1775/2014 7069/1781/2014 7062/1781/2014
f 7052/1785/1978 6896/1785/1978 7126/1785/1978 6911/1785/1978
f 7067/1829/1988 6920/1806/1988 7063/1826/1988
f 6979/1806/1988 6978/1784/1988 7066/1836/1988 7065/1826/1988
f 7079/1811/2015 7063/1826/1991 7065/1826/1991 7081/1811/2015
f 6938/1784/1989 7064/1836/1989 7066/1836/1989 6978/1784/1989
f 7077/1775/1985 7060/1781/1985 7062/1781/1985 7136/1775/1985
f 7069/1781/1978 7061/1781/1978 7134/1781/1978 7062/1781/1978
f 6938/1784/1980 6880/1782/1980 7060/1781/1980 7064/1836/1980
f 6798/1806/1970 7058/1826/1970 7059/1836/1970 6804/1784/1970
f 6781/1792/1970 7057/1833/1970 7058/1826/1970 6798/1806/1970
f 7071/1775/1973 7073/1775/1973 7056/1781/1973 7054/1781/1973
f 7084/1775/1972 7072/1775/1972 7055/1781/1972 7070/1781/1972
f 6804/1784/1970 7059/1836/1970 7054/1781/1970 6763/1782/1970
f 7035/1770/1972 6757/1770/1972 7072/1775/1972 7084/1775/1972
f 6756/1770/1973 6773/1770/1973 7073/1775/1973 7071/1775/1973
f 7045/1770/1983 7083/1775/1983 7078/1775/1983 6883/1770/1983
f 6881/1770/2016 7077/1775/2016 7136/1775/2016 6886/1770/2016
f 6916/1805/1994 7079/1811/2015 7081/1811/2015 6977/1805/1994
f 6779/1802/1975 7068/1834/1975 7067/1835/1975 6917/1802/1975
f 7111/1770/2006 6883/1770/2006 7078/1775/2006 7123/1775/2006
f 6886/1770/2017 7136/1775/2017 7083/1775/2017 7045/1770/2017
f 6773/1770/2013 7035/1770/2013 7084/1775/2013 7073/1775/2013
f 7067/1837/1988 7063/1826/1988 7079/1811/1988
f 7065/1826/1988 7066/1836/1988 7082/1773/1988 7081/1811/1988
f 7064/1836/1989 7080/1773/1989 7082/1773/1989 7066/1836/1989
f 7064/1836/1980 7060/1781/1980 7077/1775/1980 7080/1773/1980
f 7058/1826/1970 7075/1811/1970 7076/1773/1970 7059/1836/1970
f 7057/1833/1970 7074/1810/1970 7075/1811/1970 7058/1826/1970
f 7059/1836/1970 7076/1773/1970 7071/1775/1970 7054/1781/1970
f 6757/1770/2018 7111/1770/2018 7123/1775/2018 7072/1775/2018
f 7072/1775/2018 7123/1775/2018 7122/1781/2018 7055/1781/2018
f 6772/1768/1976 7034/1768/1976 7121/1768/1976 7108/1768/1976
f 6751/1763/1978 7039/1763/1978 7120/1763/1978 7114/1763/1978
f 6751/1763/2019 7114/1763/2019 7088/1764/2019 6817/1764/2019
f 6817/1764/2018 7088/1764/2018 7091/1787/2018 6807/1787/2018
f 6807/1787/2018 7091/1787/2018 7109/1769/2018 6768/1769/2018
f 6768/1769/2018 7109/1769/2018 7111/1770/2018 6757/1770/2018
f 7055/1781/2018 7122/1781/2018 7086/1782/2018 6764/1782/2018
f 6764/1782/2018 7086/1782/2018 7106/1785/2018 6845/1785/2018
f 6845/1785/2018 7106/1785/2018 7112/1780/2018 6860/1780/2018
f 6860/1780/2018 7112/1780/2018 7113/1767/2018 6762/1767/2018
f 6762/1767/2018 7113/1767/2018 7110/1768/2018 6755/1768/2018
f 6824/1765/1975 6809/1817/1975 7119/1817/1975 7118/1765/1975
f 6834/1766/1978 6750/1766/1978 7117/1766/1978 7116/1766/1978
f 7039/1763/1978 6771/1763/1978 7115/1763/1978 7120/1763/1978
f 6753/1768/1976 6772/1768/1976 7108/1768/1976 7107/1768/1976
f 6777/1800/1978 6789/1799/1978 7105/1799/1978 7104/1800/1978
f 6783/1766/1978 6826/1766/1978 7103/1766/1978 7102/1766/1978
f 6770/1788/1975 6758/1772/1975 7101/1772/1975 7100/1788/1975
f 6809/1817/1975 6770/1788/1975 7100/1788/1975 7119/1817/1975
f 6843/1786/1975 6855/1820/1975 7099/1820/1975 7098/1786/1975
f 6771/1763/1978 6749/1763/1978 7097/1763/1978 7115/1763/1978
f 6790/1794/1976 6778/1797/1976 7096/1797/1976 7095/1794/1976
f 6748/1766/1978 6783/1766/1978 7102/1766/1978 7094/1766/1978
f 6794/1812/1978 6777/1800/1978 7104/1800/1978 7093/1812/1978
f 6826/1766/1978 6834/1766/1978 7116/1766/1978 7103/1766/1978
f 6750/1766/1975 6824/1765/1975 7118/1765/1975 7117/1766/1975
f 6778/1797/1976 6795/1809/1976 7092/1809/1976 7096/1797/1976
f 6758/1772/1975 6766/1771/1975 7089/1771/1975 7101/1772/1975
f 6766/1771/1975 6843/1786/1975 7098/1786/1975 7089/1771/1975
f 6789/1799/1978 6748/1766/1978 7094/1766/1978 7105/1799/1978
f 7034/1768/1976 6755/1768/1976 7110/1768/1976 7121/1768/1976
f 6855/1820/1975 6760/1779/1975 7090/1779/1975 7099/1820/1975
f 6749/1763/1978 6800/1762/1978 7087/1762/1978 7097/1763/1978
f 6800/1762/1978 6794/1812/1978 7093/1812/1978 7087/1762/1978
f 6801/1776/1976 6753/1768/1976 7107/1768/1976 7085/1825/1976
f 6795/1809/1976 6801/1776/1976 7085/1825/1976 7092/1809/1976
f 7129/1780/2020 7124/1767/2020 7125/1767/2020 7128/1780/2020
f 6898/1782/2020 6911/1785/2020 7126/1785/2020 7127/1782/2020
f 7132/1780/2006 7128/1780/2006 7125/1767/2006 7133/1767/2006
f 7130/1782/2006 7127/1782/2006 7126/1785/2006 7131/1785/2006
f 7138/1775/2006 7135/1775/2006 7134/1781/2006 7137/1781/2006
f 7136/1775/2020 7062/1781/2020 7134/1781/2020 7135/1775/2020
f 7061/1781/1978 7122/1781/1978 7137/1781/1978 7134/1781/1978
f 7086/1782/1976 6882/1782/1976 7127/1782/1976 7130/1782/1976
f 7078/1775/1976 7083/1775/1976 7136/1775/1976 7135/1775/1976
f 7123/1775/1976 7078/1775/1976 7135/1775/1976 7138/1775/1976
f 7053/1780/2021 7046/1767/2021 7124/1767/2021 7129/1780/2021
f 6882/1782/1976 7047/1782/1976 6898/1782/1976 7127/1782/1976
f 6968/1780/1976 7053/1780/1976 7129/1780/1976 7128/1780/1976
f 7122/1781/2022 7123/1775/2022 7138/1775/2022 7137/1781/2022
f 7106/1785/2007 7086/1782/2007 7130/1782/2007 7131/1785/2007
f 6896/1785/1978 7106/1785/1978 7131/1785/1978 7126/1785/1978
o Plane.033
v -5.209769 7.007234 23.086704
v -4.925337 7.269878 23.086704
v -5.209769 7.007234 19.963356
v -4.925337 7.269877 19.963356
v -5.156898 3.413869 23.086704
v -5.156898 3.413868 19.963356
v -5.108063 6.960547 19.963356
v -5.108063 6.960548 23.086704
v -5.055192 3.367184 23.086704
v -4.823630 7.223193 23.086704
v -4.823630 7.223192 19.963356
v -5.055192 3.367183 19.963356
vn -0.6784 0.7347 -0.0000
vn -0.9999 -0.0147 -0.0000
vn 0.6784 -0.7347 -0.0000
vn 0.9999 0.0147 -0.0000
vn -0.0000 -0.0000 -1.0000
vn 0.4172 0.9088 -0.0000
vn -0.0000 -0.0000 1.0000
vn -0.4172 -0.9088 -0.0000
vt 0.000000 0.566553
vt 0.000000 0.956798
vt 0.770591 0.956798
vt 0.770591 0.566553
s 1
f 7139/1838/2023 7140/1838/2023 7142/1839/2023 7141/1839/2023
f 7139/1838/2024 7141/1839/2024 7144/1840/2024 7143/1841/2024
f 7146/1838/2025 7145/1839/2025 7149/1839/2025 7148/1838/2025
f 7146/1838/2026 7147/1841/2026 7150/1840/2026 7145/1839/2026
f 7144/1840/2027 7141/1839/2027 7145/1839/2027 7150/1840/2027
f 7142/1839/2028 7140/1838/2028 7148/1838/2028 7149/1839/2028
f 7139/1838/2029 7143/1841/2029 7147/1841/2029 7146/1838/2029
f 7143/1841/2030 7144/1840/2030 7150/1840/2030 7147/1841/2030
f 7141/1839/2027 7142/1839/2027 7149/1839/2027 7145/1839/2027
f 7140/1838/2029 7139/1838/2029 7146/1838/2029 7148/1838/2029
o Plane.034
v -4.931636 6.898925 -23.416597
v -4.863025 2.235797 -23.416597
v -3.831511 7.809657 -23.416597
v -4.539270 1.172493 -23.416597
v -4.931636 6.898926 -19.430849
v -4.863025 2.235798 -19.430849
v -3.831511 7.809658 -19.430849
v -4.590029 1.173600 -19.430849
v -4.863025 2.235797 -21.423723
v -4.590029 1.173599 -21.423723
v -3.831511 7.809658 -21.423723
v -4.931636 6.898926 -19.620436
v -3.831511 7.809658 -19.620436
v -4.863025 2.235798 -19.620436
v -4.590029 1.173600 -19.620438
v -4.863025 2.235798 -19.972092
v -4.590029 1.173599 -19.972092
v -4.931636 6.898926 -19.972092
v -3.831511 7.809658 -19.972092
v -4.863025 2.235797 -23.067192
v -4.590029 1.173599 -23.067192
v -4.931636 6.898925 -23.067192
v -3.831511 7.809657 -23.067192
v -4.678913 1.951545 -23.416597
v -4.678913 1.951546 -19.430849
v -4.678914 1.951545 -21.423723
v -4.678914 1.951546 -19.620436
v -4.678914 1.951545 -19.972092
v -4.678914 1.951545 -23.067192
v -4.879585 3.361282 -23.416597
v -4.879585 3.361283 -19.430849
v -4.879585 3.361282 -21.423723
v -4.879585 3.361283 -19.620436
v -4.879585 3.361283 -19.972092
v -4.879585 3.361282 -23.067192
v -4.608754 7.166220 -23.416597
v -4.608754 7.166221 -19.430849
v -4.608754 7.166221 -21.423723
v -4.608755 7.166221 -19.620436
v -4.608754 7.166221 -19.972092
v -4.608754 7.166220 -23.067192
v -4.917001 5.904274 -23.416597
v -4.917001 5.904274 -19.430849
v -4.917001 5.904274 -19.620436
v -4.917001 5.904274 -19.972092
v -4.917001 5.904274 -23.067192
v -4.877778 3.238473 -23.416597
v -4.877778 3.238474 -19.430849
v -4.877778 3.238473 -21.423723
v -4.877778 3.238474 -19.620436
v -4.877778 3.238474 -19.972092
v -4.877778 3.238473 -23.067192
v -4.876037 3.120180 -23.416597
v -4.876037 3.120181 -19.430849
v -4.876038 3.120180 -21.423723
v -4.876038 3.120181 -19.620436
v -4.876038 3.120181 -19.972092
v -4.876038 3.120180 -23.067192
v -4.863025 2.235797 -23.171072
v -4.590029 1.173599 -23.171074
v -4.931636 6.898925 -23.171072
v -3.831511 7.809657 -23.171074
v -4.678914 1.951545 -23.171072
v -4.879585 3.361282 -23.171072
v -4.608755 7.166220 -23.171072
v -4.917001 5.904274 -23.171072
v -4.877778 3.238473 -23.171072
v -4.876038 3.120180 -23.171072
v -4.863025 2.235797 -23.269714
v -4.590029 1.173599 -23.269714
v -4.678914 1.951545 -23.269714
v -4.879585 3.361282 -23.269714
v -4.917001 5.904274 -23.269714
v -4.877778 3.238473 -23.269714
v -4.876038 3.120180 -23.269714
v -4.931636 6.898925 -23.269714
v -3.831511 7.809657 -23.269714
v -4.608755 7.166220 -23.269714
v -4.511599 7.246650 -23.416597
v -4.511599 7.246651 -19.430849
v -4.511599 7.246651 -21.423723
v -4.511599 7.246651 -19.620436
v -4.511599 7.246651 -19.972092
v -4.511599 7.246650 -23.067192
v -4.511599 7.246650 -23.171072
v -4.511599 7.246650 -23.269714
v -4.401220 7.338026 -23.416597
v -4.401220 7.338027 -19.430849
v -4.401220 7.338027 -21.423723
v -4.401220 7.338027 -19.620436
v -4.401220 7.338027 -19.972092
v -4.401220 7.338026 -23.067192
v -4.401220 7.338026 -23.171072
v -4.401220 7.338026 -23.269714
v -4.931636 6.898926 -19.872511
v -3.831511 7.809658 -19.872511
v -4.863025 2.235798 -19.872511
v -4.590029 1.173599 -19.872511
v -4.678914 1.951545 -19.872511
v -4.879585 3.361283 -19.872511
v -4.608755 7.166221 -19.872511
v -4.917001 5.904274 -19.872511
v -4.877778 3.238474 -19.872511
v -4.876038 3.120181 -19.872511
v -4.511599 7.246651 -19.872511
v -4.401220 7.338027 -19.872511
v -4.931636 6.898926 -19.773481
v -3.831511 7.809658 -19.773481
v -4.608755 7.166221 -19.773481
v -4.511599 7.246651 -19.773481
v -4.401220 7.338027 -19.773481
v -4.863025 2.235798 -19.773481
v -4.590029 1.173599 -19.773481
v -4.678914 1.951545 -19.773481
v -4.879585 3.361283 -19.773481
v -4.917001 5.904274 -19.773481
v -4.877778 3.238474 -19.773481
v -4.876038 3.120181 -19.773481
v -5.341412 2.261013 -23.269714
v -5.341412 2.261013 -23.416597
v -5.385879 5.998767 -23.416597
v -5.400513 6.993417 -23.416597
v -4.870098 7.432519 -23.416597
v -4.300389 7.904149 -23.416597
v -5.094178 1.283564 -23.269714
v -5.094178 1.283564 -23.416597
v -5.520654 1.976760 -23.416597
v -5.400513 6.993418 -19.620436
v -4.300389 7.904150 -19.620436
v -5.520654 1.976761 -19.430849
v -5.094178 1.283565 -19.430849
v -5.385879 5.998767 -19.430849
v -5.341412 2.261014 -19.972092
v -5.341412 2.261013 -21.423723
v -5.094178 1.283564 -19.972092
v -5.094178 1.283564 -21.423723
v -4.300389 7.904149 -23.067192
v -4.300389 7.904150 -21.423723
v -5.520654 1.976760 -21.423723
v -4.870098 7.432519 -21.423723
v -5.400513 6.993418 -19.773481
v -4.300389 7.904150 -19.773481
v -5.341412 2.261014 -19.430849
v -5.341412 2.261014 -19.620436
v -5.094178 1.283565 -19.620438
v -5.385879 5.998767 -19.620436
v -4.870098 7.432519 -19.620436
v -5.341412 2.261014 -19.872511
v -5.094178 1.283564 -19.872511
v -4.300389 7.904150 -19.972092
v -5.501056 1.968406 -19.972092
v -5.385879 5.998767 -19.972092
v -5.400513 6.993418 -19.972092
v -4.870098 7.432519 -19.972092
v -5.341412 2.261013 -23.067192
v -5.094178 1.283564 -23.067192
v -5.400513 6.993417 -23.171072
v -5.400513 6.993417 -23.067192
v -4.300389 7.904149 -23.171072
v -5.520654 1.976760 -23.067192
v -4.870098 7.432519 -23.067192
v -5.385879 5.998767 -23.067192
v -5.520654 1.976760 -23.269714
v -5.501056 1.968406 -19.872511
v -5.346655 3.332966 -23.416597
v -5.348462 3.455775 -23.416597
v -5.346655 3.332967 -19.430849
v -5.348462 3.455775 -19.430849
v -5.346655 3.332966 -21.423723
v -5.348462 3.455775 -21.423723
v -5.346655 3.332967 -19.620436
v -5.348462 3.455775 -19.620436
v -5.346656 3.333004 -19.972092
v -5.346655 3.332966 -23.067192
v -5.348462 3.455775 -23.067192
v -5.348462 3.455775 -19.872578
v -5.348462 3.455775 -23.269714
v -5.077632 7.260713 -23.416597
v -5.077632 7.260714 -19.620436
v -5.077632 7.260714 -19.972092
v -5.077632 7.260713 -23.067192
v -5.077632 7.260714 -21.423723
v -5.077632 7.260714 -19.773481
v -5.077632 7.260713 -23.171072
v -5.385879 5.998767 -23.269714
v -5.385879 5.998767 -19.872511
v -5.344914 3.214672 -23.416597
v -5.344914 3.214673 -19.430849
v -5.344914 3.214672 -21.423723
v -5.344914 3.214673 -19.620436
v -5.344914 3.214673 -19.972092
v -5.344914 3.214672 -23.067192
v -5.346655 3.332967 -19.872511
v -5.346655 3.332966 -23.269714
v -5.344914 3.214673 -19.872511
v -5.344914 3.214672 -23.269714
v -5.341412 2.261013 -23.171072
v -5.094178 1.283564 -23.171074
v -5.400513 6.993417 -23.269714
v -4.300389 7.904149 -23.269714
v -5.520654 1.976760 -23.171072
v -5.348462 3.455775 -23.171072
v -5.077632 7.260713 -23.269714
v -5.385879 5.998767 -23.171072
v -5.346655 3.332966 -23.171072
v -5.344914 3.214672 -23.171072
v -4.870098 7.432519 -23.171072
v -4.870098 7.432519 -23.269714
v -4.980476 7.341143 -23.416597
v -4.980476 7.341144 -21.423723
v -4.980476 7.341144 -19.620436
v -4.980476 7.341144 -19.972092
v -4.980476 7.341143 -23.067192
v -4.980476 7.341143 -23.171072
v -4.980476 7.341143 -23.269714
v -4.980476 7.341144 -19.773481
v -4.870098 7.432519 -19.773481
v -5.400513 6.993418 -19.872511
v -4.300389 7.904150 -19.872511
v -5.341412 2.261014 -19.773481
v -5.094178 1.283564 -19.773481
v -5.348462 3.455775 -19.773481
v -5.077632 7.260714 -19.872511
v -5.385879 5.998767 -19.773481
v -5.346655 3.332967 -19.773481
v -5.344914 3.214673 -19.773481
v -4.980476 7.341144 -19.872511
v -4.870098 7.432519 -19.872511
v -5.289431 3.192073 -21.423723
v -5.291171 3.310366 -21.423723
v -5.289431 3.192074 -19.972092
v -5.291171 3.310367 -19.972092
v -5.289431 3.192073 -23.067192
v -5.291171 3.310366 -23.067192
v -5.291171 3.310367 -19.872511
v -5.289431 3.192074 -19.872511
v -5.345029 6.970817 -23.269714
v -5.345029 6.970817 -23.171072
v -5.022148 7.238113 -23.269714
v -5.022148 7.238113 -23.171072
v -5.291171 3.310366 -23.171072
v -5.289431 3.192073 -23.171072
v -5.292978 3.433175 -23.171072
v -5.330394 5.976167 -23.171072
v -5.292978 3.433175 -23.269714
v -5.330394 5.976167 -23.269714
v -5.291171 3.310366 -23.269714
v -5.289431 3.192073 -23.269714
v -4.924993 7.318542 -23.171072
v -4.924993 7.318542 -23.269714
v -4.924993 7.318542 -23.067192
v -4.924993 7.318542 -21.423723
v -4.924993 7.318542 -19.972092
v -4.814613 7.409920 -21.423723
v -4.814613 7.409920 -19.972092
v -4.814613 7.409919 -23.067192
v -4.814613 7.409919 -23.171072
v -4.814613 7.409919 -23.269714
v -5.292978 3.433176 -19.773481
v -5.292978 3.433176 -19.872511
v -5.330394 5.976168 -19.773481
v -5.330394 5.976168 -19.872511
v -5.291171 3.310367 -19.773481
v -5.289431 3.192074 -19.773481
v -4.924993 7.318542 -19.872511
v -4.814613 7.409920 -19.872511
v -5.022148 7.238113 -19.872511
v -5.345029 6.970818 -19.872511
v -5.345029 6.970818 -19.773481
v -5.022148 7.238113 -19.773481
v -4.924993 7.318542 -19.773481
v -4.814613 7.409920 -19.773481
v -5.311526 6.993418 -19.620436
v -5.311526 6.993418 -19.430849
v -4.211402 7.886754 -19.620436
v -4.211402 7.886754 -19.430849
v -4.781111 7.432519 -19.430849
v -5.296892 5.998767 -19.430849
v -5.296892 5.998767 -19.620436
v -4.781111 7.432519 -19.620436
v -4.988646 7.260714 -19.430849
v -4.988646 7.260714 -19.620436
v -4.891490 7.341144 -19.430849
v -4.891490 7.341144 -19.620436
v -4.890042 4.072036 -19.972092
v -5.358920 4.166529 -19.972092
v -4.659371 1.890412 -19.430849
v -4.659372 1.890411 -21.423723
v -4.659372 1.890412 -19.620436
v -4.659372 1.890411 -19.972092
v -4.659372 1.890411 -23.067192
v -4.659371 1.890411 -23.416597
v -4.659372 1.890411 -23.171072
v -4.659372 1.890411 -23.269714
v -4.659372 1.890411 -19.872511
v -4.659372 1.890411 -19.773481
v -5.500656 1.896271 -19.430849
v -5.500656 1.896270 -21.423723
v -5.500656 1.896271 -19.620436
v -5.500656 1.896270 -19.972092
v -5.500656 1.896270 -23.067192
v -5.500656 1.896270 -23.416597
v -5.500656 1.896270 -23.171072
v -5.500656 1.896270 -23.269714
v -5.500656 1.896270 -19.872511
v -5.500656 1.896270 -19.773481
v -4.863025 2.235798 -20.074507
v -4.590029 1.173599 -20.074507
v -4.678914 1.951545 -20.074507
v -4.879585 3.361283 -20.074507
v -4.877778 3.238474 -20.074507
v -4.876038 3.120181 -20.074507
v -5.341412 2.261014 -20.074507
v -5.094178 1.283564 -20.074507
v -5.501056 1.968406 -20.074507
v -5.346656 3.333003 -20.074509
v -5.344914 3.214673 -20.074507
v -5.291171 3.310367 -20.074507
v -5.289431 3.192074 -20.074507
v -5.348462 3.455775 -21.179012
v -4.879585 3.361282 -21.179012
v -5.500656 1.896270 -20.074507
v -4.659372 1.890411 -20.074507
v -4.863025 2.235798 -20.181669
v -4.590029 1.173599 -20.181669
v -4.678914 1.951545 -20.181669
v -4.879585 3.361283 -20.181669
v -4.877778 3.238474 -20.181669
v -4.876038 3.120181 -20.181669
v -5.341412 2.261014 -20.181669
v -5.094178 1.283564 -20.181669
v -5.346656 3.332999 -20.181669
v -5.344914 3.214673 -20.181669
v -5.291171 3.310367 -20.181669
v -5.289431 3.192074 -20.181669
v -5.500656 1.896270 -20.181669
v -4.659372 1.890411 -20.181669
v -4.962599 3.137625 -19.430849
v -4.728881 1.194106 -19.972092
v -4.962599 3.137625 -23.416597
v -4.728881 1.194105 -23.269714
v -3.918074 7.827103 -19.972092
v -3.918074 7.827103 -19.620436
v -4.728881 1.194105 -23.171074
v -4.964340 3.255919 -19.430849
v -4.964340 3.255918 -23.416597
v -5.018198 6.916369 -23.416597
v -5.003563 5.921720 -19.430849
v -4.966147 3.378728 -19.430849
v -4.987749 2.240452 -23.416597
v -3.918074 7.827103 -19.872511
v -3.918074 7.827103 -19.773481
v -3.918074 7.827102 -23.067192
v -3.918074 7.827103 -21.423723
v -4.695316 7.183665 -23.416597
v -4.598161 7.264094 -23.416597
v -4.966147 3.378727 -23.416597
v -5.003563 5.921719 -23.416597
v -4.728881 1.194106 -19.872511
v -4.987749 2.240453 -19.430849
v -4.923098 1.956201 -19.430849
v -4.728881 1.194105 -23.067192
v -4.728881 1.194106 -19.430849
v -4.728881 1.194105 -21.423723
v -4.728881 1.194106 -19.773481
v -4.728881 1.194106 -19.620438
v -4.678122 1.192998 -23.416597
v -4.923098 1.956200 -23.416597
v -4.487782 7.355472 -23.416597
v -3.918074 7.827102 -23.416597
v -3.918074 7.827102 -23.269714
v -3.918074 7.827102 -23.171074
v -4.892955 1.891493 -23.416597
v -4.892955 1.891494 -19.430849
v -4.728881 1.194106 -20.074507
v -4.728881 1.194106 -20.181669
v -5.501056 1.968407 -19.620436
v -5.053038 1.335950 -19.620438
v -5.053038 1.335949 -19.872511
v -5.053038 1.335949 -19.972092
v -5.053038 1.335949 -19.773481
v -5.501056 1.968406 -19.773481
v -4.687741 1.246489 -19.972092
v -4.687741 1.246489 -19.872511
v -4.687741 1.246489 -19.773481
v -4.687741 1.246490 -19.620438
v -5.053038 1.335949 -20.074507
v -5.053038 1.335949 -20.181669
v -5.501056 1.968406 -20.181669
v -4.687741 1.246489 -20.074507
v -4.687741 1.246489 -20.181669
vn 0.9999 0.0147 -0.0000
vn 0.6377 -0.7703 -0.0000
vn 0.9954 0.0963 -0.0000
vn 0.8393 0.5436 -0.0000
vn 0.9772 0.1290 0.1684
vn 0.1976 0.9803 -0.0000
vn -0.0000 -0.0000 1.0000
vn -0.1976 -0.9803 -0.0000
vn -0.0000 -0.0000 -1.0000
vn -1.0000 -0.0074 -0.0000
vn -1.0000 -0.0092 -0.0000
vn -1.0000 -0.0037 -0.0000
vn -0.6377 0.7703 -0.0000
vn -0.8333 -0.5528 -0.0000
vn -0.8459 0.5334 -0.0000
vn -0.8778 0.4789 -0.0000
vn -0.8609 0.5057 -0.0556
vn -0.9999 -0.0147 -0.0000
vn 0.3772 0.9261 -0.0000
vn -0.3772 -0.9261 -0.0000
vn 0.3773 0.9261 -0.0000
vn -0.3777 -0.9259 -0.0000
vn -0.3776 -0.9260 -0.0001
vn -0.3775 -0.9260 -0.0002
vn -0.3773 -0.9261 -0.0000
vn -0.0004 0.0003 1.0000
vn -0.0005 0.0002 1.0000
vn -0.0006 0.0001 1.0000
vn -0.0002 -0.0000 1.0000
vn -0.0004 -0.0000 1.0000
vn -0.6234 0.7819 -0.0000
vn -0.0000 1.0000 -0.0000
vn 0.1989 0.9800 -0.0000
vn 0.1712 0.8496 -0.4988
vn -0.1815 -0.9834 -0.0000
vn 0.2041 0.0009 0.9790
vn -0.2379 -0.9713 -0.0000
vn -0.7864 0.6177 -0.0000
vn -0.2244 -0.9739 -0.0351
vn -1.0000 -0.0055 -0.0000
vn -1.0000 -0.0056 -0.0000
vn -0.9705 -0.2411 -0.0000
vn -0.9900 -0.1323 -0.0483
vn 0.9525 0.3045 -0.0000
vn -0.3776 -0.9260 -0.0000
vn -0.8622 0.5065 0.0085
vn -0.9912 -0.1325 0.0074
vn -0.1461 -0.9893 -0.0000
vn -0.1460 -0.9884 -0.0430
vn -0.8160 -0.5780 -0.0000
vn -0.7865 0.6176 -0.0000
vn -0.7865 0.6177 -0.0000
vt 0.810346 0.981574
vt 1.000000 0.981574
vt 1.000000 1.000000
vt 0.810346 1.000000
vt 0.000000 0.981574
vt 0.000000 1.000000
vt 1.000000 0.523783
vt 1.000000 0.500000
vt 1.000000 0.956168
vt 1.000000 0.750000
vt 0.000000 0.567897
vt 0.000000 0.750000
vt 0.810346 0.594188
vt 1.000000 0.594188
vt 0.810346 0.750000
vt 0.810346 0.500000
vt 0.810346 0.523783
vt 0.000000 0.500000
vt 0.000000 0.523783
vt 1.000000 0.542982
vt 1.000000 0.580745
vt 1.000000 0.567897
vt 0.810346 0.555405
vt 1.000000 0.555405
vt 0.810346 0.567897
vt 0.000000 0.555405
vt 1.000000 0.969200
vt 0.000000 0.956168
vt 0.810346 0.956168
vt 0.213301 0.555405
vt 0.758642 0.555405
vt 0.758642 0.567897
vt 0.213301 0.567897
vt 0.213301 0.500000
vt 0.758642 0.500000
vt 0.758642 0.523783
vt 0.213301 0.523783
vt 0.213301 0.981574
vt 0.758642 0.981574
vt 0.758642 1.000000
vt 0.213301 1.000000
vt 0.758642 0.750000
vt 0.784978 0.750000
vt 0.784978 0.956168
vt 0.758642 0.956168
vt 0.784978 0.555405
vt 0.784978 0.567897
vt 0.784978 0.500000
vt 0.784978 0.523783
vt 0.758642 0.594188
vt 0.784978 0.594188
vt 0.784978 0.981574
vt 0.784978 1.000000
vt 0.810346 0.969200
vt 0.784978 0.969200
vt 0.758642 0.969200
vt 0.213301 0.956168
vt 0.213301 0.969200
vt 0.000000 0.969200
vt 0.000000 0.542982
vt 0.784978 0.542982
vt 0.810346 0.542982
vt 0.758642 0.542982
vt 0.213301 0.542982
vt 0.810345 0.500000
vt 0.784978 0.580745
vt 0.606222 0.567897
vt 0.758642 0.679674
vt 0.758642 0.716933
vt 0.784953 0.567897
vt 0.758642 0.555430
vt 0.644327 0.567897
vt 0.758642 0.718204
vt 0.758642 0.580745
vt 0.758642 0.721707
vt 0.810346 0.580745
vt 0.758642 0.719266
s 1
f 7225/1842/2031 7219/1843/2031 7152/1844/2031 7203/1845/2031
f 7244/1846/2032 7237/1847/2032 7153/1847/2032 7227/1846/2032
f 7439/1848/2033 7437/1849/2033 7158/1849/2033 7165/1848/2033
f 7441/1850/2033 7438/1851/2033 7160/1851/2033 7171/1850/2033
f 7241/1852/2032 7239/1853/2032 7161/1853/2032 7169/1852/2032
f 7479/1854/2031 7474/1855/2031 7159/1851/2031 7205/1856/2031
f 7204/1857/2031 7156/1849/2031 7164/1848/2031 7206/1858/2031
f 7238/1859/2032 7240/1860/2032 7163/1860/2032 7157/1859/2032
f 7446/1861/2033 7439/1848/2033 7165/1848/2033 7263/1861/2033
f 7473/1862/2033 7440/1863/2033 7167/1863/2033 7458/1862/2033
f 7254/1864/2031 7247/1865/2031 7166/1863/2031 7207/1866/2031
f 7256/1867/2032 7241/1852/2032 7169/1852/2032 7246/1867/2032
f 7443/1868/2033 7441/1850/2033 7171/1850/2033 7210/1868/2033
f 7239/1853/2032 7242/1869/2032 7173/1869/2032 7161/1853/2032
f 7205/1856/2031 7159/1851/2031 7170/1850/2031 7208/1870/2031
f 7209/1868/2034 7170/1850/2034 7179/1850/2034 7213/1868/2034
f 7457/1862/2034 7166/1863/2034 7178/1863/2034 7459/1862/2034
f 7262/1861/2034 7164/1848/2034 7177/1848/2034 7264/1861/2034
f 7170/1850/2034 7159/1851/2034 7176/1851/2034 7179/1850/2034
f 7164/1848/2034 7156/1849/2034 7175/1849/2034 7177/1848/2034
f 7252/1871/2031 7250/1872/2031 7184/1873/2031 7195/1874/2031
f 7193/1875/2031 7181/1876/2031 7183/1877/2031 7194/1878/2031
f 7223/1879/2031 7222/1880/2031 7180/1881/2031 7192/1882/2031
f 7245/1867/2032 7168/1852/2032 7190/1852/2032 7251/1867/2032
f 7155/1859/2032 7162/1860/2032 7189/1860/2032 7187/1859/2032
f 7226/1846/2032 7151/1847/2032 7186/1847/2032 7228/1846/2032
f 7226/1846/2031 7223/1879/2031 7192/1882/2031 7151/1847/2031
f 7155/1859/2031 7193/1875/2031 7194/1878/2031 7162/1860/2031
f 7245/1867/2031 7252/1871/2031 7195/1874/2031 7168/1852/2031
f 7182/1883/2031 7199/1884/2031 7202/1885/2031 7185/1886/2031
f 7250/1872/2031 7253/1887/2031 7201/1888/2031 7184/1873/2031
f 7181/1876/2031 7198/1889/2031 7200/1890/2031 7183/1877/2031
f 7477/1891/2031 7478/1892/2031 7199/1884/2031 7182/1883/2031
f 7222/1880/2031 7224/1893/2031 7197/1894/2031 7180/1881/2031
f 7199/1884/2031 7205/1856/2031 7208/1870/2031 7202/1885/2031
f 7253/1887/2031 7254/1864/2031 7207/1866/2031 7201/1888/2031
f 7198/1889/2031 7204/1857/2031 7206/1858/2031 7200/1890/2031
f 7478/1892/2031 7479/1854/2031 7205/1856/2031 7199/1884/2031
f 7224/1893/2031 7225/1842/2031 7203/1845/2031 7197/1894/2031
f 7202/1885/2031 7208/1870/2031 7218/1895/2031 7217/1896/2031
f 7185/1886/2031 7202/1885/2031 7217/1896/2031 7214/1897/2031
f 7172/1869/2031 7196/1898/2031 7216/1899/2031 7211/1900/2031
f 7172/1869/2032 7211/1900/2032 7215/1900/2032 7191/1869/2032
f 7196/1898/2031 7185/1886/2031 7214/1897/2031 7216/1899/2031
f 7219/1843/2034 7209/1868/2034 7213/1868/2034 7221/1843/2034
f 7444/1843/2033 7443/1868/2033 7210/1868/2033 7220/1843/2033
f 7242/1869/2032 7243/1900/2032 7212/1900/2032 7173/1869/2032
f 7208/1870/2031 7170/1850/2031 7209/1868/2031 7218/1895/2031
f 7442/1844/2035 7444/1843/2035 7220/1843/2035 7154/1844/2035
f 7152/1844/2034 7219/1843/2034 7221/1843/2034 7174/1844/2034
f 7217/1896/2031 7218/1895/2031 7225/1842/2031 7224/1893/2031
f 7214/1897/2031 7217/1896/2031 7224/1893/2031 7222/1880/2031
f 7211/1900/2031 7216/1899/2031 7223/1879/2031 7226/1846/2031
f 7211/1900/2032 7226/1846/2032 7228/1846/2032 7215/1900/2032
f 7216/1899/2031 7214/1897/2031 7222/1880/2031 7223/1879/2031
f 7243/1900/2032 7244/1846/2032 7227/1846/2032 7212/1900/2032
f 7218/1895/2031 7209/1868/2031 7219/1843/2031 7225/1842/2031
f 7215/1900/2032 7228/1846/2032 7236/1846/2032 7235/1900/2032
f 7191/1869/2032 7215/1900/2032 7235/1900/2032 7234/1869/2032
f 7188/1853/2032 7191/1869/2032 7234/1869/2032 7231/1853/2032
f 7251/1867/2032 7190/1852/2032 7233/1852/2032 7255/1867/2032
f 7187/1859/2032 7189/1860/2032 7232/1860/2032 7230/1859/2032
f 7190/1852/2032 7188/1853/2032 7231/1853/2032 7233/1852/2032
f 7228/1846/2032 7186/1847/2032 7229/1847/2032 7236/1846/2032
f 7235/1900/2032 7236/1846/2032 7244/1846/2032 7243/1900/2032
f 7234/1869/2032 7235/1900/2032 7243/1900/2032 7242/1869/2032
f 7231/1853/2032 7234/1869/2032 7242/1869/2032 7239/1853/2032
f 7255/1867/2032 7233/1852/2032 7241/1852/2032 7256/1867/2032
f 7230/1859/2032 7232/1860/2032 7240/1860/2032 7238/1859/2032
f 7233/1852/2032 7231/1853/2032 7239/1853/2032 7241/1852/2032
f 7236/1846/2032 7229/1847/2032 7237/1847/2032 7244/1846/2032
f 7260/1901/2032 7255/1867/2032 7256/1867/2032 7261/1901/2032
f 7259/1901/2032 7251/1867/2032 7255/1867/2032 7260/1901/2032
f 7267/1902/2031 7268/1903/2031 7254/1864/2031 7253/1887/2031
f 7265/1904/2031 7267/1902/2031 7253/1887/2031 7250/1872/2031
f 7257/1901/2031 7266/1905/2031 7252/1871/2031 7245/1867/2031
f 7257/1901/2032 7245/1867/2032 7251/1867/2032 7259/1901/2032
f 7266/1905/2031 7265/1904/2031 7250/1872/2031 7252/1871/2031
f 7166/1863/2034 7247/1865/2034 7249/1865/2034 7178/1863/2034
f 7261/1901/2032 7256/1867/2032 7246/1867/2032 7258/1901/2032
f 7268/1903/2031 7262/1861/2031 7247/1865/2031 7254/1864/2031
f 7440/1863/2033 7445/1865/2033 7248/1865/2033 7167/1863/2033
f 7206/1858/2031 7164/1848/2031 7262/1861/2031 7268/1903/2031
f 7240/1860/2032 7261/1901/2032 7258/1901/2032 7163/1860/2032
f 7194/1878/2031 7183/1877/2031 7265/1904/2031 7266/1905/2031
f 7162/1860/2032 7257/1901/2032 7259/1901/2032 7189/1860/2032
f 7162/1860/2031 7194/1878/2031 7266/1905/2031 7257/1901/2031
f 7183/1877/2031 7200/1890/2031 7267/1902/2031 7265/1904/2031
f 7200/1890/2031 7206/1858/2031 7268/1903/2031 7267/1902/2031
f 7189/1860/2032 7259/1901/2032 7260/1901/2032 7232/1860/2032
f 7232/1860/2032 7260/1901/2032 7261/1901/2032 7240/1860/2032
f 7247/1865/2034 7262/1861/2034 7264/1861/2034 7249/1865/2034
f 7445/1865/2033 7446/1861/2033 7263/1861/2033 7248/1865/2033
f 7185/1886/2036 7325/1886/2036 7320/1883/2036 7182/1883/2036
f 7172/1869/2037 7308/1869/2037 7312/1898/2037 7196/1898/2037
f 7495/1889/2037 7317/1889/2037 7338/1857/2037 7488/1906/2037
f 7488/1906/2037 7338/1857/2037 7293/1849/2037 7510/1849/2037
f 7188/1853/2038 7332/1853/2038 7331/1869/2038 7191/1869/2038
f 7195/1874/2039 7302/1874/2039 7303/1852/2039 7168/1852/2039
f 7490/1845/2039 7337/1845/2039 7315/1894/2039 7496/1894/2039
f 7500/1844/2039 7270/1844/2039 7337/1845/2039 7490/1845/2039
f 7191/1869/2037 7331/1869/2037 7308/1869/2037 7172/1869/2037
f 7502/1901/2036 7292/1901/2036 7279/1860/2036 7493/1860/2036
f 7524/1849/2037 7447/1849/2037 7281/1849/2037 7513/1849/2037
f 7168/1852/2039 7303/1852/2039 7330/1852/2039 7190/1852/2039
f 7508/1882/2039 7271/1882/2039 7272/1847/2039 7497/1847/2039
f 7492/1852/2036 7300/1852/2036 7369/1867/2036 7501/1867/2036
f 7504/1853/2036 7288/1853/2036 7300/1852/2036 7492/1852/2036
f 7196/1898/2037 7312/1898/2037 7325/1886/2037 7185/1886/2037
f 7157/1859/2037 7426/1859/2037 7427/1859/2037 7238/1859/2037
f 7499/1876/2037 7318/1876/2037 7317/1889/2037 7495/1889/2037
f 7520/1847/2036 7274/1847/2036 7350/1846/2036 7521/1846/2036
f 7506/1847/2039 7359/1847/2039 7273/1847/2039 7519/1847/2039
f 7496/1894/2039 7315/1894/2039 7316/1881/2039 7507/1881/2039
f 7497/1847/2039 7272/1847/2039 7328/1847/2039 7505/1847/2039
f 7498/1875/2037 7282/1875/2037 7318/1876/2037 7499/1876/2037
f 7518/1844/2039 7277/1844/2039 7270/1844/2039 7500/1844/2039
f 7501/1867/2036 7369/1867/2036 7292/1901/2036 7502/1901/2036
f 7522/1900/2036 7309/1900/2036 7287/1869/2036 7503/1869/2036
f 7503/1869/2036 7287/1869/2036 7288/1853/2036 7504/1853/2036
f 7505/1847/2039 7328/1847/2039 7359/1847/2039 7506/1847/2039
f 7507/1881/2039 7316/1881/2039 7271/1882/2039 7508/1882/2039
f 7510/1849/2037 7293/1849/2037 7280/1849/2037 7511/1849/2037
f 7190/1852/2038 7330/1852/2038 7332/1853/2038 7188/1853/2038
f 7523/1844/2039 7452/1844/2039 7277/1844/2039 7518/1844/2039
f 7519/1847/2039 7273/1847/2039 7274/1847/2039 7520/1847/2039
f 7521/1846/2036 7350/1846/2036 7309/1900/2036 7522/1900/2036
f 7346/1842/2040 7337/1845/2041 7270/1844/2042 7269/1843/2042
f 7358/1846/2043 7350/1846/2043 7274/1847/2043 7273/1847/2043
f 7449/1848/2044 7295/1848/2044 7281/1849/2044 7447/1849/2044
f 7451/1850/2044 7306/1850/2044 7286/1851/2044 7448/1851/2044
f 7304/1852/2043 7300/1852/2043 7288/1853/2043 7290/1853/2043
f 7483/1854/2042 7339/1856/2042 7284/1851/2042 7480/1855/2042
f 7338/1857/2041 7340/1858/2041 7294/1848/2042 7293/1849/2042
f 7278/1860/2037 7423/1860/2037 7432/1860/2037 7329/1860/2037
f 7295/1848/2039 7528/1848/2039 7536/1848/2039 7516/1848/2039
f 7472/1862/2044 7464/1862/2044 7285/1863/2044 7450/1863/2044
f 7345/1864/2042 7341/1866/2042 7283/1863/2042 7298/1865/2042
f 7378/1867/2043 7369/1867/2043 7300/1852/2043 7304/1852/2043
f 7453/1868/2044 7348/1868/2044 7306/1850/2044 7451/1850/2044
f 7290/1853/2043 7288/1853/2043 7287/1869/2043 7311/1869/2043
f 7339/1856/2042 7342/1870/2042 7305/1850/2042 7284/1851/2042
f 7347/1868/2045 7351/1868/2045 7310/1850/2045 7305/1850/2045
f 7463/1862/2046 7465/1862/2046 7301/1863/2046 7283/1863/2046
f 7370/1861/2046 7532/1861/2046 7527/1848/2046 7294/1848/2046
f 7305/1850/2045 7310/1850/2045 7289/1851/2045 7284/1851/2045
f 7294/1848/2047 7527/1848/2047 7280/1849/2047 7293/1849/2047
f 7282/1875/2048 7296/1878/2048 7322/1877/2048 7318/1876/2048
f 7335/1879/2048 7271/1882/2048 7316/1881/2048 7327/1880/2048
f 7368/1867/2043 7373/1867/2043 7330/1852/2043 7303/1852/2043
f 7230/1859/2037 7433/1859/2037 7431/1859/2037 7187/1859/2037
f 7349/1846/2043 7353/1846/2043 7328/1847/2043 7272/1847/2043
f 7349/1846/2048 7272/1847/2048 7271/1882/2048 7335/1879/2048
f 7187/1859/2037 7431/1859/2037 7424/1859/2037 7155/1859/2037
f 7368/1867/2048 7303/1852/2048 7302/1874/2048 7336/1871/2048
f 7320/1883/2048 7325/1886/2048 7324/1885/2048 7319/1884/2048
f 7318/1876/2048 7322/1877/2048 7321/1890/2048 7317/1889/2048
f 7327/1880/2048 7316/1881/2048 7315/1894/2048 7344/1893/2048
f 7317/1889/2048 7321/1890/2048 7340/1858/2041 7338/1857/2041
f 7344/1893/2048 7315/1894/2048 7337/1845/2041 7346/1842/2040
f 7325/1886/2048 7352/1897/2048 7355/1896/2048 7324/1885/2048
f 7308/1869/2048 7307/1900/2048 7354/1899/2048 7312/1898/2048
f 7308/1869/2043 7331/1869/2043 7334/1900/2043 7307/1900/2043
f 7312/1898/2048 7354/1899/2048 7352/1897/2048 7325/1886/2048
f 7269/1843/2045 7313/1843/2045 7351/1868/2045 7347/1868/2045
f 7454/1843/2044 7275/1843/2044 7348/1868/2044 7453/1868/2044
f 7311/1869/2043 7287/1869/2043 7309/1900/2043 7357/1900/2043
f 7342/1870/2042 7356/1895/2042 7347/1868/2042 7305/1850/2042
f 7452/1844/2044 7276/1844/2044 7275/1843/2044 7454/1843/2044
f 7270/1844/2045 7277/1844/2045 7313/1843/2045 7269/1843/2045
f 7357/1900/2043 7309/1900/2043 7350/1846/2043 7358/1846/2043
f 7356/1895/2042 7346/1842/2040 7269/1843/2042 7347/1868/2042
f 7331/1869/2043 7363/1869/2043 7364/1900/2043 7334/1900/2043
f 7332/1853/2043 7360/1853/2043 7363/1869/2043 7331/1869/2043
f 7373/1867/2043 7377/1867/2043 7362/1852/2043 7330/1852/2043
f 7361/1860/2037 7434/1860/2037 7430/1860/2037 7297/1860/2037
f 7330/1852/2043 7362/1852/2043 7360/1853/2043 7332/1853/2043
f 7353/1846/2043 7365/1846/2043 7359/1847/2043 7328/1847/2043
f 7297/1860/2037 7430/1860/2037 7425/1860/2037 7279/1860/2037
f 7365/1846/2043 7358/1846/2043 7273/1847/2043 7359/1847/2043
f 7283/1863/2046 7301/1863/2046 7314/1865/2046 7298/1865/2046
f 7367/1901/2043 7292/1901/2043 7369/1867/2043 7378/1867/2043
f 7376/1903/2040 7345/1864/2042 7298/1865/2042 7370/1861/2042
f 7515/1861/2037 7535/1861/2037 7531/1861/2037 7371/1861/2037
f 7340/1858/2041 7376/1903/2040 7370/1861/2042 7294/1848/2042
f 7297/1860/2043 7279/1860/2043 7292/1901/2043 7367/1901/2043
f 7296/1878/2048 7374/1905/2048 7372/1904/2048 7322/1877/2048
f 7278/1860/2043 7329/1860/2043 7333/1901/2043 7291/1901/2043
f 7278/1860/2048 7291/1901/2048 7374/1905/2048 7296/1878/2048
f 7322/1877/2048 7372/1904/2048 7375/1902/2048 7321/1890/2048
f 7321/1890/2048 7375/1902/2048 7376/1903/2040 7340/1858/2041
f 7329/1860/2043 7361/1860/2043 7366/1901/2043 7333/1901/2043
f 7361/1860/2043 7297/1860/2043 7367/1901/2043 7366/1901/2043
f 7298/1865/2046 7314/1865/2046 7532/1861/2046 7370/1861/2046
f 7455/1865/2044 7299/1865/2044 7371/1861/2044 7456/1861/2044
f 7372/1904/2039 7409/1904/2039 7413/1902/2039 7375/1902/2039
f 7483/1854/2049 7485/1854/2049 7379/1856/2049 7339/1856/2049
f 7356/1895/2049 7392/1895/2049 7398/1842/2049 7346/1842/2049
f 7291/1901/2039 7419/1901/2039 7411/1905/2039 7374/1905/2039
f 7345/1864/2049 7386/1864/2049 7381/1866/2049 7341/1866/2049
f 7304/1852/2050 7405/1852/2050 7416/1867/2050 7378/1867/2050
f 7333/1901/2039 7420/1901/2039 7419/1901/2039 7291/1901/2039
f 7339/1856/2049 7379/1856/2049 7383/1870/2049 7342/1870/2049
f 7377/1867/2051 7415/1867/2051 7403/1852/2051 7362/1852/2051
f 7374/1905/2039 7411/1905/2039 7409/1904/2039 7372/1904/2039
f 7362/1852/2051 7403/1852/2051 7402/1853/2051 7360/1853/2051
f 7466/1907/2052 7468/1907/2052 7382/1888/2053 7323/1888/2053
f 7376/1903/2049 7414/1903/2049 7386/1864/2049 7345/1864/2049
f 7378/1867/2050 7416/1867/2050 7422/1901/2050 7367/1901/2050
f 7360/1853/2051 7402/1853/2051 7401/1869/2051 7363/1869/2051
f 7323/1888/2053 7382/1888/2053 7385/1887/2054 7343/1887/2054
f 7354/1899/2039 7394/1899/2039 7393/1897/2039 7352/1897/2039
f 7363/1869/2051 7401/1869/2051 7399/1900/2051 7364/1900/2051
f 7324/1885/2050 7384/1885/2050 7380/1884/2055 7319/1884/2055
f 7334/1900/2039 7390/1900/2039 7388/1900/2039 7307/1900/2039
f 7307/1900/2039 7388/1900/2039 7394/1899/2039 7354/1899/2039
f 7353/1846/2037 7389/1846/2037 7400/1846/2037 7365/1846/2037
f 7380/1884/2048 7384/1885/2048 7383/1870/2048 7379/1856/2048
f 7385/1887/2048 7382/1888/2048 7381/1866/2048 7386/1864/2048
f 7484/1892/2048 7380/1884/2048 7379/1856/2048 7485/1854/2048
f 7384/1885/2048 7391/1896/2048 7392/1895/2048 7383/1870/2048
f 7391/1896/2048 7397/1893/2048 7398/1842/2048 7392/1895/2048
f 7393/1897/2048 7395/1880/2048 7397/1893/2048 7391/1896/2048
f 7388/1900/2048 7387/1846/2048 7396/1879/2048 7394/1899/2048
f 7388/1900/2043 7390/1900/2043 7389/1846/2043 7387/1846/2043
f 7394/1899/2048 7396/1879/2048 7395/1880/2048 7393/1897/2048
f 7390/1900/2043 7399/1900/2043 7400/1846/2043 7389/1846/2043
f 7399/1900/2043 7407/1900/2043 7408/1846/2043 7400/1846/2043
f 7401/1869/2043 7406/1869/2043 7407/1900/2043 7399/1900/2043
f 7402/1853/2043 7404/1853/2043 7406/1869/2043 7401/1869/2043
f 7415/1867/2043 7416/1867/2043 7405/1852/2043 7403/1852/2043
f 7403/1852/2043 7405/1852/2043 7404/1853/2043 7402/1853/2043
f 7421/1901/2043 7422/1901/2043 7416/1867/2043 7415/1867/2043
f 7420/1901/2043 7421/1901/2043 7415/1867/2043 7417/1867/2043
f 7413/1902/2048 7385/1887/2048 7386/1864/2048 7414/1903/2048
f 7409/1904/2048 7410/1872/2048 7385/1887/2048 7413/1902/2048
f 7419/1901/2048 7418/1867/2048 7412/1871/2048 7411/1905/2048
f 7419/1901/2043 7420/1901/2043 7417/1867/2043 7418/1867/2043
f 7411/1905/2048 7412/1871/2048 7410/1872/2048 7409/1904/2048
f 7346/1842/2037 7398/1842/2037 7397/1893/2037 7344/1893/2037
f 7373/1867/2037 7417/1867/2037 7415/1867/2037 7377/1867/2037
f 7375/1902/2039 7413/1902/2039 7414/1903/2039 7376/1903/2039
f 7344/1893/2037 7397/1893/2037 7395/1880/2037 7327/1880/2037
f 7365/1846/2037 7400/1846/2037 7408/1846/2037 7358/1846/2037
f 7366/1901/2039 7421/1901/2039 7420/1901/2039 7333/1901/2039
f 7335/1879/2037 7396/1879/2037 7387/1846/2037 7349/1846/2037
f 7343/1887/2056 7385/1887/2056 7410/1872/2057 7326/1872/2058
f 7355/1896/2050 7391/1896/2050 7384/1885/2050 7324/1885/2050
f 7358/1846/2050 7408/1846/2050 7407/1900/2050 7357/1900/2050
f 7367/1901/2039 7422/1901/2039 7421/1901/2039 7366/1901/2039
f 7349/1846/2037 7387/1846/2037 7389/1846/2037 7353/1846/2037
f 7336/1871/2059 7412/1871/2060 7418/1867/2037 7368/1867/2037
f 7342/1870/2049 7383/1870/2049 7392/1895/2049 7356/1895/2049
f 7357/1900/2050 7407/1900/2050 7406/1869/2050 7311/1869/2050
f 7327/1880/2037 7395/1880/2037 7396/1879/2037 7335/1879/2037
f 7368/1867/2037 7418/1867/2037 7417/1867/2037 7373/1867/2037
f 7311/1869/2050 7406/1869/2050 7404/1853/2050 7290/1853/2050
f 7364/1900/2039 7399/1900/2039 7390/1900/2039 7334/1900/2039
f 7326/1872/2058 7410/1872/2057 7412/1871/2060 7336/1871/2059
f 7352/1897/2039 7393/1897/2039 7391/1896/2039 7355/1896/2039
f 7290/1853/2050 7404/1853/2050 7405/1852/2050 7304/1852/2050
f 7427/1859/2061 7426/1859/2061 7425/1860/2061 7430/1860/2061
f 7424/1859/2043 7431/1859/2043 7432/1860/2043 7423/1860/2043
f 7424/1859/2048 7423/1860/2048 7429/1878/2048 7428/1875/2048
f 7431/1859/2043 7433/1859/2043 7434/1860/2043 7432/1860/2043
f 7433/1859/2043 7427/1859/2043 7430/1860/2043 7434/1860/2043
f 7238/1859/2037 7427/1859/2037 7433/1859/2037 7230/1859/2037
f 7155/1859/2037 7424/1859/2037 7428/1875/2037 7193/1875/2037
f 7282/1875/2062 7428/1875/2062 7429/1878/2062 7296/1878/2062
f 7329/1860/2037 7432/1860/2037 7434/1860/2037 7361/1860/2037
f 7296/1878/2037 7429/1878/2037 7423/1860/2037 7278/1860/2037
f 7282/1875/2037 7498/1875/2037 7193/1875/2037 7428/1875/2037
f 7157/1859/2063 7163/1860/2063 7425/1860/2063 7426/1859/2063
f 7435/1908/2031 7184/1873/2031 7471/1909/2031
f 7470/1910/2048 7323/1911/2048 7326/1912/2048 7436/1913/2048
f 7435/1908/2064 7471/1909/2064 7470/1910/2064 7436/1913/2064
f 7182/1883/2065 7471/1914/2065 7184/1873/2065 7460/1915/2065 7477/1891/2065
f 7435/1908/2039 7436/1913/2039 7302/1874/2039 7195/1874/2039
f 7184/1873/2066 7435/1908/2066 7195/1874/2066
f 7336/1871/2048 7302/1874/2048 7436/1913/2048 7326/1912/2048
f 7470/1916/2048 7320/1883/2048 7319/1884/2048 7482/1892/2048
f 7326/1872/2048 7323/1911/2048 7343/1887/2048
f 7516/1848/2067 7513/1849/2067 7281/1849/2067 7295/1848/2067
f 7516/1848/2068 7536/1848/2068 7535/1861/2068 7515/1861/2068
f 7509/1865/2067 7515/1861/2067 7371/1861/2067 7299/1865/2067
f 7449/1848/2039 7527/1848/2039 7528/1848/2039 7295/1848/2039
f 7525/1862/2067 7489/1863/2067 7285/1863/2067 7464/1862/2067
f 7512/1850/2067 7514/1851/2067 7286/1851/2067 7306/1850/2067
f 7494/1868/2067 7512/1850/2067 7306/1850/2067 7348/1868/2067
f 7491/1843/2067 7494/1868/2067 7348/1868/2067 7275/1843/2067
f 7517/1844/2069 7491/1843/2069 7275/1843/2069 7276/1844/2069
f 7314/1865/2070 7455/1865/2070 7456/1861/2070 7532/1861/2070
f 7301/1863/2071 7450/1863/2071 7455/1865/2071 7314/1865/2071
f 7277/1844/2072 7452/1844/2072 7454/1843/2072 7313/1843/2072
f 7313/1843/2072 7454/1843/2072 7453/1868/2072 7351/1868/2072
f 7351/1868/2072 7453/1868/2072 7451/1850/2072 7310/1850/2072
f 7465/1862/2071 7472/1862/2071 7450/1863/2071 7301/1863/2071
f 7310/1850/2072 7451/1850/2072 7448/1851/2072 7289/1851/2072
f 7527/1848/2073 7449/1848/2073 7447/1849/2073 7280/1849/2073
f 7517/1844/2039 7276/1844/2039 7452/1844/2039 7523/1844/2039
f 7511/1849/2037 7280/1849/2037 7447/1849/2037 7524/1849/2037
f 7249/1865/2074 7264/1861/2074 7446/1861/2074 7445/1865/2074
f 7178/1863/2074 7249/1865/2074 7445/1865/2074 7440/1863/2074
f 7174/1844/2074 7221/1843/2074 7444/1843/2074 7442/1844/2074
f 7221/1843/2074 7213/1868/2074 7443/1868/2074 7444/1843/2074
f 7213/1868/2074 7179/1850/2074 7441/1850/2074 7443/1868/2074
f 7459/1862/2074 7178/1863/2074 7440/1863/2074 7473/1862/2074
f 7264/1861/2074 7177/1848/2074 7439/1848/2074 7446/1861/2074
f 7179/1850/2074 7176/1851/2074 7438/1851/2074 7441/1850/2074
f 7177/1848/2074 7175/1849/2074 7437/1849/2074 7439/1848/2074
f 7476/1855/2074 7459/1862/2074 7473/1862/2074 7487/1855/2074
f 7539/1855/2070 7486/1855/2070 7472/1862/2070 7465/1862/2070
f 7455/1865/2039 7314/1865/2039 7529/1865/2039 7299/1865/2039
f 7470/1910/2048 7466/1907/2048 7323/1888/2048
f 7382/1888/2048 7468/1907/2048 7469/1917/2048 7381/1866/2048
f 7482/1892/2075 7484/1892/2075 7468/1907/2052 7466/1907/2052
f 7341/1866/2049 7381/1866/2049 7469/1917/2049 7467/1917/2049
f 7480/1855/2046 7539/1855/2046 7465/1862/2046 7463/1862/2046
f 7472/1862/2039 7465/1862/2039 7537/1862/2039 7464/1862/2039
f 7341/1866/2042 7467/1917/2042 7463/1862/2042 7283/1863/2042
f 7201/1888/2031 7207/1866/2031 7462/1917/2031 7461/1907/2031
f 7184/1873/2031 7201/1888/2031 7461/1907/2031 7460/1915/2031
f 7474/1855/2034 7457/1862/2034 7459/1862/2034 7476/1855/2034
f 7487/1855/2033 7473/1862/2033 7458/1862/2033 7475/1855/2033
f 7207/1866/2031 7166/1863/2031 7457/1862/2031 7462/1917/2031
f 7438/1851/2033 7487/1855/2033 7475/1855/2033 7160/1851/2033
f 7159/1851/2034 7474/1855/2034 7476/1855/2034 7176/1851/2034
f 7448/1851/2044 7286/1851/2044 7481/1855/2044 7486/1855/2044
f 7284/1851/2076 7289/1851/2076 7539/1855/2076 7480/1855/2076
f 7319/1884/2055 7380/1884/2055 7484/1892/2075 7482/1892/2075
f 7182/1883/2036 7320/1883/2036 7470/1916/2036 7471/1914/2036
f 7514/1851/2067 7526/1855/2067 7481/1855/2067 7286/1851/2067
f 7289/1851/2077 7448/1851/2077 7486/1855/2077 7539/1855/2077
f 7176/1851/2074 7476/1855/2074 7487/1855/2074 7438/1851/2074
f 7470/1918/2048 7482/1892/2048 7466/1907/2048
f 7468/1907/2048 7484/1892/2048 7485/1854/2048 7469/1917/2048
f 7467/1917/2049 7469/1917/2049 7485/1854/2049 7483/1854/2049
f 7467/1917/2042 7483/1854/2042 7480/1855/2042 7463/1862/2042
f 7461/1907/2031 7462/1917/2031 7479/1854/2031 7478/1892/2031
f 7460/1915/2031 7461/1907/2031 7478/1892/2031 7477/1891/2031
f 7462/1917/2031 7457/1862/2031 7474/1855/2031 7479/1854/2031
f 7160/1851/2078 7475/1855/2078 7526/1855/2078 7514/1851/2078
f 7475/1855/2078 7458/1862/2078 7525/1862/2078 7526/1855/2078
f 7175/1849/2037 7511/1849/2037 7524/1849/2037 7437/1849/2037
f 7154/1844/2039 7517/1844/2039 7523/1844/2039 7442/1844/2039
f 7154/1844/2079 7220/1843/2079 7491/1843/2079 7517/1844/2079
f 7220/1843/2078 7210/1868/2078 7494/1868/2078 7491/1843/2078
f 7210/1868/2078 7171/1850/2078 7512/1850/2078 7494/1868/2078
f 7171/1850/2078 7160/1851/2078 7514/1851/2078 7512/1850/2078
f 7458/1862/2078 7167/1863/2078 7489/1863/2078 7525/1862/2078
f 7167/1863/2078 7248/1865/2078 7509/1865/2078 7489/1863/2078
f 7248/1865/2078 7263/1861/2078 7515/1861/2078 7509/1865/2078
f 7263/1861/2078 7165/1848/2078 7516/1848/2078 7515/1861/2078
f 7165/1848/2078 7158/1849/2078 7513/1849/2078 7516/1848/2078
f 7227/1846/2036 7521/1846/2036 7522/1900/2036 7212/1900/2036
f 7237/1847/2039 7519/1847/2039 7520/1847/2039 7153/1847/2039
f 7442/1844/2039 7523/1844/2039 7518/1844/2039 7174/1844/2039
f 7156/1849/2037 7510/1849/2037 7511/1849/2037 7175/1849/2037
f 7180/1881/2039 7507/1881/2039 7508/1882/2039 7192/1882/2039
f 7186/1847/2039 7505/1847/2039 7506/1847/2039 7229/1847/2039
f 7173/1869/2036 7503/1869/2036 7504/1853/2036 7161/1853/2036
f 7212/1900/2036 7522/1900/2036 7503/1869/2036 7173/1869/2036
f 7246/1867/2036 7501/1867/2036 7502/1901/2036 7258/1901/2036
f 7174/1844/2039 7518/1844/2039 7500/1844/2039 7152/1844/2039
f 7193/1875/2037 7498/1875/2037 7499/1876/2037 7181/1876/2037
f 7151/1847/2039 7497/1847/2039 7505/1847/2039 7186/1847/2039
f 7197/1894/2039 7496/1894/2039 7507/1881/2039 7180/1881/2039
f 7229/1847/2039 7506/1847/2039 7519/1847/2039 7237/1847/2039
f 7153/1847/2036 7520/1847/2036 7521/1846/2036 7227/1846/2036
f 7181/1876/2037 7499/1876/2037 7495/1889/2037 7198/1889/2037
f 7161/1853/2036 7504/1853/2036 7492/1852/2036 7169/1852/2036
f 7169/1852/2036 7492/1852/2036 7501/1867/2036 7246/1867/2036
f 7192/1882/2039 7508/1882/2039 7497/1847/2039 7151/1847/2039
f 7437/1849/2037 7524/1849/2037 7513/1849/2037 7158/1849/2037
f 7258/1901/2036 7502/1901/2036 7493/1860/2036 7163/1860/2036
f 7152/1844/2039 7500/1844/2039 7490/1845/2039 7203/1845/2039
f 7203/1845/2039 7490/1845/2039 7496/1894/2039 7197/1894/2039
f 7204/1857/2037 7488/1906/2037 7510/1849/2037 7156/1849/2037
f 7198/1889/2037 7495/1889/2037 7488/1906/2037 7204/1857/2037
f 7532/1861/2080 7531/1861/2080 7528/1848/2080 7527/1848/2080
f 7301/1863/2080 7530/1863/2080 7529/1865/2080 7314/1865/2080
f 7535/1861/2067 7536/1848/2067 7528/1848/2067 7531/1861/2067
f 7533/1863/2067 7534/1865/2067 7529/1865/2067 7530/1863/2067
f 7541/1855/2067 7540/1862/2067 7537/1862/2067 7538/1855/2067
f 7539/1855/2080 7538/1855/2080 7537/1862/2080 7465/1862/2080
f 7464/1862/2039 7537/1862/2039 7540/1862/2039 7525/1862/2039
f 7489/1863/2037 7533/1863/2037 7530/1863/2037 7285/1863/2037
f 7481/1855/2037 7538/1855/2037 7539/1855/2037 7486/1855/2037
f 7526/1855/2037 7541/1855/2037 7538/1855/2037 7481/1855/2037
f 7456/1861/2070 7449/1848/2070 7527/1848/2070 7532/1861/2070
f 7285/1863/2037 7530/1863/2037 7301/1863/2037 7450/1863/2037
f 7371/1861/2037 7531/1861/2037 7532/1861/2037 7456/1861/2037
f 7525/1862/2081 7540/1862/2081 7541/1855/2081 7526/1855/2081
f 7509/1865/2082 7534/1865/2082 7533/1863/2082 7489/1863/2082
f 7299/1865/2039 7529/1865/2039 7534/1865/2039 7509/1865/2039
o Plane.035
v -5.209769 7.000732 -19.961374
v -4.925337 7.263377 -19.961374
v -5.209769 7.000732 -23.072208
v -4.925337 7.263376 -23.072208
v -5.156898 3.407367 -19.961374
v -5.156898 3.407367 -23.072208
v -5.108063 6.954046 -23.072208
v -5.108063 6.954047 -19.961374
v -5.055192 3.360682 -19.961374
v -4.823630 7.216691 -19.961374
v -4.823630 7.216690 -23.072208
v -5.055192 3.360681 -23.072208
vn -0.6784 0.7347 -0.0000
vn -0.9999 -0.0147 -0.0000
vn 0.6784 -0.7347 -0.0000
vn 0.9999 0.0147 -0.0000
vn -0.0000 -0.0000 -1.0000
vn 0.4172 0.9088 -0.0000
vn -0.0000 -0.0000 1.0000
vn -0.4172 -0.9088 -0.0000
vt 0.000000 0.566553
vt 0.000000 0.956798
vt 0.770591 0.956798
vt 0.770591 0.566553
s 1
f 7542/1919/2083 7543/1919/2083 7545/1920/2083 7544/1920/2083
f 7542/1919/2084 7544/1920/2084 7547/1921/2084 7546/1922/2084
f 7549/1919/2085 7548/1920/2085 7552/1920/2085 7551/1919/2085
f 7549/1919/2086 7550/1922/2086 7553/1921/2086 7548/1920/2086
f 7547/1921/2087 7544/1920/2087 7548/1920/2087 7553/1921/2087
f 7545/1920/2088 7543/1919/2088 7551/1919/2088 7552/1920/2088
f 7542/1919/2089 7546/1922/2089 7550/1922/2089 7549/1919/2089
f 7546/1922/2090 7547/1921/2090 7553/1921/2090 7550/1922/2090
f 7544/1920/2087 7545/1920/2087 7552/1920/2087 7548/1920/2087
f 7543/1919/2089 7542/1919/2089 7549/1919/2089 7551/1919/2089
o Plane.036
v -5.209769 7.000734 4.520789
v -4.925337 7.263379 4.520789
v -5.209769 7.000734 0.666357
v -4.925337 7.263378 0.666357
v -5.156898 3.407369 4.520789
v -5.156898 3.407369 0.666358
v -5.108063 6.954048 0.666357
v -5.108063 6.954049 4.520789
v -5.055192 3.360683 4.520789
v -4.823630 7.216692 4.520789
v -4.823630 7.216692 0.666357
v -5.055192 3.360683 0.666358
vn -0.6784 0.7347 -0.0000
vn -0.9999 -0.0147 -0.0000
vn 0.6784 -0.7347 -0.0000
vn 0.9999 0.0147 -0.0000
vn -0.0000 -0.0000 -1.0000
vn 0.4172 0.9088 -0.0000
vn -0.0000 -0.0000 1.0000
vn -0.4172 -0.9088 -0.0000
vt 0.000000 0.566553
vt 0.000000 0.956798
vt 0.770591 0.956798
vt 0.770591 0.566553
s 1
f 7554/1923/2091 7555/1923/2091 7557/1924/2091 7556/1924/2091
f 7554/1923/2092 7556/1924/2092 7559/1925/2092 7558/1926/2092
f 7561/1923/2093 7560/1924/2093 7564/1924/2093 7563/1923/2093
f 7561/1923/2094 7562/1926/2094 7565/1925/2094 7560/1924/2094
f 7559/1925/2095 7556/1924/2095 7560/1924/2095 7565/1925/2095
f 7557/1924/2096 7555/1923/2096 7563/1923/2096 7564/1924/2096
f 7554/1923/2097 7558/1926/2097 7562/1926/2097 7561/1923/2097
f 7558/1926/2098 7559/1925/2098 7565/1925/2098 7562/1926/2098
f 7556/1924/2095 7557/1924/2095 7564/1924/2095 7560/1924/2095
f 7555/1923/2097 7554/1923/2097 7561/1923/2097 7563/1923/2097
o Plane.037
v -4.931636 6.898928 4.938468
v -4.863025 2.235800 4.938469
v -3.831511 7.809659 4.938468
v -4.539270 1.172495 4.938469
v -4.931636 6.898927 -0.000012
v -4.863025 2.235799 -0.000011
v -3.831511 7.809659 -0.000012
v -4.590029 1.173601 -0.000011
v -4.863025 2.235799 2.469229
v -4.590029 1.173601 2.469229
v -3.831511 7.809659 2.469229
v -4.931636 6.898927 0.234894
v -3.831511 7.809659 0.234894
v -4.863025 2.235799 0.234895
v -4.590029 1.173601 0.234895
v -4.863025 2.235799 0.670609
v -4.590029 1.173601 0.670609
v -4.931636 6.898927 0.670607
v -3.831511 7.809659 0.670607
v -4.863025 2.235799 4.505544
v -4.590029 1.173601 4.505544
v -4.931636 6.898928 4.505544
v -3.831511 7.809659 4.505544
v -4.678913 1.951547 4.938469
v -4.678913 1.951547 -0.000011
v -4.678914 1.951547 2.469229
v -4.678914 1.951547 0.234895
v -4.678914 1.951547 0.670609
v -4.678914 1.951547 4.505544
v -4.879585 3.361284 4.938468
v -4.879585 3.361284 -0.000011
v -4.879585 3.361284 2.469229
v -4.879585 3.361284 0.234895
v -4.879585 3.361284 0.670609
v -4.879585 3.361284 4.505544
v -4.608754 7.166223 4.938468
v -4.608754 7.166222 -0.000012
v -4.608754 7.166222 2.469229
v -4.608755 7.166222 0.234894
v -4.608754 7.166222 0.670607
v -4.608754 7.166223 4.505544
v -4.917001 5.904276 4.938468
v -4.917001 5.904276 -0.000011
v -4.917001 5.904276 0.234895
v -4.917001 5.904276 0.670608
v -4.917001 5.904276 4.505544
v -4.877778 3.238476 4.938468
v -4.877778 3.238475 -0.000011
v -4.877778 3.238475 2.469229
v -4.877778 3.238475 0.234895
v -4.877778 3.238475 0.670609
v -4.877778 3.238475 4.505544
v -4.876037 3.120183 4.938469
v -4.876037 3.120182 -0.000011
v -4.876038 3.120182 2.469229
v -4.876038 3.120182 0.234895
v -4.876038 3.120182 0.670609
v -4.876038 3.120182 4.505544
v -4.863025 2.235799 4.634256
v -4.590029 1.173601 4.634256
v -4.931636 6.898928 4.634255
v -3.831511 7.809659 4.634255
v -4.678914 1.951547 4.634256
v -4.879585 3.361284 4.634255
v -4.608755 7.166223 4.634255
v -4.917001 5.904276 4.634255
v -4.877778 3.238475 4.634255
v -4.876038 3.120182 4.634256
v -4.863025 2.235800 4.756475
v -4.590029 1.173601 4.756476
v -4.678914 1.951547 4.756475
v -4.879585 3.361284 4.756474
v -4.917001 5.904276 4.756474
v -4.877778 3.238476 4.756474
v -4.876038 3.120183 4.756475
v -4.931636 6.898928 4.756474
v -3.831511 7.809659 4.756474
v -4.608755 7.166223 4.756474
v -4.511599 7.246653 4.938468
v -4.511599 7.246652 -0.000012
v -4.511599 7.246652 2.469229
v -4.511599 7.246652 0.234894
v -4.511599 7.246652 0.670607
v -4.511599 7.246653 4.505544
v -4.511599 7.246653 4.634255
v -4.511599 7.246653 4.756474
v -4.401220 7.338028 4.938468
v -4.401220 7.338028 -0.000012
v -4.401220 7.338028 2.469229
v -4.401220 7.338028 0.234894
v -4.401220 7.338028 0.670607
v -4.401220 7.338028 4.505544
v -4.401220 7.338028 4.634255
v -4.401220 7.338028 4.756474
v -4.931636 6.898927 0.547222
v -3.831511 7.809659 0.547222
v -4.863025 2.235799 0.547223
v -4.590029 1.173601 0.547223
v -4.678914 1.951547 0.547223
v -4.879585 3.361284 0.547223
v -4.608755 7.166222 0.547222
v -4.917001 5.904276 0.547223
v -4.877778 3.238475 0.547223
v -4.876038 3.120182 0.547223
v -4.511599 7.246652 0.547222
v -4.401220 7.338028 0.547222
v -4.931636 6.898927 0.424522
v -3.831511 7.809659 0.424522
v -4.608755 7.166222 0.424522
v -4.511599 7.246652 0.424522
v -4.401220 7.338028 0.424522
v -4.863025 2.235799 0.424523
v -4.590029 1.173601 0.424523
v -4.678914 1.951547 0.424523
v -4.879585 3.361284 0.424523
v -4.917001 5.904276 0.424523
v -4.877778 3.238475 0.424523
v -4.876038 3.120182 0.424523
v -5.341412 2.261015 4.756475
v -5.341412 2.261015 4.938469
v -5.385879 5.998769 4.938468
v -5.400513 6.993420 4.938468
v -4.870098 7.432521 4.938468
v -4.300389 7.904151 4.938468
v -5.094178 1.283566 4.756476
v -5.094178 1.283566 4.938469
v -5.520654 1.976762 4.938469
v -5.400513 6.993419 0.234894
v -4.300389 7.904151 0.234894
v -5.520654 1.976762 -0.000011
v -5.094178 1.283566 -0.000011
v -5.385879 5.998769 -0.000011
v -5.341412 2.261015 0.670609
v -5.341412 2.261015 2.469229
v -5.094178 1.283566 0.670609
v -5.094178 1.283566 2.469229
v -4.300389 7.904151 4.505544
v -4.300389 7.904151 2.469228
v -5.520654 1.976762 2.469229
v -4.870098 7.432521 2.469229
v -5.400513 6.993419 0.424522
v -4.300389 7.904151 0.424522
v -5.341412 2.261015 -0.000011
v -5.341412 2.261015 0.234895
v -5.094178 1.283566 0.234895
v -5.385879 5.998769 0.234895
v -4.870098 7.432521 0.234894
v -5.341412 2.261015 0.547223
v -5.094178 1.283566 0.547223
v -4.300389 7.904151 0.670607
v -5.501056 1.968408 0.670609
v -5.385879 5.998769 0.670608
v -5.400513 6.993419 0.670607
v -4.870098 7.432521 0.670607
v -5.341412 2.261015 4.505544
v -5.094178 1.283566 4.505544
v -5.400513 6.993420 4.634255
v -5.400513 6.993420 4.505544
v -4.300389 7.904151 4.634255
v -5.520654 1.976762 4.505544
v -4.870098 7.432521 4.505544
v -5.385879 5.998769 4.505544
v -5.520654 1.976762 4.756475
v -5.501056 1.968408 0.547223
v -5.346655 3.332968 4.938468
v -5.348462 3.455777 4.938468
v -5.346655 3.332968 -0.000011
v -5.348462 3.455777 -0.000011
v -5.346655 3.332968 2.469229
v -5.348462 3.455777 2.469229
v -5.346655 3.332968 0.234895
v -5.348462 3.455777 0.234895
v -5.346656 3.333006 0.670609
v -5.346655 3.332968 4.505544
v -5.348462 3.455777 4.505544
v -5.348462 3.455777 0.547305
v -5.348462 3.455777 4.756474
v -5.077632 7.260715 4.938468
v -5.077632 7.260715 0.234894
v -5.077632 7.260715 0.670607
v -5.077632 7.260715 4.505544
v -5.077632 7.260715 2.469229
v -5.077632 7.260715 0.424522
v -5.077632 7.260715 4.634255
v -5.385879 5.998769 4.756474
v -5.385879 5.998769 0.547222
v -5.344914 3.214674 4.938468
v -5.344914 3.214674 -0.000011
v -5.344914 3.214674 2.469229
v -5.344914 3.214674 0.234895
v -5.344914 3.214674 0.670609
v -5.344914 3.214674 4.505544
v -5.346655 3.332968 0.547223
v -5.346655 3.332968 4.756474
v -5.344914 3.214674 0.547223
v -5.344914 3.214674 4.756474
v -5.341412 2.261015 4.634256
v -5.094178 1.283566 4.634256
v -5.400513 6.993420 4.756474
v -4.300389 7.904151 4.756474
v -5.520654 1.976762 4.634256
v -5.348462 3.455777 4.634255
v -5.077632 7.260715 4.756474
v -5.385879 5.998769 4.634255
v -5.346655 3.332968 4.634255
v -5.344914 3.214674 4.634255
v -4.870098 7.432521 4.634255
v -4.870098 7.432521 4.756474
v -4.980476 7.341146 4.938468
v -4.980476 7.341145 2.469229
v -4.980476 7.341145 0.234894
v -4.980476 7.341145 0.670607
v -4.980476 7.341146 4.505544
v -4.980476 7.341146 4.634255
v -4.980476 7.341146 4.756474
v -4.980476 7.341145 0.424522
v -4.870098 7.432521 0.424522
v -5.400513 6.993419 0.547222
v -4.300389 7.904151 0.547222
v -5.341412 2.261015 0.424523
v -5.094178 1.283566 0.424523
v -5.348462 3.455777 0.424523
v -5.077632 7.260715 0.547222
v -5.385879 5.998769 0.424523
v -5.346655 3.332968 0.424523
v -5.344914 3.214674 0.424523
v -4.980476 7.341145 0.547222
v -4.870098 7.432521 0.547222
v -5.289431 3.192075 2.469229
v -5.291171 3.310368 2.469229
v -5.289431 3.192075 0.670609
v -5.291171 3.310368 0.670609
v -5.289431 3.192075 4.505544
v -5.291171 3.310368 4.505544
v -5.291171 3.310368 0.547223
v -5.289431 3.192075 0.547223
v -5.345029 6.970819 4.756474
v -5.345029 6.970819 4.634255
v -5.022148 7.238115 4.756474
v -5.022148 7.238115 4.634255
v -5.291171 3.310368 4.634255
v -5.289431 3.192075 4.634255
v -5.292978 3.433177 4.634255
v -5.330394 5.976170 4.634255
v -5.292978 3.433177 4.756474
v -5.330394 5.976170 4.756474
v -5.291171 3.310369 4.756474
v -5.289431 3.192075 4.756474
v -4.924993 7.318544 4.634255
v -4.924993 7.318544 4.756474
v -4.924993 7.318544 4.505544
v -4.924993 7.318544 2.469229
v -4.924993 7.318544 0.670607
v -4.814613 7.409921 2.469229
v -4.814613 7.409921 0.670607
v -4.814613 7.409922 4.505544
v -4.814613 7.409922 4.634255
v -4.814613 7.409922 4.756474
v -5.292978 3.433177 0.424523
v -5.292978 3.433177 0.547223
v -5.330394 5.976169 0.424523
v -5.330394 5.976169 0.547222
v -5.291171 3.310368 0.424523
v -5.289431 3.192075 0.424523
v -4.924993 7.318544 0.547222
v -4.814613 7.409921 0.547222
v -5.022148 7.238115 0.547222
v -5.345029 6.970819 0.547222
v -5.345029 6.970819 0.424522
v -5.022148 7.238115 0.424522
v -4.924993 7.318544 0.424522
v -4.814613 7.409921 0.424522
v -5.311526 6.993419 0.234894
v -5.311526 6.993419 -0.000012
v -4.211402 7.886755 0.234894
v -4.211402 7.886755 -0.000012
v -4.781111 7.432521 -0.000012
v -5.296892 5.998769 -0.000011
v -5.296892 5.998769 0.234895
v -4.781111 7.432521 0.234894
v -4.988646 7.260715 -0.000012
v -4.988646 7.260715 0.234894
v -4.891490 7.341145 -0.000012
v -4.891490 7.341145 0.234894
v -4.890042 4.072037 0.670609
v -5.358920 4.166530 0.670609
v -4.659371 1.890413 -0.000011
v -4.659372 1.890413 2.469229
v -4.659372 1.890413 0.234895
v -4.659372 1.890413 0.670609
v -4.659372 1.890413 4.505544
v -4.659371 1.890413 4.938469
v -4.659372 1.890413 4.634256
v -4.659372 1.890413 4.756475
v -4.659372 1.890413 0.547223
v -4.659372 1.890413 0.424523
v -5.500656 1.896272 -0.000011
v -5.500656 1.896272 2.469229
v -5.500656 1.896272 0.234895
v -5.500656 1.896272 0.670609
v -5.500656 1.896272 4.505544
v -5.500656 1.896272 4.938469
v -5.500656 1.896272 4.634256
v -5.500656 1.896272 4.756475
v -5.500656 1.896272 0.547223
v -5.500656 1.896272 0.424523
v -4.863025 2.235799 0.797505
v -4.590029 1.173601 0.797505
v -4.678914 1.951547 0.797505
v -4.879585 3.361284 0.797505
v -4.877778 3.238475 0.797505
v -4.876038 3.120182 0.797505
v -5.341412 2.261015 0.797505
v -5.094178 1.283566 0.797505
v -5.501056 1.968408 0.797505
v -5.346656 3.333004 0.797505
v -5.344914 3.214674 0.797505
v -5.291171 3.310368 0.797505
v -5.289431 3.192075 0.797505
v -5.348462 3.455777 2.166024
v -4.879585 3.361284 2.166024
v -5.500656 1.896272 0.797505
v -4.659372 1.890413 0.797505
v -4.863025 2.235799 0.930282
v -4.590029 1.173601 0.930282
v -4.678914 1.951547 0.930282
v -4.879585 3.361284 0.930282
v -4.877778 3.238475 0.930282
v -4.876038 3.120182 0.930282
v -5.341412 2.261015 0.930282
v -5.094178 1.283566 0.930282
v -5.346656 3.333001 0.930282
v -5.344914 3.214674 0.930282
v -5.291171 3.310368 0.930282
v -5.289431 3.192075 0.930282
v -5.500656 1.896272 0.930282
v -4.659372 1.890413 0.930282
v -4.962599 3.137627 -0.000011
v -4.728881 1.194107 0.670609
v -4.962599 3.137627 4.938469
v -4.728881 1.194107 4.756476
v -3.918074 7.827104 0.670607
v -3.918074 7.827104 0.234894
v -4.728881 1.194107 4.634256
v -4.964340 3.255920 -0.000011
v -4.964340 3.255920 4.938468
v -5.018198 6.916371 4.938468
v -5.003563 5.921721 -0.000011
v -4.966147 3.378729 -0.000011
v -4.987749 2.240454 4.938469
v -3.918074 7.827104 0.547222
v -3.918074 7.827104 0.424522
v -3.918074 7.827105 4.505544
v -3.918074 7.827104 2.469229
v -4.695316 7.183668 4.938468
v -4.598161 7.264096 4.938468
v -4.966147 3.378730 4.938468
v -5.003563 5.921721 4.938468
v -4.728881 1.194107 0.547223
v -4.987749 2.240454 -0.000011
v -4.923098 1.956202 -0.000011
v -4.728881 1.194107 4.505544
v -4.728881 1.194107 -0.000011
v -4.728881 1.194107 2.469229
v -4.728881 1.194107 0.424523
v -4.728881 1.194107 0.234895
v -4.678122 1.193000 4.938469
v -4.923098 1.956202 4.938469
v -4.487782 7.355474 4.938468
v -3.918074 7.827105 4.938468
v -3.918074 7.827105 4.756474
v -3.918074 7.827105 4.634255
v -4.892955 1.891495 4.938469
v -4.892955 1.891495 -0.000011
v -4.728881 1.194107 0.797505
v -4.728881 1.194107 0.930282
v -5.501056 1.968408 0.234895
v -5.053038 1.335951 0.234895
v -5.053038 1.335951 0.547223
v -5.053038 1.335951 0.670609
v -5.053038 1.335951 0.424523
v -5.501056 1.968408 0.424523
v -4.687741 1.246491 0.670609
v -4.687741 1.246491 0.547223
v -4.687741 1.246491 0.424523
v -4.687741 1.246491 0.234895
v -5.053038 1.335951 0.797505
v -5.053038 1.335951 0.930282
v -5.501056 1.968408 0.930282
v -4.687741 1.246491 0.797505
v -4.687741 1.246491 0.930282
vn 0.9999 0.0147 -0.0000
vn 0.6377 -0.7703 -0.0000
vn 0.9954 0.0963 -0.0000
vn 0.8393 0.5436 -0.0000
vn 0.9821 0.1297 -0.1366
vn 0.1976 0.9803 -0.0000
vn -0.0000 -0.0000 -1.0000
vn -0.1976 -0.9803 -0.0000
vn -0.0000 -0.0000 1.0000
vn -1.0000 -0.0074 -0.0000
vn -1.0000 -0.0037 -0.0000
vn -1.0000 -0.0092 -0.0000
vn -0.6377 0.7703 -0.0000
vn -0.8333 -0.5528 -0.0000
vn -0.8459 0.5334 -0.0000
vn -0.8778 0.4789 -0.0000
vn -0.8614 0.5060 0.0449
vn -0.9999 -0.0147 -0.0000
vn 0.3772 0.9261 -0.0000
vn -0.3772 -0.9261 -0.0000
vn 0.3773 0.9261 -0.0000
vn -0.3777 -0.9259 -0.0000
vn -0.3776 -0.9260 0.0001
vn -0.3775 -0.9260 0.0001
vn -0.3773 -0.9261 -0.0000
vn -0.0006 0.0003 -1.0000
vn -0.0007 0.0001 -1.0000
vn -0.0007 0.0002 -1.0000
vn -0.0006 -0.0000 -1.0000
vn -0.0005 -0.0000 -1.0000
vn -0.6234 0.7819 -0.0000
vn -0.0000 1.0000 -0.0000
vn 0.1989 0.9800 -0.0000
vn 0.1792 0.8890 0.4213
vn -0.1815 -0.9834 -0.0000
vn 0.2501 0.0011 -0.9682
vn -0.2379 -0.9713 -0.0000
vn -0.7865 0.6176 -0.0000
vn -0.2244 -0.9741 0.0283
vn -1.0000 -0.0055 -0.0000
vn -0.9705 -0.2411 -0.0000
vn -0.9904 -0.1324 0.0390
vn 0.9525 0.3045 -0.0000
vn -0.3776 -0.9260 -0.0000
vn -0.8622 0.5065 -0.0069
vn -0.9912 -0.1325 -0.0060
vn -0.1461 -0.9893 -0.0000
vn -0.1460 -0.9887 0.0347
vn -0.8160 -0.5780 -0.0000
vt 0.810346 0.981574
vt 0.810346 1.000000
vt 1.000000 1.000000
vt 1.000000 0.981574
vt 0.000000 0.981574
vt 0.000000 1.000000
vt 1.000000 0.523783
vt 1.000000 0.500000
vt 1.000000 0.956168
vt 1.000000 0.750000
vt 0.000000 0.567897
vt 0.000000 0.750000
vt 0.810346 0.594188
vt 0.810346 0.750000
vt 1.000000 0.594188
vt 0.810346 0.500000
vt 0.810346 0.523783
vt 0.000000 0.500000
vt 0.000000 0.523783
vt 1.000000 0.542982
vt 1.000000 0.580745
vt 1.000000 0.567897
vt 0.810346 0.555405
vt 0.810346 0.567897
vt 1.000000 0.555405
vt 0.000000 0.555405
vt 1.000000 0.969200
vt 0.000000 0.956168
vt 0.810346 0.956168
vt 0.213301 0.555405
vt 0.213301 0.567897
vt 0.758642 0.567897
vt 0.758642 0.555405
vt 0.213301 0.500000
vt 0.213301 0.523783
vt 0.758642 0.523783
vt 0.758642 0.500000
vt 0.213301 0.981574
vt 0.213301 1.000000
vt 0.758642 1.000000
vt 0.758642 0.981574
vt 0.758642 0.750000
vt 0.758642 0.956168
vt 0.784978 0.956168
vt 0.784978 0.750000
vt 0.784978 0.567897
vt 0.784978 0.555405
vt 0.784978 0.523783
vt 0.784978 0.500000
vt 0.758642 0.594188
vt 0.784978 0.594188
vt 0.784978 1.000000
vt 0.784978 0.981574
vt 0.784978 0.969200
vt 0.810346 0.969200
vt 0.758642 0.969200
vt 0.000000 0.969200
vt 0.213301 0.969200
vt 0.213301 0.956168
vt 0.000000 0.542982
vt 0.784978 0.542982
vt 0.810346 0.542982
vt 0.758642 0.542982
vt 0.213301 0.542982
vt 0.810345 0.500000
vt 0.784978 0.580745
vt 0.606222 0.567897
vt 0.758642 0.679674
vt 0.758642 0.716933
vt 0.644327 0.567897
vt 0.758642 0.555430
vt 0.784953 0.567897
vt 0.758642 0.580745
vt 0.758642 0.718204
vt 0.758642 0.721707
vt 0.810346 0.580745
vt 0.758642 0.719266
s 1
f 7640/1927/2099 7618/1928/2099 7567/1929/2099 7634/1930/2099
f 7659/1931/2100 7642/1931/2100 7568/1932/2100 7652/1932/2100
f 7854/1933/2101 7580/1933/2101 7573/1934/2101 7852/1934/2101
f 7856/1935/2101 7586/1935/2101 7575/1936/2101 7853/1936/2101
f 7656/1937/2100 7584/1937/2100 7576/1938/2100 7654/1938/2100
f 7894/1939/2099 7620/1940/2099 7574/1936/2099 7889/1941/2099
f 7619/1942/2099 7621/1943/2099 7579/1933/2099 7571/1934/2099
f 7653/1944/2100 7572/1944/2100 7578/1945/2100 7655/1945/2100
f 7861/1946/2101 7678/1946/2101 7580/1933/2101 7854/1933/2101
f 7888/1947/2101 7873/1947/2101 7582/1948/2101 7855/1948/2101
f 7669/1949/2099 7622/1950/2099 7581/1948/2099 7662/1951/2099
f 7671/1952/2100 7661/1952/2100 7584/1937/2100 7656/1937/2100
f 7858/1953/2101 7625/1953/2101 7586/1935/2101 7856/1935/2101
f 7654/1938/2100 7576/1938/2100 7588/1954/2100 7657/1954/2100
f 7620/1940/2099 7623/1955/2099 7585/1935/2099 7574/1936/2099
f 7624/1953/2102 7628/1953/2102 7594/1935/2102 7585/1935/2102
f 7872/1947/2102 7874/1947/2102 7593/1948/2102 7581/1948/2102
f 7677/1946/2102 7679/1946/2102 7592/1933/2102 7579/1933/2102
f 7585/1935/2102 7594/1935/2102 7591/1936/2102 7574/1936/2102
f 7579/1933/2102 7592/1933/2102 7590/1934/2102 7571/1934/2102
f 7667/1956/2099 7610/1957/2099 7599/1958/2099 7665/1959/2099
f 7608/1960/2099 7609/1961/2099 7598/1962/2099 7596/1963/2099
f 7638/1964/2099 7607/1965/2099 7595/1966/2099 7637/1967/2099
f 7660/1952/2100 7666/1952/2100 7605/1937/2100 7583/1937/2100
f 7570/1944/2100 7602/1944/2100 7604/1945/2100 7577/1945/2100
f 7641/1931/2100 7643/1931/2100 7601/1932/2100 7566/1932/2100
f 7641/1931/2099 7566/1932/2099 7607/1965/2099 7638/1964/2099
f 7570/1944/2099 7577/1945/2099 7609/1961/2099 7608/1960/2099
f 7660/1952/2099 7583/1937/2099 7610/1957/2099 7667/1956/2099
f 7597/1968/2099 7600/1969/2099 7617/1970/2099 7614/1971/2099
f 7665/1959/2099 7599/1958/2099 7616/1972/2099 7668/1973/2099
f 7596/1963/2099 7598/1962/2099 7615/1974/2099 7613/1975/2099
f 7892/1976/2099 7597/1968/2099 7614/1971/2099 7893/1977/2099
f 7637/1967/2099 7595/1966/2099 7612/1978/2099 7639/1979/2099
f 7614/1971/2099 7617/1970/2099 7623/1955/2099 7620/1940/2099
f 7668/1973/2099 7616/1972/2099 7622/1950/2099 7669/1949/2099
f 7613/1975/2099 7615/1974/2099 7621/1943/2099 7619/1942/2099
f 7893/1977/2099 7614/1971/2099 7620/1940/2099 7894/1939/2099
f 7639/1979/2099 7612/1978/2099 7618/1928/2099 7640/1927/2099
f 7617/1970/2099 7632/1980/2099 7633/1981/2099 7623/1955/2099
f 7600/1969/2099 7629/1982/2099 7632/1980/2099 7617/1970/2099
f 7587/1954/2099 7626/1983/2099 7631/1984/2099 7611/1985/2099
f 7587/1954/2100 7606/1954/2100 7630/1983/2100 7626/1983/2100
f 7611/1985/2099 7631/1984/2099 7629/1982/2099 7600/1969/2099
f 7634/1930/2102 7636/1930/2102 7628/1953/2102 7624/1953/2102
f 7859/1930/2101 7635/1930/2101 7625/1953/2101 7858/1953/2101
f 7657/1954/2100 7588/1954/2100 7627/1983/2100 7658/1983/2100
f 7623/1955/2099 7633/1981/2099 7624/1953/2099 7585/1935/2099
f 7857/1929/2103 7569/1929/2103 7635/1930/2103 7859/1930/2103
f 7567/1929/2102 7589/1929/2102 7636/1930/2102 7634/1930/2102
f 7632/1980/2099 7639/1979/2099 7640/1927/2099 7633/1981/2099
f 7629/1982/2099 7637/1967/2099 7639/1979/2099 7632/1980/2099
f 7626/1983/2099 7641/1931/2099 7638/1964/2099 7631/1984/2099
f 7626/1983/2100 7630/1983/2100 7643/1931/2100 7641/1931/2100
f 7631/1984/2099 7638/1964/2099 7637/1967/2099 7629/1982/2099
f 7658/1983/2100 7627/1983/2100 7642/1931/2100 7659/1931/2100
f 7633/1981/2099 7640/1927/2099 7634/1930/2099 7624/1953/2099
f 7630/1983/2100 7650/1983/2100 7651/1931/2100 7643/1931/2100
f 7606/1954/2100 7649/1954/2100 7650/1983/2100 7630/1983/2100
f 7603/1938/2100 7646/1938/2100 7649/1954/2100 7606/1954/2100
f 7666/1952/2100 7670/1952/2100 7648/1937/2100 7605/1937/2100
f 7602/1944/2100 7645/1944/2100 7647/1945/2100 7604/1945/2100
f 7605/1937/2100 7648/1937/2100 7646/1938/2100 7603/1938/2100
f 7643/1931/2100 7651/1931/2100 7644/1932/2100 7601/1932/2100
f 7650/1983/2100 7658/1983/2100 7659/1931/2100 7651/1931/2100
f 7649/1954/2100 7657/1954/2100 7658/1983/2100 7650/1983/2100
f 7646/1938/2100 7654/1938/2100 7657/1954/2100 7649/1954/2100
f 7670/1952/2100 7671/1952/2100 7656/1937/2100 7648/1937/2100
f 7645/1944/2100 7653/1944/2100 7655/1945/2100 7647/1945/2100
f 7648/1937/2100 7656/1937/2100 7654/1938/2100 7646/1938/2100
f 7651/1931/2100 7659/1931/2100 7652/1932/2100 7644/1932/2100
f 7675/1986/2100 7676/1986/2100 7671/1952/2100 7670/1952/2100
f 7674/1986/2100 7675/1986/2100 7670/1952/2100 7666/1952/2100
f 7682/1987/2099 7668/1973/2099 7669/1949/2099 7683/1988/2099
f 7680/1989/2099 7665/1959/2099 7668/1973/2099 7682/1987/2099
f 7672/1986/2099 7660/1952/2099 7667/1956/2099 7681/1990/2099
f 7672/1986/2100 7674/1986/2100 7666/1952/2100 7660/1952/2100
f 7681/1990/2099 7667/1956/2099 7665/1959/2099 7680/1989/2099
f 7581/1948/2102 7593/1948/2102 7664/1951/2102 7662/1951/2102
f 7676/1986/2100 7673/1986/2100 7661/1952/2100 7671/1952/2100
f 7683/1988/2099 7669/1949/2099 7662/1951/2099 7677/1946/2099
f 7855/1948/2101 7582/1948/2101 7663/1951/2101 7860/1951/2101
f 7621/1943/2099 7683/1988/2099 7677/1946/2099 7579/1933/2099
f 7655/1945/2100 7578/1945/2100 7673/1986/2100 7676/1986/2100
f 7609/1961/2099 7681/1990/2099 7680/1989/2099 7598/1962/2099
f 7577/1945/2100 7604/1945/2100 7674/1986/2100 7672/1986/2100
f 7577/1945/2099 7672/1986/2099 7681/1990/2099 7609/1961/2099
f 7598/1962/2099 7680/1989/2099 7682/1987/2099 7615/1974/2099
f 7615/1974/2099 7682/1987/2099 7683/1988/2099 7621/1943/2099
f 7604/1945/2100 7647/1945/2100 7675/1986/2100 7674/1986/2100
f 7647/1945/2100 7655/1945/2100 7676/1986/2100 7675/1986/2100
f 7662/1951/2102 7664/1951/2102 7679/1946/2102 7677/1946/2102
f 7860/1951/2101 7663/1951/2101 7678/1946/2101 7861/1946/2101
f 7600/1969/2104 7597/1968/2104 7735/1968/2104 7740/1969/2104
f 7587/1954/2105 7611/1985/2105 7727/1985/2105 7723/1954/2105
f 7910/1975/2105 7903/1991/2105 7753/1942/2105 7732/1975/2105
f 7903/1991/2105 7925/1934/2105 7708/1934/2105 7753/1942/2105
f 7603/1938/2106 7606/1954/2106 7746/1954/2106 7747/1938/2106
f 7610/1957/2107 7583/1937/2107 7718/1937/2107 7717/1957/2107
f 7905/1928/2107 7911/1978/2107 7730/1978/2107 7752/1928/2107
f 7915/1929/2107 7905/1928/2107 7752/1928/2107 7685/1929/2107
f 7606/1954/2105 7587/1954/2105 7723/1954/2105 7746/1954/2105
f 7917/1986/2104 7908/1945/2104 7694/1945/2104 7707/1986/2104
f 7939/1934/2105 7928/1934/2105 7696/1934/2105 7862/1934/2105
f 7583/1937/2107 7605/1937/2107 7745/1937/2107 7718/1937/2107
f 7923/1965/2107 7912/1932/2107 7687/1932/2107 7686/1965/2107
f 7907/1937/2104 7916/1952/2104 7784/1952/2104 7715/1937/2104
f 7919/1938/2104 7907/1937/2104 7715/1937/2104 7703/1938/2104
f 7611/1985/2105 7600/1969/2105 7740/1969/2105 7727/1985/2105
f 7572/1944/2105 7653/1944/2105 7842/1944/2105 7841/1944/2105
f 7914/1963/2105 7910/1975/2105 7732/1975/2105 7733/1963/2105
f 7935/1932/2104 7936/1931/2104 7765/1931/2104 7689/1932/2104
f 7921/1932/2107 7934/1932/2107 7688/1932/2107 7774/1932/2107
f 7911/1978/2107 7922/1966/2107 7731/1966/2107 7730/1978/2107
f 7912/1932/2107 7920/1932/2107 7743/1932/2107 7687/1932/2107
f 7913/1960/2105 7914/1963/2105 7733/1963/2105 7697/1960/2105
f 7933/1929/2107 7915/1929/2107 7685/1929/2107 7692/1929/2107
f 7916/1952/2104 7917/1986/2104 7707/1986/2104 7784/1952/2104
f 7937/1983/2104 7918/1954/2104 7702/1954/2104 7724/1983/2104
f 7918/1954/2104 7919/1938/2104 7703/1938/2104 7702/1954/2104
f 7920/1932/2107 7921/1932/2107 7774/1932/2107 7743/1932/2107
f 7922/1966/2107 7923/1965/2107 7686/1965/2107 7731/1966/2107
f 7925/1934/2105 7926/1934/2105 7695/1934/2105 7708/1934/2105
f 7605/1937/2106 7603/1938/2106 7747/1938/2106 7745/1937/2106
f 7938/1929/2107 7933/1929/2107 7692/1929/2107 7867/1929/2107
f 7934/1932/2107 7935/1932/2107 7689/1932/2107 7688/1932/2107
f 7936/1931/2104 7937/1983/2104 7724/1983/2104 7765/1931/2104
f 7761/1927/2108 7684/1930/2109 7685/1929/2109 7752/1928/2110
f 7773/1931/2111 7688/1932/2111 7689/1932/2111 7765/1931/2111
f 7864/1933/2112 7862/1934/2112 7696/1934/2112 7710/1933/2112
f 7866/1935/2112 7863/1936/2112 7701/1936/2112 7721/1935/2112
f 7719/1937/2111 7705/1938/2111 7703/1938/2111 7715/1937/2111
f 7898/1939/2109 7895/1941/2109 7699/1936/2109 7754/1940/2109
f 7753/1942/2110 7708/1934/2109 7709/1933/2109 7755/1943/2110
f 7693/1945/2105 7744/1945/2105 7847/1945/2105 7838/1945/2105
f 7710/1933/2107 7931/1933/2107 7951/1933/2107 7943/1933/2107
f 7887/1947/2112 7865/1948/2112 7700/1948/2112 7879/1947/2112
f 7760/1949/2109 7713/1951/2109 7698/1948/2109 7756/1950/2109
f 7793/1952/2111 7719/1937/2111 7715/1937/2111 7784/1952/2111
f 7868/1953/2112 7866/1935/2112 7721/1935/2112 7763/1953/2112
f 7705/1938/2111 7726/1954/2111 7702/1954/2111 7703/1938/2111
f 7754/1940/2109 7699/1936/2109 7720/1935/2109 7757/1955/2109
f 7762/1953/2113 7720/1935/2113 7725/1935/2113 7766/1953/2113
f 7878/1947/2114 7698/1948/2114 7716/1948/2114 7880/1947/2114
f 7785/1946/2114 7709/1933/2114 7942/1933/2114 7947/1946/2114
f 7720/1935/2113 7699/1936/2113 7704/1936/2113 7725/1935/2113
f 7709/1933/2115 7708/1934/2115 7695/1934/2115 7942/1933/2115
f 7697/1960/2116 7733/1963/2116 7737/1962/2116 7711/1961/2116
f 7750/1964/2116 7742/1967/2116 7731/1966/2116 7686/1965/2116
f 7783/1952/2111 7718/1937/2111 7745/1937/2111 7788/1952/2111
f 7645/1944/2105 7602/1944/2105 7846/1944/2105 7848/1944/2105
f 7764/1931/2111 7687/1932/2111 7743/1932/2111 7768/1931/2111
f 7764/1931/2116 7750/1964/2116 7686/1965/2116 7687/1932/2116
f 7602/1944/2105 7570/1944/2105 7839/1944/2105 7846/1944/2105
f 7783/1952/2116 7751/1956/2116 7717/1957/2116 7718/1937/2116
f 7735/1968/2116 7734/1971/2116 7739/1970/2116 7740/1969/2116
f 7733/1963/2116 7732/1975/2116 7736/1974/2116 7737/1962/2116
f 7742/1967/2116 7759/1979/2116 7730/1978/2116 7731/1966/2116
f 7732/1975/2116 7753/1942/2110 7755/1943/2110 7736/1974/2116
f 7759/1979/2116 7761/1927/2108 7752/1928/2110 7730/1978/2116
f 7740/1969/2116 7739/1970/2116 7770/1980/2116 7767/1982/2116
f 7723/1954/2116 7727/1985/2116 7769/1984/2116 7722/1983/2116
f 7723/1954/2111 7722/1983/2111 7749/1983/2111 7746/1954/2111
f 7727/1985/2116 7740/1969/2116 7767/1982/2116 7769/1984/2116
f 7684/1930/2113 7762/1953/2113 7766/1953/2113 7728/1930/2113
f 7869/1930/2112 7868/1953/2112 7763/1953/2112 7690/1930/2112
f 7726/1954/2111 7772/1983/2111 7724/1983/2111 7702/1954/2111
f 7757/1955/2109 7720/1935/2109 7762/1953/2109 7771/1981/2109
f 7867/1929/2112 7869/1930/2112 7690/1930/2112 7691/1929/2112
f 7685/1929/2113 7684/1930/2113 7728/1930/2113 7692/1929/2113
f 7772/1983/2111 7773/1931/2111 7765/1931/2111 7724/1983/2111
f 7771/1981/2109 7762/1953/2109 7684/1930/2109 7761/1927/2108
f 7746/1954/2111 7749/1983/2111 7779/1983/2111 7778/1954/2111
f 7747/1938/2111 7746/1954/2111 7778/1954/2111 7775/1938/2111
f 7788/1952/2111 7745/1937/2111 7777/1937/2111 7792/1952/2111
f 7776/1945/2105 7712/1945/2105 7845/1945/2105 7849/1945/2105
f 7745/1937/2111 7747/1938/2111 7775/1938/2111 7777/1937/2111
f 7768/1931/2111 7743/1932/2111 7774/1932/2111 7780/1931/2111
f 7712/1945/2105 7694/1945/2105 7840/1945/2105 7845/1945/2105
f 7780/1931/2111 7774/1932/2111 7688/1932/2111 7773/1931/2111
f 7698/1948/2114 7713/1951/2114 7729/1951/2114 7716/1948/2114
f 7782/1986/2111 7793/1952/2111 7784/1952/2111 7707/1986/2111
f 7791/1988/2108 7785/1946/2109 7713/1951/2109 7760/1949/2109
f 7930/1946/2105 7786/1946/2105 7946/1946/2105 7950/1946/2105
f 7755/1943/2110 7709/1933/2109 7785/1946/2109 7791/1988/2108
f 7712/1945/2111 7782/1986/2111 7707/1986/2111 7694/1945/2111
f 7711/1961/2116 7737/1962/2116 7787/1989/2116 7789/1990/2116
f 7693/1945/2111 7706/1986/2111 7748/1986/2111 7744/1945/2111
f 7693/1945/2116 7711/1961/2116 7789/1990/2116 7706/1986/2116
f 7737/1962/2116 7736/1974/2116 7790/1987/2116 7787/1989/2116
f 7736/1974/2116 7755/1943/2110 7791/1988/2108 7790/1987/2116
f 7744/1945/2111 7748/1986/2111 7781/1986/2111 7776/1945/2111
f 7776/1945/2111 7781/1986/2111 7782/1986/2111 7712/1945/2111
f 7713/1951/2114 7785/1946/2114 7947/1946/2114 7729/1951/2114
f 7870/1951/2112 7871/1946/2112 7786/1946/2112 7714/1951/2112
f 7787/1989/2107 7790/1987/2107 7828/1987/2107 7824/1989/2107
f 7898/1939/2117 7754/1940/2117 7794/1940/2117 7900/1939/2117
f 7771/1981/2117 7761/1927/2117 7813/1927/2117 7807/1981/2117
f 7706/1986/2107 7789/1990/2107 7826/1990/2107 7834/1986/2107
f 7760/1949/2117 7756/1950/2117 7796/1950/2117 7801/1949/2117
f 7719/1937/2118 7793/1952/2118 7831/1952/2118 7820/1937/2118
f 7748/1986/2107 7706/1986/2107 7834/1986/2107 7835/1986/2107
f 7754/1940/2117 7757/1955/2117 7798/1955/2117 7794/1940/2117
f 7792/1952/2119 7777/1937/2119 7818/1937/2119 7830/1952/2119
f 7789/1990/2107 7787/1989/2107 7824/1989/2107 7826/1990/2107
f 7777/1937/2119 7775/1938/2119 7817/1938/2119 7818/1937/2119
f 7881/1992/2120 7738/1972/2121 7797/1972/2121 7883/1992/2120
f 7791/1988/2117 7760/1949/2117 7801/1949/2117 7829/1988/2117
f 7793/1952/2118 7782/1986/2118 7837/1986/2118 7831/1952/2118
f 7775/1938/2119 7778/1954/2119 7816/1954/2119 7817/1938/2119
f 7738/1972/2121 7758/1973/2122 7800/1973/2122 7797/1972/2121
f 7769/1984/2107 7767/1982/2107 7808/1982/2107 7809/1984/2107
f 7778/1954/2119 7779/1983/2119 7814/1983/2119 7816/1954/2119
f 7739/1970/2118 7734/1971/2123 7795/1971/2123 7799/1970/2118
f 7749/1983/2107 7722/1983/2107 7803/1983/2107 7805/1983/2107
f 7722/1983/2107 7769/1984/2107 7809/1984/2107 7803/1983/2107
f 7768/1931/2105 7780/1931/2105 7815/1931/2105 7804/1931/2105
f 7795/1971/2116 7794/1940/2116 7798/1955/2116 7799/1970/2116
f 7800/1973/2116 7801/1949/2116 7796/1950/2116 7797/1972/2116
f 7899/1977/2116 7900/1939/2116 7794/1940/2116 7795/1971/2116
f 7799/1970/2116 7798/1955/2116 7807/1981/2116 7806/1980/2116
f 7806/1980/2116 7807/1981/2116 7813/1927/2116 7812/1979/2116
f 7808/1982/2116 7806/1980/2116 7812/1979/2116 7810/1967/2116
f 7803/1983/2116 7809/1984/2116 7811/1964/2116 7802/1931/2116
f 7803/1983/2111 7802/1931/2111 7804/1931/2111 7805/1983/2111
f 7809/1984/2116 7808/1982/2116 7810/1967/2116 7811/1964/2116
f 7805/1983/2111 7804/1931/2111 7815/1931/2111 7814/1983/2111
f 7814/1983/2111 7815/1931/2111 7823/1931/2111 7822/1983/2111
f 7816/1954/2111 7814/1983/2111 7822/1983/2111 7821/1954/2111
f 7817/1938/2111 7816/1954/2111 7821/1954/2111 7819/1938/2111
f 7830/1952/2111 7818/1937/2111 7820/1937/2111 7831/1952/2111
f 7818/1937/2111 7817/1938/2111 7819/1938/2111 7820/1937/2111
f 7836/1986/2111 7830/1952/2111 7831/1952/2111 7837/1986/2111
f 7835/1986/2111 7832/1952/2111 7830/1952/2111 7836/1986/2111
f 7828/1987/2116 7829/1988/2116 7801/1949/2116 7800/1973/2116
f 7824/1989/2116 7828/1987/2116 7800/1973/2116 7825/1959/2116
f 7834/1986/2116 7826/1990/2116 7827/1956/2116 7833/1952/2116
f 7834/1986/2111 7833/1952/2111 7832/1952/2111 7835/1986/2111
f 7826/1990/2116 7824/1989/2116 7825/1959/2116 7827/1956/2116
f 7761/1927/2105 7759/1979/2105 7812/1979/2105 7813/1927/2105
f 7788/1952/2105 7792/1952/2105 7830/1952/2105 7832/1952/2105
f 7790/1987/2107 7791/1988/2107 7829/1988/2107 7828/1987/2107
f 7759/1979/2105 7742/1967/2105 7810/1967/2105 7812/1979/2105
f 7780/1931/2105 7773/1931/2105 7823/1931/2105 7815/1931/2105
f 7781/1986/2107 7748/1986/2107 7835/1986/2107 7836/1986/2107
f 7750/1964/2105 7764/1931/2105 7802/1931/2105 7811/1964/2105
f 7758/1973/2124 7741/1959/2125 7825/1959/2126 7800/1973/2124
f 7770/1980/2118 7739/1970/2118 7799/1970/2118 7806/1980/2118
f 7773/1931/2118 7772/1983/2118 7822/1983/2118 7823/1931/2118
f 7782/1986/2107 7781/1986/2107 7836/1986/2107 7837/1986/2107
f 7764/1931/2105 7768/1931/2105 7804/1931/2105 7802/1931/2105
f 7751/1956/2127 7783/1952/2105 7833/1952/2105 7827/1956/2128
f 7757/1955/2117 7771/1981/2117 7807/1981/2117 7798/1955/2117
f 7772/1983/2118 7726/1954/2118 7821/1954/2118 7822/1983/2118
f 7742/1967/2105 7750/1964/2105 7811/1964/2105 7810/1967/2105
f 7783/1952/2105 7788/1952/2105 7832/1952/2105 7833/1952/2105
f 7726/1954/2118 7705/1938/2118 7819/1938/2118 7821/1954/2118
f 7779/1983/2107 7749/1983/2107 7805/1983/2107 7814/1983/2107
f 7741/1959/2125 7751/1956/2127 7827/1956/2128 7825/1959/2126
f 7767/1982/2107 7770/1980/2107 7806/1980/2107 7808/1982/2107
f 7705/1938/2118 7719/1937/2118 7820/1937/2118 7819/1938/2118
f 7842/1944/2129 7845/1945/2129 7840/1945/2129 7841/1944/2129
f 7839/1944/2111 7838/1945/2111 7847/1945/2111 7846/1944/2111
f 7839/1944/2116 7843/1960/2116 7844/1961/2116 7838/1945/2116
f 7846/1944/2111 7847/1945/2111 7849/1945/2111 7848/1944/2111
f 7848/1944/2111 7849/1945/2111 7845/1945/2111 7842/1944/2111
f 7653/1944/2105 7645/1944/2105 7848/1944/2105 7842/1944/2105
f 7570/1944/2105 7608/1960/2105 7843/1960/2105 7839/1944/2105
f 7697/1960/2130 7711/1961/2130 7844/1961/2130 7843/1960/2130
f 7744/1945/2105 7776/1945/2105 7849/1945/2105 7847/1945/2105
f 7711/1961/2105 7693/1945/2105 7838/1945/2105 7844/1961/2105
f 7697/1960/2105 7843/1960/2105 7608/1960/2105 7913/1960/2105
f 7572/1944/2131 7841/1944/2131 7840/1945/2131 7578/1945/2131
f 7850/1993/2099 7886/1994/2099 7599/1958/2099
f 7885/1995/2116 7851/1996/2116 7741/1997/2116 7738/1998/2116
f 7850/1993/2132 7851/1996/2132 7885/1995/2132 7886/1994/2132
f 7597/1968/2133 7892/1976/2133 7875/1999/2133 7599/1958/2133 7886/2000/2133
f 7850/1993/2107 7610/1957/2107 7717/1957/2107 7851/1996/2107
f 7599/1958/2134 7610/1957/2134 7850/1993/2134
f 7751/1956/2116 7741/1997/2116 7851/1996/2116 7717/1957/2116
f 7885/2001/2116 7897/1977/2116 7734/1971/2116 7735/1968/2116
f 7741/1959/2116 7758/1973/2116 7738/1998/2116
f 7931/1933/2135 7710/1933/2135 7696/1934/2135 7928/1934/2135
f 7931/1933/2136 7930/1946/2136 7950/1946/2136 7951/1933/2136
f 7924/1951/2135 7714/1951/2135 7786/1946/2135 7930/1946/2135
f 7864/1933/2107 7710/1933/2107 7943/1933/2107 7942/1933/2107
f 7940/1947/2135 7879/1947/2135 7700/1948/2135 7904/1948/2135
f 7927/1935/2135 7721/1935/2135 7701/1936/2135 7929/1936/2135
f 7909/1953/2135 7763/1953/2135 7721/1935/2135 7927/1935/2135
f 7906/1930/2135 7690/1930/2135 7763/1953/2135 7909/1953/2135
f 7932/1929/2137 7691/1929/2137 7690/1930/2137 7906/1930/2137
f 7729/1951/2138 7947/1946/2138 7871/1946/2138 7870/1951/2138
f 7716/1948/2138 7729/1951/2138 7870/1951/2138 7865/1948/2138
f 7692/1929/2139 7728/1930/2139 7869/1930/2139 7867/1929/2139
f 7728/1930/2139 7766/1953/2139 7868/1953/2139 7869/1930/2139
f 7766/1953/2139 7725/1935/2139 7866/1935/2139 7868/1953/2139
f 7880/1947/2138 7716/1948/2138 7865/1948/2138 7887/1947/2138
f 7725/1935/2139 7704/1936/2139 7863/1936/2139 7866/1935/2139
f 7942/1933/2140 7695/1934/2140 7862/1934/2140 7864/1933/2140
f 7932/1929/2107 7938/1929/2107 7867/1929/2107 7691/1929/2107
f 7926/1934/2105 7939/1934/2105 7862/1934/2105 7695/1934/2105
f 7664/1951/2141 7860/1951/2141 7861/1946/2141 7679/1946/2141
f 7593/1948/2141 7855/1948/2141 7860/1951/2141 7664/1951/2141
f 7589/1929/2141 7857/1929/2141 7859/1930/2141 7636/1930/2141
f 7636/1930/2141 7859/1930/2141 7858/1953/2141 7628/1953/2141
f 7628/1953/2141 7858/1953/2141 7856/1935/2141 7594/1935/2141
f 7874/1947/2141 7888/1947/2141 7855/1948/2141 7593/1948/2141
f 7679/1946/2141 7861/1946/2141 7854/1933/2141 7592/1933/2141
f 7594/1935/2141 7856/1935/2141 7853/1936/2141 7591/1936/2141
f 7592/1933/2141 7854/1933/2141 7852/1934/2141 7590/1934/2141
f 7891/1941/2141 7902/1941/2141 7888/1947/2141 7874/1947/2141
f 7954/1941/2138 7880/1947/2138 7887/1947/2138 7901/1941/2138
f 7870/1951/2107 7714/1951/2107 7944/1951/2107 7729/1951/2107
f 7885/1995/2116 7738/1972/2116 7881/1992/2116
f 7797/1972/2116 7796/1950/2116 7884/2002/2116 7883/1992/2116
f 7897/1977/2142 7881/1992/2120 7883/1992/2120 7899/1977/2142
f 7756/1950/2117 7882/2002/2117 7884/2002/2117 7796/1950/2117
f 7895/1941/2114 7878/1947/2114 7880/1947/2114 7954/1941/2114
f 7887/1947/2107 7879/1947/2107 7952/1947/2107 7880/1947/2107
f 7756/1950/2109 7698/1948/2109 7878/1947/2109 7882/2002/2109
f 7616/1972/2099 7876/1992/2099 7877/2002/2099 7622/1950/2099
f 7599/1958/2099 7875/1999/2099 7876/1992/2099 7616/1972/2099
f 7889/1941/2102 7891/1941/2102 7874/1947/2102 7872/1947/2102
f 7902/1941/2101 7890/1941/2101 7873/1947/2101 7888/1947/2101
f 7622/1950/2099 7877/2002/2099 7872/1947/2099 7581/1948/2099
f 7853/1936/2101 7575/1936/2101 7890/1941/2101 7902/1941/2101
f 7574/1936/2102 7591/1936/2102 7891/1941/2102 7889/1941/2102
f 7863/1936/2112 7901/1941/2112 7896/1941/2112 7701/1936/2112
f 7699/1936/2143 7895/1941/2143 7954/1941/2143 7704/1936/2143
f 7734/1971/2123 7897/1977/2142 7899/1977/2142 7795/1971/2123
f 7597/1968/2104 7886/2000/2104 7885/2001/2104 7735/1968/2104
f 7929/1936/2135 7701/1936/2135 7896/1941/2135 7941/1941/2135
f 7704/1936/2144 7954/1941/2144 7901/1941/2144 7863/1936/2144
f 7591/1936/2141 7853/1936/2141 7902/1941/2141 7891/1941/2141
f 7885/2003/2116 7881/1992/2116 7897/1977/2116
f 7883/1992/2116 7884/2002/2116 7900/1939/2116 7899/1977/2116
f 7882/2002/2117 7898/1939/2117 7900/1939/2117 7884/2002/2117
f 7882/2002/2109 7878/1947/2109 7895/1941/2109 7898/1939/2109
f 7876/1992/2099 7893/1977/2099 7894/1939/2099 7877/2002/2099
f 7875/1999/2099 7892/1976/2099 7893/1977/2099 7876/1992/2099
f 7877/2002/2099 7894/1939/2099 7889/1941/2099 7872/1947/2099
f 7575/1936/2145 7929/1936/2145 7941/1941/2145 7890/1941/2145
f 7890/1941/2145 7941/1941/2145 7940/1947/2145 7873/1947/2145
f 7590/1934/2105 7852/1934/2105 7939/1934/2105 7926/1934/2105
f 7569/1929/2107 7857/1929/2107 7938/1929/2107 7932/1929/2107
f 7569/1929/2146 7932/1929/2146 7906/1930/2146 7635/1930/2146
f 7635/1930/2145 7906/1930/2145 7909/1953/2145 7625/1953/2145
f 7625/1953/2145 7909/1953/2145 7927/1935/2145 7586/1935/2145
f 7586/1935/2145 7927/1935/2145 7929/1936/2145 7575/1936/2145
f 7873/1947/2145 7940/1947/2145 7904/1948/2145 7582/1948/2145
f 7582/1948/2145 7904/1948/2145 7924/1951/2145 7663/1951/2145
f 7663/1951/2145 7924/1951/2145 7930/1946/2145 7678/1946/2145
f 7678/1946/2145 7930/1946/2145 7931/1933/2145 7580/1933/2145
f 7580/1933/2145 7931/1933/2145 7928/1934/2145 7573/1934/2145
f 7642/1931/2104 7627/1983/2104 7937/1983/2104 7936/1931/2104
f 7652/1932/2107 7568/1932/2107 7935/1932/2107 7934/1932/2107
f 7857/1929/2107 7589/1929/2107 7933/1929/2107 7938/1929/2107
f 7571/1934/2105 7590/1934/2105 7926/1934/2105 7925/1934/2105
f 7595/1966/2107 7607/1965/2107 7923/1965/2107 7922/1966/2107
f 7601/1932/2107 7644/1932/2107 7921/1932/2107 7920/1932/2107
f 7588/1954/2104 7576/1938/2104 7919/1938/2104 7918/1954/2104
f 7627/1983/2104 7588/1954/2104 7918/1954/2104 7937/1983/2104
f 7661/1952/2104 7673/1986/2104 7917/1986/2104 7916/1952/2104
f 7589/1929/2107 7567/1929/2107 7915/1929/2107 7933/1929/2107
f 7608/1960/2105 7596/1963/2105 7914/1963/2105 7913/1960/2105
f 7566/1932/2107 7601/1932/2107 7920/1932/2107 7912/1932/2107
f 7612/1978/2107 7595/1966/2107 7922/1966/2107 7911/1978/2107
f 7644/1932/2107 7652/1932/2107 7934/1932/2107 7921/1932/2107
f 7568/1932/2104 7642/1931/2104 7936/1931/2104 7935/1932/2104
f 7596/1963/2105 7613/1975/2105 7910/1975/2105 7914/1963/2105
f 7576/1938/2104 7584/1937/2104 7907/1937/2104 7919/1938/2104
f 7584/1937/2104 7661/1952/2104 7916/1952/2104 7907/1937/2104
f 7607/1965/2107 7566/1932/2107 7912/1932/2107 7923/1965/2107
f 7852/1934/2105 7573/1934/2105 7928/1934/2105 7939/1934/2105
f 7673/1986/2104 7578/1945/2104 7908/1945/2104 7917/1986/2104
f 7567/1929/2107 7618/1928/2107 7905/1928/2107 7915/1929/2107
f 7618/1928/2107 7612/1978/2107 7911/1978/2107 7905/1928/2107
f 7619/1942/2105 7571/1934/2105 7925/1934/2105 7903/1991/2105
f 7613/1975/2105 7619/1942/2105 7903/1991/2105 7910/1975/2105
f 7947/1946/2147 7942/1933/2147 7943/1933/2147 7946/1946/2147
f 7716/1948/2147 7729/1951/2147 7944/1951/2147 7945/1948/2147
f 7950/1946/2135 7946/1946/2135 7943/1933/2135 7951/1933/2135
f 7948/1948/2135 7945/1948/2135 7944/1951/2135 7949/1951/2135
f 7956/1941/2135 7953/1941/2135 7952/1947/2135 7955/1947/2135
f 7954/1941/2147 7880/1947/2147 7952/1947/2147 7953/1941/2147
f 7879/1947/2107 7940/1947/2107 7955/1947/2107 7952/1947/2107
f 7904/1948/2105 7700/1948/2105 7945/1948/2105 7948/1948/2105
f 7896/1941/2105 7901/1941/2105 7954/1941/2105 7953/1941/2105
f 7941/1941/2105 7896/1941/2105 7953/1941/2105 7956/1941/2105
f 7871/1946/2138 7947/1946/2138 7942/1933/2138 7864/1933/2138
f 7700/1948/2105 7865/1948/2105 7716/1948/2105 7945/1948/2105
f 7786/1946/2105 7871/1946/2105 7947/1946/2105 7946/1946/2105
f 7940/1947/2136 7941/1941/2136 7956/1941/2136 7955/1947/2136
f 7924/1951/2136 7904/1948/2136 7948/1948/2136 7949/1951/2136
f 7714/1951/2107 7924/1951/2107 7949/1951/2107 7944/1951/2107
o Plane.038
v -5.209769 7.000734 -0.657351
v -4.925337 7.263378 -0.657351
v -5.209769 7.000733 -4.511782
v -4.925337 7.263378 -4.511782
v -5.156898 3.407369 -0.657350
v -5.156898 3.407369 -4.511782
v -5.108063 6.954048 -4.511782
v -5.108063 6.954048 -0.657351
v -5.055192 3.360683 -0.657350
v -4.823630 7.216692 -0.657351
v -4.823630 7.216691 -4.511782
v -5.055192 3.360683 -4.511782
vn -0.6784 0.7347 -0.0000
vn -0.9999 -0.0147 -0.0000
vn 0.6784 -0.7347 -0.0000
vn 0.9999 0.0147 -0.0000
vn -0.0000 -0.0000 -1.0000
vn 0.4172 0.9088 -0.0000
vn -0.0000 -0.0000 1.0000
vn -0.4172 -0.9088 -0.0000
vt 0.000000 0.566553
vt 0.000000 0.956798
vt 0.770591 0.956798
vt 0.770591 0.566553
s 1
f 7957/2004/2148 7958/2004/2148 7960/2005/2148 7959/2005/2148
f 7957/2004/2149 7959/2005/2149 7962/2006/2149 7961/2007/2149
f 7964/2004/2150 7963/2005/2150 7967/2005/2150 7966/2004/2150
f 7964/2004/2151 7965/2007/2151 7968/2006/2151 7963/2005/2151
f 7962/2006/2152 7959/2005/2152 7963/2005/2152 7968/2006/2152
f 7960/2005/2153 7958/2004/2153 7966/2004/2153 7967/2005/2153
f 7957/2004/2154 7961/2007/2154 7965/2007/2154 7964/2004/2154
f 7961/2007/2155 7962/2006/2155 7968/2006/2155 7965/2007/2155
f 7959/2005/2152 7960/2005/2152 7967/2005/2152 7963/2005/2152
f 7958/2004/2154 7957/2004/2154 7964/2004/2154 7966/2004/2154
o Plane.039
v -4.931636 6.898927 -4.938490
v -4.863025 2.235799 -4.938490
v -3.831511 7.809659 -4.938490
v -4.539270 1.172495 -4.938490
v -4.931636 6.898927 -0.000012
v -4.863025 2.235799 -0.000011
v -3.831511 7.809659 -0.000012
v -4.590029 1.173601 -0.000011
v -4.863025 2.235799 -2.469251
v -4.590029 1.173601 -2.469251
v -3.831511 7.809659 -2.469251
v -4.931636 6.898927 -0.234917
v -3.831511 7.809659 -0.234917
v -4.863025 2.235799 -0.234916
v -4.590029 1.173601 -0.234916
v -4.863025 2.235799 -0.670630
v -4.590029 1.173601 -0.670630
v -4.931636 6.898927 -0.670631
v -3.831511 7.809659 -0.670631
v -4.863025 2.235799 -4.505565
v -4.590029 1.173601 -4.505565
v -4.931636 6.898927 -4.505566
v -3.831511 7.809659 -4.505566
v -4.678913 1.951547 -4.938490
v -4.678913 1.951547 -0.000011
v -4.678914 1.951547 -2.469251
v -4.678914 1.951547 -0.234916
v -4.678914 1.951547 -0.670630
v -4.678914 1.951547 -4.505565
v -4.879585 3.361284 -4.938490
v -4.879585 3.361284 -0.000011
v -4.879585 3.361284 -2.469251
v -4.879585 3.361284 -0.234916
v -4.879585 3.361284 -0.670630
v -4.879585 3.361284 -4.505566
v -4.608754 7.166222 -4.938490
v -4.608754 7.166222 -0.000012
v -4.608754 7.166222 -2.469251
v -4.608755 7.166222 -0.234917
v -4.608754 7.166222 -0.670631
v -4.608754 7.166222 -4.505566
v -4.917001 5.904275 -4.938490
v -4.917001 5.904276 -0.000011
v -4.917001 5.904276 -0.234916
v -4.917001 5.904276 -0.670630
v -4.917001 5.904275 -4.505566
v -4.877778 3.238475 -4.938490
v -4.877778 3.238475 -0.000011
v -4.877778 3.238475 -2.469251
v -4.877778 3.238475 -0.234916
v -4.877778 3.238475 -0.670630
v -4.877778 3.238475 -4.505566
v -4.876037 3.120182 -4.938490
v -4.876037 3.120182 -0.000011
v -4.876038 3.120182 -2.469251
v -4.876038 3.120182 -0.234916
v -4.876038 3.120182 -0.670630
v -4.876038 3.120182 -4.505565
v -4.863025 2.235799 -4.634277
v -4.590029 1.173601 -4.634277
v -4.931636 6.898927 -4.634277
v -3.831511 7.809659 -4.634277
v -4.678914 1.951547 -4.634277
v -4.879585 3.361284 -4.634277
v -4.608755 7.166222 -4.634277
v -4.917001 5.904275 -4.634277
v -4.877778 3.238475 -4.634277
v -4.876038 3.120182 -4.634277
v -4.863025 2.235799 -4.756496
v -4.590029 1.173601 -4.756497
v -4.678914 1.951547 -4.756496
v -4.879585 3.361284 -4.756496
v -4.917001 5.904275 -4.756496
v -4.877778 3.238475 -4.756496
v -4.876038 3.120182 -4.756496
v -4.931636 6.898927 -4.756496
v -3.831511 7.809659 -4.756496
v -4.608755 7.166222 -4.756496
v -4.511599 7.246652 -4.938490
v -4.511599 7.246652 -0.000012
v -4.511599 7.246652 -2.469251
v -4.511599 7.246652 -0.234917
v -4.511599 7.246652 -0.670631
v -4.511599 7.246652 -4.505566
v -4.511599 7.246652 -4.634277
v -4.511599 7.246652 -4.756496
v -4.401220 7.338027 -4.938490
v -4.401220 7.338028 -0.000012
v -4.401220 7.338028 -2.469251
v -4.401220 7.338028 -0.234917
v -4.401220 7.338028 -0.670631
v -4.401220 7.338027 -4.505566
v -4.401220 7.338027 -4.634277
v -4.401220 7.338027 -4.756496
v -4.931636 6.898927 -0.547245
v -3.831511 7.809659 -0.547245
v -4.863025 2.235799 -0.547244
v -4.590029 1.173601 -0.547244
v -4.678914 1.951547 -0.547244
v -4.879585 3.361284 -0.547244
v -4.608755 7.166222 -0.547245
v -4.917001 5.904276 -0.547244
v -4.877778 3.238475 -0.547244
v -4.876038 3.120182 -0.547244
v -4.511599 7.246652 -0.547245
v -4.401220 7.338028 -0.547245
v -4.931636 6.898927 -0.424545
v -3.831511 7.809659 -0.424545
v -4.608755 7.166222 -0.424545
v -4.511599 7.246652 -0.424545
v -4.401220 7.338028 -0.424545
v -4.863025 2.235799 -0.424544
v -4.590029 1.173601 -0.424544
v -4.678914 1.951547 -0.424544
v -4.879585 3.361284 -0.424544
v -4.917001 5.904276 -0.424544
v -4.877778 3.238475 -0.424544
v -4.876038 3.120182 -0.424544
v -5.341412 2.261014 -4.756496
v -5.341412 2.261014 -4.938490
v -5.385879 5.998768 -4.938490
v -5.400513 6.993419 -4.938490
v -4.870098 7.432520 -4.938490
v -4.300389 7.904150 -4.938490
v -5.094178 1.283566 -4.756497
v -5.094178 1.283566 -4.938490
v -5.520654 1.976762 -4.938490
v -5.400513 6.993419 -0.234917
v -4.300389 7.904151 -0.234917
v -5.520654 1.976762 -0.000011
v -5.094178 1.283566 -0.000011
v -5.385879 5.998769 -0.000011
v -5.341412 2.261015 -0.670630
v -5.341412 2.261015 -2.469251
v -5.094178 1.283566 -0.670630
v -5.094178 1.283566 -2.469251
v -4.300389 7.904150 -4.505566
v -4.300389 7.904151 -2.469252
v -5.520654 1.976762 -2.469251
v -4.870098 7.432521 -2.469251
v -5.400513 6.993419 -0.424545
v -4.300389 7.904151 -0.424545
v -5.341412 2.261015 -0.000011
v -5.341412 2.261015 -0.234916
v -5.094178 1.283566 -0.234916
v -5.385879 5.998769 -0.234916
v -4.870098 7.432521 -0.234917
v -5.341412 2.261015 -0.547244
v -5.094178 1.283566 -0.547244
v -4.300389 7.904151 -0.670631
v -5.501056 1.968408 -0.670630
v -5.385879 5.998769 -0.670630
v -5.400513 6.993419 -0.670631
v -4.870098 7.432521 -0.670631
v -5.341412 2.261015 -4.505565
v -5.094178 1.283566 -4.505565
v -5.400513 6.993419 -4.634277
v -5.400513 6.993419 -4.505566
v -4.300389 7.904150 -4.634277
v -5.520654 1.976762 -4.505565
v -4.870098 7.432520 -4.505566
v -5.385879 5.998768 -4.505566
v -5.520654 1.976762 -4.756496
v -5.501056 1.968408 -0.547244
v -5.346655 3.332968 -4.938490
v -5.348462 3.455776 -4.938490
v -5.346655 3.332968 -0.000011
v -5.348462 3.455777 -0.000011
v -5.346655 3.332968 -2.469251
v -5.348462 3.455777 -2.469251
v -5.346655 3.332968 -0.234916
v -5.348462 3.455777 -0.234916
v -5.346656 3.333006 -0.670630
v -5.346655 3.332968 -4.505566
v -5.348462 3.455777 -4.505566
v -5.348462 3.455777 -0.547327
v -5.348462 3.455776 -4.756496
v -5.077632 7.260715 -4.938490
v -5.077632 7.260715 -0.234917
v -5.077632 7.260715 -0.670631
v -5.077632 7.260715 -4.505566
v -5.077632 7.260715 -2.469251
v -5.077632 7.260715 -0.424545
v -5.077632 7.260715 -4.634277
v -5.385879 5.998768 -4.756496
v -5.385879 5.998769 -0.547244
v -5.344914 3.214674 -4.938490
v -5.344914 3.214674 -0.000011
v -5.344914 3.214674 -2.469251
v -5.344914 3.214674 -0.234916
v -5.344914 3.214674 -0.670630
v -5.344914 3.214674 -4.505566
v -5.346655 3.332968 -0.547244
v -5.346655 3.332968 -4.756496
v -5.344914 3.214674 -0.547244
v -5.344914 3.214674 -4.756496
v -5.341412 2.261015 -4.634277
v -5.094178 1.283566 -4.634277
v -5.400513 6.993419 -4.756496
v -4.300389 7.904150 -4.756496
v -5.520654 1.976762 -4.634277
v -5.348462 3.455777 -4.634277
v -5.077632 7.260715 -4.756496
v -5.385879 5.998768 -4.634277
v -5.346655 3.332968 -4.634277
v -5.344914 3.214674 -4.634277
v -4.870098 7.432520 -4.634277
v -4.870098 7.432520 -4.756496
v -4.980476 7.341145 -4.938490
v -4.980476 7.341145 -2.469251
v -4.980476 7.341145 -0.234917
v -4.980476 7.341145 -0.670631
v -4.980476 7.341145 -4.505566
v -4.980476 7.341145 -4.634277
v -4.980476 7.341145 -4.756496
v -4.980476 7.341145 -0.424545
v -4.870098 7.432521 -0.424545
v -5.400513 6.993419 -0.547245
v -4.300389 7.904151 -0.547245
v -5.341412 2.261015 -0.424544
v -5.094178 1.283566 -0.424544
v -5.348462 3.455777 -0.424544
v -5.077632 7.260715 -0.547245
v -5.385879 5.998769 -0.424544
v -5.346655 3.332968 -0.424544
v -5.344914 3.214674 -0.424544
v -4.980476 7.341145 -0.547245
v -4.870098 7.432521 -0.547245
v -5.289431 3.192075 -2.469251
v -5.291171 3.310368 -2.469251
v -5.289431 3.192075 -0.670630
v -5.291171 3.310368 -0.670630
v -5.289431 3.192075 -4.505566
v -5.291171 3.310368 -4.505566
v -5.291171 3.310368 -0.547244
v -5.289431 3.192075 -0.547244
v -5.345029 6.970819 -4.756496
v -5.345029 6.970819 -4.634277
v -5.022148 7.238114 -4.756496
v -5.022148 7.238114 -4.634277
v -5.291171 3.310368 -4.634277
v -5.289431 3.192075 -4.634277
v -5.292978 3.433177 -4.634277
v -5.330394 5.976169 -4.634277
v -5.292978 3.433177 -4.756496
v -5.330394 5.976169 -4.756496
v -5.291171 3.310368 -4.756496
v -5.289431 3.192075 -4.756496
v -4.924993 7.318543 -4.634277
v -4.924993 7.318543 -4.756496
v -4.924993 7.318543 -4.505566
v -4.924993 7.318544 -2.469251
v -4.924993 7.318544 -0.670631
v -4.814613 7.409921 -2.469251
v -4.814613 7.409921 -0.670631
v -4.814613 7.409921 -4.505566
v -4.814613 7.409921 -4.634277
v -4.814613 7.409921 -4.756496
v -5.292978 3.433177 -0.424544
v -5.292978 3.433177 -0.547244
v -5.330394 5.976169 -0.424544
v -5.330394 5.976169 -0.547244
v -5.291171 3.310368 -0.424544
v -5.289431 3.192075 -0.424544
v -4.924993 7.318544 -0.547245
v -4.814613 7.409921 -0.547245
v -5.022148 7.238115 -0.547245
v -5.345029 6.970819 -0.547245
v -5.345029 6.970819 -0.424545
v -5.022148 7.238115 -0.424545
v -4.924993 7.318544 -0.424545
v -4.814613 7.409921 -0.424545
v -5.311526 6.993419 -0.234917
v -5.311526 6.993419 -0.000012
v -4.211402 7.886755 -0.234917
v -4.211402 7.886755 -0.000012
v -4.781111 7.432521 -0.000012
v -5.296892 5.998769 -0.000011
v -5.296892 5.998769 -0.234916
v -4.781111 7.432521 -0.234917
v -4.988646 7.260715 -0.000012
v -4.988646 7.260715 -0.234917
v -4.891490 7.341145 -0.000012
v -4.891490 7.341145 -0.234917
v -4.890042 4.072037 -0.670630
v -5.358920 4.166530 -0.670630
v -4.659371 1.890413 -0.000011
v -4.659372 1.890413 -2.469251
v -4.659372 1.890413 -0.234916
v -4.659372 1.890413 -0.670630
v -4.659372 1.890413 -4.505565
v -4.659371 1.890413 -4.938490
v -4.659372 1.890413 -4.634277
v -4.659372 1.890413 -4.756496
v -4.659372 1.890413 -0.547244
v -4.659372 1.890413 -0.424544
v -5.500656 1.896272 -0.000011
v -5.500656 1.896272 -2.469251
v -5.500656 1.896272 -0.234916
v -5.500656 1.896272 -0.670630
v -5.500656 1.896272 -4.505565
v -5.500656 1.896272 -4.938490
v -5.500656 1.896272 -4.634277
v -5.500656 1.896272 -4.756496
v -5.500656 1.896272 -0.547244
v -5.500656 1.896272 -0.424544
v -4.863025 2.235799 -0.797526
v -4.590029 1.173601 -0.797526
v -4.678914 1.951547 -0.797526
v -4.879585 3.361284 -0.797526
v -4.877778 3.238475 -0.797526
v -4.876038 3.120182 -0.797526
v -5.341412 2.261015 -0.797526
v -5.094178 1.283566 -0.797526
v -5.501056 1.968408 -0.797526
v -5.346656 3.333004 -0.797526
v -5.344914 3.214674 -0.797526
v -5.291171 3.310368 -0.797526
v -5.289431 3.192075 -0.797526
v -5.348462 3.455777 -2.166046
v -4.879585 3.361284 -2.166046
v -5.500656 1.896272 -0.797526
v -4.659372 1.890413 -0.797526
v -4.863025 2.235799 -0.930303
v -4.590029 1.173601 -0.930303
v -4.678914 1.951547 -0.930303
v -4.879585 3.361284 -0.930303
v -4.877778 3.238475 -0.930303
v -4.876038 3.120182 -0.930303
v -5.341412 2.261015 -0.930303
v -5.094178 1.283566 -0.930303
v -5.346656 3.333001 -0.930303
v -5.344914 3.214674 -0.930303
v -5.291171 3.310368 -0.930303
v -5.289431 3.192075 -0.930303
v -5.500656 1.896272 -0.930303
v -4.659372 1.890413 -0.930303
v -4.962599 3.137627 -0.000011
v -4.728881 1.194107 -0.670630
v -4.962599 3.137626 -4.938490
v -4.728881 1.194107 -4.756497
v -3.918074 7.827104 -0.670631
v -3.918074 7.827104 -0.234917
v -4.728881 1.194107 -4.634277
v -4.964340 3.255920 -0.000011
v -4.964340 3.255919 -4.938490
v -5.018198 6.916370 -4.938490
v -5.003563 5.921721 -0.000011
v -4.966147 3.378729 -0.000011
v -4.987749 2.240453 -4.938490
v -3.918074 7.827104 -0.547245
v -3.918074 7.827104 -0.424545
v -3.918074 7.827104 -4.505566
v -3.918074 7.827104 -2.469251
v -4.695316 7.183667 -4.938490
v -4.598161 7.264095 -4.938490
v -4.966147 3.378729 -4.938490
v -5.003563 5.921721 -4.938490
v -4.728881 1.194107 -0.547244
v -4.987749 2.240454 -0.000011
v -4.923098 1.956202 -0.000011
v -4.728881 1.194107 -4.505565
v -4.728881 1.194107 -0.000011
v -4.728881 1.194107 -2.469251
v -4.728881 1.194107 -0.424544
v -4.728881 1.194107 -0.234916
v -4.678122 1.193000 -4.938490
v -4.923098 1.956202 -4.938490
v -4.487782 7.355474 -4.938490
v -3.918074 7.827104 -4.938490
v -3.918074 7.827104 -4.756496
v -3.918074 7.827104 -4.634277
v -4.892955 1.891495 -4.938490
v -4.892955 1.891495 -0.000011
v -4.728881 1.194107 -0.797526
v -4.728881 1.194107 -0.930303
v -5.501056 1.968408 -0.234916
v -5.053038 1.335951 -0.234916
v -5.053038 1.335951 -0.547244
v -5.053038 1.335951 -0.670630
v -5.053038 1.335951 -0.424544
v -5.501056 1.968408 -0.424544
v -4.687741 1.246491 -0.670630
v -4.687741 1.246491 -0.547244
v -4.687741 1.246491 -0.424544
v -4.687741 1.246491 -0.234916
v -5.053038 1.335951 -0.797526
v -5.053038 1.335951 -0.930303
v -5.501056 1.968408 -0.930303
v -4.687741 1.246491 -0.797526
v -4.687741 1.246491 -0.930303
vn 0.9999 0.0147 -0.0000
vn 0.6377 -0.7703 -0.0000
vn 0.9954 0.0963 -0.0000
vn 0.8393 0.5436 -0.0000
vn 0.9821 0.1297 0.1366
vn 0.1976 0.9803 -0.0000
vn -0.0000 -0.0000 1.0000
vn -0.1976 -0.9803 -0.0000
vn -0.0000 -0.0000 -1.0000
vn -1.0000 -0.0074 -0.0000
vn -1.0000 -0.0092 -0.0000
vn -1.0000 -0.0037 -0.0000
vn -0.6377 0.7703 -0.0000
vn -0.8333 -0.5528 -0.0000
vn -0.8459 0.5334 -0.0000
vn -0.8778 0.4789 -0.0000
vn -0.8614 0.5060 -0.0449
vn -0.9999 -0.0147 -0.0000
vn 0.3772 0.9261 -0.0000
vn -0.3772 -0.9261 -0.0000
vn 0.3773 0.9261 -0.0000
vn -0.3777 -0.9259 -0.0000
vn -0.3776 -0.9260 -0.0001
vn -0.3775 -0.9260 -0.0001
vn -0.3773 -0.9261 -0.0000
vn -0.0006 0.0003 1.0000
vn -0.0007 0.0002 1.0000
vn -0.0007 0.0001 1.0000
vn -0.0003 -0.0000 1.0000
vn -0.0005 -0.0000 1.0000
vn -0.6234 0.7819 -0.0000
vn -0.0000 1.0000 -0.0000
vn 0.1989 0.9800 -0.0000
vn 0.1792 0.8890 -0.4213
vn -0.1815 -0.9834 -0.0000
vn 0.2500 0.0011 0.9682
vn -0.2379 -0.9713 -0.0000
vn -0.7865 0.6177 -0.0000
vn -0.2244 -0.9741 -0.0283
vn -1.0000 -0.0055 -0.0000
vn -0.9705 -0.2411 -0.0000
vn -0.9904 -0.1324 -0.0390
vn 0.9525 0.3045 -0.0000
vn -0.3776 -0.9260 -0.0000
vn -0.8622 0.5065 0.0069
vn -0.9912 -0.1325 0.0060
vn -0.1461 -0.9893 -0.0000
vn -0.1460 -0.9887 -0.0347
vn -0.8160 -0.5780 -0.0000
vn -1.0000 -0.0056 -0.0000
vn -0.7865 0.6176 -0.0000
vt 0.810346 0.981574
vt 1.000000 0.981574
vt 1.000000 1.000000
vt 0.810346 1.000000
vt 0.000000 0.981574
vt 0.000000 1.000000
vt 1.000000 0.523783
vt 1.000000 0.500000
vt 1.000000 0.956168
vt 1.000000 0.750000
vt 0.000000 0.567897
vt 0.000000 0.750000
vt 0.810346 0.594188
vt 1.000000 0.594188
vt 0.810346 0.750000
vt 0.810346 0.500000
vt 0.810346 0.523783
vt 0.000000 0.500000
vt 0.000000 0.523783
vt 1.000000 0.542982
vt 1.000000 0.580745
vt 1.000000 0.567897
vt 0.810346 0.555405
vt 1.000000 0.555405
vt 0.810346 0.567897
vt 0.000000 0.555405
vt 1.000000 0.969200
vt 0.000000 0.956168
vt 0.810346 0.956168
vt 0.213301 0.555405
vt 0.758642 0.555405
vt 0.758642 0.567897
vt 0.213301 0.567897
vt 0.213301 0.500000
vt 0.758642 0.500000
vt 0.758642 0.523783
vt 0.213301 0.523783
vt 0.213301 0.981574
vt 0.758642 0.981574
vt 0.758642 1.000000
vt 0.213301 1.000000
vt 0.758642 0.750000
vt 0.784978 0.750000
vt 0.784978 0.956168
vt 0.758642 0.956168
vt 0.784978 0.555405
vt 0.784978 0.567897
vt 0.784978 0.500000
vt 0.784978 0.523783
vt 0.758642 0.594188
vt 0.784978 0.594188
vt 0.784978 0.981574
vt 0.784978 1.000000
vt 0.810346 0.969200
vt 0.784978 0.969200
vt 0.758642 0.969200
vt 0.213301 0.956168
vt 0.213301 0.969200
vt 0.000000 0.969200
vt 0.000000 0.542982
vt 0.784978 0.542982
vt 0.810346 0.542982
vt 0.758642 0.542982
vt 0.213301 0.542982
vt 0.810345 0.500000
vt 0.784978 0.580745
vt 0.606222 0.567897
vt 0.758642 0.679674
vt 0.758642 0.716933
vt 0.784953 0.567897
vt 0.758642 0.555430
vt 0.644327 0.567897
vt 0.758642 0.718204
vt 0.758642 0.580745
vt 0.758642 0.721707
vt 0.810346 0.580745
vt 0.758642 0.719266
s 1
f 8043/2008/2156 8037/2009/2156 7970/2010/2156 8021/2011/2156
f 8062/2012/2157 8055/2013/2157 7971/2013/2157 8045/2012/2157
f 8257/2014/2158 8255/2015/2158 7976/2015/2158 7983/2014/2158
f 8259/2016/2158 8256/2017/2158 7978/2017/2158 7989/2016/2158
f 8059/2018/2157 8057/2019/2157 7979/2019/2157 7987/2018/2157
f 8297/2020/2156 8292/2021/2156 7977/2017/2156 8023/2022/2156
f 8022/2023/2156 7974/2015/2156 7982/2014/2156 8024/2024/2156
f 8056/2025/2157 8058/2026/2157 7981/2026/2157 7975/2025/2157
f 8264/2027/2158 8257/2014/2158 7983/2014/2158 8081/2027/2158
f 8291/2028/2158 8258/2029/2158 7985/2029/2158 8276/2028/2158
f 8072/2030/2156 8065/2031/2156 7984/2029/2156 8025/2032/2156
f 8074/2033/2157 8059/2018/2157 7987/2018/2157 8064/2033/2157
f 8261/2034/2158 8259/2016/2158 7989/2016/2158 8028/2034/2158
f 8057/2019/2157 8060/2035/2157 7991/2035/2157 7979/2019/2157
f 8023/2022/2156 7977/2017/2156 7988/2016/2156 8026/2036/2156
f 8027/2034/2159 7988/2016/2159 7997/2016/2159 8031/2034/2159
f 8275/2028/2159 7984/2029/2159 7996/2029/2159 8277/2028/2159
f 8080/2027/2159 7982/2014/2159 7995/2014/2159 8082/2027/2159
f 7988/2016/2159 7977/2017/2159 7994/2017/2159 7997/2016/2159
f 7982/2014/2159 7974/2015/2159 7993/2015/2159 7995/2014/2159
f 8070/2037/2156 8068/2038/2156 8002/2039/2156 8013/2040/2156
f 8011/2041/2156 7999/2042/2156 8001/2043/2156 8012/2044/2156
f 8041/2045/2156 8040/2046/2156 7998/2047/2156 8010/2048/2156
f 8063/2033/2157 7986/2018/2157 8008/2018/2157 8069/2033/2157
f 7973/2025/2157 7980/2026/2157 8007/2026/2157 8005/2025/2157
f 8044/2012/2157 7969/2013/2157 8004/2013/2157 8046/2012/2157
f 8044/2012/2156 8041/2045/2156 8010/2048/2156 7969/2013/2156
f 7973/2025/2156 8011/2041/2156 8012/2044/2156 7980/2026/2156
f 8063/2033/2156 8070/2037/2156 8013/2040/2156 7986/2018/2156
f 8000/2049/2156 8017/2050/2156 8020/2051/2156 8003/2052/2156
f 8068/2038/2156 8071/2053/2156 8019/2054/2156 8002/2039/2156
f 7999/2042/2156 8016/2055/2156 8018/2056/2156 8001/2043/2156
f 8295/2057/2156 8296/2058/2156 8017/2050/2156 8000/2049/2156
f 8040/2046/2156 8042/2059/2156 8015/2060/2156 7998/2047/2156
f 8017/2050/2156 8023/2022/2156 8026/2036/2156 8020/2051/2156
f 8071/2053/2156 8072/2030/2156 8025/2032/2156 8019/2054/2156
f 8016/2055/2156 8022/2023/2156 8024/2024/2156 8018/2056/2156
f 8296/2058/2156 8297/2020/2156 8023/2022/2156 8017/2050/2156
f 8042/2059/2156 8043/2008/2156 8021/2011/2156 8015/2060/2156
f 8020/2051/2156 8026/2036/2156 8036/2061/2156 8035/2062/2156
f 8003/2052/2156 8020/2051/2156 8035/2062/2156 8032/2063/2156
f 7990/2035/2156 8014/2064/2156 8034/2065/2156 8029/2066/2156
f 7990/2035/2157 8029/2066/2157 8033/2066/2157 8009/2035/2157
f 8014/2064/2156 8003/2052/2156 8032/2063/2156 8034/2065/2156
f 8037/2009/2159 8027/2034/2159 8031/2034/2159 8039/2009/2159
f 8262/2009/2158 8261/2034/2158 8028/2034/2158 8038/2009/2158
f 8060/2035/2157 8061/2066/2157 8030/2066/2157 7991/2035/2157
f 8026/2036/2156 7988/2016/2156 8027/2034/2156 8036/2061/2156
f 8260/2010/2160 8262/2009/2160 8038/2009/2160 7972/2010/2160
f 7970/2010/2159 8037/2009/2159 8039/2009/2159 7992/2010/2159
f 8035/2062/2156 8036/2061/2156 8043/2008/2156 8042/2059/2156
f 8032/2063/2156 8035/2062/2156 8042/2059/2156 8040/2046/2156
f 8029/2066/2156 8034/2065/2156 8041/2045/2156 8044/2012/2156
f 8029/2066/2157 8044/2012/2157 8046/2012/2157 8033/2066/2157
f 8034/2065/2156 8032/2063/2156 8040/2046/2156 8041/2045/2156
f 8061/2066/2157 8062/2012/2157 8045/2012/2157 8030/2066/2157
f 8036/2061/2156 8027/2034/2156 8037/2009/2156 8043/2008/2156
f 8033/2066/2157 8046/2012/2157 8054/2012/2157 8053/2066/2157
f 8009/2035/2157 8033/2066/2157 8053/2066/2157 8052/2035/2157
f 8006/2019/2157 8009/2035/2157 8052/2035/2157 8049/2019/2157
f 8069/2033/2157 8008/2018/2157 8051/2018/2157 8073/2033/2157
f 8005/2025/2157 8007/2026/2157 8050/2026/2157 8048/2025/2157
f 8008/2018/2157 8006/2019/2157 8049/2019/2157 8051/2018/2157
f 8046/2012/2157 8004/2013/2157 8047/2013/2157 8054/2012/2157
f 8053/2066/2157 8054/2012/2157 8062/2012/2157 8061/2066/2157
f 8052/2035/2157 8053/2066/2157 8061/2066/2157 8060/2035/2157
f 8049/2019/2157 8052/2035/2157 8060/2035/2157 8057/2019/2157
f 8073/2033/2157 8051/2018/2157 8059/2018/2157 8074/2033/2157
f 8048/2025/2157 8050/2026/2157 8058/2026/2157 8056/2025/2157
f 8051/2018/2157 8049/2019/2157 8057/2019/2157 8059/2018/2157
f 8054/2012/2157 8047/2013/2157 8055/2013/2157 8062/2012/2157
f 8078/2067/2157 8073/2033/2157 8074/2033/2157 8079/2067/2157
f 8077/2067/2157 8069/2033/2157 8073/2033/2157 8078/2067/2157
f 8085/2068/2156 8086/2069/2156 8072/2030/2156 8071/2053/2156
f 8083/2070/2156 8085/2068/2156 8071/2053/2156 8068/2038/2156
f 8075/2067/2156 8084/2071/2156 8070/2037/2156 8063/2033/2156
f 8075/2067/2157 8063/2033/2157 8069/2033/2157 8077/2067/2157
f 8084/2071/2156 8083/2070/2156 8068/2038/2156 8070/2037/2156
f 7984/2029/2159 8065/2031/2159 8067/2031/2159 7996/2029/2159
f 8079/2067/2157 8074/2033/2157 8064/2033/2157 8076/2067/2157
f 8086/2069/2156 8080/2027/2156 8065/2031/2156 8072/2030/2156
f 8258/2029/2158 8263/2031/2158 8066/2031/2158 7985/2029/2158
f 8024/2024/2156 7982/2014/2156 8080/2027/2156 8086/2069/2156
f 8058/2026/2157 8079/2067/2157 8076/2067/2157 7981/2026/2157
f 8012/2044/2156 8001/2043/2156 8083/2070/2156 8084/2071/2156
f 7980/2026/2157 8075/2067/2157 8077/2067/2157 8007/2026/2157
f 7980/2026/2156 8012/2044/2156 8084/2071/2156 8075/2067/2156
f 8001/2043/2156 8018/2056/2156 8085/2068/2156 8083/2070/2156
f 8018/2056/2156 8024/2024/2156 8086/2069/2156 8085/2068/2156
f 8007/2026/2157 8077/2067/2157 8078/2067/2157 8050/2026/2157
f 8050/2026/2157 8078/2067/2157 8079/2067/2157 8058/2026/2157
f 8065/2031/2159 8080/2027/2159 8082/2027/2159 8067/2031/2159
f 8263/2031/2158 8264/2027/2158 8081/2027/2158 8066/2031/2158
f 8003/2052/2161 8143/2052/2161 8138/2049/2161 8000/2049/2161
f 7990/2035/2162 8126/2035/2162 8130/2064/2162 8014/2064/2162
f 8313/2055/2162 8135/2055/2162 8156/2023/2162 8306/2072/2162
f 8306/2072/2162 8156/2023/2162 8111/2015/2162 8328/2015/2162
f 8006/2019/2163 8150/2019/2163 8149/2035/2163 8009/2035/2163
f 8013/2040/2164 8120/2040/2164 8121/2018/2164 7986/2018/2164
f 8308/2011/2164 8155/2011/2164 8133/2060/2164 8314/2060/2164
f 8318/2010/2164 8088/2010/2164 8155/2011/2164 8308/2011/2164
f 8009/2035/2162 8149/2035/2162 8126/2035/2162 7990/2035/2162
f 8320/2067/2161 8110/2067/2161 8097/2026/2161 8311/2026/2161
f 8342/2015/2162 8265/2015/2162 8099/2015/2162 8331/2015/2162
f 7986/2018/2164 8121/2018/2164 8148/2018/2164 8008/2018/2164
f 8326/2048/2164 8089/2048/2164 8090/2013/2164 8315/2013/2164
f 8310/2018/2161 8118/2018/2161 8187/2033/2161 8319/2033/2161
f 8322/2019/2161 8106/2019/2161 8118/2018/2161 8310/2018/2161
f 8014/2064/2162 8130/2064/2162 8143/2052/2162 8003/2052/2162
f 7975/2025/2162 8244/2025/2162 8245/2025/2162 8056/2025/2162
f 8317/2042/2162 8136/2042/2162 8135/2055/2162 8313/2055/2162
f 8338/2013/2161 8092/2013/2161 8168/2012/2161 8339/2012/2161
f 8324/2013/2164 8177/2013/2164 8091/2013/2164 8337/2013/2164
f 8314/2060/2164 8133/2060/2164 8134/2047/2164 8325/2047/2164
f 8315/2013/2164 8090/2013/2164 8146/2013/2164 8323/2013/2164
f 8316/2041/2162 8100/2041/2162 8136/2042/2162 8317/2042/2162
f 8336/2010/2164 8095/2010/2164 8088/2010/2164 8318/2010/2164
f 8319/2033/2161 8187/2033/2161 8110/2067/2161 8320/2067/2161
f 8340/2066/2161 8127/2066/2161 8105/2035/2161 8321/2035/2161
f 8321/2035/2161 8105/2035/2161 8106/2019/2161 8322/2019/2161
f 8323/2013/2164 8146/2013/2164 8177/2013/2164 8324/2013/2164
f 8325/2047/2164 8134/2047/2164 8089/2048/2164 8326/2048/2164
f 8328/2015/2162 8111/2015/2162 8098/2015/2162 8329/2015/2162
f 8008/2018/2163 8148/2018/2163 8150/2019/2163 8006/2019/2163
f 8341/2010/2164 8270/2010/2164 8095/2010/2164 8336/2010/2164
f 8337/2013/2164 8091/2013/2164 8092/2013/2164 8338/2013/2164
f 8339/2012/2161 8168/2012/2161 8127/2066/2161 8340/2066/2161
f 8164/2008/2165 8155/2011/2166 8088/2010/2167 8087/2009/2167
f 8176/2012/2168 8168/2012/2168 8092/2013/2168 8091/2013/2168
f 8267/2014/2169 8113/2014/2169 8099/2015/2169 8265/2015/2169
f 8269/2016/2169 8124/2016/2169 8104/2017/2169 8266/2017/2169
f 8122/2018/2168 8118/2018/2168 8106/2019/2168 8108/2019/2168
f 8301/2020/2167 8157/2022/2167 8102/2017/2167 8298/2021/2167
f 8156/2023/2166 8158/2024/2166 8112/2014/2167 8111/2015/2167
f 8096/2026/2162 8241/2026/2162 8250/2026/2162 8147/2026/2162
f 8113/2014/2164 8346/2014/2164 8354/2014/2164 8334/2014/2164
f 8290/2028/2169 8282/2028/2169 8103/2029/2169 8268/2029/2169
f 8163/2030/2167 8159/2032/2167 8101/2029/2167 8116/2031/2167
f 8196/2033/2168 8187/2033/2168 8118/2018/2168 8122/2018/2168
f 8271/2034/2169 8166/2034/2169 8124/2016/2169 8269/2016/2169
f 8108/2019/2168 8106/2019/2168 8105/2035/2168 8129/2035/2168
f 8157/2022/2167 8160/2036/2167 8123/2016/2167 8102/2017/2167
f 8165/2034/2170 8169/2034/2170 8128/2016/2170 8123/2016/2170
f 8281/2028/2171 8283/2028/2171 8119/2029/2171 8101/2029/2171
f 8188/2027/2171 8350/2027/2171 8345/2014/2171 8112/2014/2171
f 8123/2016/2170 8128/2016/2170 8107/2017/2170 8102/2017/2170
f 8112/2014/2172 8345/2014/2172 8098/2015/2172 8111/2015/2172
f 8100/2041/2173 8114/2044/2173 8140/2043/2173 8136/2042/2173
f 8153/2045/2173 8089/2048/2173 8134/2047/2173 8145/2046/2173
f 8186/2033/2168 8191/2033/2168 8148/2018/2168 8121/2018/2168
f 8048/2025/2162 8251/2025/2162 8249/2025/2162 8005/2025/2162
f 8167/2012/2168 8171/2012/2168 8146/2013/2168 8090/2013/2168
f 8167/2012/2173 8090/2013/2173 8089/2048/2173 8153/2045/2173
f 8005/2025/2162 8249/2025/2162 8242/2025/2162 7973/2025/2162
f 8186/2033/2173 8121/2018/2173 8120/2040/2173 8154/2037/2173
f 8138/2049/2173 8143/2052/2173 8142/2051/2173 8137/2050/2173
f 8136/2042/2173 8140/2043/2173 8139/2056/2173 8135/2055/2173
f 8145/2046/2173 8134/2047/2173 8133/2060/2173 8162/2059/2173
f 8135/2055/2173 8139/2056/2173 8158/2024/2166 8156/2023/2166
f 8162/2059/2173 8133/2060/2173 8155/2011/2166 8164/2008/2165
f 8143/2052/2173 8170/2063/2173 8173/2062/2173 8142/2051/2173
f 8126/2035/2173 8125/2066/2173 8172/2065/2173 8130/2064/2173
f 8126/2035/2168 8149/2035/2168 8152/2066/2168 8125/2066/2168
f 8130/2064/2173 8172/2065/2173 8170/2063/2173 8143/2052/2173
f 8087/2009/2170 8131/2009/2170 8169/2034/2170 8165/2034/2170
f 8272/2009/2169 8093/2009/2169 8166/2034/2169 8271/2034/2169
f 8129/2035/2168 8105/2035/2168 8127/2066/2168 8175/2066/2168
f 8160/2036/2167 8174/2061/2167 8165/2034/2167 8123/2016/2167
f 8270/2010/2169 8094/2010/2169 8093/2009/2169 8272/2009/2169
f 8088/2010/2170 8095/2010/2170 8131/2009/2170 8087/2009/2170
f 8175/2066/2168 8127/2066/2168 8168/2012/2168 8176/2012/2168
f 8174/2061/2167 8164/2008/2165 8087/2009/2167 8165/2034/2167
f 8149/2035/2168 8181/2035/2168 8182/2066/2168 8152/2066/2168
f 8150/2019/2168 8178/2019/2168 8181/2035/2168 8149/2035/2168
f 8191/2033/2168 8195/2033/2168 8180/2018/2168 8148/2018/2168
f 8179/2026/2162 8252/2026/2162 8248/2026/2162 8115/2026/2162
f 8148/2018/2168 8180/2018/2168 8178/2019/2168 8150/2019/2168
f 8171/2012/2168 8183/2012/2168 8177/2013/2168 8146/2013/2168
f 8115/2026/2162 8248/2026/2162 8243/2026/2162 8097/2026/2162
f 8183/2012/2168 8176/2012/2168 8091/2013/2168 8177/2013/2168
f 8101/2029/2171 8119/2029/2171 8132/2031/2171 8116/2031/2171
f 8185/2067/2168 8110/2067/2168 8187/2033/2168 8196/2033/2168
f 8194/2069/2165 8163/2030/2167 8116/2031/2167 8188/2027/2167
f 8333/2027/2162 8353/2027/2162 8349/2027/2162 8189/2027/2162
f 8158/2024/2166 8194/2069/2165 8188/2027/2167 8112/2014/2167
f 8115/2026/2168 8097/2026/2168 8110/2067/2168 8185/2067/2168
f 8114/2044/2173 8192/2071/2173 8190/2070/2173 8140/2043/2173
f 8096/2026/2168 8147/2026/2168 8151/2067/2168 8109/2067/2168
f 8096/2026/2173 8109/2067/2173 8192/2071/2173 8114/2044/2173
f 8140/2043/2173 8190/2070/2173 8193/2068/2173 8139/2056/2173
f 8139/2056/2173 8193/2068/2173 8194/2069/2165 8158/2024/2166
f 8147/2026/2168 8179/2026/2168 8184/2067/2168 8151/2067/2168
f 8179/2026/2168 8115/2026/2168 8185/2067/2168 8184/2067/2168
f 8116/2031/2171 8132/2031/2171 8350/2027/2171 8188/2027/2171
f 8273/2031/2169 8117/2031/2169 8189/2027/2169 8274/2027/2169
f 8190/2070/2164 8227/2070/2164 8231/2068/2164 8193/2068/2164
f 8301/2020/2174 8303/2020/2174 8197/2022/2174 8157/2022/2174
f 8174/2061/2174 8210/2061/2174 8216/2008/2174 8164/2008/2174
f 8109/2067/2164 8237/2067/2164 8229/2071/2164 8192/2071/2164
f 8163/2030/2174 8204/2030/2174 8199/2032/2174 8159/2032/2174
f 8122/2018/2175 8223/2018/2175 8234/2033/2175 8196/2033/2175
f 8151/2067/2164 8238/2067/2164 8237/2067/2164 8109/2067/2164
f 8157/2022/2174 8197/2022/2174 8201/2036/2174 8160/2036/2174
f 8195/2033/2176 8233/2033/2176 8221/2018/2176 8180/2018/2176
f 8192/2071/2164 8229/2071/2164 8227/2070/2164 8190/2070/2164
f 8180/2018/2176 8221/2018/2176 8220/2019/2176 8178/2019/2176
f 8284/2073/2177 8286/2073/2177 8200/2054/2178 8141/2054/2178
f 8194/2069/2174 8232/2069/2174 8204/2030/2174 8163/2030/2174
f 8196/2033/2175 8234/2033/2175 8240/2067/2175 8185/2067/2175
f 8178/2019/2176 8220/2019/2176 8219/2035/2176 8181/2035/2176
f 8141/2054/2178 8200/2054/2178 8203/2053/2179 8161/2053/2179
f 8172/2065/2164 8212/2065/2164 8211/2063/2164 8170/2063/2164
f 8181/2035/2176 8219/2035/2176 8217/2066/2176 8182/2066/2176
f 8142/2051/2175 8202/2051/2175 8198/2050/2180 8137/2050/2180
f 8152/2066/2164 8208/2066/2164 8206/2066/2164 8125/2066/2164
f 8125/2066/2164 8206/2066/2164 8212/2065/2164 8172/2065/2164
f 8171/2012/2162 8207/2012/2162 8218/2012/2162 8183/2012/2162
f 8198/2050/2173 8202/2051/2173 8201/2036/2173 8197/2022/2173
f 8203/2053/2173 8200/2054/2173 8199/2032/2173 8204/2030/2173
f 8302/2058/2173 8198/2050/2173 8197/2022/2173 8303/2020/2173
f 8202/2051/2173 8209/2062/2173 8210/2061/2173 8201/2036/2173
f 8209/2062/2173 8215/2059/2173 8216/2008/2173 8210/2061/2173
f 8211/2063/2173 8213/2046/2173 8215/2059/2173 8209/2062/2173
f 8206/2066/2173 8205/2012/2173 8214/2045/2173 8212/2065/2173
f 8206/2066/2168 8208/2066/2168 8207/2012/2168 8205/2012/2168
f 8212/2065/2173 8214/2045/2173 8213/2046/2173 8211/2063/2173
f 8208/2066/2168 8217/2066/2168 8218/2012/2168 8207/2012/2168
f 8217/2066/2168 8225/2066/2168 8226/2012/2168 8218/2012/2168
f 8219/2035/2168 8224/2035/2168 8225/2066/2168 8217/2066/2168
f 8220/2019/2168 8222/2019/2168 8224/2035/2168 8219/2035/2168
f 8233/2033/2168 8234/2033/2168 8223/2018/2168 8221/2018/2168
f 8221/2018/2168 8223/2018/2168 8222/2019/2168 8220/2019/2168
f 8239/2067/2168 8240/2067/2168 8234/2033/2168 8233/2033/2168
f 8238/2067/2168 8239/2067/2168 8233/2033/2168 8235/2033/2168
f 8231/2068/2173 8203/2053/2173 8204/2030/2173 8232/2069/2173
f 8227/2070/2173 8228/2038/2173 8203/2053/2173 8231/2068/2173
f 8237/2067/2173 8236/2033/2173 8230/2037/2173 8229/2071/2173
f 8237/2067/2168 8238/2067/2168 8235/2033/2168 8236/2033/2168
f 8229/2071/2173 8230/2037/2173 8228/2038/2173 8227/2070/2173
f 8164/2008/2162 8216/2008/2162 8215/2059/2162 8162/2059/2162
f 8191/2033/2162 8235/2033/2162 8233/2033/2162 8195/2033/2162
f 8193/2068/2164 8231/2068/2164 8232/2069/2164 8194/2069/2164
f 8162/2059/2162 8215/2059/2162 8213/2046/2162 8145/2046/2162
f 8183/2012/2162 8218/2012/2162 8226/2012/2162 8176/2012/2162
f 8184/2067/2164 8239/2067/2164 8238/2067/2164 8151/2067/2164
f 8153/2045/2162 8214/2045/2162 8205/2012/2162 8167/2012/2162
f 8161/2053/2181 8203/2053/2181 8228/2038/2182 8144/2038/2183
f 8173/2062/2175 8209/2062/2175 8202/2051/2175 8142/2051/2175
f 8176/2012/2175 8226/2012/2175 8225/2066/2175 8175/2066/2175
f 8185/2067/2164 8240/2067/2164 8239/2067/2164 8184/2067/2164
f 8167/2012/2162 8205/2012/2162 8207/2012/2162 8171/2012/2162
f 8154/2037/2184 8230/2037/2185 8236/2033/2162 8186/2033/2162
f 8160/2036/2174 8201/2036/2174 8210/2061/2174 8174/2061/2174
f 8175/2066/2175 8225/2066/2175 8224/2035/2175 8129/2035/2175
f 8145/2046/2162 8213/2046/2162 8214/2045/2162 8153/2045/2162
f 8186/2033/2162 8236/2033/2162 8235/2033/2162 8191/2033/2162
f 8129/2035/2175 8224/2035/2175 8222/2019/2175 8108/2019/2175
f 8182/2066/2164 8217/2066/2164 8208/2066/2164 8152/2066/2164
f 8144/2038/2183 8228/2038/2182 8230/2037/2185 8154/2037/2184
f 8170/2063/2164 8211/2063/2164 8209/2062/2164 8173/2062/2164
f 8108/2019/2175 8222/2019/2175 8223/2018/2175 8122/2018/2175
f 8245/2025/2186 8244/2025/2186 8243/2026/2186 8248/2026/2186
f 8242/2025/2168 8249/2025/2168 8250/2026/2168 8241/2026/2168
f 8242/2025/2173 8241/2026/2173 8247/2044/2173 8246/2041/2173
f 8249/2025/2168 8251/2025/2168 8252/2026/2168 8250/2026/2168
f 8251/2025/2168 8245/2025/2168 8248/2026/2168 8252/2026/2168
f 8056/2025/2162 8245/2025/2162 8251/2025/2162 8048/2025/2162
f 7973/2025/2162 8242/2025/2162 8246/2041/2162 8011/2041/2162
f 8100/2041/2187 8246/2041/2187 8247/2044/2187 8114/2044/2187
f 8147/2026/2162 8250/2026/2162 8252/2026/2162 8179/2026/2162
f 8114/2044/2162 8247/2044/2162 8241/2026/2162 8096/2026/2162
f 8100/2041/2162 8316/2041/2162 8011/2041/2162 8246/2041/2162
f 7975/2025/2188 7981/2026/2188 8243/2026/2188 8244/2025/2188
f 8253/2074/2156 8002/2039/2156 8289/2075/2156
f 8288/2076/2173 8141/2077/2173 8144/2078/2173 8254/2079/2173
f 8253/2074/2189 8289/2075/2189 8288/2076/2189 8254/2079/2189
f 8000/2049/2190 8289/2080/2190 8002/2039/2190 8278/2081/2190 8295/2057/2190
f 8253/2074/2164 8254/2079/2164 8120/2040/2164 8013/2040/2164
f 8002/2039/2191 8253/2074/2191 8013/2040/2191
f 8154/2037/2173 8120/2040/2173 8254/2079/2173 8144/2078/2173
f 8288/2082/2173 8138/2049/2173 8137/2050/2173 8300/2058/2173
f 8144/2038/2173 8141/2077/2173 8161/2053/2173
f 8334/2014/2192 8331/2015/2192 8099/2015/2192 8113/2014/2192
f 8334/2014/2193 8354/2014/2193 8353/2027/2193 8333/2027/2193
f 8327/2031/2192 8333/2027/2192 8189/2027/2192 8117/2031/2192
f 8267/2014/2164 8345/2014/2164 8346/2014/2164 8113/2014/2164
f 8343/2028/2192 8307/2029/2192 8103/2029/2192 8282/2028/2192
f 8330/2016/2192 8332/2017/2192 8104/2017/2192 8124/2016/2192
f 8312/2034/2192 8330/2016/2192 8124/2016/2192 8166/2034/2192
f 8309/2009/2192 8312/2034/2192 8166/2034/2192 8093/2009/2192
f 8335/2010/2194 8309/2009/2194 8093/2009/2194 8094/2010/2194
f 8132/2031/2195 8273/2031/2195 8274/2027/2195 8350/2027/2195
f 8119/2029/2195 8268/2029/2195 8273/2031/2195 8132/2031/2195
f 8095/2010/2196 8270/2010/2196 8272/2009/2196 8131/2009/2196
f 8131/2009/2196 8272/2009/2196 8271/2034/2196 8169/2034/2196
f 8169/2034/2196 8271/2034/2196 8269/2016/2196 8128/2016/2196
f 8283/2028/2195 8290/2028/2195 8268/2029/2195 8119/2029/2195
f 8128/2016/2196 8269/2016/2196 8266/2017/2196 8107/2017/2196
f 8345/2014/2197 8267/2014/2197 8265/2015/2197 8098/2015/2197
f 8335/2010/2164 8094/2010/2164 8270/2010/2164 8341/2010/2164
f 8329/2015/2162 8098/2015/2162 8265/2015/2162 8342/2015/2162
f 8067/2031/2198 8082/2027/2198 8264/2027/2198 8263/2031/2198
f 7996/2029/2198 8067/2031/2198 8263/2031/2198 8258/2029/2198
f 7992/2010/2198 8039/2009/2198 8262/2009/2198 8260/2010/2198
f 8039/2009/2198 8031/2034/2198 8261/2034/2198 8262/2009/2198
f 8031/2034/2198 7997/2016/2198 8259/2016/2198 8261/2034/2198
f 8277/2028/2198 7996/2029/2198 8258/2029/2198 8291/2028/2198
f 8082/2027/2198 7995/2014/2198 8257/2014/2198 8264/2027/2198
f 7997/2016/2198 7994/2017/2198 8256/2017/2198 8259/2016/2198
f 7995/2014/2198 7993/2015/2198 8255/2015/2198 8257/2014/2198
f 8294/2021/2198 8277/2028/2198 8291/2028/2198 8305/2021/2198
f 8357/2021/2195 8304/2021/2195 8290/2028/2195 8283/2028/2195
f 8273/2031/2164 8132/2031/2164 8347/2031/2164 8117/2031/2164
f 8288/2076/2173 8284/2073/2173 8141/2054/2173
f 8200/2054/2173 8286/2073/2173 8287/2083/2173 8199/2032/2173
f 8300/2058/2199 8302/2058/2199 8286/2073/2177 8284/2073/2177
f 8159/2032/2174 8199/2032/2174 8287/2083/2174 8285/2083/2174
f 8298/2021/2171 8357/2021/2171 8283/2028/2171 8281/2028/2171
f 8290/2028/2164 8283/2028/2164 8355/2028/2164 8282/2028/2164
f 8159/2032/2167 8285/2083/2167 8281/2028/2167 8101/2029/2167
f 8019/2054/2156 8025/2032/2156 8280/2083/2156 8279/2073/2156
f 8002/2039/2156 8019/2054/2156 8279/2073/2156 8278/2081/2156
f 8292/2021/2159 8275/2028/2159 8277/2028/2159 8294/2021/2159
f 8305/2021/2158 8291/2028/2158 8276/2028/2158 8293/2021/2158
f 8025/2032/2156 7984/2029/2156 8275/2028/2156 8280/2083/2156
f 8256/2017/2158 8305/2021/2158 8293/2021/2158 7978/2017/2158
f 7977/2017/2159 8292/2021/2159 8294/2021/2159 7994/2017/2159
f 8266/2017/2169 8104/2017/2169 8299/2021/2169 8304/2021/2169
f 8102/2017/2200 8107/2017/2200 8357/2021/2200 8298/2021/2200
f 8137/2050/2180 8198/2050/2180 8302/2058/2199 8300/2058/2199
f 8000/2049/2161 8138/2049/2161 8288/2082/2161 8289/2080/2161
f 8332/2017/2192 8344/2021/2192 8299/2021/2192 8104/2017/2192
f 8107/2017/2201 8266/2017/2201 8304/2021/2201 8357/2021/2201
f 7994/2017/2198 8294/2021/2198 8305/2021/2198 8256/2017/2198
f 8288/2084/2173 8300/2058/2173 8284/2073/2173
f 8286/2073/2173 8302/2058/2173 8303/2020/2173 8287/2083/2173
f 8285/2083/2174 8287/2083/2174 8303/2020/2174 8301/2020/2174
f 8285/2083/2167 8301/2020/2167 8298/2021/2167 8281/2028/2167
f 8279/2073/2156 8280/2083/2156 8297/2020/2156 8296/2058/2156
f 8278/2081/2156 8279/2073/2156 8296/2058/2156 8295/2057/2156
f 8280/2083/2156 8275/2028/2156 8292/2021/2156 8297/2020/2156
f 7978/2017/2202 8293/2021/2202 8344/2021/2202 8332/2017/2202
f 8293/2021/2202 8276/2028/2202 8343/2028/2202 8344/2021/2202
f 7993/2015/2162 8329/2015/2162 8342/2015/2162 8255/2015/2162
f 7972/2010/2164 8335/2010/2164 8341/2010/2164 8260/2010/2164
f 7972/2010/2203 8038/2009/2203 8309/2009/2203 8335/2010/2203
f 8038/2009/2202 8028/2034/2202 8312/2034/2202 8309/2009/2202
f 8028/2034/2202 7989/2016/2202 8330/2016/2202 8312/2034/2202
f 7989/2016/2202 7978/2017/2202 8332/2017/2202 8330/2016/2202
f 8276/2028/2202 7985/2029/2202 8307/2029/2202 8343/2028/2202
f 7985/2029/2202 8066/2031/2202 8327/2031/2202 8307/2029/2202
f 8066/2031/2202 8081/2027/2202 8333/2027/2202 8327/2031/2202
f 8081/2027/2202 7983/2014/2202 8334/2014/2202 8333/2027/2202
f 7983/2014/2202 7976/2015/2202 8331/2015/2202 8334/2014/2202
f 8045/2012/2161 8339/2012/2161 8340/2066/2161 8030/2066/2161
f 8055/2013/2164 8337/2013/2164 8338/2013/2164 7971/2013/2164
f 8260/2010/2164 8341/2010/2164 8336/2010/2164 7992/2010/2164
f 7974/2015/2162 8328/2015/2162 8329/2015/2162 7993/2015/2162
f 7998/2047/2164 8325/2047/2164 8326/2048/2164 8010/2048/2164
f 8004/2013/2164 8323/2013/2164 8324/2013/2164 8047/2013/2164
f 7991/2035/2161 8321/2035/2161 8322/2019/2161 7979/2019/2161
f 8030/2066/2161 8340/2066/2161 8321/2035/2161 7991/2035/2161
f 8064/2033/2161 8319/2033/2161 8320/2067/2161 8076/2067/2161
f 7992/2010/2164 8336/2010/2164 8318/2010/2164 7970/2010/2164
f 8011/2041/2162 8316/2041/2162 8317/2042/2162 7999/2042/2162
f 7969/2013/2164 8315/2013/2164 8323/2013/2164 8004/2013/2164
f 8015/2060/2164 8314/2060/2164 8325/2047/2164 7998/2047/2164
f 8047/2013/2164 8324/2013/2164 8337/2013/2164 8055/2013/2164
f 7971/2013/2161 8338/2013/2161 8339/2012/2161 8045/2012/2161
f 7999/2042/2162 8317/2042/2162 8313/2055/2162 8016/2055/2162
f 7979/2019/2161 8322/2019/2161 8310/2018/2161 7987/2018/2161
f 7987/2018/2161 8310/2018/2161 8319/2033/2161 8064/2033/2161
f 8010/2048/2164 8326/2048/2164 8315/2013/2164 7969/2013/2164
f 8255/2015/2162 8342/2015/2162 8331/2015/2162 7976/2015/2162
f 8076/2067/2161 8320/2067/2161 8311/2026/2161 7981/2026/2161
f 7970/2010/2164 8318/2010/2164 8308/2011/2164 8021/2011/2164
f 8021/2011/2164 8308/2011/2164 8314/2060/2164 8015/2060/2164
f 8022/2023/2162 8306/2072/2162 8328/2015/2162 7974/2015/2162
f 8016/2055/2162 8313/2055/2162 8306/2072/2162 8022/2023/2162
f 8350/2027/2204 8349/2027/2204 8346/2014/2204 8345/2014/2204
f 8119/2029/2204 8348/2029/2204 8347/2031/2204 8132/2031/2204
f 8353/2027/2192 8354/2014/2192 8346/2014/2192 8349/2027/2192
f 8351/2029/2192 8352/2031/2192 8347/2031/2192 8348/2029/2192
f 8359/2021/2192 8358/2028/2192 8355/2028/2192 8356/2021/2192
f 8357/2021/2204 8356/2021/2204 8355/2028/2204 8283/2028/2204
f 8282/2028/2164 8355/2028/2164 8358/2028/2164 8343/2028/2164
f 8307/2029/2162 8351/2029/2162 8348/2029/2162 8103/2029/2162
f 8299/2021/2162 8356/2021/2162 8357/2021/2162 8304/2021/2162
f 8344/2021/2162 8359/2021/2162 8356/2021/2162 8299/2021/2162
f 8274/2027/2205 8267/2014/2205 8345/2014/2205 8350/2027/2205
f 8103/2029/2162 8348/2029/2162 8119/2029/2162 8268/2029/2162
f 8189/2027/2162 8349/2027/2162 8350/2027/2162 8274/2027/2162
f 8343/2028/2206 8358/2028/2206 8359/2021/2206 8344/2021/2206
f 8327/2031/2206 8352/2031/2206 8351/2029/2206 8307/2029/2206
f 8117/2031/2164 8347/2031/2164 8352/2031/2164 8327/2031/2164
o Plane.040
v 3.791870 6.539720 -17.584631
v 5.015871 6.539721 -5.489202
v 3.992209 6.539720 -17.803968
v 5.027897 6.539720 -17.809132
v 4.665965 6.539720 -17.809132
v 3.858875 6.539720 -17.720833
v 3.765318 6.539721 -5.439181
v 3.784209 6.484339 -17.586422
v 3.765072 6.508196 -17.590897
v 5.023529 6.484340 -5.481836
v 5.042657 6.508197 -5.463440
v 3.989989 6.484339 -17.811617
v 3.984442 6.508196 -17.830721
v 5.035570 6.484339 -17.816797
v 5.054735 6.508196 -17.835943
v 4.665834 6.508196 -17.835943
v 4.665927 6.484339 -17.816797
v 3.838196 6.508196 -17.739536
v 3.852963 6.484339 -17.726179
v 3.738445 6.508197 -5.411274
v 3.757635 6.484340 -5.431203
vn -0.6835 0.6479 -0.3363
vn 0.0304 0.6479 0.7611
vn 0.7617 0.6479 0.0007
vn -0.0029 0.6479 -0.7617
vn -0.0058 0.6479 -0.7617
vn -0.0000 0.6479 -0.7617
vn -0.4030 0.6479 -0.6464
vn -0.7617 0.6479 -0.0017
vn -0.0000 1.0000 -0.0000
vn -0.6998 -0.6259 -0.3443
vn 0.0312 -0.6259 0.7793
vn 0.7799 -0.6259 0.0008
vn -0.0030 -0.6259 -0.7799
vn -0.0060 -0.6259 -0.7799
vn -0.0000 -0.6259 -0.7799
vn -0.4126 -0.6259 -0.6618
vn -0.7799 -0.6259 -0.0017
vn -0.0000 -1.0000 -0.0000
vt 0.000000 0.500000
vt 0.000000 0.000000
vt 0.012985 0.071508
vt 0.011573 0.503496
vt 0.500000 0.000000
vt 1.000000 0.000000
vt 0.989380 0.001553
vt 0.509468 0.000609
vt 1.000000 1.000000
vt 0.969923 0.992672
vt 0.500000 1.000000
vt 0.000000 1.000000
vt 0.019771 0.939547
vt 0.516724 0.986012
vt 0.008178 0.502446
vt 0.009259 0.051585
vt 0.506760 0.000433
vt 0.992418 0.001111
vt 0.978473 0.994809
vt 0.512094 0.989980
vt 0.014237 0.956415
s 1
f 8377/2085/2207 8368/2086/2207 8360/2087/2207 8365/2088/2207
f 8379/2089/2208 8370/2090/2208 8361/2091/2208 8366/2092/2208
f 8370/2090/2209 8374/2093/2209 8363/2094/2209 8361/2091/2209
f 8375/2095/2210 8372/2096/2211 8362/2097/2211 8364/2098/2210
f 8374/2093/2212 8375/2095/2210 8364/2098/2210 8363/2094/2212
f 8372/2096/2213 8377/2085/2213 8365/2088/2213 8362/2097/2213
f 8368/2086/2214 8379/2089/2214 8366/2092/2214 8360/2087/2214
f 8360/2087/2215 8366/2092/2215 8361/2091/2215 8363/2094/2215 8364/2098/2215 8362/2097/2215 8365/2088/2215
f 8378/2099/2216 8367/2100/2216 8368/2086/2216 8377/2085/2216
f 8380/2101/2217 8369/2102/2217 8370/2090/2217 8379/2089/2217
f 8369/2102/2218 8373/2103/2218 8374/2093/2218 8370/2090/2218
f 8376/2104/2219 8371/2105/2220 8372/2096/2220 8375/2095/2219
f 8373/2103/2221 8376/2104/2219 8375/2095/2219 8374/2093/2221
f 8371/2105/2222 8378/2099/2222 8377/2085/2222 8372/2096/2222
f 8367/2100/2223 8380/2101/2223 8379/2089/2223 8368/2086/2223
f 8367/2100/2224 8378/2099/2224 8371/2105/2224 8376/2104/2224 8373/2103/2224 8369/2102/2224 8380/2101/2224
o Plane.041
v -3.730913 6.481804 17.585693
v -4.954913 6.481803 5.490263
v -3.931252 6.481804 17.805031
v -4.966940 6.481804 17.810194
v -4.605008 6.481804 17.810196
v -3.797918 6.481804 17.721895
v -3.704360 6.481803 5.440244
v -3.723251 6.537185 17.587484
v -3.704115 6.513328 17.591959
v -4.962571 6.537184 5.482899
v -4.981699 6.513327 5.464501
v -3.929031 6.537185 17.812679
v -3.923484 6.513328 17.831783
v -4.974613 6.537185 17.817860
v -4.993777 6.513328 17.837006
v -4.604877 6.513328 17.837006
v -4.604970 6.537185 17.817860
v -3.777238 6.513328 17.740597
v -3.792006 6.537185 17.727242
v -3.677488 6.513327 5.412335
v -3.696678 6.537184 5.432264
vn 0.6835 -0.6479 0.3363
vn -0.0304 -0.6479 -0.7611
vn -0.7618 -0.6479 -0.0007
vn 0.0029 -0.6479 0.7617
vn 0.0058 -0.6479 0.7617
vn -0.0000 -0.6479 0.7617
vn 0.4030 -0.6479 0.6464
vn 0.7617 -0.6479 0.0017
vn -0.0000 -1.0000 -0.0000
vn 0.6998 0.6259 0.3443
vn -0.0312 0.6259 -0.7793
vn -0.7799 0.6259 -0.0008
vn 0.0030 0.6259 0.7799
vn 0.0060 0.6259 0.7799
vn -0.0000 0.6259 0.7799
vn 0.4126 0.6259 0.6618
vn 0.7799 0.6259 0.0017
vn -0.0000 1.0000 -0.0000
vt 0.000000 0.500000
vt 0.011573 0.503496
vt 0.012985 0.071508
vt 0.000000 0.000000
vt 0.500000 0.000000
vt 0.509468 0.000609
vt 0.989380 0.001553
vt 1.000000 0.000000
vt 0.969923 0.992672
vt 1.000000 1.000000
vt 0.500000 1.000000
vt 0.516724 0.986012
vt 0.019771 0.939547
vt 0.000000 1.000000
vt 0.008178 0.502446
vt 0.009259 0.051585
vt 0.506760 0.000433
vt 0.992418 0.001111
vt 0.978473 0.994809
vt 0.512094 0.989980
vt 0.014237 0.956415
s 1
f 8398/2106/2225 8386/2107/2225 8381/2108/2225 8389/2109/2225
f 8400/2110/2226 8387/2111/2226 8382/2112/2226 8391/2113/2226
f 8391/2113/2227 8382/2112/2227 8384/2114/2227 8395/2115/2227
f 8396/2116/2228 8385/2117/2228 8383/2118/2229 8393/2119/2229
f 8395/2115/2230 8384/2114/2230 8385/2117/2228 8396/2116/2228
f 8393/2119/2231 8383/2118/2231 8386/2107/2231 8398/2106/2231
f 8389/2109/2232 8381/2108/2232 8387/2111/2232 8400/2110/2232
f 8381/2108/2233 8386/2107/2233 8383/2118/2233 8385/2117/2233 8384/2114/2233 8382/2112/2233 8387/2111/2233
f 8399/2120/2234 8398/2106/2234 8389/2109/2234 8388/2121/2234
f 8401/2122/2235 8400/2110/2235 8391/2113/2235 8390/2123/2235
f 8390/2123/2236 8391/2113/2236 8395/2115/2236 8394/2124/2236
f 8397/2125/2237 8396/2116/2237 8393/2119/2238 8392/2126/2238
f 8394/2124/2239 8395/2115/2239 8396/2116/2237 8397/2125/2237
f 8392/2126/2240 8393/2119/2240 8398/2106/2240 8399/2120/2240
f 8388/2121/2241 8389/2109/2241 8400/2110/2241 8401/2122/2241
f 8388/2121/2242 8401/2122/2242 8390/2123/2242 8394/2124/2242 8397/2125/2242 8392/2126/2242 8399/2120/2242
o Plane.042
v 3.779430 6.485612 17.575634
v 5.003430 6.485617 5.480204
v 3.979769 6.485612 17.794971
v 5.015457 6.485612 17.800137
v 4.653525 6.485612 17.800137
v 3.846435 6.485612 17.711836
v 3.752878 6.485617 5.430183
v 3.771769 6.540993 17.577425
v 3.752632 6.517137 17.581900
v 5.011088 6.540998 5.472838
v 5.030217 6.517139 5.454443
v 3.977548 6.540993 17.802620
v 3.972001 6.517137 17.821724
v 5.023130 6.540993 17.807802
v 5.042295 6.517137 17.826948
v 4.653394 6.517137 17.826948
v 4.653487 6.540993 17.807802
v 3.825755 6.517137 17.730539
v 3.840523 6.540993 17.717184
v 3.726005 6.517139 5.402277
v 3.745195 6.540998 5.422205
vn -0.6835 -0.6479 0.3363
vn 0.0304 -0.6479 -0.7611
vn 0.7617 -0.6479 -0.0007
vn -0.0029 -0.6479 0.7617
vn -0.0058 -0.6479 0.7617
vn -0.0000 -0.6479 0.7617
vn -0.4030 -0.6479 0.6464
vn -0.7617 -0.6479 0.0017
vn -0.0000 -1.0000 -0.0000
vn -0.6998 0.6259 0.3443
vn 0.0312 0.6259 -0.7793
vn 0.7799 0.6259 -0.0008
vn -0.0030 0.6259 0.7799
vn -0.0060 0.6259 0.7799
vn -0.0000 0.6259 0.7799
vn -0.4126 0.6259 0.6618
vn -0.7799 0.6259 0.0017
vn -0.0000 1.0000 -0.0000
vt 0.000000 0.500000
vt 0.000000 0.000000
vt 0.012985 0.071508
vt 0.011573 0.503496
vt 0.500000 0.000000
vt 1.000000 0.000000
vt 0.989380 0.001553
vt 0.509468 0.000609
vt 1.000000 1.000000
vt 0.969923 0.992672
vt 0.500000 1.000000
vt 0.000000 1.000000
vt 0.019771 0.939547
vt 0.516724 0.986012
vt 0.008178 0.502446
vt 0.009259 0.051585
vt 0.506760 0.000433
vt 0.992418 0.001111
vt 0.978473 0.994809
vt 0.512094 0.989980
vt 0.014237 0.956415
s 1
f 8419/2127/2243 8410/2128/2243 8402/2129/2243 8407/2130/2243
f 8421/2131/2244 8412/2132/2244 8403/2133/2244 8408/2134/2244
f 8412/2132/2245 8416/2135/2245 8405/2136/2245 8403/2133/2245
f 8417/2137/2246 8414/2138/2247 8404/2139/2247 8406/2140/2246
f 8416/2135/2248 8417/2137/2246 8406/2140/2246 8405/2136/2248
f 8414/2138/2249 8419/2127/2249 8407/2130/2249 8404/2139/2249
f 8410/2128/2250 8421/2131/2250 8408/2134/2250 8402/2129/2250
f 8402/2129/2251 8408/2134/2251 8403/2133/2251 8405/2136/2251 8406/2140/2251 8404/2139/2251 8407/2130/2251
f 8420/2141/2252 8409/2142/2252 8410/2128/2252 8419/2127/2252
f 8422/2143/2253 8411/2144/2253 8412/2132/2253 8421/2131/2253
f 8411/2144/2254 8415/2145/2254 8416/2135/2254 8412/2132/2254
f 8418/2146/2255 8413/2147/2256 8414/2138/2256 8417/2137/2255
f 8415/2145/2257 8418/2146/2255 8417/2137/2255 8416/2135/2257
f 8413/2147/2258 8420/2141/2258 8419/2127/2258 8414/2138/2258
f 8409/2142/2259 8422/2143/2259 8421/2131/2259 8410/2128/2259
f 8409/2142/2260 8420/2141/2260 8413/2147/2260 8418/2146/2260 8415/2145/2260 8411/2144/2260 8422/2143/2260
o Plane.043
v -3.730913 6.481804 17.585693
v -4.954913 6.481803 5.490263
v -3.931252 6.481804 17.805031
v -4.966940 6.481804 17.810194
v -4.605008 6.481804 17.810196
v -3.797918 6.481804 17.721895
v -3.704360 6.481803 5.440244
v -3.723251 6.537185 17.587484
v -3.704115 6.513328 17.591959
v -4.962571 6.537184 5.482899
v -4.981699 6.513327 5.464501
v -3.929031 6.537185 17.812679
v -3.923484 6.513328 17.831783
v -4.974613 6.537185 17.817860
v -4.993777 6.513328 17.837006
v -4.604877 6.513328 17.837006
v -4.604970 6.537185 17.817860
v -3.777238 6.513328 17.740597
v -3.792006 6.537185 17.727242
v -3.677488 6.513327 5.412335
v -3.696678 6.537184 5.432264
vn 0.6835 -0.6479 0.3363
vn -0.0304 -0.6479 -0.7611
vn -0.7618 -0.6479 -0.0007
vn 0.0029 -0.6479 0.7617
vn 0.0058 -0.6479 0.7617
vn -0.0000 -0.6479 0.7617
vn 0.4030 -0.6479 0.6464
vn 0.7617 -0.6479 0.0017
vn -0.0000 -1.0000 -0.0000
vn 0.6998 0.6259 0.3443
vn -0.0312 0.6259 -0.7793
vn -0.7799 0.6259 -0.0008
vn 0.0030 0.6259 0.7799
vn 0.0060 0.6259 0.7799
vn -0.0000 0.6259 0.7799
vn 0.4126 0.6259 0.6618
vn 0.7799 0.6259 0.0017
vn -0.0000 1.0000 -0.0000
vt 0.000000 0.500000
vt 0.011573 0.503496
vt 0.012985 0.071508
vt 0.000000 0.000000
vt 0.500000 0.000000
vt 0.509468 0.000609
vt 0.989380 0.001553
vt 1.000000 0.000000
vt 0.969923 0.992672
vt 1.000000 1.000000
vt 0.500000 1.000000
vt 0.516724 0.986012
vt 0.019771 0.939547
vt 0.000000 1.000000
vt 0.008178 0.502446
vt 0.009259 0.051585
vt 0.506760 0.000433
vt 0.992418 0.001111
vt 0.978473 0.994809
vt 0.512094 0.989980
vt 0.014237 0.956415
s 1
f 8440/2148/2261 8428/2149/2261 8423/2150/2261 8431/2151/2261
f 8442/2152/2262 8429/2153/2262 8424/2154/2262 8433/2155/2262
f 8433/2155/2263 8424/2154/2263 8426/2156/2263 8437/2157/2263
f 8438/2158/2264 8427/2159/2264 8425/2160/2265 8435/2161/2265
f 8437/2157/2266 8426/2156/2266 8427/2159/2264 8438/2158/2264
f 8435/2161/2267 8425/2160/2267 8428/2149/2267 8440/2148/2267
f 8431/2151/2268 8423/2150/2268 8429/2153/2268 8442/2152/2268
f 8423/2150/2269 8428/2149/2269 8425/2160/2269 8427/2159/2269 8426/2156/2269 8424/2154/2269 8429/2153/2269
f 8441/2162/2270 8440/2148/2270 8431/2151/2270 8430/2163/2270
f 8443/2164/2271 8442/2152/2271 8433/2155/2271 8432/2165/2271
f 8432/2165/2272 8433/2155/2272 8437/2157/2272 8436/2166/2272
f 8439/2167/2273 8438/2158/2273 8435/2161/2274 8434/2168/2274
f 8436/2166/2275 8437/2157/2275 8438/2158/2273 8439/2167/2273
f 8434/2168/2276 8435/2161/2276 8440/2148/2276 8441/2162/2276
f 8430/2163/2277 8431/2151/2277 8442/2152/2277 8443/2164/2277
f 8430/2163/2278 8443/2164/2278 8432/2165/2278 8436/2166/2278 8439/2167/2278 8434/2168/2278 8441/2162/2278
o Plane.044
v -3.730913 6.538893 -17.588991
v -4.954913 6.538889 -5.493561
v -3.931252 6.538893 -17.808329
v -4.966940 6.538893 -17.813494
v -4.605008 6.538893 -17.813494
v -3.797918 6.538893 -17.725193
v -3.704360 6.538889 -5.443542
v -3.723251 6.483511 -17.590782
v -3.704115 6.507370 -17.595257
v -4.962571 6.483509 -5.486197
v -4.981699 6.507367 -5.467801
v -3.929031 6.483511 -17.815977
v -3.923484 6.507370 -17.835081
v -4.974613 6.483511 -17.821159
v -4.993777 6.507370 -17.840305
v -4.604877 6.507370 -17.840305
v -4.604970 6.483511 -17.821159
v -3.777238 6.507370 -17.743896
v -3.792006 6.483511 -17.730541
v -3.677488 6.507367 -5.415635
v -3.696678 6.483509 -5.435564
vn 0.6835 0.6479 -0.3363
vn -0.0304 0.6479 0.7611
vn -0.7617 0.6479 0.0007
vn 0.0029 0.6479 -0.7617
vn 0.0058 0.6479 -0.7617
vn -0.0000 0.6479 -0.7617
vn 0.4030 0.6479 -0.6464
vn 0.7617 0.6479 -0.0017
vn -0.0000 1.0000 -0.0000
vn 0.6998 -0.6259 -0.3443
vn -0.0312 -0.6259 0.7793
vn -0.7799 -0.6259 0.0008
vn 0.0030 -0.6259 -0.7799
vn 0.0060 -0.6259 -0.7799
vn -0.0000 -0.6259 -0.7799
vn 0.4126 -0.6259 -0.6618
vn 0.7799 -0.6259 -0.0017
vn -0.0000 -1.0000 -0.0000
vt 0.000000 0.500000
vt 0.011573 0.503496
vt 0.012985 0.071508
vt 0.000000 0.000000
vt 0.500000 0.000000
vt 0.509468 0.000609
vt 0.989380 0.001553
vt 1.000000 0.000000
vt 0.969923 0.992672
vt 1.000000 1.000000
vt 0.500000 1.000000
vt 0.516724 0.986012
vt 0.019771 0.939547
vt 0.000000 1.000000
vt 0.008178 0.502446
vt 0.009259 0.051585
vt 0.506760 0.000433
vt 0.992418 0.001111
vt 0.978473 0.994809
vt 0.512094 0.989980
vt 0.014237 0.956415
s 1
f 8461/2169/2279 8449/2170/2279 8444/2171/2279 8452/2172/2279
f 8463/2173/2280 8450/2174/2280 8445/2175/2280 8454/2176/2280
f 8454/2176/2281 8445/2175/2281 8447/2177/2281 8458/2178/2281
f 8459/2179/2282 8448/2180/2282 8446/2181/2283 8456/2182/2283
f 8458/2178/2284 8447/2177/2284 8448/2180/2282 8459/2179/2282
f 8456/2182/2285 8446/2181/2285 8449/2170/2285 8461/2169/2285
f 8452/2172/2286 8444/2171/2286 8450/2174/2286 8463/2173/2286
f 8444/2171/2287 8449/2170/2287 8446/2181/2287 8448/2180/2287 8447/2177/2287 8445/2175/2287 8450/2174/2287
f 8462/2183/2288 8461/2169/2288 8452/2172/2288 8451/2184/2288
f 8464/2185/2289 8463/2173/2289 8454/2176/2289 8453/2186/2289
f 8453/2186/2290 8454/2176/2290 8458/2178/2290 8457/2187/2290
f 8460/2188/2291 8459/2179/2291 8456/2182/2292 8455/2189/2292
f 8457/2187/2293 8458/2178/2293 8459/2179/2291 8460/2188/2291
f 8455/2189/2294 8456/2182/2294 8461/2169/2294 8462/2183/2294
f 8451/2184/2295 8452/2172/2295 8463/2173/2295 8464/2185/2295
f 8451/2184/2296 8464/2185/2296 8453/2186/2296 8457/2187/2296 8460/2188/2296 8455/2189/2296 8462/2183/2296
o Plane.045
v 2.371428 8.581678 -5.179870
v 3.076949 8.656331 -5.197627
v 1.921726 9.171495 -5.193202
v 2.492899 9.143274 -5.202033
v 2.050409 8.796834 -5.177057
v 2.371428 8.581678 5.195854
v 3.076949 8.656331 5.178096
v 1.921726 9.171495 5.182520
v 2.492899 9.143274 5.173690
v 2.050409 8.796834 5.198666
v 1.921726 9.171495 -0.005342
v 2.492899 9.143274 -0.014171
v 3.076949 8.656331 -0.009766
v 2.326191 8.512074 -5.179870
v 2.005173 8.727230 -5.177057
v 2.492899 9.143274 -5.058175
v 2.371428 8.581678 -5.036010
v 1.921726 9.171495 -5.049345
v 3.076949 8.656331 -5.053769
v 2.050409 8.796834 -5.033199
v 1.921726 9.171495 -0.082654
v 3.076949 8.656331 -0.087078
v 2.050409 8.796834 -0.066510
v 2.492899 9.143274 -0.091484
v 2.371428 8.581678 -0.069321
v 1.921726 9.171495 0.079441
v 3.076949 8.656331 0.075017
v 2.050409 8.796834 0.095585
v 2.492899 9.143274 0.070611
v 2.371428 8.581678 0.092774
v 1.921726 9.171495 5.032452
v 3.076949 8.656331 5.028028
v 2.050409 8.796834 5.048596
v 2.492899 9.143274 5.023623
v 2.371428 8.581678 5.045784
v 2.325017 8.510270 5.196726
v 3.030539 8.584922 5.178968
v 1.880723 9.108405 5.032452
v 3.035945 8.593240 5.028028
v 2.009406 8.733744 5.048596
v 2.330424 8.518588 5.045784
v 1.894476 9.129566 -0.082654
v 1.894476 9.129566 -0.005342
v 3.049698 8.614401 -0.087078
v 3.049698 8.614401 -0.009766
v 2.344177 8.539748 0.092774
v 2.344177 8.539748 0.007992
v 2.023158 8.754904 -0.066510
v 2.023158 8.754904 0.010803
v 2.344177 8.539748 -0.069321
v 1.894476 9.129566 0.079441
v 3.049698 8.614401 0.075017
v 2.023158 8.754904 0.095585
v 3.031712 8.586727 -5.197627
v 1.876490 9.101892 -5.193202
v 2.326191 8.512074 -5.036010
v 1.876490 9.101892 -5.049345
v 3.031712 8.586727 -5.053769
v 2.005173 8.727230 -5.033199
v 2.492884 9.143376 -8.573132
v 3.077021 8.655727 -5.559525
v 2.371465 8.581365 -5.541733
v 2.050444 8.796515 -5.538888
v 2.492960 9.142644 -5.516818
v 1.921785 9.170860 -5.554924
v 2.371416 8.581846 -8.446627
v 1.921698 9.171655 -8.459786
v 3.076934 8.656523 -8.464385
v 2.492872 9.143445 -8.445949
v 2.341456 8.535746 -8.446638
v 3.046979 8.610340 -8.568807
v 3.046974 8.610421 -8.464397
v 1.894939 9.130279 -5.193202
v 2.023622 8.755616 -5.177057
v 3.050161 8.615113 -5.559457
v 3.050161 8.615113 -5.197627
v 2.344640 8.540461 -5.179870
v 2.344640 8.540461 -5.541699
v 2.023622 8.755616 -5.538888
v 1.894939 9.130279 -5.555034
v 2.083205 8.847105 8.585994
v 2.403754 8.631279 8.581519
v 3.109412 8.704513 8.563314
v 2.526413 9.192732 8.562493
v 1.955314 9.222133 8.572205
v 2.495955 9.148367 5.497136
v 1.922460 9.191914 5.508518
v 3.076558 8.674294 5.499628
v 2.370900 8.601060 5.517831
v 2.050352 8.816887 5.522305
v 1.953713 9.220660 8.422956
v 3.107812 8.703040 8.414065
v 2.081605 8.845634 8.436745
v 2.524812 9.191259 8.413245
v 2.402153 8.629807 8.432270
v 2.003999 8.725426 5.199538
v 1.875316 9.100087 5.183393
v 2.322667 8.507045 5.521042
v 1.872966 9.096863 5.507710
v 3.028188 8.581697 5.503285
v 2.001648 8.722200 5.523855
v 1.896276 9.132690 8.424439
v 1.897877 9.134162 8.573689
v 2.025769 8.759135 8.587477
v 2.346317 8.543308 8.583002
v 3.051975 8.616542 8.564797
v 3.050375 8.615070 8.415549
v 2.024168 8.757663 8.438228
v 2.344717 8.541837 8.433754
v 1.921695 9.171683 -8.564235
v 2.050388 8.797021 -8.548196
v 2.371413 8.581875 -8.551076
v 3.076940 8.656441 -8.568801
v 2.050392 8.796992 -8.443747
v 2.341453 8.535774 -8.551087
v 1.891736 9.125583 -8.564246
v 2.020429 8.750920 -8.548208
v 2.020432 8.750892 -8.443759
v 1.891739 9.125554 -8.459797
vn 0.0493 0.9988 -0.0000
vn 0.0256 -0.0044 0.9997
vn -0.0270 0.0176 -0.9995
vn 0.6404 0.7681 -0.0000
vn -0.8385 0.5449 -0.0000
vn 0.0061 -0.0040 1.0000
vn 0.0270 -0.0176 0.9995
vn 0.8385 -0.5449 -0.0000
vn 0.0494 0.9988 -0.0009
vn 0.0433 -0.0282 -0.9987
vn 0.6403 0.7681 -0.0006
vn -0.0433 0.0282 0.9987
vn 0.1052 -0.9944 -0.0000
vn -0.9458 -0.3248 -0.0000
vn -0.5567 -0.8307 -0.0000
vn 0.1038 -0.9933 -0.0510
vn -0.9438 -0.3264 -0.0518
vn -0.5559 -0.8286 -0.0656
vn -0.0061 0.0040 -1.0000
vn 0.0118 0.0045 0.9999
vn 0.6403 0.7681 -0.0001
vn 0.6403 0.7681 -0.0004
vn 0.0270 -0.0178 0.9995
vn 0.0494 0.9988 -0.0008
vn 0.0494 0.9988 -0.0007
vn 0.0442 -0.0277 -0.9986
vn -0.0063 0.0037 -1.0000
vn 0.6403 0.7681 -0.0005
vn 0.0494 0.9988 0.0001
vn 0.0494 0.9988 -0.0000
vn 0.8385 -0.5449 0.0005
vn -0.8363 0.5483 -0.0005
vn 0.8363 -0.5483 0.0005
vn -0.0269 0.0165 -0.9995
vn 0.0183 0.0050 0.9998
vn 0.0176 0.0054 0.9998
vn 0.0248 0.0007 0.9997
vn -0.0200 0.0299 0.9994
vn 0.0573 0.9983 -0.0117
vn 0.0512 0.9986 -0.0104
vn 0.0192 0.0433 0.9989
vn 0.0320 0.0269 0.9991
vn 0.0320 0.0281 0.9991
vn 0.0311 0.0272 0.9991
vn 0.0228 0.0289 0.9993
vn 0.6396 0.7685 -0.0152
vn 0.6420 0.7666 -0.0144
vn -0.0182 -0.0050 -0.9998
vn -0.0258 -0.0000 -0.9997
vn -0.0249 -0.0007 -0.9997
vn 0.6363 0.7709 -0.0302
vn 0.0618 0.9973 -0.0395
vn 0.0212 0.0149 0.9997
vn 0.0210 0.0144 0.9997
vn 0.0227 0.0241 0.9995
vn -0.0419 0.0256 0.9988
vn -0.5583 -0.8295 0.0142
vn 0.6372 0.7705 -0.0160
vn 0.0634 0.9979 -0.0129
vn 0.1034 -0.9946 0.0087
vn -0.9465 -0.3223 0.0133
vn -0.5568 -0.8306 -0.0123
vn 0.1050 -0.9944 -0.0091
vn -0.9456 -0.3252 -0.0101
vn -0.8664 0.4992 -0.0153
vn 0.0229 0.0250 0.9994
vn -0.0311 0.0324 0.9990
vn 0.8659 -0.5000 0.0151
vn 0.0200 -0.0299 -0.9994
vn 0.8373 -0.5467 -0.0036
vn -0.8373 0.5467 0.0036
vn -0.0176 -0.0054 -0.9998
vn 0.0258 -0.0000 0.9997
vn -0.0061 0.0042 -1.0000
vn -0.0270 0.0177 -0.9995
vn -0.0308 -0.0326 -0.9990
vn -0.0299 -0.0328 -0.9990
vn -0.0260 -0.0336 -0.9991
vn -0.0180 -0.0489 -0.9986
vn -0.0214 -0.0346 -0.9992
vn 0.0494 0.9988 -0.0002
vn -0.9457 -0.3249 -0.0000
vn 0.1050 -0.9945 -0.0002
vn -0.5567 -0.8307 -0.0001
vn -0.5567 -0.8307 -0.0002
vn 0.1052 -0.9945 0.0002
vn -0.9458 -0.3249 -0.0001
vn 0.0061 -0.0042 1.0000
vn -0.0433 0.0279 0.9987
vn 0.0433 -0.0279 -0.9987
vn -0.8385 0.5449 0.0002
vt 1.000000 1.000000
vt 0.000000 1.000000
vt 1.000000 0.000000
vt 0.000000 0.000000
vt 0.000000 0.500000
s 1
f 8498/2190/2297 8495/2191/2297 8472/2191/2297 8473/2190/2297
f 8471/2192/2298 8470/2193/2298 8500/2193/2298 8501/2192/2298
f 8499/2193/2299 8496/2192/2299 8503/2192/2299 8505/2193/2299
f 8496/2192/2300 8498/2190/2300 8473/2190/2300 8471/2192/2300
f 8472/2191/2301 8495/2191/2301 8502/2191/2301 8561/2191/2301
f 8494/2193/2302 8492/2194/2302 8517/2194/2302 8510/2193/2302
f 8486/2192/2300 8488/2190/2300 8476/2190/2300 8477/2192/2300
f 8491/2192/2303 8494/2193/2303 8510/2193/2303 8516/2192/2303
f 8477/2192/2304 8491/2192/2304 8516/2192/2304 8509/2192/2304
f 8488/2190/2297 8485/2191/2297 8475/2191/2297 8476/2190/2297
f 8468/2190/2305 8467/2191/2305 8482/2191/2297 8480/2190/2297
f 8467/2191/2306 8469/2194/2306 8479/2194/2306 8519/2191/2306
f 8466/2192/2304 8483/2192/2304 8522/2192/2304 8518/2192/2304
f 8466/2192/2307 8468/2190/2307 8480/2190/2300 8483/2192/2300
f 8484/2194/2308 8482/2191/2308 8521/2191/2308 8523/2194/2308
f 8480/2190/2297 8482/2191/2297 8485/2191/2297 8488/2190/2297
f 8481/2193/2309 8483/2192/2309 8486/2192/2309 8489/2193/2309
f 8482/2191/2310 8484/2194/2310 8487/2194/2310 8485/2191/2310
f 8483/2192/2300 8480/2190/2300 8488/2190/2300 8486/2192/2300
f 8484/2194/2311 8481/2193/2311 8489/2193/2311 8487/2194/2311
f 8475/2191/2301 8485/2191/2301 8506/2191/2301 8507/2191/2301
f 8477/2192/2300 8476/2190/2300 8493/2190/2300 8491/2192/2300
f 8485/2191/2306 8487/2194/2306 8512/2194/2306 8506/2191/2306
f 8492/2194/2308 8490/2191/2308 8515/2191/2308 8517/2194/2308
f 8476/2190/2297 8475/2191/2297 8490/2191/2297 8493/2190/2297
f 8492/2194/2311 8494/2193/2311 8499/2193/2311 8497/2194/2311
f 8491/2192/2300 8493/2190/2300 8498/2190/2300 8496/2192/2300
f 8490/2191/2310 8492/2194/2310 8497/2194/2310 8495/2191/2310
f 8494/2193/2309 8491/2192/2309 8496/2192/2309 8499/2193/2309
f 8493/2190/2297 8490/2191/2297 8495/2191/2297 8498/2190/2297
f 8505/2193/2312 8503/2192/2312 8501/2192/2312 8500/2193/2312
f 8502/2191/2313 8504/2194/2313 8560/2194/2313 8561/2191/2313
f 8504/2194/2314 8505/2193/2314 8500/2193/2314 8560/2194/2314
f 8495/2191/2306 8497/2194/2306 8504/2194/2306 8502/2191/2306
f 8497/2194/2315 8499/2193/2315 8505/2193/2315 8504/2194/2315
f 8470/2193/2316 8474/2194/2316 8560/2194/2316 8500/2193/2316
f 8496/2192/2304 8471/2192/2304 8501/2192/2304 8503/2192/2304
f 8512/2194/2311 8514/2193/2311 8511/2193/2311 8513/2194/2311
f 8506/2191/2310 8512/2194/2310 8513/2194/2310 8507/2191/2310
f 8514/2193/2309 8508/2192/2309 8509/2192/2309 8511/2193/2309
f 8513/2194/2311 8511/2193/2311 8510/2193/2311 8517/2194/2311
f 8507/2191/2310 8513/2194/2310 8517/2194/2310 8515/2191/2310
f 8511/2193/2309 8509/2192/2309 8516/2192/2309 8510/2193/2309
f 8487/2194/2315 8489/2193/2315 8514/2193/2315 8512/2194/2315
f 8486/2192/2304 8477/2192/2304 8509/2192/2304 8508/2192/2304
f 8489/2193/2299 8486/2192/2299 8508/2192/2299 8514/2193/2299
f 8490/2191/2301 8475/2191/2301 8507/2191/2301 8515/2191/2301
f 8478/2193/2309 8518/2192/2309 8522/2192/2309 8520/2193/2309
f 8519/2191/2310 8479/2194/2310 8523/2194/2310 8521/2191/2310
f 8479/2194/2311 8478/2193/2311 8520/2193/2311 8523/2194/2311
f 8469/2194/2315 8465/2193/2315 8478/2193/2315 8479/2194/2315
f 8483/2192/2303 8481/2193/2303 8520/2193/2303 8522/2192/2303
f 8482/2191/2301 8467/2191/2301 8519/2191/2301 8521/2191/2301
f 8481/2193/2302 8484/2194/2302 8523/2194/2302 8520/2193/2302
f 8465/2193/2299 8466/2192/2299 8518/2192/2299 8478/2193/2299
f 8533/2193/2317 8532/2193/2317 8577/2193/2318 8524/2193/2318
f 8532/2193/2319 8530/2193/2319 8534/2193/2319 8536/2193/2319
f 8467/2193/2305 8468/2193/2305 8528/2193/2320 8529/2193/2321
f 8529/2191/2322 8527/2194/2322 8543/2194/2322 8544/2191/2322
f 8466/2193/2303 8465/2193/2303 8541/2193/2303 8540/2193/2303
f 8527/2193/2323 8526/2193/2323 8542/2193/2323 8543/2193/2323
f 8468/2193/2307 8466/2193/2307 8525/2193/2324 8528/2193/2307
f 8529/2193/2321 8528/2193/2320 8533/2193/2325 8531/2193/2326
f 8528/2193/2307 8525/2193/2324 8532/2193/2317 8533/2193/2317
f 8577/2193/2327 8532/2193/2327 8536/2193/2327 8535/2193/2327
f 8538/2194/2310 8537/2191/2310 8544/2191/2310 8543/2194/2310
f 8540/2193/2309 8541/2193/2309 8542/2193/2309 8539/2193/2309
f 8541/2193/2311 8538/2193/2311 8543/2193/2311 8542/2193/2311
f 8465/2193/2302 8469/2193/2302 8538/2193/2302 8541/2193/2302
f 8467/2193/2328 8529/2193/2328 8544/2193/2328 8537/2193/2328
f 8525/2193/2329 8466/2193/2329 8540/2193/2329 8539/2193/2329
f 8526/2193/2330 8525/2193/2330 8539/2193/2330 8542/2193/2330
f 8469/2194/2308 8467/2191/2308 8537/2191/2308 8538/2194/2308
f 8546/2193/2331 8545/2194/2332 8568/2194/2332 8569/2193/2333
f 8545/2194/2334 8549/2191/2334 8567/2191/2334 8568/2194/2334
f 8558/2190/2335 8555/2191/2335 8549/2191/2336 8548/2190/2336
f 8549/2191/2337 8545/2194/2337 8548/2190/2337
f 8545/2194/2338 8546/2193/2339 8548/2190/2340
f 8547/2192/2341 8548/2190/2340 8546/2193/2339
f 8556/2192/2342 8558/2190/2342 8548/2190/2343 8547/2192/2343
f 8559/2193/2344 8556/2192/2345 8571/2192/2345 8573/2193/2346
f 8471/2192/2347 8473/2190/2347 8550/2190/2347 8552/2192/2347
f 8473/2190/2348 8472/2191/2348 8551/2191/2348 8550/2190/2348
f 8553/2193/2349 8554/2194/2350 8565/2194/2350 8562/2193/2351
f 8554/2194/2352 8551/2191/2352 8563/2191/2352 8565/2194/2352
f 8554/2194/2353 8553/2193/2353 8559/2193/2353 8557/2194/2353
f 8552/2192/2354 8550/2190/2354 8558/2190/2342 8556/2192/2342
f 8550/2190/2355 8551/2191/2355 8555/2191/2335 8558/2190/2335
f 8553/2193/2356 8552/2192/2356 8556/2192/2356 8559/2193/2356
f 8551/2191/2357 8554/2194/2357 8557/2194/2357 8555/2191/2357
f 8560/2194/2358 8500/2193/2358 8562/2193/2358 8565/2194/2358
f 8500/2193/2359 8501/2192/2359 8564/2192/2359 8562/2193/2359
f 8561/2191/2360 8560/2194/2360 8565/2194/2360 8563/2191/2360
f 8551/2191/2361 8472/2191/2361 8561/2191/2361 8563/2191/2361
f 8552/2192/2362 8553/2193/2349 8562/2193/2351 8564/2192/2362
f 8472/2191/2363 8561/2191/2363 8560/2194/2363 8474/2194/2363
f 8471/2192/2364 8552/2192/2364 8564/2192/2364 8501/2192/2364
f 8566/2191/2357 8572/2194/2357 8568/2194/2357 8567/2191/2357
f 8573/2193/2356 8571/2192/2356 8570/2192/2356 8569/2193/2356
f 8572/2194/2353 8573/2193/2353 8569/2193/2353 8568/2194/2353
f 8555/2191/2365 8557/2194/2365 8572/2194/2365 8566/2191/2365
f 8556/2192/2366 8547/2192/2366 8570/2192/2366 8571/2192/2366
f 8549/2191/2367 8555/2191/2367 8566/2191/2367 8567/2191/2367
f 8557/2194/2368 8559/2193/2344 8573/2193/2346 8572/2194/2368
f 8547/2192/2369 8546/2193/2331 8569/2193/2333 8570/2192/2369
f 8575/2193/2370 8576/2193/2370 8579/2193/2370 8581/2193/2370
f 8576/2193/2371 8577/2193/2371 8535/2193/2371 8579/2193/2371
f 8575/2193/2372 8524/2193/2373 8576/2193/2374
f 8575/2193/2375 8574/2191/2375 8524/2193/2375
f 8577/2193/2376 8576/2193/2374 8524/2193/2373
f 8531/2193/2326 8533/2193/2325 8524/2193/2377 8574/2193/2377
f 8527/2194/2378 8529/2191/2378 8531/2191/2378 8578/2194/2378
f 8525/2193/2379 8526/2193/2379 8530/2193/2379 8532/2193/2379
f 8526/2193/2380 8527/2193/2380 8578/2193/2380 8530/2193/2380
f 8534/2193/2381 8582/2193/2381 8581/2193/2381 8579/2193/2381
f 8536/2193/2382 8534/2193/2382 8579/2193/2382 8535/2193/2382
f 8582/2194/2383 8583/2191/2383 8580/2191/2383 8581/2194/2383
f 8530/2193/2384 8578/2193/2384 8582/2193/2384 8534/2193/2384
f 8578/2194/2385 8531/2191/2385 8583/2191/2385 8582/2194/2385
f 8574/2191/2386 8575/2193/2386 8581/2193/2386 8580/2191/2386
f 8531/2193/2387 8574/2193/2387 8580/2193/2387 8583/2193/2387
o Plane.046
v 2.371428 8.581680 23.021259
v 3.076949 8.656333 23.003502
v 1.921726 9.171497 23.007925
v 2.492899 9.143276 22.999096
v 2.050409 8.796836 23.024071
v 2.492884 9.143379 19.876871
v 3.077021 8.655729 22.890478
v 2.371465 8.581367 22.908268
v 2.050444 8.796517 22.911114
v 2.492960 9.142646 22.933186
v 1.921785 9.170862 22.895077
v 2.371416 8.581849 20.003376
v 1.921698 9.171658 19.990217
v 3.076934 8.656526 19.985619
v 2.492872 9.143448 20.004055
v 2.341456 8.535748 20.003365
v 3.046979 8.610343 19.881195
v 3.046974 8.610424 19.985607
v 1.894939 9.130280 23.007925
v 2.023622 8.755618 23.024071
v 3.050161 8.615115 22.890545
v 3.050161 8.615115 23.003502
v 2.344640 8.540462 23.021259
v 2.344640 8.540462 22.908302
v 2.023622 8.755618 22.911114
v 1.894939 9.130280 22.894970
v 1.921695 9.171686 19.885769
v 2.050388 8.797024 19.901806
v 2.371413 8.581878 19.898926
v 3.076940 8.656444 19.881203
v 2.050392 8.796995 20.006256
v 2.341453 8.535777 19.898914
v 1.891736 9.125586 19.885757
v 2.020429 8.750923 19.901794
v 2.020432 8.750895 20.006245
v 1.891739 9.125557 19.990206
vn 0.0179 0.0492 0.9986
vn 0.0247 0.0405 0.9989
vn 0.0191 0.0475 0.9987
vn 0.6403 0.7681 -0.0001
vn 0.6403 0.7681 -0.0004
vn 0.0270 -0.0178 0.9995
vn 0.0495 0.9987 -0.0070
vn 0.0489 0.9988 0.0001
vn 0.0489 0.9988 -0.0068
vn 0.0441 -0.0277 -0.9986
vn -0.0063 0.0037 -1.0000
vn 0.0494 0.9988 0.0001
vn 0.0494 0.9988 -0.0000
vn 0.6401 0.7683 0.0001
vn 0.6403 0.7681 -0.0022
vn 0.8385 -0.5449 0.0005
vn -0.9458 -0.3248 -0.0000
vn 0.1052 -0.9944 -0.0000
vn -0.5567 -0.8307 -0.0000
vn -0.8363 0.5483 -0.0018
vn 0.8363 -0.5483 0.0017
vn -0.0269 0.0165 -0.9995
vn -0.0061 0.0042 -1.0000
vn -0.0270 0.0177 -0.9995
vn -0.0308 -0.0326 -0.9990
vn -0.0299 -0.0328 -0.9990
vn -0.0260 -0.0336 -0.9991
vn -0.0180 -0.0489 -0.9986
vn -0.0214 -0.0346 -0.9992
vn 0.0494 0.9988 -0.0002
vn -0.9457 -0.3249 -0.0000
vn 0.1050 -0.9945 -0.0002
vn -0.5567 -0.8307 -0.0001
vn -0.5567 -0.8307 -0.0002
vn 0.1052 -0.9945 0.0002
vn -0.9458 -0.3249 -0.0001
vn 0.0061 -0.0042 1.0000
vn -0.0433 0.0279 0.9987
vn 0.0433 -0.0279 -0.9987
vn -0.8385 0.5449 0.0002
vn 0.6402 0.7682 -0.0048
vn 0.0061 -0.0040 1.0000
vn -0.0433 0.0282 0.9987
vn 0.0270 -0.0176 0.9995
vn 0.0229 0.0211 0.9995
vn 0.0254 0.0395 0.9989
vt 0.000000 1.000000
vt 0.000000 0.500000
vt 0.000000 0.000000
s 1
f 8586/2195/2388 8588/2196/2389 8587/2197/2390
f 8598/2197/2391 8597/2197/2391 8613/2197/2392 8589/2197/2392
f 8597/2197/2393 8595/2197/2393 8599/2197/2393 8601/2197/2393
f 8586/2197/2394 8587/2197/2394 8593/2197/2395 8594/2197/2396
f 8594/2195/2397 8592/2196/2397 8608/2196/2397 8609/2195/2397
f 8592/2197/2398 8591/2197/2398 8607/2197/2398 8608/2197/2398
f 8594/2197/2396 8593/2197/2395 8598/2197/2399 8596/2197/2400
f 8593/2197/2401 8590/2197/2402 8597/2197/2391 8598/2197/2391
f 8613/2197/2403 8597/2197/2403 8601/2197/2403 8600/2197/2403
f 8603/2196/2404 8602/2195/2404 8609/2195/2404 8608/2196/2404
f 8605/2197/2405 8606/2197/2405 8607/2197/2405 8604/2197/2405
f 8606/2197/2406 8603/2197/2406 8608/2197/2406 8607/2197/2406
f 8586/2197/2407 8594/2197/2407 8609/2197/2407 8602/2197/2407
f 8590/2197/2408 8585/2197/2408 8605/2197/2408 8604/2197/2408
f 8591/2197/2409 8590/2197/2409 8604/2197/2409 8607/2197/2409
f 8611/2197/2410 8612/2197/2410 8615/2197/2410 8617/2197/2410
f 8612/2197/2411 8613/2197/2411 8600/2197/2411 8615/2197/2411
f 8611/2197/2412 8589/2197/2413 8612/2197/2414
f 8611/2197/2415 8610/2195/2415 8589/2197/2415
f 8613/2197/2416 8612/2197/2414 8589/2197/2413
f 8596/2197/2400 8598/2197/2399 8589/2197/2417 8610/2197/2417
f 8592/2196/2418 8594/2195/2418 8596/2195/2418 8614/2196/2418
f 8590/2197/2419 8591/2197/2419 8595/2197/2419 8597/2197/2419
f 8591/2197/2420 8592/2197/2420 8614/2197/2420 8595/2197/2420
f 8599/2197/2421 8618/2197/2421 8617/2197/2421 8615/2197/2421
f 8601/2197/2422 8599/2197/2422 8615/2197/2422 8600/2197/2422
f 8618/2196/2423 8619/2195/2423 8616/2195/2423 8617/2196/2423
f 8595/2197/2424 8614/2197/2424 8618/2197/2424 8599/2197/2424
f 8614/2196/2425 8596/2195/2425 8619/2195/2425 8618/2196/2425
f 8610/2195/2426 8611/2197/2426 8617/2197/2426 8616/2195/2426
f 8596/2197/2427 8610/2197/2427 8616/2197/2427 8619/2197/2427
f 8593/2197/2401 8587/2197/2428 8585/2197/2428 8590/2197/2402
f 8603/2197/2429 8606/2197/2429 8584/2197/2429 8588/2197/2429
f 8586/2197/2430 8602/2197/2430 8603/2197/2430 8588/2197/2430
f 8605/2197/2431 8585/2197/2431 8584/2197/2431 8606/2197/2431
f 8584/2197/2432 8585/2197/2432 8588/2197/2432
f 8587/2197/2390 8588/2197/2389 8585/2197/2433
l 8586 8590
o Plane.047
v -2.439559 8.638700 23.021259
v -3.145080 8.713353 23.003502
v -1.989858 9.228518 23.007925
v -2.561031 9.200295 22.999096
v -2.118541 8.853856 23.024071
v -2.561015 9.200398 19.876871
v -3.145152 8.712749 22.890478
v -2.439596 8.638387 22.908268
v -2.118575 8.853538 22.911114
v -2.561091 9.199666 22.933186
v -1.989917 9.227881 22.895077
v -2.439547 8.638869 20.003376
v -1.989830 9.228678 19.990217
v -3.145066 8.713546 19.985619
v -2.561004 9.200468 20.004055
v -2.409587 8.592769 20.003365
v -3.115111 8.667363 19.881195
v -3.115106 8.667444 19.985607
v -1.963070 9.187301 23.007925
v -2.091753 8.812638 23.024071
v -3.118292 8.672135 22.890545
v -3.118292 8.672135 23.003502
v -2.412771 8.597483 23.021259
v -2.412771 8.597483 22.908302
v -2.091753 8.812638 22.911114
v -1.963070 9.187301 22.894970
v -1.989827 9.228706 19.885769
v -2.118520 8.854044 19.901806
v -2.439544 8.638898 19.898926
v -3.145071 8.713464 19.881203
v -2.118523 8.854015 20.006256
v -2.409584 8.592797 19.898914
v -1.959867 9.182606 19.885757
v -2.088560 8.807943 19.901794
v -2.088563 8.807915 20.006245
v -1.959870 9.182577 19.990206
vn -0.0179 0.0492 0.9986
vn -0.0191 0.0475 0.9987
vn -0.0247 0.0405 0.9989
vn -0.6403 0.7681 -0.0001
vn -0.6403 0.7681 -0.0005
vn -0.0270 -0.0178 0.9995
vn -0.0495 0.9987 -0.0070
vn -0.0489 0.9988 -0.0068
vn -0.0489 0.9988 0.0001
vn -0.0441 -0.0277 -0.9986
vn 0.0063 0.0037 -1.0000
vn -0.0494 0.9988 -0.0000
vn -0.6401 0.7683 0.0001
vn -0.6403 0.7681 -0.0022
vn -0.8385 -0.5449 0.0005
vn 0.9458 -0.3248 -0.0000
vn -0.1052 -0.9944 -0.0000
vn 0.5567 -0.8307 -0.0000
vn 0.8363 0.5483 -0.0018
vn -0.8363 -0.5483 0.0017
vn 0.0269 0.0165 -0.9995
vn 0.0061 0.0042 -1.0000
vn 0.0270 0.0177 -0.9995
vn 0.0308 -0.0326 -0.9990
vn 0.0260 -0.0336 -0.9991
vn 0.0299 -0.0328 -0.9990
vn 0.0180 -0.0489 -0.9986
vn 0.0214 -0.0346 -0.9992
vn -0.0494 0.9988 -0.0002
vn 0.9457 -0.3249 -0.0000
vn -0.1050 -0.9945 -0.0002
vn 0.5567 -0.8307 -0.0001
vn 0.5567 -0.8307 -0.0002
vn -0.1052 -0.9945 0.0002
vn 0.9458 -0.3249 -0.0001
vn -0.0061 -0.0042 1.0000
vn 0.0433 0.0279 0.9987
vn -0.0433 -0.0279 -0.9987
vn 0.8385 0.5449 0.0002
vn -0.6402 0.7682 -0.0048
vn -0.0061 -0.0040 1.0000
vn 0.0433 0.0282 0.9987
vn -0.0270 -0.0176 0.9995
vn -0.0229 0.0211 0.9995
vn -0.0254 0.0395 0.9989
vt 0.000000 1.000000
vt 0.000000 0.000000
vt 0.000000 0.500000
s 1
f 8622/2198/2434 8623/2199/2435 8624/2200/2436
f 8634/2199/2437 8625/2199/2438 8649/2199/2438 8633/2199/2437
f 8633/2199/2439 8637/2199/2439 8635/2199/2439 8631/2199/2439
f 8622/2199/2440 8630/2199/2441 8629/2199/2442 8623/2199/2440
f 8630/2198/2443 8645/2198/2443 8644/2200/2443 8628/2200/2443
f 8628/2199/2444 8644/2199/2444 8643/2199/2444 8627/2199/2444
f 8630/2199/2441 8632/2199/2445 8634/2199/2445 8629/2199/2442
f 8629/2199/2446 8634/2199/2437 8633/2199/2437 8626/2199/2447
f 8649/2199/2448 8636/2199/2448 8637/2199/2448 8633/2199/2448
f 8639/2200/2449 8644/2200/2449 8645/2198/2449 8638/2198/2449
f 8641/2199/2450 8640/2199/2450 8643/2199/2450 8642/2199/2450
f 8642/2199/2451 8643/2199/2451 8644/2199/2451 8639/2199/2451
f 8622/2199/2452 8638/2199/2452 8645/2199/2452 8630/2199/2452
f 8626/2199/2453 8640/2199/2453 8641/2199/2453 8621/2199/2453
f 8627/2199/2454 8643/2199/2454 8640/2199/2454 8626/2199/2454
f 8647/2199/2455 8653/2199/2455 8651/2199/2455 8648/2199/2455
f 8648/2199/2456 8651/2199/2456 8636/2199/2456 8649/2199/2456
f 8647/2199/2457 8648/2199/2458 8625/2199/2459
f 8647/2199/2460 8625/2199/2460 8646/2198/2460
f 8649/2199/2461 8625/2199/2459 8648/2199/2458
f 8632/2199/2445 8646/2199/2462 8625/2199/2462 8634/2199/2445
f 8628/2200/2463 8650/2200/2463 8632/2198/2463 8630/2198/2463
f 8626/2199/2464 8633/2199/2464 8631/2199/2464 8627/2199/2464
f 8627/2199/2465 8631/2199/2465 8650/2199/2465 8628/2199/2465
f 8635/2199/2466 8651/2199/2466 8653/2199/2466 8654/2199/2466
f 8637/2199/2467 8636/2199/2467 8651/2199/2467 8635/2199/2467
f 8654/2200/2468 8653/2200/2468 8652/2198/2468 8655/2198/2468
f 8631/2199/2469 8635/2199/2469 8654/2199/2469 8650/2199/2469
f 8650/2200/2470 8654/2200/2470 8655/2198/2470 8632/2198/2470
f 8646/2198/2471 8652/2198/2471 8653/2199/2471 8647/2199/2471
f 8632/2199/2472 8655/2199/2472 8652/2199/2472 8646/2199/2472
f 8629/2199/2446 8626/2199/2447 8621/2199/2473 8623/2199/2473
f 8639/2199/2474 8624/2199/2474 8620/2199/2474 8642/2199/2474
f 8622/2199/2475 8624/2199/2475 8639/2199/2475 8638/2199/2475
f 8641/2199/2476 8642/2199/2476 8620/2199/2476 8621/2199/2476
f 8620/2199/2477 8624/2199/2477 8621/2199/2477
f 8623/2199/2435 8621/2199/2478 8624/2199/2436
l 8622 8626
o Plane.048
v -2.439559 8.638697 -19.904716
v -3.145080 8.713349 -19.922474
v -1.989858 9.228514 -19.918051
v -2.561031 9.200292 -19.926880
v -2.118541 8.853852 -19.901905
v -2.561015 9.200395 -23.049105
v -3.145152 8.712746 -20.035498
v -2.439596 8.638383 -20.017708
v -2.118575 8.853534 -20.014862
v -2.561091 9.199662 -19.992790
v -1.989917 9.227878 -20.030899
v -2.439547 8.638865 -22.922600
v -1.989830 9.228674 -22.935759
v -3.145066 8.713542 -22.940357
v -2.561004 9.200464 -22.921921
v -2.409587 8.592765 -22.922611
v -3.115111 8.667359 -23.044781
v -3.115106 8.667440 -22.940369
v -1.963070 9.187297 -19.918051
v -2.091753 8.812634 -19.901905
v -3.118292 8.672132 -20.035431
v -3.118292 8.672132 -19.922474
v -2.412771 8.597479 -19.904716
v -2.412771 8.597479 -20.017673
v -2.091753 8.812634 -20.014862
v -1.963070 9.187297 -20.031006
v -1.989827 9.228703 -23.040207
v -2.118520 8.854040 -23.024170
v -2.439544 8.638894 -23.027050
v -3.145071 8.713460 -23.044773
v -2.118523 8.854012 -22.919720
v -2.409584 8.592793 -23.027061
v -1.959867 9.182602 -23.040218
v -2.088560 8.807940 -23.024181
v -2.088563 8.807911 -22.919731
v -1.959870 9.182573 -22.935770
vn -0.0179 0.0492 0.9986
vn -0.0191 0.0475 0.9987
vn -0.0247 0.0405 0.9989
vn -0.6403 0.7681 -0.0001
vn -0.6404 0.7681 -0.0005
vn -0.0270 -0.0178 0.9995
vn -0.0495 0.9987 -0.0070
vn -0.0489 0.9988 -0.0068
vn -0.0489 0.9988 0.0001
vn -0.0441 -0.0277 -0.9986
vn 0.0063 0.0037 -1.0000
vn -0.0494 0.9988 -0.0000
vn -0.6400 0.7684 0.0001
vn -0.6403 0.7681 -0.0022
vn -0.8385 -0.5449 0.0005
vn 0.9458 -0.3248 -0.0000
vn -0.1052 -0.9944 -0.0000
vn 0.5567 -0.8307 -0.0000
vn 0.8363 0.5483 -0.0018
vn -0.8363 -0.5483 0.0017
vn 0.0269 0.0165 -0.9995
vn 0.0061 0.0042 -1.0000
vn 0.0270 0.0177 -0.9995
vn 0.0308 -0.0326 -0.9990
vn 0.0260 -0.0336 -0.9991
vn 0.0299 -0.0328 -0.9990
vn 0.0180 -0.0489 -0.9986
vn 0.0214 -0.0346 -0.9992
vn -0.0494 0.9988 -0.0002
vn 0.9457 -0.3249 -0.0000
vn -0.1050 -0.9945 -0.0002
vn 0.5567 -0.8307 -0.0001
vn 0.5567 -0.8307 -0.0002
vn -0.1052 -0.9945 0.0002
vn 0.9458 -0.3249 -0.0001
vn -0.0061 -0.0042 1.0000
vn 0.0433 0.0279 0.9987
vn -0.0433 -0.0279 -0.9987
vn 0.8385 0.5449 0.0002
vn -0.6403 0.7681 -0.0048
vn -0.0061 -0.0040 1.0000
vn 0.0433 0.0282 0.9987
vn -0.0270 -0.0176 0.9995
vn -0.0229 0.0211 0.9995
vn -0.0254 0.0395 0.9989
vt 0.000000 1.000000
vt 0.000000 0.000000
vt 0.000000 0.500000
s 1
f 8658/2201/2479 8659/2202/2480 8660/2203/2481
f 8670/2202/2482 8661/2202/2483 8685/2202/2483 8669/2202/2482
f 8669/2202/2484 8673/2202/2484 8671/2202/2484 8667/2202/2484
f 8658/2202/2485 8666/2202/2486 8665/2202/2487 8659/2202/2485
f 8666/2201/2488 8681/2201/2488 8680/2203/2488 8664/2203/2488
f 8664/2202/2489 8680/2202/2489 8679/2202/2489 8663/2202/2489
f 8666/2202/2486 8668/2202/2490 8670/2202/2490 8665/2202/2487
f 8665/2202/2491 8670/2202/2482 8669/2202/2482 8662/2202/2492
f 8685/2202/2493 8672/2202/2493 8673/2202/2493 8669/2202/2493
f 8675/2203/2494 8680/2203/2494 8681/2201/2494 8674/2201/2494
f 8677/2202/2495 8676/2202/2495 8679/2202/2495 8678/2202/2495
f 8678/2202/2496 8679/2202/2496 8680/2202/2496 8675/2202/2496
f 8658/2202/2497 8674/2202/2497 8681/2202/2497 8666/2202/2497
f 8662/2202/2498 8676/2202/2498 8677/2202/2498 8657/2202/2498
f 8663/2202/2499 8679/2202/2499 8676/2202/2499 8662/2202/2499
f 8683/2202/2500 8689/2202/2500 8687/2202/2500 8684/2202/2500
f 8684/2202/2501 8687/2202/2501 8672/2202/2501 8685/2202/2501
f 8683/2202/2502 8684/2202/2503 8661/2202/2504
f 8683/2202/2505 8661/2202/2505 8682/2201/2505
f 8685/2202/2506 8661/2202/2504 8684/2202/2503
f 8668/2202/2490 8682/2202/2507 8661/2202/2507 8670/2202/2490
f 8664/2203/2508 8686/2203/2508 8668/2201/2508 8666/2201/2508
f 8662/2202/2509 8669/2202/2509 8667/2202/2509 8663/2202/2509
f 8663/2202/2510 8667/2202/2510 8686/2202/2510 8664/2202/2510
f 8671/2202/2511 8687/2202/2511 8689/2202/2511 8690/2202/2511
f 8673/2202/2512 8672/2202/2512 8687/2202/2512 8671/2202/2512
f 8690/2203/2513 8689/2203/2513 8688/2201/2513 8691/2201/2513
f 8667/2202/2514 8671/2202/2514 8690/2202/2514 8686/2202/2514
f 8686/2203/2515 8690/2203/2515 8691/2201/2515 8668/2201/2515
f 8682/2201/2516 8688/2201/2516 8689/2202/2516 8683/2202/2516
f 8668/2202/2517 8691/2202/2517 8688/2202/2517 8682/2202/2517
f 8665/2202/2491 8662/2202/2492 8657/2202/2518 8659/2202/2518
f 8675/2202/2519 8660/2202/2519 8656/2202/2519 8678/2202/2519
f 8658/2202/2520 8660/2202/2520 8675/2202/2520 8674/2202/2520
f 8677/2202/2521 8678/2202/2521 8656/2202/2521 8657/2202/2521
f 8656/2202/2522 8660/2202/2522 8657/2202/2522
f 8659/2202/2480 8657/2202/2523 8660/2202/2481
l 8658 8662
